# File produced by Open Asset Import Library (http://www.assimp.sf.net)
# (assimp v5.4.3276931299)

mtllib link5.mtl

# 3624 vertex positions
v -4.19999999e-08 -0.0419999994 0.0355000012
v 0.00652295817 -0.0420000069 0.0348960012
v -4.80000004e-08 -0.0480000004 0.0355000012
v -4.80000004e-08 -0.0480000004 0.0355000012
v 0.00652295817 -0.0420000069 0.0348960012
v 0.00652295211 -0.0480000079 0.0348960012
v 0.00652295211 -0.0480000079 0.0348960012
v 0.00652295817 -0.0420000069 0.0348960012
v 0.0128239579 -0.0420000106 0.0331030004
v 0.00652295211 -0.0480000079 0.0348960012
v 0.0128239579 -0.0420000106 0.0331030004
v 0.0128239514 -0.0480000116 0.0331030004
v 0.0128239514 -0.0480000116 0.0331030004
v 0.0128239579 -0.0420000106 0.0331030004
v 0.0186879579 -0.0420000181 0.0301830005
v 0.0128239514 -0.0480000116 0.0331030004
v 0.0186879579 -0.0420000181 0.0301830005
v 0.0186879523 -0.048000019 0.0301830005
v 0.0186879523 -0.048000019 0.0301830005
v 0.0186879579 -0.0420000181 0.0301830005
v 0.0239159577 -0.0420000218 0.0262349993
v 0.0186879523 -0.048000019 0.0301830005
v 0.0239159577 -0.0420000218 0.0262349993
v 0.0239159521 -0.0480000228 0.0262349993
v 0.0239159521 -0.0480000228 0.0262349993
v 0.0239159577 -0.0420000218 0.0262349993
v 0.0283299573 -0.0420000292 0.0213939995
v 0.0239159521 -0.0480000228 0.0262349993
v 0.0283299573 -0.0420000292 0.0213939995
v 0.0283299517 -0.0480000302 0.0213939995
v 0.0283299517 -0.0480000302 0.0213939995
v 0.0283299573 -0.0420000292 0.0213939995
v 0.0317779593 -0.042000033 0.0158239994
v 0.0283299517 -0.0480000302 0.0213939995
v 0.0317779593 -0.042000033 0.0158239994
v 0.0317779519 -0.0480000339 0.0158239994
v 0.0317779519 -0.0480000339 0.0158239994
v 0.0317779593 -0.042000033 0.0158239994
v 0.0341449603 -0.042000033 0.00971500017
v 0.0317779519 -0.0480000339 0.0158239994
v 0.0341449603 -0.042000033 0.00971500017
v 0.0341449529 -0.0480000339 0.00971500017
v 0.0341449529 -0.0480000339 0.00971500017
v 0.0341449603 -0.042000033 0.00971500017
v 0.0353489593 -0.042000033 0.00327600003
v 0.0341449529 -0.0480000339 0.00971500017
v 0.0353489593 -0.042000033 0.00327600003
v 0.0353489518 -0.0480000339 0.00327600003
v 0.0353489518 -0.0480000339 0.00327600003
v 0.0353489593 -0.042000033 0.00327600003
v 0.0353489593 -0.042000033 -0.00327600003
v 0.0353489518 -0.0480000339 0.00327600003
v 0.0353489593 -0.042000033 -0.00327600003
v 0.0353489518 -0.0480000339 -0.00327600003
v 0.0353489518 -0.0480000339 -0.00327600003
v 0.0353489593 -0.042000033 -0.00327600003
v 0.0341449603 -0.042000033 -0.00971500017
v 0.0353489518 -0.0480000339 -0.00327600003
v 0.0341449603 -0.042000033 -0.00971500017
v 0.0341449529 -0.0480000339 -0.00971500017
v 0.0341449529 -0.0480000339 -0.00971500017
v 0.0341449603 -0.042000033 -0.00971500017
v 0.0317779593 -0.042000033 -0.0158239994
v 0.0341449529 -0.0480000339 -0.00971500017
v 0.0317779593 -0.042000033 -0.0158239994
v 0.0317779519 -0.0480000339 -0.0158239994
v 0.0317779519 -0.0480000339 -0.0158239994
v 0.0317779593 -0.042000033 -0.0158239994
v 0.0283299573 -0.0420000292 -0.0213939995
v 0.0317779519 -0.0480000339 -0.0158239994
v 0.0283299573 -0.0420000292 -0.0213939995
v 0.0283299517 -0.0480000302 -0.0213939995
v 0.0283299517 -0.0480000302 -0.0213939995
v 0.0283299573 -0.0420000292 -0.0213939995
v 0.0239159577 -0.0420000218 -0.0262349993
v 0.0283299517 -0.0480000302 -0.0213939995
v 0.0239159577 -0.0420000218 -0.0262349993
v 0.0239159521 -0.0480000228 -0.0262349993
v 0.0239159521 -0.0480000228 -0.0262349993
v 0.0239159577 -0.0420000218 -0.0262349993
v 0.0186879579 -0.0420000181 -0.0301830005
v 0.0239159521 -0.0480000228 -0.0262349993
v 0.0186879579 -0.0420000181 -0.0301830005
v 0.0186879523 -0.048000019 -0.0301830005
v 0.0186879523 -0.048000019 -0.0301830005
v 0.0186879579 -0.0420000181 -0.0301830005
v 0.0128239579 -0.0420000106 -0.0331030004
v 0.0186879523 -0.048000019 -0.0301830005
v 0.0128239579 -0.0420000106 -0.0331030004
v 0.0128239514 -0.0480000116 -0.0331030004
v 0.0128239514 -0.0480000116 -0.0331030004
v 0.0128239579 -0.0420000106 -0.0331030004
v 0.00652295817 -0.0420000069 -0.0348960012
v 0.0128239514 -0.0480000116 -0.0331030004
v 0.00652295817 -0.0420000069 -0.0348960012
v 0.00652295211 -0.0480000079 -0.0348960012
v 0.00652295211 -0.0480000079 -0.0348960012
v 0.00652295817 -0.0420000069 -0.0348960012
v -4.80000004e-08 -0.0480000004 -0.0355000012
v -4.80000004e-08 -0.0480000004 -0.0355000012
v 0.00652295817 -0.0420000069 -0.0348960012
v -4.19999999e-08 -0.0419999994 -0.0355000012
v -3.85000014e-08 -0.0384999998 -0.0375000015
v -4.80000004e-08 -0.0480000004 -0.0375000015
v -0.00423403829 -0.0382659957 -0.0372590013
v -0.00423403829 -0.0382659957 -0.0372590013
v -4.80000004e-08 -0.0480000004 -0.0375000015
v -0.00689104805 -0.047999993 -0.0368609987
v -0.00423403829 -0.0382659957 -0.0372590013
v -0.00689104805 -0.047999993 -0.0368609987
v -0.00841703732 -0.0375689939 -0.0365430005
v -0.00841703732 -0.0375689939 -0.0365430005
v -0.00689104805 -0.047999993 -0.0368609987
v -0.013547048 -0.0479999855 -0.0349679999
v -0.00841703732 -0.0375689939 -0.0365430005
v -0.013547048 -0.0479999855 -0.0349679999
v -0.0124550359 -0.036428988 -0.0353710018
v -0.0124550359 -0.036428988 -0.0353710018
v -0.013547048 -0.0479999855 -0.0349679999
v -0.0162660349 -0.0348949842 -0.0337879993
v -0.0162660349 -0.0348949842 -0.0337879993
v -0.013547048 -0.0479999855 -0.0349679999
v -0.019741049 -0.0479999818 -0.0318830013
v -0.0162660349 -0.0348949842 -0.0337879993
v -0.019741049 -0.0479999818 -0.0318830013
v -0.019787034 -0.03302598 -0.0318539999
v -0.019787034 -0.03302598 -0.0318539999
v -0.019741049 -0.0479999818 -0.0318830013
v -0.0229670312 -0.0308989771 -0.0296439994
v -0.0229670312 -0.0308989771 -0.0296439994
v -0.019741049 -0.0479999818 -0.0318830013
v -0.0252640489 -0.0479999743 -0.0277130008
v -0.0229670312 -0.0308989771 -0.0296439994
v -0.0252640489 -0.0479999743 -0.0277130008
v -0.0257660281 -0.0286059733 -0.0272460002
v -0.0257660281 -0.0286059733 -0.0272460002
v -0.0252640489 -0.0479999743 -0.0277130008
v -0.0282020252 -0.0262079723 -0.0247150008
v -0.0282020252 -0.0262079723 -0.0247150008
v -0.0252640489 -0.0479999743 -0.0277130008
v -0.0299260486 -0.0479999706 -0.0225990005
v -0.0282020252 -0.0262079723 -0.0247150008
v -0.0299260486 -0.0479999706 -0.0225990005
v -0.0322430208 -0.0210379679 -0.0191479996
v -0.0322430208 -0.0210379679 -0.0191479996
v -0.0299260486 -0.0479999706 -0.0225990005
v -0.0335690491 -0.0479999669 -0.0167149995
v -0.0322430208 -0.0210379679 -0.0191479996
v -0.0335690491 -0.0479999669 -0.0167149995
v -0.0351100154 -0.0157959647 -0.013173
v -0.0351100154 -0.0157959647 -0.013173
v -0.0335690491 -0.0479999669 -0.0167149995
v -0.0360680483 -0.0479999632 -0.0102620004
v -0.0351100154 -0.0157959647 -0.013173
v -0.0360680483 -0.0479999632 -0.0102620004
v -0.0361050144 -0.0133659635 -0.0101319999
v -0.0361050144 -0.0133659635 -0.0101319999
v -0.0360680483 -0.0479999632 -0.0102620004
v -0.0368340127 -0.0112019628 -0.00703499978
v -0.0368340127 -0.0112019628 -0.00703499978
v -0.0360680483 -0.0479999632 -0.0102620004
v -0.0373400487 -0.0479999632 -0.00346000004
v -0.0368340127 -0.0112019628 -0.00703499978
v -0.0373400487 -0.0479999632 -0.00346000004
v -0.0373100117 -0.00949896313 -0.00377200008
v -0.0373100117 -0.00949896313 -0.00377200008
v -0.0373400487 -0.0479999632 -0.00346000004
v -0.0374470092 -0.00894096307 -0.00198499998
v -0.0374470092 -0.00894096307 -0.00198499998
v -0.0373400487 -0.0479999632 -0.00346000004
v -0.0375000089 -0.00871796254 0
v -0.0375000089 -0.00871796254 0
v -0.0373400487 -0.0479999632 -0.00346000004
v -0.0373400487 -0.0479999632 0.00346000004
v -0.0375000089 -0.00871796254 0
v -0.0373400487 -0.0479999632 0.00346000004
v -0.0374470092 -0.00894096307 0.00198499998
v -0.0374470092 -0.00894096307 0.00198499998
v -0.0373400487 -0.0479999632 0.00346000004
v -0.0373100117 -0.00949896313 0.00377200008
v -0.0373100117 -0.00949896313 0.00377200008
v -0.0373400487 -0.0479999632 0.00346000004
v -0.0368340127 -0.0112019628 0.00703499978
v -0.0368340127 -0.0112019628 0.00703499978
v -0.0373400487 -0.0479999632 0.00346000004
v -0.0360680483 -0.0479999632 0.0102620004
v -0.0368340127 -0.0112019628 0.00703499978
v -0.0360680483 -0.0479999632 0.0102620004
v -0.0361050144 -0.0133659635 0.0101319999
v -0.0361050144 -0.0133659635 0.0101319999
v -0.0360680483 -0.0479999632 0.0102620004
v -0.0351100154 -0.0157959647 0.013173
v -0.0351100154 -0.0157959647 0.013173
v -0.0360680483 -0.0479999632 0.0102620004
v -0.0335690491 -0.0479999669 0.0167149995
v -0.0351100154 -0.0157959647 0.013173
v -0.0335690491 -0.0479999669 0.0167149995
v -0.0322430208 -0.0210379679 0.0191479996
v -0.0322430208 -0.0210379679 0.0191479996
v -0.0335690491 -0.0479999669 0.0167149995
v -0.0299260486 -0.0479999706 0.0225990005
v -0.0322430208 -0.0210379679 0.0191479996
v -0.0299260486 -0.0479999706 0.0225990005
v -0.0282020252 -0.0262079723 0.0247150008
v -0.0282020252 -0.0262079723 0.0247150008
v -0.0299260486 -0.0479999706 0.0225990005
v -0.0252640489 -0.0479999743 0.0277130008
v -0.0282020252 -0.0262079723 0.0247150008
v -0.0252640489 -0.0479999743 0.0277130008
v -0.0257660281 -0.0286059733 0.0272460002
v -0.0257660281 -0.0286059733 0.0272460002
v -0.0252640489 -0.0479999743 0.0277130008
v -0.0229670312 -0.0308989771 0.0296439994
v -0.0229670312 -0.0308989771 0.0296439994
v -0.0252640489 -0.0479999743 0.0277130008
v -0.019741049 -0.0479999818 0.0318830013
v -0.0229670312 -0.0308989771 0.0296439994
v -0.019741049 -0.0479999818 0.0318830013
v -0.019787034 -0.03302598 0.0318539999
v -0.019787034 -0.03302598 0.0318539999
v -0.019741049 -0.0479999818 0.0318830013
v -0.0162660349 -0.0348949842 0.0337879993
v -0.0162660349 -0.0348949842 0.0337879993
v -0.019741049 -0.0479999818 0.0318830013
v -0.013547048 -0.0479999855 0.0349679999
v -0.0162660349 -0.0348949842 0.0337879993
v -0.013547048 -0.0479999855 0.0349679999
v -0.0124550359 -0.036428988 0.0353710018
v -0.0124550359 -0.036428988 0.0353710018
v -0.013547048 -0.0479999855 0.0349679999
v -0.00841703732 -0.0375689939 0.0365430005
v -0.00841703732 -0.0375689939 0.0365430005
v -0.013547048 -0.0479999855 0.0349679999
v -0.00689104805 -0.047999993 0.0368609987
v -0.00841703732 -0.0375689939 0.0365430005
v -0.00689104805 -0.047999993 0.0368609987
v -0.00423403829 -0.0382659957 0.0372590013
v -0.00423403829 -0.0382659957 0.0372590013
v -0.00689104805 -0.047999993 0.0368609987
v -4.80000004e-08 -0.0480000004 0.0375000015
v -0.00423403829 -0.0382659957 0.0372590013
v -4.80000004e-08 -0.0480000004 0.0375000015
v -3.85000014e-08 -0.0384999998 0.0375000015
v 3.85000014e-08 0.0384999998 -0.0236019995
v -0.00668496219 0.0379150063 -0.023759
v 3.85000014e-08 0.0384999998 0.0493000001
v 3.85000014e-08 0.0384999998 0.0493000001
v -0.00668496219 0.0379150063 -0.023759
v -0.00707396213 0.037844006 0.0493000001
v -0.00707396213 0.037844006 0.0493000001
v -0.00668496219 0.0379150063 -0.023759
v -0.0131679634 0.0361780152 -0.0242240001
v -0.00707396213 0.037844006 0.0493000001
v -0.0131679634 0.0361780152 -0.0242240001
v -0.0139079634 0.0359000154 0.0493000001
v -0.0139079634 0.0359000154 0.0493000001
v -0.0131679634 0.0361780152 -0.0242240001
v -0.0192499664 0.0333420187 -0.0249840003
v -0.0139079634 0.0359000154 0.0493000001
v -0.0192499664 0.0333420187 -0.0249840003
v -0.0202679671 0.0327330194 0.0493000001
v -0.0202679671 0.0327330194 0.0493000001
v -0.0192499664 0.0333420187 -0.0249840003
v -0.0247469693 0.0294930246 -0.0260160007
v -0.0202679671 0.0327330194 0.0493000001
v -0.0247469693 0.0294930246 -0.0260160007
v -0.0259369723 0.0284520257 0.0493000001
v -0.0259369723 0.0284520257 0.0493000001
v -0.0247469693 0.0294930246 -0.0260160007
v -0.0294929761 0.0247470289 -0.0272870008
v -0.0259369723 0.0284520257 0.0493000001
v -0.0294929761 0.0247470289 -0.0272870008
v -0.0307239778 0.0232010297 0.0493000001
v -0.0307239778 0.0232010297 0.0493000001
v -0.0294929761 0.0247470289 -0.0272870008
v -0.0333419815 0.0192500334 -0.0287599992
v -0.0307239778 0.0232010297 0.0493000001
v -0.0333419815 0.0192500334 -0.0287599992
v -0.034463983 0.0171610359 0.0493000001
v -0.034463983 0.0171610359 0.0493000001
v -0.0333419815 0.0192500334 -0.0287599992
v -0.0361779854 0.013168036 -0.03039
v -0.034463983 0.0171610359 0.0493000001
v -0.0361779854 0.013168036 -0.03039
v -0.0370299891 0.0105360374 0.0493000001
v -0.0370299891 0.0105360374 0.0493000001
v -0.0361779854 0.013168036 -0.03039
v -0.0379149914 0.00668503763 -0.0321270004
v -0.0370299891 0.0105360374 0.0493000001
v -0.0379149914 0.00668503763 -0.0321270004
v -0.0383359976 0.00355203846 0.0493000001
v -0.0383359976 0.00355203846 0.0493000001
v -0.0379149914 0.00668503763 -0.0321270004
v -0.0384999998 3.85000014e-08 -0.0339180008
v -0.0383359976 0.00355203846 0.0493000001
v -0.0384999998 3.85000014e-08 -0.0339180008
v -0.0383360051 -0.00355196162 0.0493000001
v -0.0383360051 -0.00355196162 0.0493000001
v -0.0384999998 3.85000014e-08 -0.0339180008
v -0.0379150063 -0.00668496219 -0.0357090011
v -0.0383360051 -0.00355196162 0.0493000001
v -0.0379150063 -0.00668496219 -0.0357090011
v -0.0375000089 -0.00871796254 0
v -0.0375000089 -0.00871796254 0
v -0.0379150063 -0.00668496219 -0.0357090011
v -0.0374470092 -0.00894096307 -0.00198499998
v -0.0374470092 -0.00894096307 -0.00198499998
v -0.0379150063 -0.00668496219 -0.0357090011
v -0.0373100117 -0.00949896313 -0.00377200008
v -0.0373100117 -0.00949896313 -0.00377200008
v -0.0379150063 -0.00668496219 -0.0357090011
v -0.0361780152 -0.0131679634 -0.0374459997
v -0.0373100117 -0.00949896313 -0.00377200008
v -0.0361780152 -0.0131679634 -0.0374459997
v -0.0368340127 -0.0112019628 -0.00703499978
v -0.0368340127 -0.0112019628 -0.00703499978
v -0.0361780152 -0.0131679634 -0.0374459997
v -0.0361050144 -0.0133659635 -0.0101319999
v -0.0361050144 -0.0133659635 -0.0101319999
v -0.0361780152 -0.0131679634 -0.0374459997
v -0.0351100154 -0.0157959647 -0.013173
v -0.0351100154 -0.0157959647 -0.013173
v -0.0361780152 -0.0131679634 -0.0374459997
v -0.0333420187 -0.0192499664 -0.0390760005
v -0.0351100154 -0.0157959647 -0.013173
v -0.0333420187 -0.0192499664 -0.0390760005
v -0.0322430208 -0.0210379679 -0.0191479996
v -0.0322430208 -0.0210379679 -0.0191479996
v -0.0333420187 -0.0192499664 -0.0390760005
v -0.0294930246 -0.0247469693 -0.0405489989
v -0.0322430208 -0.0210379679 -0.0191479996
v -0.0294930246 -0.0247469693 -0.0405489989
v -0.0282020252 -0.0262079723 -0.0247150008
v -0.0282020252 -0.0262079723 -0.0247150008
v -0.0294930246 -0.0247469693 -0.0405489989
v -0.0247470289 -0.0294929761 -0.0418209992
v -0.0282020252 -0.0262079723 -0.0247150008
v -0.0247470289 -0.0294929761 -0.0418209992
v -0.0257660281 -0.0286059733 -0.0272460002
v -0.0257660281 -0.0286059733 -0.0272460002
v -0.0247470289 -0.0294929761 -0.0418209992
v -0.0229670312 -0.0308989771 -0.0296439994
v -0.0229670312 -0.0308989771 -0.0296439994
v -0.0247470289 -0.0294929761 -0.0418209992
v -0.0192500334 -0.0333419815 -0.0428519994
v -0.0229670312 -0.0308989771 -0.0296439994
v -0.0192500334 -0.0333419815 -0.0428519994
v -0.019787034 -0.03302598 -0.0318539999
v -0.019787034 -0.03302598 -0.0318539999
v -0.0192500334 -0.0333419815 -0.0428519994
v -0.0162660349 -0.0348949842 -0.0337879993
v -0.0162660349 -0.0348949842 -0.0337879993
v -0.0192500334 -0.0333419815 -0.0428519994
v -0.013168036 -0.0361779854 -0.0436119996
v -0.0162660349 -0.0348949842 -0.0337879993
v -0.013168036 -0.0361779854 -0.0436119996
v -0.0124550359 -0.036428988 -0.0353710018
v -0.0124550359 -0.036428988 -0.0353710018
v -0.013168036 -0.0361779854 -0.0436119996
v -0.00841703732 -0.0375689939 -0.0365430005
v -0.00841703732 -0.0375689939 -0.0365430005
v -0.013168036 -0.0361779854 -0.0436119996
v -0.00668503763 -0.0379149914 -0.0440770015
v -0.00841703732 -0.0375689939 -0.0365430005
v -0.00668503763 -0.0379149914 -0.0440770015
v -0.00423403829 -0.0382659957 -0.0372590013
v -0.00423403829 -0.0382659957 -0.0372590013
v -0.00668503763 -0.0379149914 -0.0440770015
v -3.85000014e-08 -0.0384999998 -0.0442340001
v -0.00423403829 -0.0382659957 -0.0372590013
v -3.85000014e-08 -0.0384999998 -0.0442340001
v -3.85000014e-08 -0.0384999998 -0.0375000015
v -0.0383360051 -0.00355196162 0.0493000001
v -0.0375000089 -0.00871796254 0
v -0.0370300114 -0.0105359629 0.0493000001
v -0.0370300114 -0.0105359629 0.0493000001
v -0.0375000089 -0.00871796254 0
v -0.0374470092 -0.00894096307 0.00198499998
v -0.0370300114 -0.0105359629 0.0493000001
v -0.0374470092 -0.00894096307 0.00198499998
v -0.0373100117 -0.00949896313 0.00377200008
v -0.0373100117 -0.00949896313 0.00377200008
v -0.0368340127 -0.0112019628 0.00703499978
v -0.0370300114 -0.0105359629 0.0493000001
v -0.0370300114 -0.0105359629 0.0493000001
v -0.0368340127 -0.0112019628 0.00703499978
v -0.0361050144 -0.0133659635 0.0101319999
v -0.0370300114 -0.0105359629 0.0493000001
v -0.0361050144 -0.0133659635 0.0101319999
v -0.0344640203 -0.0171609651 0.0493000001
v -0.0344640203 -0.0171609651 0.0493000001
v -0.0361050144 -0.0133659635 0.0101319999
v -0.0351100154 -0.0157959647 0.013173
v -0.0344640203 -0.0171609651 0.0493000001
v -0.0351100154 -0.0157959647 0.013173
v -0.0322430208 -0.0210379679 0.0191479996
v -0.0344640203 -0.0171609651 0.0493000001
v -0.0322430208 -0.0210379679 0.0191479996
v -0.0307240225 -0.0232009701 0.0493000001
v -0.0307240225 -0.0232009701 0.0493000001
v -0.0322430208 -0.0210379679 0.0191479996
v -0.0282020252 -0.0262079723 0.0247150008
v -0.0307240225 -0.0232009701 0.0493000001
v -0.0282020252 -0.0262079723 0.0247150008
v -0.0259370282 -0.0284519736 0.0493000001
v -0.0259370282 -0.0284519736 0.0493000001
v -0.0282020252 -0.0262079723 0.0247150008
v -0.0257660281 -0.0286059733 0.0272460002
v -0.0259370282 -0.0284519736 0.0493000001
v -0.0257660281 -0.0286059733 0.0272460002
v -0.0229670312 -0.0308989771 0.0296439994
v -0.0259370282 -0.0284519736 0.0493000001
v -0.0229670312 -0.0308989771 0.0296439994
v -0.0202680342 -0.0327329822 0.0493000001
v -0.0202680342 -0.0327329822 0.0493000001
v -0.0229670312 -0.0308989771 0.0296439994
v -0.019787034 -0.03302598 0.0318539999
v -0.0202680342 -0.0327329822 0.0493000001
v -0.019787034 -0.03302598 0.0318539999
v -0.0162660349 -0.0348949842 0.0337879993
v -0.0202680342 -0.0327329822 0.0493000001
v -0.0162660349 -0.0348949842 0.0337879993
v -0.0139080361 -0.0358999856 0.0493000001
v -0.0139080361 -0.0358999856 0.0493000001
v -0.0162660349 -0.0348949842 0.0337879993
v -0.0124550359 -0.036428988 0.0353710018
v -0.0139080361 -0.0358999856 0.0493000001
v -0.0124550359 -0.036428988 0.0353710018
v -0.00841703732 -0.0375689939 0.0365430005
v -0.0139080361 -0.0358999856 0.0493000001
v -0.00841703732 -0.0375689939 0.0365430005
v -0.00707403757 -0.0378439911 0.0493000001
v -0.00707403757 -0.0378439911 0.0493000001
v -0.00841703732 -0.0375689939 0.0365430005
v -0.00423403829 -0.0382659957 0.0372590013
v -0.00707403757 -0.0378439911 0.0493000001
v -0.00423403829 -0.0382659957 0.0372590013
v -3.85000014e-08 -0.0384999998 0.0493000001
v -3.85000014e-08 -0.0384999998 0.0493000001
v -0.00423403829 -0.0382659957 0.0372590013
v -3.85000014e-08 -0.0384999998 0.0375000015
v -3.85000014e-08 -0.0384999998 -0.0375000015
v -3.85000014e-08 -0.0384999998 -0.0442340001
v 0.00423396192 -0.0382660031 -0.0372590013
v 0.00423396192 -0.0382660031 -0.0372590013
v -3.85000014e-08 -0.0384999998 -0.0442340001
v 0.00668496219 -0.0379150063 -0.0440770015
v 0.00423396192 -0.0382660031 -0.0372590013
v 0.00668496219 -0.0379150063 -0.0440770015
v 0.00841696281 -0.0375690088 -0.0365430005
v 0.00841696281 -0.0375690088 -0.0365430005
v 0.00668496219 -0.0379150063 -0.0440770015
v 0.0131679634 -0.0361780152 -0.0436119996
v 0.00841696281 -0.0375690088 -0.0365430005
v 0.0131679634 -0.0361780152 -0.0436119996
v 0.0124549633 -0.0364290103 -0.0353710018
v 0.0124549633 -0.0364290103 -0.0353710018
v 0.0131679634 -0.0361780152 -0.0436119996
v 0.0162659641 -0.034895014 -0.0337879993
v 0.0162659641 -0.034895014 -0.0337879993
v 0.0131679634 -0.0361780152 -0.0436119996
v 0.0192499664 -0.0333420187 -0.0428519994
v 0.0162659641 -0.034895014 -0.0337879993
v 0.0192499664 -0.0333420187 -0.0428519994
v 0.019786967 -0.0330260172 -0.0318539999
v 0.019786967 -0.0330260172 -0.0318539999
v 0.0192499664 -0.0333420187 -0.0428519994
v 0.0229669679 -0.0308990218 -0.0296439994
v 0.0229669679 -0.0308990218 -0.0296439994
v 0.0192499664 -0.0333420187 -0.0428519994
v 0.0247469693 -0.0294930246 -0.0418209992
v 0.0229669679 -0.0308990218 -0.0296439994
v 0.0247469693 -0.0294930246 -0.0418209992
v 0.0257659722 -0.0286060255 -0.0272460002
v 0.0257659722 -0.0286060255 -0.0272460002
v 0.0247469693 -0.0294930246 -0.0418209992
v 0.0294929761 -0.0247470289 -0.0405489989
v 0.0257659722 -0.0286060255 -0.0272460002
v 0.0294929761 -0.0247470289 -0.0405489989
v 0.0282019731 -0.0262080282 -0.0247150008
v 0.0282019731 -0.0262080282 -0.0247150008
v 0.0294929761 -0.0247470289 -0.0405489989
v 0.0322429761 -0.0210380312 -0.0191479996
v 0.0322429761 -0.0210380312 -0.0191479996
v 0.0294929761 -0.0247470289 -0.0405489989
v 0.0333419815 -0.0192500334 -0.0390760005
v 0.0322429761 -0.0210380312 -0.0191479996
v 0.0333419815 -0.0192500334 -0.0390760005
v 0.0351099856 -0.0157960355 -0.013173
v 0.0351099856 -0.0157960355 -0.013173
v 0.0333419815 -0.0192500334 -0.0390760005
v 0.0361779854 -0.013168036 -0.0374459997
v 0.0351099856 -0.0157960355 -0.013173
v 0.0361779854 -0.013168036 -0.0374459997
v 0.0361049846 -0.0133660361 -0.0101319999
v 0.0361049846 -0.0133660361 -0.0101319999
v 0.0361779854 -0.013168036 -0.0374459997
v 0.0368339904 -0.0112020373 -0.00703499978
v 0.0368339904 -0.0112020373 -0.00703499978
v 0.0361779854 -0.013168036 -0.0374459997
v 0.0379149914 -0.00668503763 -0.0357090011
v 0.0368339904 -0.0112020373 -0.00703499978
v 0.0379149914 -0.00668503763 -0.0357090011
v 0.0373099893 -0.00949903764 -0.00377200008
v 0.0373099893 -0.00949903764 -0.00377200008
v 0.0379149914 -0.00668503763 -0.0357090011
v 0.0374469943 -0.00894103758 -0.00198499998
v 0.0374469943 -0.00894103758 -0.00198499998
v 0.0379149914 -0.00668503763 -0.0357090011
v 0.037499994 -0.00871803705 0
v 0.037499994 -0.00871803705 0
v 0.0379149914 -0.00668503763 -0.0357090011
v 0.0370299891 -0.0105360374 0.0493000001
v 0.037499994 -0.00871803705 0
v 0.0370299891 -0.0105360374 0.0493000001
v 0.0374469943 -0.00894103758 0.00198499998
v 0.0374469943 -0.00894103758 0.00198499998
v 0.0370299891 -0.0105360374 0.0493000001
v 0.0373099893 -0.00949903764 0.00377200008
v 0.0373099893 -0.00949903764 0.00377200008
v 0.0370299891 -0.0105360374 0.0493000001
v 0.0368339904 -0.0112020373 0.00703499978
v 0.0368339904 -0.0112020373 0.00703499978
v 0.0370299891 -0.0105360374 0.0493000001
v 0.0361049846 -0.0133660361 0.0101319999
v 0.0361049846 -0.0133660361 0.0101319999
v 0.0370299891 -0.0105360374 0.0493000001
v 0.034463983 -0.0171610359 0.0493000001
v 0.0361049846 -0.0133660361 0.0101319999
v 0.034463983 -0.0171610359 0.0493000001
v 0.0351099856 -0.0157960355 0.013173
v 0.0351099856 -0.0157960355 0.013173
v 0.034463983 -0.0171610359 0.0493000001
v 0.0322429761 -0.0210380312 0.0191479996
v 0.0322429761 -0.0210380312 0.0191479996
v 0.034463983 -0.0171610359 0.0493000001
v 0.0307239778 -0.0232010297 0.0493000001
v 0.0322429761 -0.0210380312 0.0191479996
v 0.0307239778 -0.0232010297 0.0493000001
v 0.0282019731 -0.0262080282 0.0247150008
v 0.0282019731 -0.0262080282 0.0247150008
v 0.0307239778 -0.0232010297 0.0493000001
v 0.0259369723 -0.0284520257 0.0493000001
v 0.0282019731 -0.0262080282 0.0247150008
v 0.0259369723 -0.0284520257 0.0493000001
v 0.0257659722 -0.0286060255 0.0272460002
v 0.0257659722 -0.0286060255 0.0272460002
v 0.0259369723 -0.0284520257 0.0493000001
v 0.0229669679 -0.0308990218 0.0296439994
v 0.0229669679 -0.0308990218 0.0296439994
v 0.0259369723 -0.0284520257 0.0493000001
v 0.0202679671 -0.0327330194 0.0493000001
v 0.0229669679 -0.0308990218 0.0296439994
v 0.0202679671 -0.0327330194 0.0493000001
v 0.019786967 -0.0330260172 0.0318539999
v 0.019786967 -0.0330260172 0.0318539999
v 0.0202679671 -0.0327330194 0.0493000001
v 0.0162659641 -0.034895014 0.0337879993
v 0.0162659641 -0.034895014 0.0337879993
v 0.0202679671 -0.0327330194 0.0493000001
v 0.0139079634 -0.0359000154 0.0493000001
v 0.0162659641 -0.034895014 0.0337879993
v 0.0139079634 -0.0359000154 0.0493000001
v 0.0124549633 -0.0364290103 0.0353710018
v 0.0124549633 -0.0364290103 0.0353710018
v 0.0139079634 -0.0359000154 0.0493000001
v 0.00707396213 -0.037844006 0.0493000001
v 0.0124549633 -0.0364290103 0.0353710018
v 0.00707396213 -0.037844006 0.0493000001
v 0.00841696281 -0.0375690088 0.0365430005
v 0.00841696281 -0.0375690088 0.0365430005
v 0.00707396213 -0.037844006 0.0493000001
v 0.00423396192 -0.0382660031 0.0372590013
v 0.00423396192 -0.0382660031 0.0372590013
v 0.00707396213 -0.037844006 0.0493000001
v -3.85000014e-08 -0.0384999998 0.0493000001
v 0.00423396192 -0.0382660031 0.0372590013
v -3.85000014e-08 -0.0384999998 0.0493000001
v -3.85000014e-08 -0.0384999998 0.0375000015
v 0.0370299891 -0.0105360374 0.0493000001
v 0.0379149914 -0.00668503763 -0.0357090011
v 0.0383359976 -0.00355203846 0.0493000001
v 0.0383359976 -0.00355203846 0.0493000001
v 0.0379149914 -0.00668503763 -0.0357090011
v 0.0384999998 -3.85000014e-08 -0.0339180008
v 0.0383359976 -0.00355203846 0.0493000001
v 0.0384999998 -3.85000014e-08 -0.0339180008
v 0.0383360051 0.00355196162 0.0493000001
v 0.0383360051 0.00355196162 0.0493000001
v 0.0384999998 -3.85000014e-08 -0.0339180008
v 0.0379150063 0.00668496219 -0.0321270004
v 0.0383360051 0.00355196162 0.0493000001
v 0.0379150063 0.00668496219 -0.0321270004
v 0.0370300114 0.0105359629 0.0493000001
v 0.0370300114 0.0105359629 0.0493000001
v 0.0379150063 0.00668496219 -0.0321270004
v 0.0361780152 0.0131679634 -0.03039
v 0.0370300114 0.0105359629 0.0493000001
v 0.0361780152 0.0131679634 -0.03039
v 0.0344640203 0.0171609651 0.0493000001
v 0.0344640203 0.0171609651 0.0493000001
v 0.0361780152 0.0131679634 -0.03039
v 0.0333420187 0.0192499664 -0.0287599992
v 0.0344640203 0.0171609651 0.0493000001
v 0.0333420187 0.0192499664 -0.0287599992
v 0.0307240225 0.0232009701 0.0493000001
v 0.0307240225 0.0232009701 0.0493000001
v 0.0333420187 0.0192499664 -0.0287599992
v 0.0294930246 0.0247469693 -0.0272870008
v 0.0307240225 0.0232009701 0.0493000001
v 0.0294930246 0.0247469693 -0.0272870008
v 0.0259370282 0.0284519736 0.0493000001
v 0.0259370282 0.0284519736 0.0493000001
v 0.0294930246 0.0247469693 -0.0272870008
v 0.0247470289 0.0294929761 -0.0260160007
v 0.0259370282 0.0284519736 0.0493000001
v 0.0247470289 0.0294929761 -0.0260160007
v 0.0202680342 0.0327329822 0.0493000001
v 0.0202680342 0.0327329822 0.0493000001
v 0.0247470289 0.0294929761 -0.0260160007
v 0.0192500334 0.0333419815 -0.0249840003
v 0.0202680342 0.0327329822 0.0493000001
v 0.0192500334 0.0333419815 -0.0249840003
v 0.0139080361 0.0358999856 0.0493000001
v 0.0139080361 0.0358999856 0.0493000001
v 0.0192500334 0.0333419815 -0.0249840003
v 0.013168036 0.0361779854 -0.0242240001
v 0.0139080361 0.0358999856 0.0493000001
v 0.013168036 0.0361779854 -0.0242240001
v 0.00707403757 0.0378439911 0.0493000001
v 0.00707403757 0.0378439911 0.0493000001
v 0.013168036 0.0361779854 -0.0242240001
v 0.00668503763 0.0379149914 -0.023759
v 0.00707403757 0.0378439911 0.0493000001
v 0.00668503763 0.0379149914 -0.023759
v 3.85000014e-08 0.0384999998 0.0493000001
v 3.85000014e-08 0.0384999998 0.0493000001
v 0.00668503763 0.0379149914 -0.023759
v 3.85000014e-08 0.0384999998 -0.0236019995
v -3.85000014e-08 -0.0384999998 0.0375000015
v -4.80000004e-08 -0.0480000004 0.0375000015
v 0.00423396192 -0.0382660031 0.0372590013
v 0.00423396192 -0.0382660031 0.0372590013
v -4.80000004e-08 -0.0480000004 0.0375000015
v 0.00689095212 -0.0480000079 0.0368609987
v 0.00423396192 -0.0382660031 0.0372590013
v 0.00689095212 -0.0480000079 0.0368609987
v 0.00841696281 -0.0375690088 0.0365430005
v 0.00841696281 -0.0375690088 0.0365430005
v 0.00689095212 -0.0480000079 0.0368609987
v 0.0135469511 -0.0480000153 0.0349679999
v 0.00841696281 -0.0375690088 0.0365430005
v 0.0135469511 -0.0480000153 0.0349679999
v 0.0124549633 -0.0364290103 0.0353710018
v 0.0124549633 -0.0364290103 0.0353710018
v 0.0135469511 -0.0480000153 0.0349679999
v 0.0162659641 -0.034895014 0.0337879993
v 0.0162659641 -0.034895014 0.0337879993
v 0.0135469511 -0.0480000153 0.0349679999
v 0.0197409522 -0.048000019 0.0318830013
v 0.0162659641 -0.034895014 0.0337879993
v 0.0197409522 -0.048000019 0.0318830013
v 0.019786967 -0.0330260172 0.0318539999
v 0.019786967 -0.0330260172 0.0318539999
v 0.0197409522 -0.048000019 0.0318830013
v 0.0229669679 -0.0308990218 0.0296439994
v 0.0229669679 -0.0308990218 0.0296439994
v 0.0197409522 -0.048000019 0.0318830013
v 0.0252639521 -0.0480000265 0.0277130008
v 0.0229669679 -0.0308990218 0.0296439994
v 0.0252639521 -0.0480000265 0.0277130008
v 0.0257659722 -0.0286060255 0.0272460002
v 0.0257659722 -0.0286060255 0.0272460002
v 0.0252639521 -0.0480000265 0.0277130008
v 0.0282019731 -0.0262080282 0.0247150008
v 0.0282019731 -0.0262080282 0.0247150008
v 0.0252639521 -0.0480000265 0.0277130008
v 0.0299259517 -0.0480000302 0.0225990005
v 0.0282019731 -0.0262080282 0.0247150008
v 0.0299259517 -0.0480000302 0.0225990005
v 0.0322429761 -0.0210380312 0.0191479996
v 0.0322429761 -0.0210380312 0.0191479996
v 0.0299259517 -0.0480000302 0.0225990005
v 0.0335689522 -0.0480000339 0.0167149995
v 0.0322429761 -0.0210380312 0.0191479996
v 0.0335689522 -0.0480000339 0.0167149995
v 0.0351099856 -0.0157960355 0.013173
v 0.0351099856 -0.0157960355 0.013173
v 0.0335689522 -0.0480000339 0.0167149995
v 0.0360679515 -0.0480000377 0.0102620004
v 0.0351099856 -0.0157960355 0.013173
v 0.0360679515 -0.0480000377 0.0102620004
v 0.0361049846 -0.0133660361 0.0101319999
v 0.0361049846 -0.0133660361 0.0101319999
v 0.0360679515 -0.0480000377 0.0102620004
v 0.0368339904 -0.0112020373 0.00703499978
v 0.0368339904 -0.0112020373 0.00703499978
v 0.0360679515 -0.0480000377 0.0102620004
v 0.0373399518 -0.0480000377 0.00346000004
v 0.0368339904 -0.0112020373 0.00703499978
v 0.0373399518 -0.0480000377 0.00346000004
v 0.0373099893 -0.00949903764 0.00377200008
v 0.0373099893 -0.00949903764 0.00377200008
v 0.0373399518 -0.0480000377 0.00346000004
v 0.0374469943 -0.00894103758 0.00198499998
v 0.0374469943 -0.00894103758 0.00198499998
v 0.0373399518 -0.0480000377 0.00346000004
v 0.037499994 -0.00871803705 0
v 0.037499994 -0.00871803705 0
v 0.0373399518 -0.0480000377 0.00346000004
v 0.0373399518 -0.0480000377 -0.00346000004
v 0.037499994 -0.00871803705 0
v 0.0373399518 -0.0480000377 -0.00346000004
v 0.0374469943 -0.00894103758 -0.00198499998
v 0.0374469943 -0.00894103758 -0.00198499998
v 0.0373399518 -0.0480000377 -0.00346000004
v 0.0373099893 -0.00949903764 -0.00377200008
v 0.0373099893 -0.00949903764 -0.00377200008
v 0.0373399518 -0.0480000377 -0.00346000004
v 0.0368339904 -0.0112020373 -0.00703499978
v 0.0368339904 -0.0112020373 -0.00703499978
v 0.0373399518 -0.0480000377 -0.00346000004
v 0.0360679515 -0.0480000377 -0.0102620004
v 0.0368339904 -0.0112020373 -0.00703499978
v 0.0360679515 -0.0480000377 -0.0102620004
v 0.0361049846 -0.0133660361 -0.0101319999
v 0.0361049846 -0.0133660361 -0.0101319999
v 0.0360679515 -0.0480000377 -0.0102620004
v 0.0351099856 -0.0157960355 -0.013173
v 0.0351099856 -0.0157960355 -0.013173
v 0.0360679515 -0.0480000377 -0.0102620004
v 0.0335689522 -0.0480000339 -0.0167149995
v 0.0351099856 -0.0157960355 -0.013173
v 0.0335689522 -0.0480000339 -0.0167149995
v 0.0322429761 -0.0210380312 -0.0191479996
v 0.0322429761 -0.0210380312 -0.0191479996
v 0.0335689522 -0.0480000339 -0.0167149995
v 0.0299259517 -0.0480000302 -0.0225990005
v 0.0322429761 -0.0210380312 -0.0191479996
v 0.0299259517 -0.0480000302 -0.0225990005
v 0.0282019731 -0.0262080282 -0.0247150008
v 0.0282019731 -0.0262080282 -0.0247150008
v 0.0299259517 -0.0480000302 -0.0225990005
v 0.0252639521 -0.0480000265 -0.0277130008
v 0.0282019731 -0.0262080282 -0.0247150008
v 0.0252639521 -0.0480000265 -0.0277130008
v 0.0257659722 -0.0286060255 -0.0272460002
v 0.0257659722 -0.0286060255 -0.0272460002
v 0.0252639521 -0.0480000265 -0.0277130008
v 0.0229669679 -0.0308990218 -0.0296439994
v 0.0229669679 -0.0308990218 -0.0296439994
v 0.0252639521 -0.0480000265 -0.0277130008
v 0.0197409522 -0.048000019 -0.0318830013
v 0.0229669679 -0.0308990218 -0.0296439994
v 0.0197409522 -0.048000019 -0.0318830013
v 0.019786967 -0.0330260172 -0.0318539999
v 0.019786967 -0.0330260172 -0.0318539999
v 0.0197409522 -0.048000019 -0.0318830013
v 0.0162659641 -0.034895014 -0.0337879993
v 0.0162659641 -0.034895014 -0.0337879993
v 0.0197409522 -0.048000019 -0.0318830013
v 0.0135469511 -0.0480000153 -0.0349679999
v 0.0162659641 -0.034895014 -0.0337879993
v 0.0135469511 -0.0480000153 -0.0349679999
v 0.0124549633 -0.0364290103 -0.0353710018
v 0.0124549633 -0.0364290103 -0.0353710018
v 0.0135469511 -0.0480000153 -0.0349679999
v 0.00841696281 -0.0375690088 -0.0365430005
v 0.00841696281 -0.0375690088 -0.0365430005
v 0.0135469511 -0.0480000153 -0.0349679999
v 0.00689095212 -0.0480000079 -0.0368609987
v 0.00841696281 -0.0375690088 -0.0365430005
v 0.00689095212 -0.0480000079 -0.0368609987
v 0.00423396192 -0.0382660031 -0.0372590013
v 0.00423396192 -0.0382660031 -0.0372590013
v 0.00689095212 -0.0480000079 -0.0368609987
v -4.80000004e-08 -0.0480000004 -0.0375000015
v 0.00423396192 -0.0382660031 -0.0372590013
v -4.80000004e-08 -0.0480000004 -0.0375000015
v -3.85000014e-08 -0.0384999998 -0.0375000015
v 0.00689095212 -0.0480000079 -0.0368609987
v 0.00652295211 -0.0480000079 -0.0348960012
v -4.80000004e-08 -0.0480000004 -0.0375000015
v -4.80000004e-08 -0.0480000004 -0.0375000015
v 0.00652295211 -0.0480000079 -0.0348960012
v -4.80000004e-08 -0.0480000004 -0.0355000012
v -4.80000004e-08 -0.0480000004 -0.0375000015
v -4.80000004e-08 -0.0480000004 -0.0355000012
v -0.00652304804 -0.047999993 -0.0348960012
v 0.00652295211 -0.0480000079 -0.0348960012
v 0.00689095212 -0.0480000079 -0.0368609987
v 0.0128239514 -0.0480000116 -0.0331030004
v 0.0128239514 -0.0480000116 -0.0331030004
v 0.00689095212 -0.0480000079 -0.0368609987
v 0.0135469511 -0.0480000153 -0.0349679999
v 0.0128239514 -0.0480000116 -0.0331030004
v 0.0135469511 -0.0480000153 -0.0349679999
v 0.0186879523 -0.048000019 -0.0301830005
v 0.0186879523 -0.048000019 -0.0301830005
v 0.0135469511 -0.0480000153 -0.0349679999
v 0.0197409522 -0.048000019 -0.0318830013
v 0.0186879523 -0.048000019 -0.0301830005
v 0.0197409522 -0.048000019 -0.0318830013
v 0.0239159521 -0.0480000228 -0.0262349993
v 0.0239159521 -0.0480000228 -0.0262349993
v 0.0197409522 -0.048000019 -0.0318830013
v 0.0252639521 -0.0480000265 -0.0277130008
v 0.0239159521 -0.0480000228 -0.0262349993
v 0.0252639521 -0.0480000265 -0.0277130008
v 0.0283299517 -0.0480000302 -0.0213939995
v 0.0283299517 -0.0480000302 -0.0213939995
v 0.0252639521 -0.0480000265 -0.0277130008
v 0.0299259517 -0.0480000302 -0.0225990005
v 0.0283299517 -0.0480000302 -0.0213939995
v 0.0299259517 -0.0480000302 -0.0225990005
v 0.0317779519 -0.0480000339 -0.0158239994
v 0.0317779519 -0.0480000339 -0.0158239994
v 0.0299259517 -0.0480000302 -0.0225990005
v 0.0335689522 -0.0480000339 -0.0167149995
v 0.0317779519 -0.0480000339 -0.0158239994
v 0.0335689522 -0.0480000339 -0.0167149995
v 0.0341449529 -0.0480000339 -0.00971500017
v 0.0341449529 -0.0480000339 -0.00971500017
v 0.0335689522 -0.0480000339 -0.0167149995
v 0.0360679515 -0.0480000377 -0.0102620004
v 0.0341449529 -0.0480000339 -0.00971500017
v 0.0360679515 -0.0480000377 -0.0102620004
v 0.0353489518 -0.0480000339 -0.00327600003
v 0.0353489518 -0.0480000339 -0.00327600003
v 0.0360679515 -0.0480000377 -0.0102620004
v 0.0373399518 -0.0480000377 -0.00346000004
v 0.0353489518 -0.0480000339 -0.00327600003
v 0.0373399518 -0.0480000377 -0.00346000004
v 0.0373399518 -0.0480000377 0.00346000004
v 0.0353489518 -0.0480000339 -0.00327600003
v 0.0373399518 -0.0480000377 0.00346000004
v 0.0353489518 -0.0480000339 0.00327600003
v 0.0353489518 -0.0480000339 0.00327600003
v 0.0373399518 -0.0480000377 0.00346000004
v 0.0360679515 -0.0480000377 0.0102620004
v 0.0353489518 -0.0480000339 0.00327600003
v 0.0360679515 -0.0480000377 0.0102620004
v 0.0341449529 -0.0480000339 0.00971500017
v 0.0341449529 -0.0480000339 0.00971500017
v 0.0360679515 -0.0480000377 0.0102620004
v 0.0335689522 -0.0480000339 0.0167149995
v 0.0341449529 -0.0480000339 0.00971500017
v 0.0335689522 -0.0480000339 0.0167149995
v 0.0317779519 -0.0480000339 0.0158239994
v 0.0317779519 -0.0480000339 0.0158239994
v 0.0335689522 -0.0480000339 0.0167149995
v 0.0299259517 -0.0480000302 0.0225990005
v 0.0317779519 -0.0480000339 0.0158239994
v 0.0299259517 -0.0480000302 0.0225990005
v 0.0283299517 -0.0480000302 0.0213939995
v 0.0283299517 -0.0480000302 0.0213939995
v 0.0299259517 -0.0480000302 0.0225990005
v 0.0252639521 -0.0480000265 0.0277130008
v 0.0283299517 -0.0480000302 0.0213939995
v 0.0252639521 -0.0480000265 0.0277130008
v 0.0239159521 -0.0480000228 0.0262349993
v 0.0239159521 -0.0480000228 0.0262349993
v 0.0252639521 -0.0480000265 0.0277130008
v 0.0197409522 -0.048000019 0.0318830013
v 0.0239159521 -0.0480000228 0.0262349993
v 0.0197409522 -0.048000019 0.0318830013
v 0.0186879523 -0.048000019 0.0301830005
v 0.0186879523 -0.048000019 0.0301830005
v 0.0197409522 -0.048000019 0.0318830013
v 0.0135469511 -0.0480000153 0.0349679999
v 0.0186879523 -0.048000019 0.0301830005
v 0.0135469511 -0.0480000153 0.0349679999
v 0.0128239514 -0.0480000116 0.0331030004
v 0.0128239514 -0.0480000116 0.0331030004
v 0.0135469511 -0.0480000153 0.0349679999
v 0.00689095212 -0.0480000079 0.0368609987
v 0.0128239514 -0.0480000116 0.0331030004
v 0.00689095212 -0.0480000079 0.0368609987
v 0.00652295211 -0.0480000079 0.0348960012
v 0.00652295211 -0.0480000079 0.0348960012
v 0.00689095212 -0.0480000079 0.0368609987
v -4.80000004e-08 -0.0480000004 0.0375000015
v 0.00652295211 -0.0480000079 0.0348960012
v -4.80000004e-08 -0.0480000004 0.0375000015
v -4.80000004e-08 -0.0480000004 0.0355000012
v -4.80000004e-08 -0.0480000004 0.0355000012
v -4.80000004e-08 -0.0480000004 0.0375000015
v -0.00652304804 -0.047999993 0.0348960012
v -0.00652304804 -0.047999993 0.0348960012
v -4.80000004e-08 -0.0480000004 0.0375000015
v -0.00689104805 -0.047999993 0.0368609987
v -0.00652304804 -0.047999993 0.0348960012
v -0.00689104805 -0.047999993 0.0368609987
v -0.0128240483 -0.0479999892 0.0331030004
v -0.0128240483 -0.0479999892 0.0331030004
v -0.00689104805 -0.047999993 0.0368609987
v -0.013547048 -0.0479999855 0.0349679999
v -0.0128240483 -0.0479999892 0.0331030004
v -0.013547048 -0.0479999855 0.0349679999
v -0.0186880492 -0.0479999818 0.0301830005
v -0.0186880492 -0.0479999818 0.0301830005
v -0.013547048 -0.0479999855 0.0349679999
v -0.019741049 -0.0479999818 0.0318830013
v -0.0186880492 -0.0479999818 0.0301830005
v -0.019741049 -0.0479999818 0.0318830013
v -0.0239160489 -0.0479999781 0.0262349993
v -0.0239160489 -0.0479999781 0.0262349993
v -0.019741049 -0.0479999818 0.0318830013
v -0.0252640489 -0.0479999743 0.0277130008
v -0.0239160489 -0.0479999781 0.0262349993
v -0.0252640489 -0.0479999743 0.0277130008
v -0.0283300485 -0.0479999706 0.0213939995
v -0.0283300485 -0.0479999706 0.0213939995
v -0.0252640489 -0.0479999743 0.0277130008
v -0.0299260486 -0.0479999706 0.0225990005
v -0.0283300485 -0.0479999706 0.0213939995
v -0.0299260486 -0.0479999706 0.0225990005
v -0.0317780487 -0.0479999669 0.0158239994
v -0.0317780487 -0.0479999669 0.0158239994
v -0.0299260486 -0.0479999706 0.0225990005
v -0.0335690491 -0.0479999669 0.0167149995
v -0.0317780487 -0.0479999669 0.0158239994
v -0.0335690491 -0.0479999669 0.0167149995
v -0.0341450498 -0.0479999669 0.00971500017
v -0.0341450498 -0.0479999669 0.00971500017
v -0.0335690491 -0.0479999669 0.0167149995
v -0.0360680483 -0.0479999632 0.0102620004
v -0.0341450498 -0.0479999669 0.00971500017
v -0.0360680483 -0.0479999632 0.0102620004
v -0.0353490487 -0.0479999669 0.00327600003
v -0.0353490487 -0.0479999669 0.00327600003
v -0.0360680483 -0.0479999632 0.0102620004
v -0.0373400487 -0.0479999632 0.00346000004
v -0.0353490487 -0.0479999669 0.00327600003
v -0.0373400487 -0.0479999632 0.00346000004
v -0.0373400487 -0.0479999632 -0.00346000004
v -0.0353490487 -0.0479999669 0.00327600003
v -0.0373400487 -0.0479999632 -0.00346000004
v -0.0353490487 -0.0479999669 -0.00327600003
v -0.0353490487 -0.0479999669 -0.00327600003
v -0.0373400487 -0.0479999632 -0.00346000004
v -0.0360680483 -0.0479999632 -0.0102620004
v -0.0353490487 -0.0479999669 -0.00327600003
v -0.0360680483 -0.0479999632 -0.0102620004
v -0.0341450498 -0.0479999669 -0.00971500017
v -0.0341450498 -0.0479999669 -0.00971500017
v -0.0360680483 -0.0479999632 -0.0102620004
v -0.0335690491 -0.0479999669 -0.0167149995
v -0.0341450498 -0.0479999669 -0.00971500017
v -0.0335690491 -0.0479999669 -0.0167149995
v -0.0317780487 -0.0479999669 -0.0158239994
v -0.0317780487 -0.0479999669 -0.0158239994
v -0.0335690491 -0.0479999669 -0.0167149995
v -0.0299260486 -0.0479999706 -0.0225990005
v -0.0317780487 -0.0479999669 -0.0158239994
v -0.0299260486 -0.0479999706 -0.0225990005
v -0.0283300485 -0.0479999706 -0.0213939995
v -0.0283300485 -0.0479999706 -0.0213939995
v -0.0299260486 -0.0479999706 -0.0225990005
v -0.0252640489 -0.0479999743 -0.0277130008
v -0.0283300485 -0.0479999706 -0.0213939995
v -0.0252640489 -0.0479999743 -0.0277130008
v -0.0239160489 -0.0479999781 -0.0262349993
v -0.0239160489 -0.0479999781 -0.0262349993
v -0.0252640489 -0.0479999743 -0.0277130008
v -0.019741049 -0.0479999818 -0.0318830013
v -0.0239160489 -0.0479999781 -0.0262349993
v -0.019741049 -0.0479999818 -0.0318830013
v -0.0186880492 -0.0479999818 -0.0301830005
v -0.0186880492 -0.0479999818 -0.0301830005
v -0.019741049 -0.0479999818 -0.0318830013
v -0.013547048 -0.0479999855 -0.0349679999
v -0.0186880492 -0.0479999818 -0.0301830005
v -0.013547048 -0.0479999855 -0.0349679999
v -0.0128240483 -0.0479999892 -0.0331030004
v -0.0128240483 -0.0479999892 -0.0331030004
v -0.013547048 -0.0479999855 -0.0349679999
v -0.00689104805 -0.047999993 -0.0368609987
v -0.0128240483 -0.0479999892 -0.0331030004
v -0.00689104805 -0.047999993 -0.0368609987
v -0.00652304804 -0.047999993 -0.0348960012
v -0.00652304804 -0.047999993 -0.0348960012
v -0.00689104805 -0.047999993 -0.0368609987
v -4.80000004e-08 -0.0480000004 -0.0375000015
v -4.80000004e-08 -0.0480000004 -0.0355000012
v -4.19999999e-08 -0.0419999994 -0.0355000012
v -0.00652304804 -0.047999993 -0.0348960012
v -0.00652304804 -0.047999993 -0.0348960012
v -4.19999999e-08 -0.0419999994 -0.0355000012
v -0.00652304199 -0.041999992 -0.0348960012
v -0.00652304804 -0.047999993 -0.0348960012
v -0.00652304199 -0.041999992 -0.0348960012
v -0.0128240418 -0.0419999883 -0.0331030004
v -0.00652304804 -0.047999993 -0.0348960012
v -0.0128240418 -0.0419999883 -0.0331030004
v -0.0128240483 -0.0479999892 -0.0331030004
v -0.0128240483 -0.0479999892 -0.0331030004
v -0.0128240418 -0.0419999883 -0.0331030004
v -0.0186880436 -0.0419999808 -0.0301830005
v -0.0128240483 -0.0479999892 -0.0331030004
v -0.0186880436 -0.0419999808 -0.0301830005
v -0.0186880492 -0.0479999818 -0.0301830005
v -0.0186880492 -0.0479999818 -0.0301830005
v -0.0186880436 -0.0419999808 -0.0301830005
v -0.0239160433 -0.0419999771 -0.0262349993
v -0.0186880492 -0.0479999818 -0.0301830005
v -0.0239160433 -0.0419999771 -0.0262349993
v -0.0239160489 -0.0479999781 -0.0262349993
v -0.0239160489 -0.0479999781 -0.0262349993
v -0.0239160433 -0.0419999771 -0.0262349993
v -0.028330043 -0.0419999696 -0.0213939995
v -0.0239160489 -0.0479999781 -0.0262349993
v -0.028330043 -0.0419999696 -0.0213939995
v -0.0283300485 -0.0479999706 -0.0213939995
v -0.0283300485 -0.0479999706 -0.0213939995
v -0.028330043 -0.0419999696 -0.0213939995
v -0.0317780413 -0.0419999659 -0.0158239994
v -0.0283300485 -0.0479999706 -0.0213939995
v -0.0317780413 -0.0419999659 -0.0158239994
v -0.0317780487 -0.0479999669 -0.0158239994
v -0.0317780487 -0.0479999669 -0.0158239994
v -0.0317780413 -0.0419999659 -0.0158239994
v -0.0341450423 -0.0419999659 -0.00971500017
v -0.0317780487 -0.0479999669 -0.0158239994
v -0.0341450423 -0.0419999659 -0.00971500017
v -0.0341450498 -0.0479999669 -0.00971500017
v -0.0341450498 -0.0479999669 -0.00971500017
v -0.0341450423 -0.0419999659 -0.00971500017
v -0.0353490412 -0.0419999659 -0.00327600003
v -0.0341450498 -0.0479999669 -0.00971500017
v -0.0353490412 -0.0419999659 -0.00327600003
v -0.0353490487 -0.0479999669 -0.00327600003
v -0.0353490487 -0.0479999669 -0.00327600003
v -0.0353490412 -0.0419999659 -0.00327600003
v -0.0353490412 -0.0419999659 0.00327600003
v -0.0353490487 -0.0479999669 -0.00327600003
v -0.0353490412 -0.0419999659 0.00327600003
v -0.0353490487 -0.0479999669 0.00327600003
v -0.0353490487 -0.0479999669 0.00327600003
v -0.0353490412 -0.0419999659 0.00327600003
v -0.0341450423 -0.0419999659 0.00971500017
v -0.0353490487 -0.0479999669 0.00327600003
v -0.0341450423 -0.0419999659 0.00971500017
v -0.0341450498 -0.0479999669 0.00971500017
v -0.0341450498 -0.0479999669 0.00971500017
v -0.0341450423 -0.0419999659 0.00971500017
v -0.0317780413 -0.0419999659 0.0158239994
v -0.0341450498 -0.0479999669 0.00971500017
v -0.0317780413 -0.0419999659 0.0158239994
v -0.0317780487 -0.0479999669 0.0158239994
v -0.0317780487 -0.0479999669 0.0158239994
v -0.0317780413 -0.0419999659 0.0158239994
v -0.028330043 -0.0419999696 0.0213939995
v -0.0317780487 -0.0479999669 0.0158239994
v -0.028330043 -0.0419999696 0.0213939995
v -0.0283300485 -0.0479999706 0.0213939995
v -0.0283300485 -0.0479999706 0.0213939995
v -0.028330043 -0.0419999696 0.0213939995
v -0.0239160433 -0.0419999771 0.0262349993
v -0.0283300485 -0.0479999706 0.0213939995
v -0.0239160433 -0.0419999771 0.0262349993
v -0.0239160489 -0.0479999781 0.0262349993
v -0.0239160489 -0.0479999781 0.0262349993
v -0.0239160433 -0.0419999771 0.0262349993
v -0.0186880436 -0.0419999808 0.0301830005
v -0.0239160489 -0.0479999781 0.0262349993
v -0.0186880436 -0.0419999808 0.0301830005
v -0.0186880492 -0.0479999818 0.0301830005
v -0.0186880492 -0.0479999818 0.0301830005
v -0.0186880436 -0.0419999808 0.0301830005
v -0.0128240418 -0.0419999883 0.0331030004
v -0.0186880492 -0.0479999818 0.0301830005
v -0.0128240418 -0.0419999883 0.0331030004
v -0.0128240483 -0.0479999892 0.0331030004
v -0.0128240483 -0.0479999892 0.0331030004
v -0.0128240418 -0.0419999883 0.0331030004
v -0.00652304199 -0.041999992 0.0348960012
v -0.0128240483 -0.0479999892 0.0331030004
v -0.00652304199 -0.041999992 0.0348960012
v -0.00652304804 -0.047999993 0.0348960012
v -0.00652304804 -0.047999993 0.0348960012
v -0.00652304199 -0.041999992 0.0348960012
v -4.19999999e-08 -0.0419999994 0.0355000012
v -0.00652304804 -0.047999993 0.0348960012
v -4.19999999e-08 -0.0419999994 0.0355000012
v -4.80000004e-08 -0.0480000004 0.0355000012
v -0.00652304199 -0.041999992 0.0348960012
v -0.00652304199 -0.041999992 -0.0348960012
v -4.19999999e-08 -0.0419999994 0.0355000012
v -4.19999999e-08 -0.0419999994 0.0355000012
v -0.00652304199 -0.041999992 -0.0348960012
v -4.19999999e-08 -0.0419999994 -0.0355000012
v -4.19999999e-08 -0.0419999994 0.0355000012
v -4.19999999e-08 -0.0419999994 -0.0355000012
v 0.00652295817 -0.0420000069 0.0348960012
v 0.00652295817 -0.0420000069 0.0348960012
v -4.19999999e-08 -0.0419999994 -0.0355000012
v 0.00652295817 -0.0420000069 -0.0348960012
v 0.00652295817 -0.0420000069 0.0348960012
v 0.00652295817 -0.0420000069 -0.0348960012
v 0.0128239579 -0.0420000106 0.0331030004
v 0.0128239579 -0.0420000106 0.0331030004
v 0.00652295817 -0.0420000069 -0.0348960012
v 0.0128239579 -0.0420000106 -0.0331030004
v 0.0128239579 -0.0420000106 0.0331030004
v 0.0128239579 -0.0420000106 -0.0331030004
v 0.0186879579 -0.0420000181 0.0301830005
v 0.0186879579 -0.0420000181 0.0301830005
v 0.0128239579 -0.0420000106 -0.0331030004
v 0.0186879579 -0.0420000181 -0.0301830005
v 0.0186879579 -0.0420000181 0.0301830005
v 0.0186879579 -0.0420000181 -0.0301830005
v 0.0239159577 -0.0420000218 0.0262349993
v 0.0239159577 -0.0420000218 0.0262349993
v 0.0186879579 -0.0420000181 -0.0301830005
v 0.0239159577 -0.0420000218 -0.0262349993
v 0.0239159577 -0.0420000218 0.0262349993
v 0.0239159577 -0.0420000218 -0.0262349993
v 0.0283299573 -0.0420000292 0.0213939995
v 0.0283299573 -0.0420000292 0.0213939995
v 0.0239159577 -0.0420000218 -0.0262349993
v 0.0283299573 -0.0420000292 -0.0213939995
v 0.0283299573 -0.0420000292 0.0213939995
v 0.0283299573 -0.0420000292 -0.0213939995
v 0.0317779593 -0.042000033 0.0158239994
v 0.0317779593 -0.042000033 0.0158239994
v 0.0283299573 -0.0420000292 -0.0213939995
v 0.0317779593 -0.042000033 -0.0158239994
v 0.0317779593 -0.042000033 0.0158239994
v 0.0317779593 -0.042000033 -0.0158239994
v 0.0341449603 -0.042000033 0.00971500017
v 0.0341449603 -0.042000033 0.00971500017
v 0.0317779593 -0.042000033 -0.0158239994
v 0.0341449603 -0.042000033 -0.00971500017
v 0.0341449603 -0.042000033 0.00971500017
v 0.0341449603 -0.042000033 -0.00971500017
v 0.0353489593 -0.042000033 0.00327600003
v 0.0353489593 -0.042000033 0.00327600003
v 0.0341449603 -0.042000033 -0.00971500017
v 0.0353489593 -0.042000033 -0.00327600003
v -0.00652304199 -0.041999992 -0.0348960012
v -0.00652304199 -0.041999992 0.0348960012
v -0.0128240418 -0.0419999883 -0.0331030004
v -0.0128240418 -0.0419999883 -0.0331030004
v -0.00652304199 -0.041999992 0.0348960012
v -0.0128240418 -0.0419999883 0.0331030004
v -0.0128240418 -0.0419999883 -0.0331030004
v -0.0128240418 -0.0419999883 0.0331030004
v -0.0186880436 -0.0419999808 -0.0301830005
v -0.0186880436 -0.0419999808 -0.0301830005
v -0.0128240418 -0.0419999883 0.0331030004
v -0.0186880436 -0.0419999808 0.0301830005
v -0.0186880436 -0.0419999808 -0.0301830005
v -0.0186880436 -0.0419999808 0.0301830005
v -0.0239160433 -0.0419999771 -0.0262349993
v -0.0239160433 -0.0419999771 -0.0262349993
v -0.0186880436 -0.0419999808 0.0301830005
v -0.0239160433 -0.0419999771 0.0262349993
v -0.0239160433 -0.0419999771 -0.0262349993
v -0.0239160433 -0.0419999771 0.0262349993
v -0.028330043 -0.0419999696 -0.0213939995
v -0.028330043 -0.0419999696 -0.0213939995
v -0.0239160433 -0.0419999771 0.0262349993
v -0.028330043 -0.0419999696 0.0213939995
v -0.028330043 -0.0419999696 -0.0213939995
v -0.028330043 -0.0419999696 0.0213939995
v -0.0317780413 -0.0419999659 -0.0158239994
v -0.0317780413 -0.0419999659 -0.0158239994
v -0.028330043 -0.0419999696 0.0213939995
v -0.0317780413 -0.0419999659 0.0158239994
v -0.0317780413 -0.0419999659 -0.0158239994
v -0.0317780413 -0.0419999659 0.0158239994
v -0.0341450423 -0.0419999659 -0.00971500017
v -0.0341450423 -0.0419999659 -0.00971500017
v -0.0317780413 -0.0419999659 0.0158239994
v -0.0341450423 -0.0419999659 0.00971500017
v -0.0341450423 -0.0419999659 -0.00971500017
v -0.0341450423 -0.0419999659 0.00971500017
v -0.0353490412 -0.0419999659 -0.00327600003
v -0.0353490412 -0.0419999659 -0.00327600003
v -0.0341450423 -0.0419999659 0.00971500017
v -0.0353490412 -0.0419999659 0.00327600003
v 0.00707396213 -0.037844006 0.0493000001
v 0.00703796232 -0.0376480073 0.0493000001
v -3.85000014e-08 -0.0384999998 0.0493000001
v -3.85000014e-08 -0.0384999998 0.0493000001
v 0.00703796232 -0.0376480073 0.0493000001
v -3.83000014e-08 -0.0383000001 0.0493000001
v -3.85000014e-08 -0.0384999998 0.0493000001
v -3.83000014e-08 -0.0383000001 0.0493000001
v -0.00703803776 -0.0376479924 0.0493000001
v 0.00703796232 -0.0376480073 0.0493000001
v 0.00707396213 -0.037844006 0.0493000001
v 0.0138359647 -0.0357140154 0.0493000001
v 0.0138359647 -0.0357140154 0.0493000001
v 0.00707396213 -0.037844006 0.0493000001
v 0.0139079634 -0.0359000154 0.0493000001
v 0.0138359647 -0.0357140154 0.0493000001
v 0.0139079634 -0.0359000154 0.0493000001
v 0.0201619677 -0.0325630195 0.0493000001
v 0.0201619677 -0.0325630195 0.0493000001
v 0.0139079634 -0.0359000154 0.0493000001
v 0.0202679671 -0.0327330194 0.0493000001
v 0.0201619677 -0.0325630195 0.0493000001
v 0.0202679671 -0.0327330194 0.0493000001
v 0.0258029718 -0.0283040255 0.0493000001
v 0.0258029718 -0.0283040255 0.0493000001
v 0.0202679671 -0.0327330194 0.0493000001
v 0.0259369723 -0.0284520257 0.0493000001
v 0.0258029718 -0.0283040255 0.0493000001
v 0.0259369723 -0.0284520257 0.0493000001
v 0.0305639785 -0.0230810307 0.0493000001
v 0.0305639785 -0.0230810307 0.0493000001
v 0.0259369723 -0.0284520257 0.0493000001
v 0.0307239778 -0.0232010297 0.0493000001
v 0.0305639785 -0.0230810307 0.0493000001
v 0.0307239778 -0.0232010297 0.0493000001
v 0.0342849828 -0.0170720331 0.0493000001
v 0.0342849828 -0.0170720331 0.0493000001
v 0.0307239778 -0.0232010297 0.0493000001
v 0.034463983 -0.0171610359 0.0493000001
v 0.0342849828 -0.0170720331 0.0493000001
v 0.034463983 -0.0171610359 0.0493000001
v 0.0368379876 -0.0104810372 0.0493000001
v 0.0368379876 -0.0104810372 0.0493000001
v 0.034463983 -0.0171610359 0.0493000001
v 0.0370299891 -0.0105360374 0.0493000001
v 0.0368379876 -0.0104810372 0.0493000001
v 0.0370299891 -0.0105360374 0.0493000001
v 0.0381369963 -0.00353403809 0.0493000001
v 0.0381369963 -0.00353403809 0.0493000001
v 0.0370299891 -0.0105360374 0.0493000001
v 0.0383359976 -0.00355203846 0.0493000001
v 0.0381369963 -0.00353403809 0.0493000001
v 0.0383359976 -0.00355203846 0.0493000001
v 0.0383360051 0.00355196162 0.0493000001
v 0.0381369963 -0.00353403809 0.0493000001
v 0.0383360051 0.00355196162 0.0493000001
v 0.0381370038 0.00353396172 0.0493000001
v 0.0381370038 0.00353396172 0.0493000001
v 0.0383360051 0.00355196162 0.0493000001
v 0.0370300114 0.0105359629 0.0493000001
v 0.0381370038 0.00353396172 0.0493000001
v 0.0370300114 0.0105359629 0.0493000001
v 0.03683801 0.0104809627 0.0493000001
v 0.03683801 0.0104809627 0.0493000001
v 0.0370300114 0.0105359629 0.0493000001
v 0.0344640203 0.0171609651 0.0493000001
v 0.03683801 0.0104809627 0.0493000001
v 0.0344640203 0.0171609651 0.0493000001
v 0.0342850201 0.0170719661 0.0493000001
v 0.0342850201 0.0170719661 0.0493000001
v 0.0344640203 0.0171609651 0.0493000001
v 0.0307240225 0.0232009701 0.0493000001
v 0.0342850201 0.0170719661 0.0493000001
v 0.0307240225 0.0232009701 0.0493000001
v 0.0305640232 0.0230809711 0.0493000001
v 0.0305640232 0.0230809711 0.0493000001
v 0.0307240225 0.0232009701 0.0493000001
v 0.0259370282 0.0284519736 0.0493000001
v 0.0305640232 0.0230809711 0.0493000001
v 0.0259370282 0.0284519736 0.0493000001
v 0.0258030277 0.0283039734 0.0493000001
v 0.0258030277 0.0283039734 0.0493000001
v 0.0259370282 0.0284519736 0.0493000001
v 0.0202680342 0.0327329822 0.0493000001
v 0.0258030277 0.0283039734 0.0493000001
v 0.0202680342 0.0327329822 0.0493000001
v 0.0201620311 0.0325629823 0.0493000001
v 0.0201620311 0.0325629823 0.0493000001
v 0.0202680342 0.0327329822 0.0493000001
v 0.0139080361 0.0358999856 0.0493000001
v 0.0201620311 0.0325629823 0.0493000001
v 0.0139080361 0.0358999856 0.0493000001
v 0.0138360355 0.0357139856 0.0493000001
v 0.0138360355 0.0357139856 0.0493000001
v 0.0139080361 0.0358999856 0.0493000001
v 0.00707403757 0.0378439911 0.0493000001
v 0.0138360355 0.0357139856 0.0493000001
v 0.00707403757 0.0378439911 0.0493000001
v 0.00703803776 0.0376479924 0.0493000001
v 0.00703803776 0.0376479924 0.0493000001
v 0.00707403757 0.0378439911 0.0493000001
v 3.85000014e-08 0.0384999998 0.0493000001
v 0.00703803776 0.0376479924 0.0493000001
v 3.85000014e-08 0.0384999998 0.0493000001
v 3.83000014e-08 0.0383000001 0.0493000001
v 3.83000014e-08 0.0383000001 0.0493000001
v 3.85000014e-08 0.0384999998 0.0493000001
v -0.00703796232 0.0376480073 0.0493000001
v -0.00703796232 0.0376480073 0.0493000001
v 3.85000014e-08 0.0384999998 0.0493000001
v -0.00707396213 0.037844006 0.0493000001
v -0.00703796232 0.0376480073 0.0493000001
v -0.00707396213 0.037844006 0.0493000001
v -0.0138359647 0.0357140154 0.0493000001
v -0.0138359647 0.0357140154 0.0493000001
v -0.00707396213 0.037844006 0.0493000001
v -0.0139079634 0.0359000154 0.0493000001
v -0.0138359647 0.0357140154 0.0493000001
v -0.0139079634 0.0359000154 0.0493000001
v -0.0201619677 0.0325630195 0.0493000001
v -0.0201619677 0.0325630195 0.0493000001
v -0.0139079634 0.0359000154 0.0493000001
v -0.0202679671 0.0327330194 0.0493000001
v -0.0201619677 0.0325630195 0.0493000001
v -0.0202679671 0.0327330194 0.0493000001
v -0.0258029718 0.0283040255 0.0493000001
v -0.0258029718 0.0283040255 0.0493000001
v -0.0202679671 0.0327330194 0.0493000001
v -0.0259369723 0.0284520257 0.0493000001
v -0.0258029718 0.0283040255 0.0493000001
v -0.0259369723 0.0284520257 0.0493000001
v -0.0305639785 0.0230810307 0.0493000001
v -0.0305639785 0.0230810307 0.0493000001
v -0.0259369723 0.0284520257 0.0493000001
v -0.0307239778 0.0232010297 0.0493000001
v -0.0305639785 0.0230810307 0.0493000001
v -0.0307239778 0.0232010297 0.0493000001
v -0.0342849828 0.0170720331 0.0493000001
v -0.0342849828 0.0170720331 0.0493000001
v -0.0307239778 0.0232010297 0.0493000001
v -0.034463983 0.0171610359 0.0493000001
v -0.0342849828 0.0170720331 0.0493000001
v -0.034463983 0.0171610359 0.0493000001
v -0.0368379876 0.0104810372 0.0493000001
v -0.0368379876 0.0104810372 0.0493000001
v -0.034463983 0.0171610359 0.0493000001
v -0.0370299891 0.0105360374 0.0493000001
v -0.0368379876 0.0104810372 0.0493000001
v -0.0370299891 0.0105360374 0.0493000001
v -0.0381369963 0.00353403809 0.0493000001
v -0.0381369963 0.00353403809 0.0493000001
v -0.0370299891 0.0105360374 0.0493000001
v -0.0383359976 0.00355203846 0.0493000001
v -0.0381369963 0.00353403809 0.0493000001
v -0.0383359976 0.00355203846 0.0493000001
v -0.0381370038 -0.00353396172 0.0493000001
v -0.0381370038 -0.00353396172 0.0493000001
v -0.0383359976 0.00355203846 0.0493000001
v -0.0383360051 -0.00355196162 0.0493000001
v -0.0381370038 -0.00353396172 0.0493000001
v -0.0383360051 -0.00355196162 0.0493000001
v -0.0370300114 -0.0105359629 0.0493000001
v -0.0381370038 -0.00353396172 0.0493000001
v -0.0370300114 -0.0105359629 0.0493000001
v -0.03683801 -0.0104809627 0.0493000001
v -0.03683801 -0.0104809627 0.0493000001
v -0.0370300114 -0.0105359629 0.0493000001
v -0.0344640203 -0.0171609651 0.0493000001
v -0.03683801 -0.0104809627 0.0493000001
v -0.0344640203 -0.0171609651 0.0493000001
v -0.0342850201 -0.0170719661 0.0493000001
v -0.0342850201 -0.0170719661 0.0493000001
v -0.0344640203 -0.0171609651 0.0493000001
v -0.0307240225 -0.0232009701 0.0493000001
v -0.0342850201 -0.0170719661 0.0493000001
v -0.0307240225 -0.0232009701 0.0493000001
v -0.0305640232 -0.0230809711 0.0493000001
v -0.0305640232 -0.0230809711 0.0493000001
v -0.0307240225 -0.0232009701 0.0493000001
v -0.0259370282 -0.0284519736 0.0493000001
v -0.0305640232 -0.0230809711 0.0493000001
v -0.0259370282 -0.0284519736 0.0493000001
v -0.0258030277 -0.0283039734 0.0493000001
v -0.0258030277 -0.0283039734 0.0493000001
v -0.0259370282 -0.0284519736 0.0493000001
v -0.0202680342 -0.0327329822 0.0493000001
v -0.0258030277 -0.0283039734 0.0493000001
v -0.0202680342 -0.0327329822 0.0493000001
v -0.0201620311 -0.0325629823 0.0493000001
v -0.0201620311 -0.0325629823 0.0493000001
v -0.0202680342 -0.0327329822 0.0493000001
v -0.0139080361 -0.0358999856 0.0493000001
v -0.0201620311 -0.0325629823 0.0493000001
v -0.0139080361 -0.0358999856 0.0493000001
v -0.0138360355 -0.0357139856 0.0493000001
v -0.0138360355 -0.0357139856 0.0493000001
v -0.0139080361 -0.0358999856 0.0493000001
v -0.00707403757 -0.0378439911 0.0493000001
v -0.0138360355 -0.0357139856 0.0493000001
v -0.00707403757 -0.0378439911 0.0493000001
v -0.00703803776 -0.0376479924 0.0493000001
v -0.00703803776 -0.0376479924 0.0493000001
v -0.00707403757 -0.0378439911 0.0493000001
v -3.85000014e-08 -0.0384999998 0.0493000001
v -0.00668503763 -0.0379149914 -0.0440770015
v -0.00665103784 -0.0377179943 -0.0440250002
v -3.85000014e-08 -0.0384999998 -0.0442340001
v -3.85000014e-08 -0.0384999998 -0.0442340001
v -0.00665103784 -0.0377179943 -0.0440250002
v -3.83000014e-08 -0.0383000001 -0.0441810004
v -3.85000014e-08 -0.0384999998 -0.0442340001
v -3.83000014e-08 -0.0383000001 -0.0441810004
v 0.00668496219 -0.0379150063 -0.0440770015
v 0.00668496219 -0.0379150063 -0.0440770015
v -3.83000014e-08 -0.0383000001 -0.0441810004
v 0.0066509624 -0.0377180092 -0.0440250002
v 0.00668496219 -0.0379150063 -0.0440770015
v 0.0066509624 -0.0377180092 -0.0440250002
v 0.0130989635 -0.0359900147 -0.0435619988
v -0.00665103784 -0.0377179943 -0.0440250002
v -0.00668503763 -0.0379149914 -0.0440770015
v -0.0130990362 -0.0359899849 -0.0435619988
v -0.0130990362 -0.0359899849 -0.0435619988
v -0.00668503763 -0.0379149914 -0.0440770015
v -0.013168036 -0.0361779854 -0.0436119996
v -0.0130990362 -0.0359899849 -0.0435619988
v -0.013168036 -0.0361779854 -0.0436119996
v -0.0191500336 -0.0331689827 -0.0428059995
v -0.0191500336 -0.0331689827 -0.0428059995
v -0.013168036 -0.0361779854 -0.0436119996
v -0.0192500334 -0.0333419815 -0.0428519994
v -0.0191500336 -0.0331689827 -0.0428059995
v -0.0192500334 -0.0333419815 -0.0428519994
v -0.0246190298 -0.0293399766 -0.0417799987
v -0.0246190298 -0.0293399766 -0.0417799987
v -0.0192500334 -0.0333419815 -0.0428519994
v -0.0247470289 -0.0294929761 -0.0418209992
v -0.0246190298 -0.0293399766 -0.0417799987
v -0.0247470289 -0.0294929761 -0.0418209992
v -0.0293390248 -0.0246189702 -0.0405149981
v -0.0293390248 -0.0246189702 -0.0405149981
v -0.0247470289 -0.0294929761 -0.0418209992
v -0.0294930246 -0.0247469693 -0.0405489989
v -0.0293390248 -0.0246189702 -0.0405149981
v -0.0294930246 -0.0247469693 -0.0405489989
v -0.03316902 -0.0191499665 -0.0390489995
v -0.03316902 -0.0191499665 -0.0390489995
v -0.0294930246 -0.0247469693 -0.0405489989
v -0.0333420187 -0.0192499664 -0.0390760005
v -0.03316902 -0.0191499665 -0.0390489995
v -0.0333420187 -0.0192499664 -0.0390760005
v -0.0359900147 -0.0130989635 -0.0374279991
v -0.0359900147 -0.0130989635 -0.0374279991
v -0.0333420187 -0.0192499664 -0.0390760005
v -0.0361780152 -0.0131679634 -0.0374459997
v -0.0359900147 -0.0130989635 -0.0374279991
v -0.0361780152 -0.0131679634 -0.0374459997
v -0.0377180092 -0.0066509624 -0.0357000008
v -0.0377180092 -0.0066509624 -0.0357000008
v -0.0361780152 -0.0131679634 -0.0374459997
v -0.0379150063 -0.00668496219 -0.0357090011
v -0.0377180092 -0.0066509624 -0.0357000008
v -0.0379150063 -0.00668496219 -0.0357090011
v -0.0383000001 3.83000014e-08 -0.0339180008
v -0.0383000001 3.83000014e-08 -0.0339180008
v -0.0379150063 -0.00668496219 -0.0357090011
v -0.0384999998 3.85000014e-08 -0.0339180008
v -0.0383000001 3.83000014e-08 -0.0339180008
v -0.0384999998 3.85000014e-08 -0.0339180008
v -0.0379149914 0.00668503763 -0.0321270004
v -0.0383000001 3.83000014e-08 -0.0339180008
v -0.0379149914 0.00668503763 -0.0321270004
v -0.0377179943 0.00665103784 -0.0321360007
v -0.0377179943 0.00665103784 -0.0321360007
v -0.0379149914 0.00668503763 -0.0321270004
v -0.0361779854 0.013168036 -0.03039
v -0.0377179943 0.00665103784 -0.0321360007
v -0.0361779854 0.013168036 -0.03039
v -0.0359899849 0.0130990362 -0.0304080006
v -0.0359899849 0.0130990362 -0.0304080006
v -0.0361779854 0.013168036 -0.03039
v -0.0333419815 0.0192500334 -0.0287599992
v -0.0359899849 0.0130990362 -0.0304080006
v -0.0333419815 0.0192500334 -0.0287599992
v -0.0331689827 0.0191500336 -0.0287870001
v -0.0331689827 0.0191500336 -0.0287870001
v -0.0333419815 0.0192500334 -0.0287599992
v -0.0294929761 0.0247470289 -0.0272870008
v -0.0331689827 0.0191500336 -0.0287870001
v -0.0294929761 0.0247470289 -0.0272870008
v -0.0293389764 0.0246190298 -0.0273219999
v -0.0293389764 0.0246190298 -0.0273219999
v -0.0294929761 0.0247470289 -0.0272870008
v -0.0247469693 0.0294930246 -0.0260160007
v -0.0293389764 0.0246190298 -0.0273219999
v -0.0247469693 0.0294930246 -0.0260160007
v -0.0246189702 0.029340025 -0.0260569993
v -0.0246189702 0.029340025 -0.0260569993
v -0.0247469693 0.0294930246 -0.0260160007
v -0.0192499664 0.0333420187 -0.0249840003
v -0.0246189702 0.029340025 -0.0260569993
v -0.0192499664 0.0333420187 -0.0249840003
v -0.0191499665 0.03316902 -0.0250310004
v -0.0191499665 0.03316902 -0.0250310004
v -0.0192499664 0.0333420187 -0.0249840003
v -0.0131679634 0.0361780152 -0.0242240001
v -0.0191499665 0.03316902 -0.0250310004
v -0.0131679634 0.0361780152 -0.0242240001
v -0.0130989635 0.0359900147 -0.0242749993
v -0.0130989635 0.0359900147 -0.0242749993
v -0.0131679634 0.0361780152 -0.0242240001
v -0.00668496219 0.0379150063 -0.023759
v -0.0130989635 0.0359900147 -0.0242749993
v -0.00668496219 0.0379150063 -0.023759
v -0.0066509624 0.0377180092 -0.0238119997
v -0.0066509624 0.0377180092 -0.0238119997
v -0.00668496219 0.0379150063 -0.023759
v 3.85000014e-08 0.0384999998 -0.0236019995
v -0.0066509624 0.0377180092 -0.0238119997
v 3.85000014e-08 0.0384999998 -0.0236019995
v 3.83000014e-08 0.0383000001 -0.0236559995
v 3.83000014e-08 0.0383000001 -0.0236559995
v 3.85000014e-08 0.0384999998 -0.0236019995
v 0.00665103784 0.0377179943 -0.0238119997
v 0.00665103784 0.0377179943 -0.0238119997
v 3.85000014e-08 0.0384999998 -0.0236019995
v 0.00668503763 0.0379149914 -0.023759
v 0.00665103784 0.0377179943 -0.0238119997
v 0.00668503763 0.0379149914 -0.023759
v 0.0130990362 0.0359899849 -0.0242749993
v 0.0130990362 0.0359899849 -0.0242749993
v 0.00668503763 0.0379149914 -0.023759
v 0.013168036 0.0361779854 -0.0242240001
v 0.0130990362 0.0359899849 -0.0242749993
v 0.013168036 0.0361779854 -0.0242240001
v 0.0191500336 0.0331689827 -0.0250310004
v 0.0191500336 0.0331689827 -0.0250310004
v 0.013168036 0.0361779854 -0.0242240001
v 0.0192500334 0.0333419815 -0.0249840003
v 0.0191500336 0.0331689827 -0.0250310004
v 0.0192500334 0.0333419815 -0.0249840003
v 0.0246190298 0.0293399766 -0.0260569993
v 0.0246190298 0.0293399766 -0.0260569993
v 0.0192500334 0.0333419815 -0.0249840003
v 0.0247470289 0.0294929761 -0.0260160007
v 0.0246190298 0.0293399766 -0.0260569993
v 0.0247470289 0.0294929761 -0.0260160007
v 0.0293390248 0.0246189702 -0.0273219999
v 0.0293390248 0.0246189702 -0.0273219999
v 0.0247470289 0.0294929761 -0.0260160007
v 0.0294930246 0.0247469693 -0.0272870008
v 0.0293390248 0.0246189702 -0.0273219999
v 0.0294930246 0.0247469693 -0.0272870008
v 0.03316902 0.0191499665 -0.0287870001
v 0.03316902 0.0191499665 -0.0287870001
v 0.0294930246 0.0247469693 -0.0272870008
v 0.0333420187 0.0192499664 -0.0287599992
v 0.03316902 0.0191499665 -0.0287870001
v 0.0333420187 0.0192499664 -0.0287599992
v 0.0359900147 0.0130989635 -0.0304080006
v 0.0359900147 0.0130989635 -0.0304080006
v 0.0333420187 0.0192499664 -0.0287599992
v 0.0361780152 0.0131679634 -0.03039
v 0.0359900147 0.0130989635 -0.0304080006
v 0.0361780152 0.0131679634 -0.03039
v 0.0377180092 0.0066509624 -0.0321360007
v 0.0377180092 0.0066509624 -0.0321360007
v 0.0361780152 0.0131679634 -0.03039
v 0.0379150063 0.00668496219 -0.0321270004
v 0.0377180092 0.0066509624 -0.0321360007
v 0.0379150063 0.00668496219 -0.0321270004
v 0.0383000001 -3.83000014e-08 -0.0339180008
v 0.0383000001 -3.83000014e-08 -0.0339180008
v 0.0379150063 0.00668496219 -0.0321270004
v 0.0384999998 -3.85000014e-08 -0.0339180008
v 0.0383000001 -3.83000014e-08 -0.0339180008
v 0.0384999998 -3.85000014e-08 -0.0339180008
v 0.0379149914 -0.00668503763 -0.0357090011
v 0.0383000001 -3.83000014e-08 -0.0339180008
v 0.0379149914 -0.00668503763 -0.0357090011
v 0.0377179943 -0.00665103784 -0.0357000008
v 0.0377179943 -0.00665103784 -0.0357000008
v 0.0379149914 -0.00668503763 -0.0357090011
v 0.0361779854 -0.013168036 -0.0374459997
v 0.0377179943 -0.00665103784 -0.0357000008
v 0.0361779854 -0.013168036 -0.0374459997
v 0.0359899849 -0.0130990362 -0.0374279991
v 0.0359899849 -0.0130990362 -0.0374279991
v 0.0361779854 -0.013168036 -0.0374459997
v 0.0333419815 -0.0192500334 -0.0390760005
v 0.0359899849 -0.0130990362 -0.0374279991
v 0.0333419815 -0.0192500334 -0.0390760005
v 0.0331689827 -0.0191500336 -0.0390489995
v 0.0331689827 -0.0191500336 -0.0390489995
v 0.0333419815 -0.0192500334 -0.0390760005
v 0.0294929761 -0.0247470289 -0.0405489989
v 0.0331689827 -0.0191500336 -0.0390489995
v 0.0294929761 -0.0247470289 -0.0405489989
v 0.0293389764 -0.0246190298 -0.0405149981
v 0.0293389764 -0.0246190298 -0.0405149981
v 0.0294929761 -0.0247470289 -0.0405489989
v 0.0247469693 -0.0294930246 -0.0418209992
v 0.0293389764 -0.0246190298 -0.0405149981
v 0.0247469693 -0.0294930246 -0.0418209992
v 0.0246189702 -0.029340025 -0.0417799987
v 0.0246189702 -0.029340025 -0.0417799987
v 0.0247469693 -0.0294930246 -0.0418209992
v 0.0192499664 -0.0333420187 -0.0428519994
v 0.0246189702 -0.029340025 -0.0417799987
v 0.0192499664 -0.0333420187 -0.0428519994
v 0.0191499665 -0.03316902 -0.0428059995
v 0.0191499665 -0.03316902 -0.0428059995
v 0.0192499664 -0.0333420187 -0.0428519994
v 0.0131679634 -0.0361780152 -0.0436119996
v 0.0191499665 -0.03316902 -0.0428059995
v 0.0131679634 -0.0361780152 -0.0436119996
v 0.0130989635 -0.0359900147 -0.0435619988
v 0.0130989635 -0.0359900147 -0.0435619988
v 0.0131679634 -0.0361780152 -0.0436119996
v 0.00668496219 -0.0379150063 -0.0440770015
v 3.4844998e-08 0.0348449983 -0.0595550016
v 3.3300001e-08 0.0333000012 -0.059799999
v -0.00627796631 0.0335860066 -0.0597239994
v -0.00627796631 0.0335860066 -0.0597239994
v 3.3300001e-08 0.0333000012 -0.059799999
v -0.00649696728 0.0326600075 -0.059799999
v -0.00627796631 0.0335860066 -0.0597239994
v -0.00649696728 0.0326600075 -0.059799999
v -0.012342968 0.0318610109 -0.0597239994
v -0.012342968 0.0318610109 -0.0597239994
v -0.00649696728 0.0326600075 -0.059799999
v -0.0127429692 0.0307650138 -0.059799999
v -0.012342968 0.0318610109 -0.0597239994
v -0.0127429692 0.0307650138 -0.059799999
v -0.01798697 0.0290500186 -0.0597239994
v -0.01798697 0.0290500186 -0.0597239994
v -0.0127429692 0.0307650138 -0.059799999
v -0.0184999723 0.027688019 -0.059799999
v -0.01798697 0.0290500186 -0.0597239994
v -0.0184999723 0.027688019 -0.059799999
v -0.0230189748 0.0252510216 -0.0597239994
v -0.0230189748 0.0252510216 -0.0597239994
v -0.0184999723 0.027688019 -0.059799999
v -0.0235469751 0.0235470235 -0.059799999
v -0.0230189748 0.0252510216 -0.0597239994
v -0.0235469751 0.0235470235 -0.059799999
v -0.0272669792 0.020591028 -0.0597239994
v -0.0272669792 0.020591028 -0.0597239994
v -0.0235469751 0.0235470235 -0.059799999
v -0.0276879817 0.0185000282 -0.059799999
v -0.0272669792 0.020591028 -0.0597239994
v -0.0276879817 0.0185000282 -0.059799999
v -0.0305859856 0.0152300308 -0.0597239994
v -0.0305859856 0.0152300308 -0.0597239994
v -0.0276879817 0.0185000282 -0.059799999
v -0.0307649877 0.0127430307 -0.059799999
v -0.0305859856 0.0152300308 -0.0597239994
v -0.0307649877 0.0127430307 -0.059799999
v -0.0328639895 0.00935103279 -0.0597239994
v -0.0328639895 0.00935103279 -0.0597239994
v -0.0307649877 0.0127430307 -0.059799999
v -0.0326599926 0.00649703247 -0.059799999
v -0.0328639895 0.00935103279 -0.0597239994
v -0.0326599926 0.00649703247 -0.059799999
v -0.034021996 0.00315303402 -0.0597239994
v -0.034021996 0.00315303402 -0.0597239994
v -0.0326599926 0.00649703247 -0.059799999
v -0.0333000012 3.3300001e-08 -0.059799999
v -0.034021996 0.00315303402 -0.0597239994
v -0.0333000012 3.3300001e-08 -0.059799999
v -0.0340220034 -0.00315296603 -0.0597239994
v -0.0340220034 -0.00315296603 -0.0597239994
v -0.0333000012 3.3300001e-08 -0.059799999
v -0.0326600075 -0.00649696728 -0.059799999
v -0.0340220034 -0.00315296603 -0.0597239994
v -0.0326600075 -0.00649696728 -0.059799999
v -0.0328640118 -0.00935096759 -0.0597239994
v -0.0328640118 -0.00935096759 -0.0597239994
v -0.0326600075 -0.00649696728 -0.059799999
v -0.0307650138 -0.0127429692 -0.059799999
v -0.0328640118 -0.00935096759 -0.0597239994
v -0.0307650138 -0.0127429692 -0.059799999
v -0.0305860154 -0.0152299693 -0.0597239994
v -0.0305860154 -0.0152299693 -0.0597239994
v -0.0307650138 -0.0127429692 -0.059799999
v -0.027688019 -0.0184999723 -0.059799999
v -0.0305860154 -0.0152299693 -0.0597239994
v -0.027688019 -0.0184999723 -0.059799999
v -0.0272670202 -0.0205909722 -0.0597239994
v -0.0272670202 -0.0205909722 -0.0597239994
v -0.027688019 -0.0184999723 -0.059799999
v -0.0235470235 -0.0235469751 -0.059799999
v -0.0272670202 -0.0205909722 -0.0597239994
v -0.0235470235 -0.0235469751 -0.059799999
v -0.023019027 -0.0252509769 -0.0597239994
v -0.023019027 -0.0252509769 -0.0597239994
v -0.0235470235 -0.0235469751 -0.059799999
v -0.0185000282 -0.0276879817 -0.059799999
v -0.023019027 -0.0252509769 -0.0597239994
v -0.0185000282 -0.0276879817 -0.059799999
v -0.0179870296 -0.0290499814 -0.0597239994
v -0.0179870296 -0.0290499814 -0.0597239994
v -0.0185000282 -0.0276879817 -0.059799999
v -0.0127430307 -0.0307649877 -0.059799999
v -0.0179870296 -0.0290499814 -0.0597239994
v -0.0127430307 -0.0307649877 -0.059799999
v -0.0123430314 -0.0318609886 -0.0597239994
v -0.0123430314 -0.0318609886 -0.0597239994
v -0.0127430307 -0.0307649877 -0.059799999
v -0.00649703247 -0.0326599926 -0.059799999
v -0.0123430314 -0.0318609886 -0.0597239994
v -0.00649703247 -0.0326599926 -0.059799999
v -0.00627803337 -0.0335859917 -0.0597239994
v -0.00627803337 -0.0335859917 -0.0597239994
v -0.00649703247 -0.0326599926 -0.059799999
v -3.3300001e-08 -0.0333000012 -0.059799999
v -0.00627803337 -0.0335859917 -0.0597239994
v -3.3300001e-08 -0.0333000012 -0.059799999
v -3.4844998e-08 -0.0348449983 -0.0595550016
v -0.00627803337 -0.0335859917 -0.0597239994
v -3.4844998e-08 -0.0348449983 -0.0595550016
v -0.00657803519 -0.0351899937 -0.0591300018
v -0.00657803519 -0.0351899937 -0.0591300018
v -3.4844998e-08 -0.0348449983 -0.0595550016
v -3.62389976e-08 -0.0362389982 -0.0588449985
v -0.00657803519 -0.0351899937 -0.0591300018
v -3.62389976e-08 -0.0362389982 -0.0588449985
v -0.00682303635 -0.0364979915 -0.0580140017
v -0.00682303635 -0.0364979915 -0.0580140017
v -3.62389976e-08 -0.0362389982 -0.0588449985
v -3.7345e-08 -0.0373449996 -0.0577390008
v -0.00682303635 -0.0364979915 -0.0580140017
v -3.7345e-08 -0.0373449996 -0.0577390008
v -0.00698203733 -0.0373509936 -0.0565100014
v -0.00698203733 -0.0373509936 -0.0565100014
v -3.7345e-08 -0.0373449996 -0.0577390008
v -3.80549992e-08 -0.038054999 -0.0563450009
v -0.00698203733 -0.0373509936 -0.0565100014
v -3.80549992e-08 -0.038054999 -0.0563450009
v -0.00703803776 -0.0376479924 -0.0548
v -0.00703803776 -0.0376479924 -0.0548
v -3.80549992e-08 -0.038054999 -0.0563450009
v -3.83000014e-08 -0.0383000001 -0.0548
v -0.00698203733 -0.0373509936 -0.0565100014
v -0.00703803776 -0.0376479924 -0.0548
v -0.0137270354 -0.0354329869 -0.0565100014
v -0.0137270354 -0.0354329869 -0.0565100014
v -0.00703803776 -0.0376479924 -0.0548
v -0.0138360355 -0.0357139856 -0.0548
v -0.0137270354 -0.0354329869 -0.0565100014
v -0.0138360355 -0.0357139856 -0.0548
v -0.0200040322 -0.0323069803 -0.0565100014
v -0.0200040322 -0.0323069803 -0.0565100014
v -0.0138360355 -0.0357139856 -0.0548
v -0.0201620311 -0.0325629823 -0.0548
v -0.0200040322 -0.0323069803 -0.0565100014
v -0.0201620311 -0.0325629823 -0.0548
v -0.0255990271 -0.0280809738 -0.0565100014
v -0.0255990271 -0.0280809738 -0.0565100014
v -0.0201620311 -0.0325629823 -0.0548
v -0.0258030277 -0.0283039734 -0.0548
v -0.0255990271 -0.0280809738 -0.0565100014
v -0.0258030277 -0.0283039734 -0.0548
v -0.030323023 -0.0228989702 -0.0565100014
v -0.030323023 -0.0228989702 -0.0565100014
v -0.0258030277 -0.0283039734 -0.0548
v -0.0305640232 -0.0230809711 -0.0548
v -0.030323023 -0.0228989702 -0.0565100014
v -0.0305640232 -0.0230809711 -0.0548
v -0.0340150185 -0.0169369671 -0.0565100014
v -0.0340150185 -0.0169369671 -0.0565100014
v -0.0305640232 -0.0230809711 -0.0548
v -0.0342850201 -0.0170719661 -0.0548
v -0.0340150185 -0.0169369671 -0.0565100014
v -0.0342850201 -0.0170719661 -0.0548
v -0.036548011 -0.0103989635 -0.0565100014
v -0.036548011 -0.0103989635 -0.0565100014
v -0.0342850201 -0.0170719661 -0.0548
v -0.03683801 -0.0104809627 -0.0548
v -0.036548011 -0.0103989635 -0.0565100014
v -0.03683801 -0.0104809627 -0.0548
v -0.037836004 -0.00350596197 -0.0565100014
v -0.037836004 -0.00350596197 -0.0565100014
v -0.03683801 -0.0104809627 -0.0548
v -0.0381370038 -0.00353396172 -0.0548
v -0.037836004 -0.00350596197 -0.0565100014
v -0.0381370038 -0.00353396172 -0.0548
v -0.0378359966 0.00350603787 -0.0565100014
v -0.0378359966 0.00350603787 -0.0565100014
v -0.0381370038 -0.00353396172 -0.0548
v -0.0381369963 0.00353403809 -0.0548
v -0.0378359966 0.00350603787 -0.0565100014
v -0.0381369963 0.00353403809 -0.0548
v -0.0365479887 0.0103990361 -0.0565100014
v -0.0365479887 0.0103990361 -0.0565100014
v -0.0381369963 0.00353403809 -0.0548
v -0.0368379876 0.0104810372 -0.0548
v -0.0365479887 0.0103990361 -0.0565100014
v -0.0368379876 0.0104810372 -0.0548
v -0.0340149812 0.0169370342 -0.0565100014
v -0.0340149812 0.0169370342 -0.0565100014
v -0.0368379876 0.0104810372 -0.0548
v -0.0342849828 0.0170720331 -0.0548
v -0.0340149812 0.0169370342 -0.0565100014
v -0.0342849828 0.0170720331 -0.0548
v -0.0303229783 0.0228990298 -0.0565100014
v -0.0303229783 0.0228990298 -0.0565100014
v -0.0342849828 0.0170720331 -0.0548
v -0.0305639785 0.0230810307 -0.0548
v -0.0303229783 0.0228990298 -0.0565100014
v -0.0305639785 0.0230810307 -0.0548
v -0.0255989712 0.0280810259 -0.0565100014
v -0.0255989712 0.0280810259 -0.0565100014
v -0.0305639785 0.0230810307 -0.0548
v -0.0258029718 0.0283040255 -0.0548
v -0.0255989712 0.0280810259 -0.0565100014
v -0.0258029718 0.0283040255 -0.0548
v -0.0200039688 0.0323070176 -0.0565100014
v -0.0200039688 0.0323070176 -0.0565100014
v -0.0258029718 0.0283040255 -0.0548
v -0.0201619677 0.0325630195 -0.0548
v -0.0200039688 0.0323070176 -0.0565100014
v -0.0201619677 0.0325630195 -0.0548
v -0.0137269646 0.0354330167 -0.0565100014
v -0.0137269646 0.0354330167 -0.0565100014
v -0.0201619677 0.0325630195 -0.0548
v -0.0138359647 0.0357140154 -0.0548
v -0.0137269646 0.0354330167 -0.0565100014
v -0.0138359647 0.0357140154 -0.0548
v -0.00698196283 0.0373510085 -0.0565100014
v -0.00698196283 0.0373510085 -0.0565100014
v -0.0138359647 0.0357140154 -0.0548
v -0.00703796232 0.0376480073 -0.0548
v -0.00698196283 0.0373510085 -0.0565100014
v -0.00703796232 0.0376480073 -0.0548
v 3.80549992e-08 0.038054999 -0.0563450009
v 3.80549992e-08 0.038054999 -0.0563450009
v -0.00703796232 0.0376480073 -0.0548
v 3.83000014e-08 0.0383000001 -0.0548
v 3.80549992e-08 0.038054999 -0.0563450009
v 3.7345e-08 0.0373449996 -0.0577390008
v -0.00698196283 0.0373510085 -0.0565100014
v -0.00698196283 0.0373510085 -0.0565100014
v 3.7345e-08 0.0373449996 -0.0577390008
v -0.00682296371 0.0364980064 -0.0580140017
v -0.00698196283 0.0373510085 -0.0565100014
v -0.00682296371 0.0364980064 -0.0580140017
v -0.0137269646 0.0354330167 -0.0565100014
v -0.0137269646 0.0354330167 -0.0565100014
v -0.00682296371 0.0364980064 -0.0580140017
v -0.0134129655 0.0346230157 -0.0580140017
v -0.0137269646 0.0354330167 -0.0565100014
v -0.0134129655 0.0346230157 -0.0580140017
v -0.0200039688 0.0323070176 -0.0565100014
v -0.0200039688 0.0323070176 -0.0565100014
v -0.0134129655 0.0346230157 -0.0580140017
v -0.0195469689 0.031569019 -0.0580140017
v -0.0200039688 0.0323070176 -0.0565100014
v -0.0195469689 0.031569019 -0.0580140017
v -0.0255989712 0.0280810259 -0.0565100014
v -0.0255989712 0.0280810259 -0.0565100014
v -0.0195469689 0.031569019 -0.0580140017
v -0.0250139721 0.0274400245 -0.0580140017
v -0.0255989712 0.0280810259 -0.0565100014
v -0.0250139721 0.0274400245 -0.0580140017
v -0.0303229783 0.0228990298 -0.0565100014
v -0.0303229783 0.0228990298 -0.0565100014
v -0.0250139721 0.0274400245 -0.0580140017
v -0.0296309777 0.0223760307 -0.0580140017
v -0.0303229783 0.0228990298 -0.0565100014
v -0.0296309777 0.0223760307 -0.0580140017
v -0.0340149812 0.0169370342 -0.0565100014
v -0.0340149812 0.0169370342 -0.0565100014
v -0.0296309777 0.0223760307 -0.0580140017
v -0.0332379863 0.0165500343 -0.0580140017
v -0.0340149812 0.0169370342 -0.0565100014
v -0.0332379863 0.0165500343 -0.0580140017
v -0.0365479887 0.0103990361 -0.0565100014
v -0.0365479887 0.0103990361 -0.0565100014
v -0.0332379863 0.0165500343 -0.0580140017
v -0.0357129872 0.0101610357 -0.0580140017
v -0.0365479887 0.0103990361 -0.0565100014
v -0.0357129872 0.0101610357 -0.0580140017
v -0.0378359966 0.00350603787 -0.0565100014
v -0.0378359966 0.00350603787 -0.0565100014
v -0.0357129872 0.0101610357 -0.0580140017
v -0.0369719975 0.00342603703 -0.0580140017
v -0.0378359966 0.00350603787 -0.0565100014
v -0.0369719975 0.00342603703 -0.0580140017
v -0.037836004 -0.00350596197 -0.0565100014
v -0.037836004 -0.00350596197 -0.0565100014
v -0.0369719975 0.00342603703 -0.0580140017
v -0.0369720049 -0.00342596299 -0.0580140017
v -0.037836004 -0.00350596197 -0.0565100014
v -0.0369720049 -0.00342596299 -0.0580140017
v -0.036548011 -0.0103989635 -0.0565100014
v -0.036548011 -0.0103989635 -0.0565100014
v -0.0369720049 -0.00342596299 -0.0580140017
v -0.0357130095 -0.0101609649 -0.0580140017
v -0.036548011 -0.0103989635 -0.0565100014
v -0.0357130095 -0.0101609649 -0.0580140017
v -0.0340150185 -0.0169369671 -0.0565100014
v -0.0340150185 -0.0169369671 -0.0565100014
v -0.0357130095 -0.0101609649 -0.0580140017
v -0.0332380161 -0.0165499672 -0.0580140017
v -0.0340150185 -0.0169369671 -0.0565100014
v -0.0332380161 -0.0165499672 -0.0580140017
v -0.030323023 -0.0228989702 -0.0565100014
v -0.030323023 -0.0228989702 -0.0565100014
v -0.0332380161 -0.0165499672 -0.0580140017
v -0.0296310224 -0.0223759711 -0.0580140017
v -0.030323023 -0.0228989702 -0.0565100014
v -0.0296310224 -0.0223759711 -0.0580140017
v -0.0255990271 -0.0280809738 -0.0565100014
v -0.0255990271 -0.0280809738 -0.0565100014
v -0.0296310224 -0.0223759711 -0.0580140017
v -0.025014028 -0.0274399761 -0.0580140017
v -0.0255990271 -0.0280809738 -0.0565100014
v -0.025014028 -0.0274399761 -0.0580140017
v -0.0200040322 -0.0323069803 -0.0565100014
v -0.0200040322 -0.0323069803 -0.0565100014
v -0.025014028 -0.0274399761 -0.0580140017
v -0.0195470322 -0.0315689817 -0.0580140017
v -0.0200040322 -0.0323069803 -0.0565100014
v -0.0195470322 -0.0315689817 -0.0580140017
v -0.0137270354 -0.0354329869 -0.0565100014
v -0.0137270354 -0.0354329869 -0.0565100014
v -0.0195470322 -0.0315689817 -0.0580140017
v -0.0134130344 -0.0346229859 -0.0580140017
v -0.0137270354 -0.0354329869 -0.0565100014
v -0.0134130344 -0.0346229859 -0.0580140017
v -0.00698203733 -0.0373509936 -0.0565100014
v -0.00698203733 -0.0373509936 -0.0565100014
v -0.0134130344 -0.0346229859 -0.0580140017
v -0.00682303635 -0.0364979915 -0.0580140017
v 3.7345e-08 0.0373449996 -0.0577390008
v 3.62389976e-08 0.0362389982 -0.0588449985
v -0.00682296371 0.0364980064 -0.0580140017
v -0.00682296371 0.0364980064 -0.0580140017
v 3.62389976e-08 0.0362389982 -0.0588449985
v -0.00657796441 0.0351900086 -0.0591300018
v -0.00682296371 0.0364980064 -0.0580140017
v -0.00657796441 0.0351900086 -0.0591300018
v -0.0134129655 0.0346230157 -0.0580140017
v -0.0134129655 0.0346230157 -0.0580140017
v -0.00657796441 0.0351900086 -0.0591300018
v -0.0129319662 0.0333830118 -0.0591300018
v -0.0134129655 0.0346230157 -0.0580140017
v -0.0129319662 0.0333830118 -0.0591300018
v -0.0195469689 0.031569019 -0.0580140017
v -0.0195469689 0.031569019 -0.0580140017
v -0.0129319662 0.0333830118 -0.0591300018
v -0.0188459698 0.030438019 -0.0591300018
v -0.0195469689 0.031569019 -0.0580140017
v -0.0188459698 0.030438019 -0.0591300018
v -0.0250139721 0.0274400245 -0.0580140017
v -0.0250139721 0.0274400245 -0.0580140017
v -0.0188459698 0.030438019 -0.0591300018
v -0.0241179746 0.0264570247 -0.0591300018
v -0.0250139721 0.0274400245 -0.0580140017
v -0.0241179746 0.0264570247 -0.0591300018
v -0.0296309777 0.0223760307 -0.0580140017
v -0.0296309777 0.0223760307 -0.0580140017
v -0.0241179746 0.0264570247 -0.0591300018
v -0.0285689775 0.0215740278 -0.0591300018
v -0.0296309777 0.0223760307 -0.0580140017
v -0.0285689775 0.0215740278 -0.0591300018
v -0.0332379863 0.0165500343 -0.0580140017
v -0.0332379863 0.0165500343 -0.0580140017
v -0.0285689775 0.0215740278 -0.0591300018
v -0.0320469849 0.0159570314 -0.0591300018
v -0.0332379863 0.0165500343 -0.0580140017
v -0.0320469849 0.0159570314 -0.0591300018
v -0.0357129872 0.0101610357 -0.0580140017
v -0.0357129872 0.0101610357 -0.0580140017
v -0.0320469849 0.0159570314 -0.0591300018
v -0.0344329886 0.00979703479 -0.0591300018
v -0.0357129872 0.0101610357 -0.0580140017
v -0.0344329886 0.00979703479 -0.0591300018
v -0.0369719975 0.00342603703 -0.0580140017
v -0.0369719975 0.00342603703 -0.0580140017
v -0.0344329886 0.00979703479 -0.0591300018
v -0.0356469974 0.00330303563 -0.0591300018
v -0.0369719975 0.00342603703 -0.0580140017
v -0.0356469974 0.00330303563 -0.0591300018
v -0.0369720049 -0.00342596299 -0.0580140017
v -0.0369720049 -0.00342596299 -0.0580140017
v -0.0356469974 0.00330303563 -0.0591300018
v -0.0356470048 -0.00330296438 -0.0591300018
v -0.0369720049 -0.00342596299 -0.0580140017
v -0.0356470048 -0.00330296438 -0.0591300018
v -0.0357130095 -0.0101609649 -0.0580140017
v -0.0357130095 -0.0101609649 -0.0580140017
v -0.0356470048 -0.00330296438 -0.0591300018
v -0.034433011 -0.00979696587 -0.0591300018
v -0.0357130095 -0.0101609649 -0.0580140017
v -0.034433011 -0.00979696587 -0.0591300018
v -0.0332380161 -0.0165499672 -0.0580140017
v -0.0332380161 -0.0165499672 -0.0580140017
v -0.034433011 -0.00979696587 -0.0591300018
v -0.0320470147 -0.0159569681 -0.0591300018
v -0.0332380161 -0.0165499672 -0.0580140017
v -0.0320470147 -0.0159569681 -0.0591300018
v -0.0296310224 -0.0223759711 -0.0580140017
v -0.0296310224 -0.0223759711 -0.0580140017
v -0.0320470147 -0.0159569681 -0.0591300018
v -0.0285690222 -0.021573972 -0.0591300018
v -0.0296310224 -0.0223759711 -0.0580140017
v -0.0285690222 -0.021573972 -0.0591300018
v -0.025014028 -0.0274399761 -0.0580140017
v -0.025014028 -0.0274399761 -0.0580140017
v -0.0285690222 -0.021573972 -0.0591300018
v -0.0241180267 -0.0264569763 -0.0591300018
v -0.025014028 -0.0274399761 -0.0580140017
v -0.0241180267 -0.0264569763 -0.0591300018
v -0.0195470322 -0.0315689817 -0.0580140017
v -0.0195470322 -0.0315689817 -0.0580140017
v -0.0241180267 -0.0264569763 -0.0591300018
v -0.0188460294 -0.0304379817 -0.0591300018
v -0.0195470322 -0.0315689817 -0.0580140017
v -0.0188460294 -0.0304379817 -0.0591300018
v -0.0134130344 -0.0346229859 -0.0580140017
v -0.0134130344 -0.0346229859 -0.0580140017
v -0.0188460294 -0.0304379817 -0.0591300018
v -0.0129320333 -0.0333829895 -0.0591300018
v -0.0134130344 -0.0346229859 -0.0580140017
v -0.0129320333 -0.0333829895 -0.0591300018
v -0.00682303635 -0.0364979915 -0.0580140017
v -0.00682303635 -0.0364979915 -0.0580140017
v -0.0129320333 -0.0333829895 -0.0591300018
v -0.00657803519 -0.0351899937 -0.0591300018
v 3.62389976e-08 0.0362389982 -0.0588449985
v 3.4844998e-08 0.0348449983 -0.0595550016
v -0.00657796441 0.0351900086 -0.0591300018
v -0.00657796441 0.0351900086 -0.0591300018
v 3.4844998e-08 0.0348449983 -0.0595550016
v -0.00627796631 0.0335860066 -0.0597239994
v -0.00657796441 0.0351900086 -0.0591300018
v -0.00627796631 0.0335860066 -0.0597239994
v -0.0129319662 0.0333830118 -0.0591300018
v -0.0129319662 0.0333830118 -0.0591300018
v -0.00627796631 0.0335860066 -0.0597239994
v -0.012342968 0.0318610109 -0.0597239994
v -0.0129319662 0.0333830118 -0.0591300018
v -0.012342968 0.0318610109 -0.0597239994
v -0.0188459698 0.030438019 -0.0591300018
v -0.0188459698 0.030438019 -0.0591300018
v -0.012342968 0.0318610109 -0.0597239994
v -0.01798697 0.0290500186 -0.0597239994
v -0.0188459698 0.030438019 -0.0591300018
v -0.01798697 0.0290500186 -0.0597239994
v -0.0241179746 0.0264570247 -0.0591300018
v -0.0241179746 0.0264570247 -0.0591300018
v -0.01798697 0.0290500186 -0.0597239994
v -0.0230189748 0.0252510216 -0.0597239994
v -0.0241179746 0.0264570247 -0.0591300018
v -0.0230189748 0.0252510216 -0.0597239994
v -0.0285689775 0.0215740278 -0.0591300018
v -0.0285689775 0.0215740278 -0.0591300018
v -0.0230189748 0.0252510216 -0.0597239994
v -0.0272669792 0.020591028 -0.0597239994
v -0.0285689775 0.0215740278 -0.0591300018
v -0.0272669792 0.020591028 -0.0597239994
v -0.0320469849 0.0159570314 -0.0591300018
v -0.0320469849 0.0159570314 -0.0591300018
v -0.0272669792 0.020591028 -0.0597239994
v -0.0305859856 0.0152300308 -0.0597239994
v -0.0320469849 0.0159570314 -0.0591300018
v -0.0305859856 0.0152300308 -0.0597239994
v -0.0344329886 0.00979703479 -0.0591300018
v -0.0344329886 0.00979703479 -0.0591300018
v -0.0305859856 0.0152300308 -0.0597239994
v -0.0328639895 0.00935103279 -0.0597239994
v -0.0344329886 0.00979703479 -0.0591300018
v -0.0328639895 0.00935103279 -0.0597239994
v -0.0356469974 0.00330303563 -0.0591300018
v -0.0356469974 0.00330303563 -0.0591300018
v -0.0328639895 0.00935103279 -0.0597239994
v -0.034021996 0.00315303402 -0.0597239994
v -0.0356469974 0.00330303563 -0.0591300018
v -0.034021996 0.00315303402 -0.0597239994
v -0.0356470048 -0.00330296438 -0.0591300018
v -0.0356470048 -0.00330296438 -0.0591300018
v -0.034021996 0.00315303402 -0.0597239994
v -0.0340220034 -0.00315296603 -0.0597239994
v -0.0356470048 -0.00330296438 -0.0591300018
v -0.0340220034 -0.00315296603 -0.0597239994
v -0.034433011 -0.00979696587 -0.0591300018
v -0.034433011 -0.00979696587 -0.0591300018
v -0.0340220034 -0.00315296603 -0.0597239994
v -0.0328640118 -0.00935096759 -0.0597239994
v -0.034433011 -0.00979696587 -0.0591300018
v -0.0328640118 -0.00935096759 -0.0597239994
v -0.0320470147 -0.0159569681 -0.0591300018
v -0.0320470147 -0.0159569681 -0.0591300018
v -0.0328640118 -0.00935096759 -0.0597239994
v -0.0305860154 -0.0152299693 -0.0597239994
v -0.0320470147 -0.0159569681 -0.0591300018
v -0.0305860154 -0.0152299693 -0.0597239994
v -0.0285690222 -0.021573972 -0.0591300018
v -0.0285690222 -0.021573972 -0.0591300018
v -0.0305860154 -0.0152299693 -0.0597239994
v -0.0272670202 -0.0205909722 -0.0597239994
v -0.0285690222 -0.021573972 -0.0591300018
v -0.0272670202 -0.0205909722 -0.0597239994
v -0.0241180267 -0.0264569763 -0.0591300018
v -0.0241180267 -0.0264569763 -0.0591300018
v -0.0272670202 -0.0205909722 -0.0597239994
v -0.023019027 -0.0252509769 -0.0597239994
v -0.0241180267 -0.0264569763 -0.0591300018
v -0.023019027 -0.0252509769 -0.0597239994
v -0.0188460294 -0.0304379817 -0.0591300018
v -0.0188460294 -0.0304379817 -0.0591300018
v -0.023019027 -0.0252509769 -0.0597239994
v -0.0179870296 -0.0290499814 -0.0597239994
v -0.0188460294 -0.0304379817 -0.0591300018
v -0.0179870296 -0.0290499814 -0.0597239994
v -0.0129320333 -0.0333829895 -0.0591300018
v -0.0129320333 -0.0333829895 -0.0591300018
v -0.0179870296 -0.0290499814 -0.0597239994
v -0.0123430314 -0.0318609886 -0.0597239994
v -0.0129320333 -0.0333829895 -0.0591300018
v -0.0123430314 -0.0318609886 -0.0597239994
v -0.00657803519 -0.0351899937 -0.0591300018
v -0.00657803519 -0.0351899937 -0.0591300018
v -0.0123430314 -0.0318609886 -0.0597239994
v -0.00627803337 -0.0335859917 -0.0597239994
v -3.83000014e-08 -0.0383000001 -0.0441810004
v -0.00665103784 -0.0377179943 -0.0440250002
v -3.83000014e-08 -0.0383000001 -0.0548
v -3.83000014e-08 -0.0383000001 -0.0548
v -0.00665103784 -0.0377179943 -0.0440250002
v -0.00703803776 -0.0376479924 -0.0548
v -0.00703803776 -0.0376479924 -0.0548
v -0.00665103784 -0.0377179943 -0.0440250002
v -0.0130990362 -0.0359899849 -0.0435619988
v -0.00703803776 -0.0376479924 -0.0548
v -0.0130990362 -0.0359899849 -0.0435619988
v -0.0138360355 -0.0357139856 -0.0548
v -0.0138360355 -0.0357139856 -0.0548
v -0.0130990362 -0.0359899849 -0.0435619988
v -0.0191500336 -0.0331689827 -0.0428059995
v -0.0138360355 -0.0357139856 -0.0548
v -0.0191500336 -0.0331689827 -0.0428059995
v -0.0201620311 -0.0325629823 -0.0548
v -0.0201620311 -0.0325629823 -0.0548
v -0.0191500336 -0.0331689827 -0.0428059995
v -0.0246190298 -0.0293399766 -0.0417799987
v -0.0201620311 -0.0325629823 -0.0548
v -0.0246190298 -0.0293399766 -0.0417799987
v -0.0258030277 -0.0283039734 -0.0548
v -0.0258030277 -0.0283039734 -0.0548
v -0.0246190298 -0.0293399766 -0.0417799987
v -0.0293390248 -0.0246189702 -0.0405149981
v -0.0258030277 -0.0283039734 -0.0548
v -0.0293390248 -0.0246189702 -0.0405149981
v -0.0305640232 -0.0230809711 -0.0548
v -0.0305640232 -0.0230809711 -0.0548
v -0.0293390248 -0.0246189702 -0.0405149981
v -0.03316902 -0.0191499665 -0.0390489995
v -0.0305640232 -0.0230809711 -0.0548
v -0.03316902 -0.0191499665 -0.0390489995
v -0.0342850201 -0.0170719661 -0.0548
v -0.0342850201 -0.0170719661 -0.0548
v -0.03316902 -0.0191499665 -0.0390489995
v -0.0359900147 -0.0130989635 -0.0374279991
v -0.0342850201 -0.0170719661 -0.0548
v -0.0359900147 -0.0130989635 -0.0374279991
v -0.03683801 -0.0104809627 -0.0548
v -0.03683801 -0.0104809627 -0.0548
v -0.0359900147 -0.0130989635 -0.0374279991
v -0.0377180092 -0.0066509624 -0.0357000008
v -0.03683801 -0.0104809627 -0.0548
v -0.0377180092 -0.0066509624 -0.0357000008
v -0.0381370038 -0.00353396172 -0.0548
v -0.0381370038 -0.00353396172 -0.0548
v -0.0377180092 -0.0066509624 -0.0357000008
v -0.0383000001 3.83000014e-08 -0.0339180008
v -0.0381370038 -0.00353396172 -0.0548
v -0.0383000001 3.83000014e-08 -0.0339180008
v -0.0381369963 0.00353403809 -0.0548
v -0.0381369963 0.00353403809 -0.0548
v -0.0383000001 3.83000014e-08 -0.0339180008
v -0.0377179943 0.00665103784 -0.0321360007
v -0.0381369963 0.00353403809 -0.0548
v -0.0377179943 0.00665103784 -0.0321360007
v -0.0368379876 0.0104810372 -0.0548
v -0.0368379876 0.0104810372 -0.0548
v -0.0377179943 0.00665103784 -0.0321360007
v -0.0359899849 0.0130990362 -0.0304080006
v -0.0368379876 0.0104810372 -0.0548
v -0.0359899849 0.0130990362 -0.0304080006
v -0.0342849828 0.0170720331 -0.0548
v -0.0342849828 0.0170720331 -0.0548
v -0.0359899849 0.0130990362 -0.0304080006
v -0.0331689827 0.0191500336 -0.0287870001
v -0.0342849828 0.0170720331 -0.0548
v -0.0331689827 0.0191500336 -0.0287870001
v -0.0305639785 0.0230810307 -0.0548
v -0.0305639785 0.0230810307 -0.0548
v -0.0331689827 0.0191500336 -0.0287870001
v -0.0293389764 0.0246190298 -0.0273219999
v -0.0305639785 0.0230810307 -0.0548
v -0.0293389764 0.0246190298 -0.0273219999
v -0.0258029718 0.0283040255 -0.0548
v -0.0258029718 0.0283040255 -0.0548
v -0.0293389764 0.0246190298 -0.0273219999
v -0.0246189702 0.029340025 -0.0260569993
v -0.0258029718 0.0283040255 -0.0548
v -0.0246189702 0.029340025 -0.0260569993
v -0.0201619677 0.0325630195 -0.0548
v -0.0201619677 0.0325630195 -0.0548
v -0.0246189702 0.029340025 -0.0260569993
v -0.0191499665 0.03316902 -0.0250310004
v -0.0201619677 0.0325630195 -0.0548
v -0.0191499665 0.03316902 -0.0250310004
v -0.0138359647 0.0357140154 -0.0548
v -0.0138359647 0.0357140154 -0.0548
v -0.0191499665 0.03316902 -0.0250310004
v -0.0130989635 0.0359900147 -0.0242749993
v -0.0138359647 0.0357140154 -0.0548
v -0.0130989635 0.0359900147 -0.0242749993
v -0.00703796232 0.0376480073 -0.0548
v -0.00703796232 0.0376480073 -0.0548
v -0.0130989635 0.0359900147 -0.0242749993
v -0.0066509624 0.0377180092 -0.0238119997
v -0.00703796232 0.0376480073 -0.0548
v -0.0066509624 0.0377180092 -0.0238119997
v 3.83000014e-08 0.0383000001 -0.0548
v 3.83000014e-08 0.0383000001 -0.0548
v -0.0066509624 0.0377180092 -0.0238119997
v 3.83000014e-08 0.0383000001 -0.0236559995
v 3.55000012e-08 0.0355000012 0.054299999
v -0.00652296515 0.0348960087 0.054299999
v 3.55000012e-08 0.0355000012 0.0604999997
v 3.55000012e-08 0.0355000012 0.0604999997
v -0.00652296515 0.0348960087 0.054299999
v -0.00652296515 0.0348960087 0.0604999997
v -0.00652296515 0.0348960087 0.0604999997
v -0.00652296515 0.0348960087 0.054299999
v -0.0128239663 0.0331030115 0.054299999
v -0.00652296515 0.0348960087 0.0604999997
v -0.0128239663 0.0331030115 0.054299999
v -0.0128239663 0.0331030115 0.0604999997
v -0.0128239663 0.0331030115 0.0604999997
v -0.0128239663 0.0331030115 0.054299999
v -0.0186879709 0.0301830191 0.054299999
v -0.0128239663 0.0331030115 0.0604999997
v -0.0186879709 0.0301830191 0.054299999
v -0.0186879709 0.0301830191 0.0604999997
v -0.0186879709 0.0301830191 0.0604999997
v -0.0186879709 0.0301830191 0.054299999
v -0.0239159744 0.0262350235 0.054299999
v -0.0186879709 0.0301830191 0.0604999997
v -0.0239159744 0.0262350235 0.054299999
v -0.0239159744 0.0262350235 0.0604999997
v -0.0239159744 0.0262350235 0.0604999997
v -0.0239159744 0.0262350235 0.054299999
v -0.0283299796 0.0213940274 0.054299999
v -0.0239159744 0.0262350235 0.0604999997
v -0.0283299796 0.0213940274 0.054299999
v -0.0283299796 0.0213940274 0.0604999997
v -0.0283299796 0.0213940274 0.0604999997
v -0.0283299796 0.0213940274 0.054299999
v -0.0317779854 0.0158240311 0.054299999
v -0.0283299796 0.0213940274 0.0604999997
v -0.0317779854 0.0158240311 0.054299999
v -0.0317779854 0.0158240311 0.0604999997
v -0.0317779854 0.0158240311 0.0604999997
v -0.0317779854 0.0158240311 0.054299999
v -0.0341449901 0.00971503463 0.054299999
v -0.0317779854 0.0158240311 0.0604999997
v -0.0341449901 0.00971503463 0.054299999
v -0.0341449901 0.00971503463 0.0604999997
v -0.0341449901 0.00971503463 0.0604999997
v -0.0341449901 0.00971503463 0.054299999
v -0.0353489965 0.00327603542 0.054299999
v -0.0341449901 0.00971503463 0.0604999997
v -0.0353489965 0.00327603542 0.054299999
v -0.0353489965 0.00327603542 0.0604999997
v -0.0353489965 0.00327603542 0.0604999997
v -0.0353489965 0.00327603542 0.054299999
v -0.035349004 -0.00327596464 0.054299999
v -0.0353489965 0.00327603542 0.0604999997
v -0.035349004 -0.00327596464 0.054299999
v -0.035349004 -0.00327596464 0.0604999997
v -0.035349004 -0.00327596464 0.0604999997
v -0.035349004 -0.00327596464 0.054299999
v -0.0341450125 -0.00971496571 0.054299999
v -0.035349004 -0.00327596464 0.0604999997
v -0.0341450125 -0.00971496571 0.054299999
v -0.0341450125 -0.00971496571 0.0604999997
v -0.0341450125 -0.00971496571 0.0604999997
v -0.0341450125 -0.00971496571 0.054299999
v -0.0317780152 -0.0158239678 0.054299999
v -0.0341450125 -0.00971496571 0.0604999997
v -0.0317780152 -0.0158239678 0.054299999
v -0.0317780152 -0.0158239678 0.0604999997
v -0.0317780152 -0.0158239678 0.0604999997
v -0.0317780152 -0.0158239678 0.054299999
v -0.0283300206 -0.0213939715 0.054299999
v -0.0317780152 -0.0158239678 0.0604999997
v -0.0283300206 -0.0213939715 0.054299999
v -0.0283300206 -0.0213939715 0.0604999997
v -0.0283300206 -0.0213939715 0.0604999997
v -0.0283300206 -0.0213939715 0.054299999
v -0.0239160266 -0.0262349751 0.054299999
v -0.0283300206 -0.0213939715 0.0604999997
v -0.0239160266 -0.0262349751 0.054299999
v -0.0239160266 -0.0262349751 0.0604999997
v -0.0239160266 -0.0262349751 0.0604999997
v -0.0239160266 -0.0262349751 0.054299999
v -0.0186880305 -0.0301829819 0.054299999
v -0.0239160266 -0.0262349751 0.0604999997
v -0.0186880305 -0.0301829819 0.054299999
v -0.0186880305 -0.0301829819 0.0604999997
v -0.0186880305 -0.0301829819 0.0604999997
v -0.0186880305 -0.0301829819 0.054299999
v -0.0128240334 -0.0331029892 0.054299999
v -0.0186880305 -0.0301829819 0.0604999997
v -0.0128240334 -0.0331029892 0.054299999
v -0.0128240334 -0.0331029892 0.0604999997
v -0.0128240334 -0.0331029892 0.0604999997
v -0.0128240334 -0.0331029892 0.054299999
v -0.006523035 -0.0348959938 0.054299999
v -0.0128240334 -0.0331029892 0.0604999997
v -0.006523035 -0.0348959938 0.054299999
v -0.006523035 -0.0348959938 0.0604999997
v -0.006523035 -0.0348959938 0.0604999997
v -0.006523035 -0.0348959938 0.054299999
v -3.55000012e-08 -0.0355000012 0.0604999997
v -3.55000012e-08 -0.0355000012 0.0604999997
v -0.006523035 -0.0348959938 0.054299999
v -3.55000012e-08 -0.0355000012 0.054299999
v 3.83000014e-08 0.0383000001 0.054299999
v 3.83000014e-08 0.0383000001 0.0493000001
v -0.00703796232 0.0376480073 0.054299999
v -0.00703796232 0.0376480073 0.054299999
v 3.83000014e-08 0.0383000001 0.0493000001
v -0.00703796232 0.0376480073 0.0493000001
v -0.00703796232 0.0376480073 0.054299999
v -0.00703796232 0.0376480073 0.0493000001
v -0.0138359647 0.0357140154 0.054299999
v -0.0138359647 0.0357140154 0.054299999
v -0.00703796232 0.0376480073 0.0493000001
v -0.0138359647 0.0357140154 0.0493000001
v -0.0138359647 0.0357140154 0.054299999
v -0.0138359647 0.0357140154 0.0493000001
v -0.0201619677 0.0325630195 0.054299999
v -0.0201619677 0.0325630195 0.054299999
v -0.0138359647 0.0357140154 0.0493000001
v -0.0201619677 0.0325630195 0.0493000001
v -0.0201619677 0.0325630195 0.054299999
v -0.0201619677 0.0325630195 0.0493000001
v -0.0258029718 0.0283040255 0.054299999
v -0.0258029718 0.0283040255 0.054299999
v -0.0201619677 0.0325630195 0.0493000001
v -0.0258029718 0.0283040255 0.0493000001
v -0.0258029718 0.0283040255 0.054299999
v -0.0258029718 0.0283040255 0.0493000001
v -0.0305639785 0.0230810307 0.054299999
v -0.0305639785 0.0230810307 0.054299999
v -0.0258029718 0.0283040255 0.0493000001
v -0.0305639785 0.0230810307 0.0493000001
v -0.0305639785 0.0230810307 0.054299999
v -0.0305639785 0.0230810307 0.0493000001
v -0.0342849828 0.0170720331 0.054299999
v -0.0342849828 0.0170720331 0.054299999
v -0.0305639785 0.0230810307 0.0493000001
v -0.0342849828 0.0170720331 0.0493000001
v -0.0342849828 0.0170720331 0.054299999
v -0.0342849828 0.0170720331 0.0493000001
v -0.0368379876 0.0104810372 0.054299999
v -0.0368379876 0.0104810372 0.054299999
v -0.0342849828 0.0170720331 0.0493000001
v -0.0368379876 0.0104810372 0.0493000001
v -0.0368379876 0.0104810372 0.054299999
v -0.0368379876 0.0104810372 0.0493000001
v -0.0381369963 0.00353403809 0.054299999
v -0.0381369963 0.00353403809 0.054299999
v -0.0368379876 0.0104810372 0.0493000001
v -0.0381369963 0.00353403809 0.0493000001
v -0.0381369963 0.00353403809 0.054299999
v -0.0381369963 0.00353403809 0.0493000001
v -0.0381370038 -0.00353396172 0.054299999
v -0.0381370038 -0.00353396172 0.054299999
v -0.0381369963 0.00353403809 0.0493000001
v -0.0381370038 -0.00353396172 0.0493000001
v -0.0381370038 -0.00353396172 0.054299999
v -0.0381370038 -0.00353396172 0.0493000001
v -0.03683801 -0.0104809627 0.054299999
v -0.03683801 -0.0104809627 0.054299999
v -0.0381370038 -0.00353396172 0.0493000001
v -0.03683801 -0.0104809627 0.0493000001
v -0.03683801 -0.0104809627 0.054299999
v -0.03683801 -0.0104809627 0.0493000001
v -0.0342850201 -0.0170719661 0.054299999
v -0.0342850201 -0.0170719661 0.054299999
v -0.03683801 -0.0104809627 0.0493000001
v -0.0342850201 -0.0170719661 0.0493000001
v -0.0342850201 -0.0170719661 0.054299999
v -0.0342850201 -0.0170719661 0.0493000001
v -0.0305640232 -0.0230809711 0.054299999
v -0.0305640232 -0.0230809711 0.054299999
v -0.0342850201 -0.0170719661 0.0493000001
v -0.0305640232 -0.0230809711 0.0493000001
v -0.0305640232 -0.0230809711 0.054299999
v -0.0305640232 -0.0230809711 0.0493000001
v -0.0258030277 -0.0283039734 0.054299999
v -0.0258030277 -0.0283039734 0.054299999
v -0.0305640232 -0.0230809711 0.0493000001
v -0.0258030277 -0.0283039734 0.0493000001
v -0.0258030277 -0.0283039734 0.054299999
v -0.0258030277 -0.0283039734 0.0493000001
v -0.0201620311 -0.0325629823 0.054299999
v -0.0201620311 -0.0325629823 0.054299999
v -0.0258030277 -0.0283039734 0.0493000001
v -0.0201620311 -0.0325629823 0.0493000001
v -0.0201620311 -0.0325629823 0.054299999
v -0.0201620311 -0.0325629823 0.0493000001
v -0.0138360355 -0.0357139856 0.054299999
v -0.0138360355 -0.0357139856 0.054299999
v -0.0201620311 -0.0325629823 0.0493000001
v -0.0138360355 -0.0357139856 0.0493000001
v -0.0138360355 -0.0357139856 0.054299999
v -0.0138360355 -0.0357139856 0.0493000001
v -0.00703803776 -0.0376479924 0.054299999
v -0.00703803776 -0.0376479924 0.054299999
v -0.0138360355 -0.0357139856 0.0493000001
v -0.00703803776 -0.0376479924 0.0493000001
v -0.00703803776 -0.0376479924 0.054299999
v -0.00703803776 -0.0376479924 0.0493000001
v -3.83000014e-08 -0.0383000001 0.054299999
v -3.83000014e-08 -0.0383000001 0.054299999
v -0.00703803776 -0.0376479924 0.0493000001
v -3.83000014e-08 -0.0383000001 0.0493000001
v -3.83000014e-08 -0.0383000001 0.054299999
v -3.83000014e-08 -0.0383000001 0.0493000001
v 0.00703796232 -0.0376480073 0.054299999
v 0.00703796232 -0.0376480073 0.054299999
v -3.83000014e-08 -0.0383000001 0.0493000001
v 0.00703796232 -0.0376480073 0.0493000001
v 0.00703796232 -0.0376480073 0.054299999
v 0.00703796232 -0.0376480073 0.0493000001
v 0.0138359647 -0.0357140154 0.054299999
v 0.0138359647 -0.0357140154 0.054299999
v 0.00703796232 -0.0376480073 0.0493000001
v 0.0138359647 -0.0357140154 0.0493000001
v 0.0138359647 -0.0357140154 0.054299999
v 0.0138359647 -0.0357140154 0.0493000001
v 0.0201619677 -0.0325630195 0.054299999
v 0.0201619677 -0.0325630195 0.054299999
v 0.0138359647 -0.0357140154 0.0493000001
v 0.0201619677 -0.0325630195 0.0493000001
v 0.0201619677 -0.0325630195 0.054299999
v 0.0201619677 -0.0325630195 0.0493000001
v 0.0258029718 -0.0283040255 0.054299999
v 0.0258029718 -0.0283040255 0.054299999
v 0.0201619677 -0.0325630195 0.0493000001
v 0.0258029718 -0.0283040255 0.0493000001
v 0.0258029718 -0.0283040255 0.054299999
v 0.0258029718 -0.0283040255 0.0493000001
v 0.0305639785 -0.0230810307 0.054299999
v 0.0305639785 -0.0230810307 0.054299999
v 0.0258029718 -0.0283040255 0.0493000001
v 0.0305639785 -0.0230810307 0.0493000001
v 0.0305639785 -0.0230810307 0.054299999
v 0.0305639785 -0.0230810307 0.0493000001
v 0.0342849828 -0.0170720331 0.054299999
v 0.0342849828 -0.0170720331 0.054299999
v 0.0305639785 -0.0230810307 0.0493000001
v 0.0342849828 -0.0170720331 0.0493000001
v 0.0342849828 -0.0170720331 0.054299999
v 0.0342849828 -0.0170720331 0.0493000001
v 0.0368379876 -0.0104810372 0.054299999
v 0.0368379876 -0.0104810372 0.054299999
v 0.0342849828 -0.0170720331 0.0493000001
v 0.0368379876 -0.0104810372 0.0493000001
v 0.0368379876 -0.0104810372 0.054299999
v 0.0368379876 -0.0104810372 0.0493000001
v 0.0381369963 -0.00353403809 0.054299999
v 0.0381369963 -0.00353403809 0.054299999
v 0.0368379876 -0.0104810372 0.0493000001
v 0.0381369963 -0.00353403809 0.0493000001
v 0.0381369963 -0.00353403809 0.054299999
v 0.0381369963 -0.00353403809 0.0493000001
v 0.0381370038 0.00353396172 0.054299999
v 0.0381370038 0.00353396172 0.054299999
v 0.0381369963 -0.00353403809 0.0493000001
v 0.0381370038 0.00353396172 0.0493000001
v 0.0381370038 0.00353396172 0.054299999
v 0.0381370038 0.00353396172 0.0493000001
v 0.03683801 0.0104809627 0.054299999
v 0.03683801 0.0104809627 0.054299999
v 0.0381370038 0.00353396172 0.0493000001
v 0.03683801 0.0104809627 0.0493000001
v 0.03683801 0.0104809627 0.054299999
v 0.03683801 0.0104809627 0.0493000001
v 0.0342850201 0.0170719661 0.054299999
v 0.0342850201 0.0170719661 0.054299999
v 0.03683801 0.0104809627 0.0493000001
v 0.0342850201 0.0170719661 0.0493000001
v 0.0342850201 0.0170719661 0.054299999
v 0.0342850201 0.0170719661 0.0493000001
v 0.0305640232 0.0230809711 0.054299999
v 0.0305640232 0.0230809711 0.054299999
v 0.0342850201 0.0170719661 0.0493000001
v 0.0305640232 0.0230809711 0.0493000001
v 0.0305640232 0.0230809711 0.054299999
v 0.0305640232 0.0230809711 0.0493000001
v 0.0258030277 0.0283039734 0.054299999
v 0.0258030277 0.0283039734 0.054299999
v 0.0305640232 0.0230809711 0.0493000001
v 0.0258030277 0.0283039734 0.0493000001
v 0.0258030277 0.0283039734 0.054299999
v 0.0258030277 0.0283039734 0.0493000001
v 0.0201620311 0.0325629823 0.054299999
v 0.0201620311 0.0325629823 0.054299999
v 0.0258030277 0.0283039734 0.0493000001
v 0.0201620311 0.0325629823 0.0493000001
v 0.0201620311 0.0325629823 0.054299999
v 0.0201620311 0.0325629823 0.0493000001
v 0.0138360355 0.0357139856 0.054299999
v 0.0138360355 0.0357139856 0.054299999
v 0.0201620311 0.0325629823 0.0493000001
v 0.0138360355 0.0357139856 0.0493000001
v 0.0138360355 0.0357139856 0.054299999
v 0.0138360355 0.0357139856 0.0493000001
v 0.00703803776 0.0376479924 0.054299999
v 0.00703803776 0.0376479924 0.054299999
v 0.0138360355 0.0357139856 0.0493000001
v 0.00703803776 0.0376479924 0.0493000001
v 0.00703803776 0.0376479924 0.054299999
v 0.00703803776 0.0376479924 0.0493000001
v 3.83000014e-08 0.0383000001 0.054299999
v 3.83000014e-08 0.0383000001 0.054299999
v 0.00703803776 0.0376479924 0.0493000001
v 3.83000014e-08 0.0383000001 0.0493000001
v 3.55000012e-08 0.0355000012 0.0604999997
v -0.00652296515 0.0348960087 0.0604999997
v 0.006523035 0.0348959938 0.0604999997
v 0.006523035 0.0348959938 0.0604999997
v -0.00652296515 0.0348960087 0.0604999997
v 0.0128240334 0.0331029892 0.0604999997
v 0.0128240334 0.0331029892 0.0604999997
v -0.00652296515 0.0348960087 0.0604999997
v -0.0128239663 0.0331030115 0.0604999997
v 0.0128240334 0.0331029892 0.0604999997
v -0.0128239663 0.0331030115 0.0604999997
v 0.0186880305 0.0301829819 0.0604999997
v 0.0186880305 0.0301829819 0.0604999997
v -0.0128239663 0.0331030115 0.0604999997
v -0.0186879709 0.0301830191 0.0604999997
v 0.0186880305 0.0301829819 0.0604999997
v -0.0186879709 0.0301830191 0.0604999997
v 0.0239160266 0.0262349751 0.0604999997
v 0.0239160266 0.0262349751 0.0604999997
v -0.0186879709 0.0301830191 0.0604999997
v -0.0239159744 0.0262350235 0.0604999997
v 0.0239160266 0.0262349751 0.0604999997
v -0.0239159744 0.0262350235 0.0604999997
v 0.0283300206 0.0213939715 0.0604999997
v 0.0283300206 0.0213939715 0.0604999997
v -0.0239159744 0.0262350235 0.0604999997
v 0.0317780152 0.0158239678 0.0604999997
v 0.0317780152 0.0158239678 0.0604999997
v -0.0239159744 0.0262350235 0.0604999997
v 0.0341450125 0.00971496571 0.0604999997
v 0.0341450125 0.00971496571 0.0604999997
v -0.0239159744 0.0262350235 0.0604999997
v 0.035349004 0.00327596464 0.0604999997
v 0.035349004 0.00327596464 0.0604999997
v -0.0239159744 0.0262350235 0.0604999997
v 0.0353489965 -0.00327603542 0.0604999997
v 0.0353489965 -0.00327603542 0.0604999997
v -0.0239159744 0.0262350235 0.0604999997
v 0.0341449901 -0.00971503463 0.0604999997
v 0.0341449901 -0.00971503463 0.0604999997
v -0.0239159744 0.0262350235 0.0604999997
v 0.0317779854 -0.0158240311 0.0604999997
v 0.0317779854 -0.0158240311 0.0604999997
v -0.0239159744 0.0262350235 0.0604999997
v 0.0283299796 -0.0213940274 0.0604999997
v 0.0283299796 -0.0213940274 0.0604999997
v -0.0239159744 0.0262350235 0.0604999997
v 0.0239159744 -0.0262350235 0.0604999997
v 0.0239159744 -0.0262350235 0.0604999997
v -0.0239159744 0.0262350235 0.0604999997
v 0.0186879709 -0.0301830191 0.0604999997
v 0.0186879709 -0.0301830191 0.0604999997
v -0.0239159744 0.0262350235 0.0604999997
v -0.0283299796 0.0213940274 0.0604999997
v 0.0186879709 -0.0301830191 0.0604999997
v -0.0283299796 0.0213940274 0.0604999997
v 0.0128239663 -0.0331030115 0.0604999997
v 0.0128239663 -0.0331030115 0.0604999997
v -0.0283299796 0.0213940274 0.0604999997
v 0.00652296515 -0.0348960087 0.0604999997
v 0.00652296515 -0.0348960087 0.0604999997
v -0.0283299796 0.0213940274 0.0604999997
v -3.55000012e-08 -0.0355000012 0.0604999997
v -3.55000012e-08 -0.0355000012 0.0604999997
v -0.0283299796 0.0213940274 0.0604999997
v -0.006523035 -0.0348959938 0.0604999997
v -0.006523035 -0.0348959938 0.0604999997
v -0.0283299796 0.0213940274 0.0604999997
v -0.0128240334 -0.0331029892 0.0604999997
v -0.0128240334 -0.0331029892 0.0604999997
v -0.0283299796 0.0213940274 0.0604999997
v -0.0186880305 -0.0301829819 0.0604999997
v -0.0186880305 -0.0301829819 0.0604999997
v -0.0283299796 0.0213940274 0.0604999997
v -0.0239160266 -0.0262349751 0.0604999997
v -0.0239160266 -0.0262349751 0.0604999997
v -0.0283299796 0.0213940274 0.0604999997
v -0.0283300206 -0.0213939715 0.0604999997
v -0.0283300206 -0.0213939715 0.0604999997
v -0.0283299796 0.0213940274 0.0604999997
v -0.0317779854 0.0158240311 0.0604999997
v -0.0283300206 -0.0213939715 0.0604999997
v -0.0317779854 0.0158240311 0.0604999997
v -0.0317780152 -0.0158239678 0.0604999997
v -0.0317780152 -0.0158239678 0.0604999997
v -0.0317779854 0.0158240311 0.0604999997
v -0.0341449901 0.00971503463 0.0604999997
v -0.0317780152 -0.0158239678 0.0604999997
v -0.0341449901 0.00971503463 0.0604999997
v -0.0341450125 -0.00971496571 0.0604999997
v -0.0341450125 -0.00971496571 0.0604999997
v -0.0341449901 0.00971503463 0.0604999997
v -0.0353489965 0.00327603542 0.0604999997
v -0.0341450125 -0.00971496571 0.0604999997
v -0.0353489965 0.00327603542 0.0604999997
v -0.035349004 -0.00327596464 0.0604999997
v -3.55000012e-08 -0.0355000012 0.0604999997
v -3.55000012e-08 -0.0355000012 0.054299999
v 0.00652296515 -0.0348960087 0.0604999997
v 0.00652296515 -0.0348960087 0.0604999997
v -3.55000012e-08 -0.0355000012 0.054299999
v 0.00652296515 -0.0348960087 0.054299999
v 0.00652296515 -0.0348960087 0.0604999997
v 0.00652296515 -0.0348960087 0.054299999
v 0.0128239663 -0.0331030115 0.054299999
v 0.00652296515 -0.0348960087 0.0604999997
v 0.0128239663 -0.0331030115 0.054299999
v 0.0128239663 -0.0331030115 0.0604999997
v 0.0128239663 -0.0331030115 0.0604999997
v 0.0128239663 -0.0331030115 0.054299999
v 0.0186879709 -0.0301830191 0.054299999
v 0.0128239663 -0.0331030115 0.0604999997
v 0.0186879709 -0.0301830191 0.054299999
v 0.0186879709 -0.0301830191 0.0604999997
v 0.0186879709 -0.0301830191 0.0604999997
v 0.0186879709 -0.0301830191 0.054299999
v 0.0239159744 -0.0262350235 0.054299999
v 0.0186879709 -0.0301830191 0.0604999997
v 0.0239159744 -0.0262350235 0.054299999
v 0.0239159744 -0.0262350235 0.0604999997
v 0.0239159744 -0.0262350235 0.0604999997
v 0.0239159744 -0.0262350235 0.054299999
v 0.0283299796 -0.0213940274 0.054299999
v 0.0239159744 -0.0262350235 0.0604999997
v 0.0283299796 -0.0213940274 0.054299999
v 0.0283299796 -0.0213940274 0.0604999997
v 0.0283299796 -0.0213940274 0.0604999997
v 0.0283299796 -0.0213940274 0.054299999
v 0.0317779854 -0.0158240311 0.054299999
v 0.0283299796 -0.0213940274 0.0604999997
v 0.0317779854 -0.0158240311 0.054299999
v 0.0317779854 -0.0158240311 0.0604999997
v 0.0317779854 -0.0158240311 0.0604999997
v 0.0317779854 -0.0158240311 0.054299999
v 0.0341449901 -0.00971503463 0.054299999
v 0.0317779854 -0.0158240311 0.0604999997
v 0.0341449901 -0.00971503463 0.054299999
v 0.0341449901 -0.00971503463 0.0604999997
v 0.0341449901 -0.00971503463 0.0604999997
v 0.0341449901 -0.00971503463 0.054299999
v 0.0353489965 -0.00327603542 0.054299999
v 0.0341449901 -0.00971503463 0.0604999997
v 0.0353489965 -0.00327603542 0.054299999
v 0.0353489965 -0.00327603542 0.0604999997
v 0.0353489965 -0.00327603542 0.0604999997
v 0.0353489965 -0.00327603542 0.054299999
v 0.035349004 0.00327596464 0.054299999
v 0.0353489965 -0.00327603542 0.0604999997
v 0.035349004 0.00327596464 0.054299999
v 0.035349004 0.00327596464 0.0604999997
v 0.035349004 0.00327596464 0.0604999997
v 0.035349004 0.00327596464 0.054299999
v 0.0341450125 0.00971496571 0.054299999
v 0.035349004 0.00327596464 0.0604999997
v 0.0341450125 0.00971496571 0.054299999
v 0.0341450125 0.00971496571 0.0604999997
v 0.0341450125 0.00971496571 0.0604999997
v 0.0341450125 0.00971496571 0.054299999
v 0.0317780152 0.0158239678 0.054299999
v 0.0341450125 0.00971496571 0.0604999997
v 0.0317780152 0.0158239678 0.054299999
v 0.0317780152 0.0158239678 0.0604999997
v 0.0317780152 0.0158239678 0.0604999997
v 0.0317780152 0.0158239678 0.054299999
v 0.0283300206 0.0213939715 0.054299999
v 0.0317780152 0.0158239678 0.0604999997
v 0.0283300206 0.0213939715 0.054299999
v 0.0283300206 0.0213939715 0.0604999997
v 0.0283300206 0.0213939715 0.0604999997
v 0.0283300206 0.0213939715 0.054299999
v 0.0239160266 0.0262349751 0.054299999
v 0.0283300206 0.0213939715 0.0604999997
v 0.0239160266 0.0262349751 0.054299999
v 0.0239160266 0.0262349751 0.0604999997
v 0.0239160266 0.0262349751 0.0604999997
v 0.0239160266 0.0262349751 0.054299999
v 0.0186880305 0.0301829819 0.054299999
v 0.0239160266 0.0262349751 0.0604999997
v 0.0186880305 0.0301829819 0.054299999
v 0.0186880305 0.0301829819 0.0604999997
v 0.0186880305 0.0301829819 0.0604999997
v 0.0186880305 0.0301829819 0.054299999
v 0.0128240334 0.0331029892 0.054299999
v 0.0186880305 0.0301829819 0.0604999997
v 0.0128240334 0.0331029892 0.054299999
v 0.0128240334 0.0331029892 0.0604999997
v 0.0128240334 0.0331029892 0.0604999997
v 0.0128240334 0.0331029892 0.054299999
v 0.006523035 0.0348959938 0.054299999
v 0.0128240334 0.0331029892 0.0604999997
v 0.006523035 0.0348959938 0.054299999
v 0.006523035 0.0348959938 0.0604999997
v 0.006523035 0.0348959938 0.0604999997
v 0.006523035 0.0348959938 0.054299999
v 3.55000012e-08 0.0355000012 0.054299999
v 0.006523035 0.0348959938 0.0604999997
v 3.55000012e-08 0.0355000012 0.054299999
v 3.55000012e-08 0.0355000012 0.0604999997
v -0.00703796232 0.0376480073 0.054299999
v -0.00652296515 0.0348960087 0.054299999
v 3.83000014e-08 0.0383000001 0.054299999
v 3.83000014e-08 0.0383000001 0.054299999
v -0.00652296515 0.0348960087 0.054299999
v 3.55000012e-08 0.0355000012 0.054299999
v 3.83000014e-08 0.0383000001 0.054299999
v 3.55000012e-08 0.0355000012 0.054299999
v 0.006523035 0.0348959938 0.054299999
v -0.00652296515 0.0348960087 0.054299999
v -0.00703796232 0.0376480073 0.054299999
v -0.0128239663 0.0331030115 0.054299999
v -0.0128239663 0.0331030115 0.054299999
v -0.00703796232 0.0376480073 0.054299999
v -0.0138359647 0.0357140154 0.054299999
v -0.0128239663 0.0331030115 0.054299999
v -0.0138359647 0.0357140154 0.054299999
v -0.0186879709 0.0301830191 0.054299999
v -0.0186879709 0.0301830191 0.054299999
v -0.0138359647 0.0357140154 0.054299999
v -0.0201619677 0.0325630195 0.054299999
v -0.0186879709 0.0301830191 0.054299999
v -0.0201619677 0.0325630195 0.054299999
v -0.0239159744 0.0262350235 0.054299999
v -0.0239159744 0.0262350235 0.054299999
v -0.0201619677 0.0325630195 0.054299999
v -0.0258029718 0.0283040255 0.054299999
v -0.0239159744 0.0262350235 0.054299999
v -0.0258029718 0.0283040255 0.054299999
v -0.0283299796 0.0213940274 0.054299999
v -0.0283299796 0.0213940274 0.054299999
v -0.0258029718 0.0283040255 0.054299999
v -0.0305639785 0.0230810307 0.054299999
v -0.0283299796 0.0213940274 0.054299999
v -0.0305639785 0.0230810307 0.054299999
v -0.0317779854 0.0158240311 0.054299999
v -0.0317779854 0.0158240311 0.054299999
v -0.0305639785 0.0230810307 0.054299999
v -0.0342849828 0.0170720331 0.054299999
v -0.0317779854 0.0158240311 0.054299999
v -0.0342849828 0.0170720331 0.054299999
v -0.0341449901 0.00971503463 0.054299999
v -0.0341449901 0.00971503463 0.054299999
v -0.0342849828 0.0170720331 0.054299999
v -0.0368379876 0.0104810372 0.054299999
v -0.0341449901 0.00971503463 0.054299999
v -0.0368379876 0.0104810372 0.054299999
v -0.0353489965 0.00327603542 0.054299999
v -0.0353489965 0.00327603542 0.054299999
v -0.0368379876 0.0104810372 0.054299999
v -0.0381369963 0.00353403809 0.054299999
v -0.0353489965 0.00327603542 0.054299999
v -0.0381369963 0.00353403809 0.054299999
v -0.035349004 -0.00327596464 0.054299999
v -0.035349004 -0.00327596464 0.054299999
v -0.0381369963 0.00353403809 0.054299999
v -0.0381370038 -0.00353396172 0.054299999
v -0.035349004 -0.00327596464 0.054299999
v -0.0381370038 -0.00353396172 0.054299999
v -0.03683801 -0.0104809627 0.054299999
v -0.035349004 -0.00327596464 0.054299999
v -0.03683801 -0.0104809627 0.054299999
v -0.0341450125 -0.00971496571 0.054299999
v -0.0341450125 -0.00971496571 0.054299999
v -0.03683801 -0.0104809627 0.054299999
v -0.0342850201 -0.0170719661 0.054299999
v -0.0341450125 -0.00971496571 0.054299999
v -0.0342850201 -0.0170719661 0.054299999
v -0.0317780152 -0.0158239678 0.054299999
v -0.0317780152 -0.0158239678 0.054299999
v -0.0342850201 -0.0170719661 0.054299999
v -0.0305640232 -0.0230809711 0.054299999
v -0.0317780152 -0.0158239678 0.054299999
v -0.0305640232 -0.0230809711 0.054299999
v -0.0283300206 -0.0213939715 0.054299999
v -0.0283300206 -0.0213939715 0.054299999
v -0.0305640232 -0.0230809711 0.054299999
v -0.0258030277 -0.0283039734 0.054299999
v -0.0283300206 -0.0213939715 0.054299999
v -0.0258030277 -0.0283039734 0.054299999
v -0.0239160266 -0.0262349751 0.054299999
v -0.0239160266 -0.0262349751 0.054299999
v -0.0258030277 -0.0283039734 0.054299999
v -0.0201620311 -0.0325629823 0.054299999
v -0.0239160266 -0.0262349751 0.054299999
v -0.0201620311 -0.0325629823 0.054299999
v -0.0186880305 -0.0301829819 0.054299999
v -0.0186880305 -0.0301829819 0.054299999
v -0.0201620311 -0.0325629823 0.054299999
v -0.0138360355 -0.0357139856 0.054299999
v -0.0186880305 -0.0301829819 0.054299999
v -0.0138360355 -0.0357139856 0.054299999
v -0.0128240334 -0.0331029892 0.054299999
v -0.0128240334 -0.0331029892 0.054299999
v -0.0138360355 -0.0357139856 0.054299999
v -0.00703803776 -0.0376479924 0.054299999
v -0.0128240334 -0.0331029892 0.054299999
v -0.00703803776 -0.0376479924 0.054299999
v -0.006523035 -0.0348959938 0.054299999
v -0.006523035 -0.0348959938 0.054299999
v -0.00703803776 -0.0376479924 0.054299999
v -3.83000014e-08 -0.0383000001 0.054299999
v -0.006523035 -0.0348959938 0.054299999
v -3.83000014e-08 -0.0383000001 0.054299999
v -3.55000012e-08 -0.0355000012 0.054299999
v -3.55000012e-08 -0.0355000012 0.054299999
v -3.83000014e-08 -0.0383000001 0.054299999
v 0.00652296515 -0.0348960087 0.054299999
v 0.00652296515 -0.0348960087 0.054299999
v -3.83000014e-08 -0.0383000001 0.054299999
v 0.00703796232 -0.0376480073 0.054299999
v 0.00652296515 -0.0348960087 0.054299999
v 0.00703796232 -0.0376480073 0.054299999
v 0.0128239663 -0.0331030115 0.054299999
v 0.0128239663 -0.0331030115 0.054299999
v 0.00703796232 -0.0376480073 0.054299999
v 0.0138359647 -0.0357140154 0.054299999
v 0.0128239663 -0.0331030115 0.054299999
v 0.0138359647 -0.0357140154 0.054299999
v 0.0186879709 -0.0301830191 0.054299999
v 0.0186879709 -0.0301830191 0.054299999
v 0.0138359647 -0.0357140154 0.054299999
v 0.0201619677 -0.0325630195 0.054299999
v 0.0186879709 -0.0301830191 0.054299999
v 0.0201619677 -0.0325630195 0.054299999
v 0.0239159744 -0.0262350235 0.054299999
v 0.0239159744 -0.0262350235 0.054299999
v 0.0201619677 -0.0325630195 0.054299999
v 0.0258029718 -0.0283040255 0.054299999
v 0.0239159744 -0.0262350235 0.054299999
v 0.0258029718 -0.0283040255 0.054299999
v 0.0283299796 -0.0213940274 0.054299999
v 0.0283299796 -0.0213940274 0.054299999
v 0.0258029718 -0.0283040255 0.054299999
v 0.0305639785 -0.0230810307 0.054299999
v 0.0283299796 -0.0213940274 0.054299999
v 0.0305639785 -0.0230810307 0.054299999
v 0.0317779854 -0.0158240311 0.054299999
v 0.0317779854 -0.0158240311 0.054299999
v 0.0305639785 -0.0230810307 0.054299999
v 0.0342849828 -0.0170720331 0.054299999
v 0.0317779854 -0.0158240311 0.054299999
v 0.0342849828 -0.0170720331 0.054299999
v 0.0341449901 -0.00971503463 0.054299999
v 0.0341449901 -0.00971503463 0.054299999
v 0.0342849828 -0.0170720331 0.054299999
v 0.0368379876 -0.0104810372 0.054299999
v 0.0341449901 -0.00971503463 0.054299999
v 0.0368379876 -0.0104810372 0.054299999
v 0.0353489965 -0.00327603542 0.054299999
v 0.0353489965 -0.00327603542 0.054299999
v 0.0368379876 -0.0104810372 0.054299999
v 0.0381369963 -0.00353403809 0.054299999
v 0.0353489965 -0.00327603542 0.054299999
v 0.0381369963 -0.00353403809 0.054299999
v 0.0381370038 0.00353396172 0.054299999
v 0.0353489965 -0.00327603542 0.054299999
v 0.0381370038 0.00353396172 0.054299999
v 0.035349004 0.00327596464 0.054299999
v 0.035349004 0.00327596464 0.054299999
v 0.0381370038 0.00353396172 0.054299999
v 0.03683801 0.0104809627 0.054299999
v 0.035349004 0.00327596464 0.054299999
v 0.03683801 0.0104809627 0.054299999
v 0.0341450125 0.00971496571 0.054299999
v 0.0341450125 0.00971496571 0.054299999
v 0.03683801 0.0104809627 0.054299999
v 0.0342850201 0.0170719661 0.054299999
v 0.0341450125 0.00971496571 0.054299999
v 0.0342850201 0.0170719661 0.054299999
v 0.0317780152 0.0158239678 0.054299999
v 0.0317780152 0.0158239678 0.054299999
v 0.0342850201 0.0170719661 0.054299999
v 0.0305640232 0.0230809711 0.054299999
v 0.0317780152 0.0158239678 0.054299999
v 0.0305640232 0.0230809711 0.054299999
v 0.0283300206 0.0213939715 0.054299999
v 0.0283300206 0.0213939715 0.054299999
v 0.0305640232 0.0230809711 0.054299999
v 0.0258030277 0.0283039734 0.054299999
v 0.0283300206 0.0213939715 0.054299999
v 0.0258030277 0.0283039734 0.054299999
v 0.0239160266 0.0262349751 0.054299999
v 0.0239160266 0.0262349751 0.054299999
v 0.0258030277 0.0283039734 0.054299999
v 0.0201620311 0.0325629823 0.054299999
v 0.0239160266 0.0262349751 0.054299999
v 0.0201620311 0.0325629823 0.054299999
v 0.0186880305 0.0301829819 0.054299999
v 0.0186880305 0.0301829819 0.054299999
v 0.0201620311 0.0325629823 0.054299999
v 0.0138360355 0.0357139856 0.054299999
v 0.0186880305 0.0301829819 0.054299999
v 0.0138360355 0.0357139856 0.054299999
v 0.0128240334 0.0331029892 0.054299999
v 0.0128240334 0.0331029892 0.054299999
v 0.0138360355 0.0357139856 0.054299999
v 0.00703803776 0.0376479924 0.054299999
v 0.0128240334 0.0331029892 0.054299999
v 0.00703803776 0.0376479924 0.054299999
v 0.006523035 0.0348959938 0.054299999
v 0.006523035 0.0348959938 0.054299999
v 0.00703803776 0.0376479924 0.054299999
v 3.83000014e-08 0.0383000001 0.054299999
v 3.83000014e-08 0.0383000001 -0.0236559995
v 0.00665103784 0.0377179943 -0.0238119997
v 3.83000014e-08 0.0383000001 -0.0548
v 3.83000014e-08 0.0383000001 -0.0548
v 0.00665103784 0.0377179943 -0.0238119997
v 0.00703803776 0.0376479924 -0.0548
v 0.00703803776 0.0376479924 -0.0548
v 0.00665103784 0.0377179943 -0.0238119997
v 0.0130990362 0.0359899849 -0.0242749993
v 0.00703803776 0.0376479924 -0.0548
v 0.0130990362 0.0359899849 -0.0242749993
v 0.0138360355 0.0357139856 -0.0548
v 0.0138360355 0.0357139856 -0.0548
v 0.0130990362 0.0359899849 -0.0242749993
v 0.0191500336 0.0331689827 -0.0250310004
v 0.0138360355 0.0357139856 -0.0548
v 0.0191500336 0.0331689827 -0.0250310004
v 0.0201620311 0.0325629823 -0.0548
v 0.0201620311 0.0325629823 -0.0548
v 0.0191500336 0.0331689827 -0.0250310004
v 0.0246190298 0.0293399766 -0.0260569993
v 0.0201620311 0.0325629823 -0.0548
v 0.0246190298 0.0293399766 -0.0260569993
v 0.0258030277 0.0283039734 -0.0548
v 0.0258030277 0.0283039734 -0.0548
v 0.0246190298 0.0293399766 -0.0260569993
v 0.0293390248 0.0246189702 -0.0273219999
v 0.0258030277 0.0283039734 -0.0548
v 0.0293390248 0.0246189702 -0.0273219999
v 0.0305640232 0.0230809711 -0.0548
v 0.0305640232 0.0230809711 -0.0548
v 0.0293390248 0.0246189702 -0.0273219999
v 0.03316902 0.0191499665 -0.0287870001
v 0.0305640232 0.0230809711 -0.0548
v 0.03316902 0.0191499665 -0.0287870001
v 0.0342850201 0.0170719661 -0.0548
v 0.0342850201 0.0170719661 -0.0548
v 0.03316902 0.0191499665 -0.0287870001
v 0.0359900147 0.0130989635 -0.0304080006
v 0.0342850201 0.0170719661 -0.0548
v 0.0359900147 0.0130989635 -0.0304080006
v 0.03683801 0.0104809627 -0.0548
v 0.03683801 0.0104809627 -0.0548
v 0.0359900147 0.0130989635 -0.0304080006
v 0.0377180092 0.0066509624 -0.0321360007
v 0.03683801 0.0104809627 -0.0548
v 0.0377180092 0.0066509624 -0.0321360007
v 0.0381370038 0.00353396172 -0.0548
v 0.0381370038 0.00353396172 -0.0548
v 0.0377180092 0.0066509624 -0.0321360007
v 0.0383000001 -3.83000014e-08 -0.0339180008
v 0.0381370038 0.00353396172 -0.0548
v 0.0383000001 -3.83000014e-08 -0.0339180008
v 0.0381369963 -0.00353403809 -0.0548
v 0.0381369963 -0.00353403809 -0.0548
v 0.0383000001 -3.83000014e-08 -0.0339180008
v 0.0377179943 -0.00665103784 -0.0357000008
v 0.0381369963 -0.00353403809 -0.0548
v 0.0377179943 -0.00665103784 -0.0357000008
v 0.0368379876 -0.0104810372 -0.0548
v 0.0368379876 -0.0104810372 -0.0548
v 0.0377179943 -0.00665103784 -0.0357000008
v 0.0359899849 -0.0130990362 -0.0374279991
v 0.0368379876 -0.0104810372 -0.0548
v 0.0359899849 -0.0130990362 -0.0374279991
v 0.0342849828 -0.0170720331 -0.0548
v 0.0342849828 -0.0170720331 -0.0548
v 0.0359899849 -0.0130990362 -0.0374279991
v 0.0331689827 -0.0191500336 -0.0390489995
v 0.0342849828 -0.0170720331 -0.0548
v 0.0331689827 -0.0191500336 -0.0390489995
v 0.0305639785 -0.0230810307 -0.0548
v 0.0305639785 -0.0230810307 -0.0548
v 0.0331689827 -0.0191500336 -0.0390489995
v 0.0293389764 -0.0246190298 -0.0405149981
v 0.0305639785 -0.0230810307 -0.0548
v 0.0293389764 -0.0246190298 -0.0405149981
v 0.0258029718 -0.0283040255 -0.0548
v 0.0258029718 -0.0283040255 -0.0548
v 0.0293389764 -0.0246190298 -0.0405149981
v 0.0246189702 -0.029340025 -0.0417799987
v 0.0258029718 -0.0283040255 -0.0548
v 0.0246189702 -0.029340025 -0.0417799987
v 0.0201619677 -0.0325630195 -0.0548
v 0.0201619677 -0.0325630195 -0.0548
v 0.0246189702 -0.029340025 -0.0417799987
v 0.0191499665 -0.03316902 -0.0428059995
v 0.0201619677 -0.0325630195 -0.0548
v 0.0191499665 -0.03316902 -0.0428059995
v 0.0138359647 -0.0357140154 -0.0548
v 0.0138359647 -0.0357140154 -0.0548
v 0.0191499665 -0.03316902 -0.0428059995
v 0.0130989635 -0.0359900147 -0.0435619988
v 0.0138359647 -0.0357140154 -0.0548
v 0.0130989635 -0.0359900147 -0.0435619988
v 0.00703796232 -0.0376480073 -0.0548
v 0.00703796232 -0.0376480073 -0.0548
v 0.0130989635 -0.0359900147 -0.0435619988
v 0.0066509624 -0.0377180092 -0.0440250002
v 0.00703796232 -0.0376480073 -0.0548
v 0.0066509624 -0.0377180092 -0.0440250002
v -3.83000014e-08 -0.0383000001 -0.0548
v -3.83000014e-08 -0.0383000001 -0.0548
v 0.0066509624 -0.0377180092 -0.0440250002
v -3.83000014e-08 -0.0383000001 -0.0441810004
v 3.3300001e-08 0.0333000012 -0.059799999
v 0.00649703247 0.0326599926 -0.059799999
v -0.00649696728 0.0326600075 -0.059799999
v -0.00649696728 0.0326600075 -0.059799999
v 0.00649703247 0.0326599926 -0.059799999
v -0.0127429692 0.0307650138 -0.059799999
v -0.0127429692 0.0307650138 -0.059799999
v 0.00649703247 0.0326599926 -0.059799999
v 0.0127430307 0.0307649877 -0.059799999
v -0.0127429692 0.0307650138 -0.059799999
v 0.0127430307 0.0307649877 -0.059799999
v -0.0184999723 0.027688019 -0.059799999
v -0.0184999723 0.027688019 -0.059799999
v 0.0127430307 0.0307649877 -0.059799999
v 0.0185000282 0.0276879817 -0.059799999
v -0.0184999723 0.027688019 -0.059799999
v 0.0185000282 0.0276879817 -0.059799999
v -0.0235469751 0.0235470235 -0.059799999
v -0.0235469751 0.0235470235 -0.059799999
v 0.0185000282 0.0276879817 -0.059799999
v 0.0235470235 0.0235469751 -0.059799999
v -0.0235469751 0.0235470235 -0.059799999
v 0.0235470235 0.0235469751 -0.059799999
v -0.0276879817 0.0185000282 -0.059799999
v -0.0276879817 0.0185000282 -0.059799999
v 0.0235470235 0.0235469751 -0.059799999
v 0.027688019 0.0184999723 -0.059799999
v -0.0276879817 0.0185000282 -0.059799999
v 0.027688019 0.0184999723 -0.059799999
v -0.0307649877 0.0127430307 -0.059799999
v -0.0307649877 0.0127430307 -0.059799999
v 0.027688019 0.0184999723 -0.059799999
v 0.0307650138 0.0127429692 -0.059799999
v -0.0307649877 0.0127430307 -0.059799999
v 0.0307650138 0.0127429692 -0.059799999
v -0.0326599926 0.00649703247 -0.059799999
v -0.0326599926 0.00649703247 -0.059799999
v 0.0307650138 0.0127429692 -0.059799999
v 0.0326600075 0.00649696728 -0.059799999
v -0.0326599926 0.00649703247 -0.059799999
v 0.0326600075 0.00649696728 -0.059799999
v -0.0333000012 3.3300001e-08 -0.059799999
v -0.0333000012 3.3300001e-08 -0.059799999
v 0.0326600075 0.00649696728 -0.059799999
v 0.0333000012 -3.3300001e-08 -0.059799999
v -0.0333000012 3.3300001e-08 -0.059799999
v 0.0333000012 -3.3300001e-08 -0.059799999
v -0.0326600075 -0.00649696728 -0.059799999
v -0.0326600075 -0.00649696728 -0.059799999
v 0.0333000012 -3.3300001e-08 -0.059799999
v 0.0326599926 -0.00649703247 -0.059799999
v -0.0326600075 -0.00649696728 -0.059799999
v 0.0326599926 -0.00649703247 -0.059799999
v -0.0307650138 -0.0127429692 -0.059799999
v -0.0307650138 -0.0127429692 -0.059799999
v 0.0326599926 -0.00649703247 -0.059799999
v 0.0307649877 -0.0127430307 -0.059799999
v -0.0307650138 -0.0127429692 -0.059799999
v 0.0307649877 -0.0127430307 -0.059799999
v -0.027688019 -0.0184999723 -0.059799999
v -0.027688019 -0.0184999723 -0.059799999
v 0.0307649877 -0.0127430307 -0.059799999
v 0.0276879817 -0.0185000282 -0.059799999
v -0.027688019 -0.0184999723 -0.059799999
v 0.0276879817 -0.0185000282 -0.059799999
v -0.0235470235 -0.0235469751 -0.059799999
v -0.0235470235 -0.0235469751 -0.059799999
v 0.0276879817 -0.0185000282 -0.059799999
v 0.0235469751 -0.0235470235 -0.059799999
v -0.0235470235 -0.0235469751 -0.059799999
v 0.0235469751 -0.0235470235 -0.059799999
v -0.0185000282 -0.0276879817 -0.059799999
v -0.0185000282 -0.0276879817 -0.059799999
v 0.0235469751 -0.0235470235 -0.059799999
v 0.0184999723 -0.027688019 -0.059799999
v -0.0185000282 -0.0276879817 -0.059799999
v 0.0184999723 -0.027688019 -0.059799999
v -0.0127430307 -0.0307649877 -0.059799999
v -0.0127430307 -0.0307649877 -0.059799999
v 0.0184999723 -0.027688019 -0.059799999
v 0.0127429692 -0.0307650138 -0.059799999
v -0.0127430307 -0.0307649877 -0.059799999
v 0.0127429692 -0.0307650138 -0.059799999
v -0.00649703247 -0.0326599926 -0.059799999
v -0.00649703247 -0.0326599926 -0.059799999
v 0.0127429692 -0.0307650138 -0.059799999
v 0.00649696728 -0.0326600075 -0.059799999
v -0.00649703247 -0.0326599926 -0.059799999
v 0.00649696728 -0.0326600075 -0.059799999
v -3.3300001e-08 -0.0333000012 -0.059799999
v -3.83000014e-08 -0.0383000001 -0.0548
v -3.80549992e-08 -0.038054999 -0.0563450009
v 0.00703796232 -0.0376480073 -0.0548
v 0.00703796232 -0.0376480073 -0.0548
v -3.80549992e-08 -0.038054999 -0.0563450009
v 0.00698196283 -0.0373510085 -0.0565100014
v 0.00703796232 -0.0376480073 -0.0548
v 0.00698196283 -0.0373510085 -0.0565100014
v 0.0138359647 -0.0357140154 -0.0548
v 0.0138359647 -0.0357140154 -0.0548
v 0.00698196283 -0.0373510085 -0.0565100014
v 0.0137269646 -0.0354330167 -0.0565100014
v 0.0138359647 -0.0357140154 -0.0548
v 0.0137269646 -0.0354330167 -0.0565100014
v 0.0201619677 -0.0325630195 -0.0548
v 0.0201619677 -0.0325630195 -0.0548
v 0.0137269646 -0.0354330167 -0.0565100014
v 0.0200039688 -0.0323070176 -0.0565100014
v 0.0201619677 -0.0325630195 -0.0548
v 0.0200039688 -0.0323070176 -0.0565100014
v 0.0258029718 -0.0283040255 -0.0548
v 0.0258029718 -0.0283040255 -0.0548
v 0.0200039688 -0.0323070176 -0.0565100014
v 0.0255989712 -0.0280810259 -0.0565100014
v 0.0258029718 -0.0283040255 -0.0548
v 0.0255989712 -0.0280810259 -0.0565100014
v 0.0305639785 -0.0230810307 -0.0548
v 0.0305639785 -0.0230810307 -0.0548
v 0.0255989712 -0.0280810259 -0.0565100014
v 0.0303229783 -0.0228990298 -0.0565100014
v 0.0305639785 -0.0230810307 -0.0548
v 0.0303229783 -0.0228990298 -0.0565100014
v 0.0342849828 -0.0170720331 -0.0548
v 0.0342849828 -0.0170720331 -0.0548
v 0.0303229783 -0.0228990298 -0.0565100014
v 0.0340149812 -0.0169370342 -0.0565100014
v 0.0342849828 -0.0170720331 -0.0548
v 0.0340149812 -0.0169370342 -0.0565100014
v 0.0368379876 -0.0104810372 -0.0548
v 0.0368379876 -0.0104810372 -0.0548
v 0.0340149812 -0.0169370342 -0.0565100014
v 0.0365479887 -0.0103990361 -0.0565100014
v 0.0368379876 -0.0104810372 -0.0548
v 0.0365479887 -0.0103990361 -0.0565100014
v 0.0381369963 -0.00353403809 -0.0548
v 0.0381369963 -0.00353403809 -0.0548
v 0.0365479887 -0.0103990361 -0.0565100014
v 0.0378359966 -0.00350603787 -0.0565100014
v 0.0381369963 -0.00353403809 -0.0548
v 0.0378359966 -0.00350603787 -0.0565100014
v 0.0381370038 0.00353396172 -0.0548
v 0.0381370038 0.00353396172 -0.0548
v 0.0378359966 -0.00350603787 -0.0565100014
v 0.037836004 0.00350596197 -0.0565100014
v 0.0381370038 0.00353396172 -0.0548
v 0.037836004 0.00350596197 -0.0565100014
v 0.03683801 0.0104809627 -0.0548
v 0.03683801 0.0104809627 -0.0548
v 0.037836004 0.00350596197 -0.0565100014
v 0.036548011 0.0103989635 -0.0565100014
v 0.03683801 0.0104809627 -0.0548
v 0.036548011 0.0103989635 -0.0565100014
v 0.0342850201 0.0170719661 -0.0548
v 0.0342850201 0.0170719661 -0.0548
v 0.036548011 0.0103989635 -0.0565100014
v 0.0340150185 0.0169369671 -0.0565100014
v 0.0342850201 0.0170719661 -0.0548
v 0.0340150185 0.0169369671 -0.0565100014
v 0.0305640232 0.0230809711 -0.0548
v 0.0305640232 0.0230809711 -0.0548
v 0.0340150185 0.0169369671 -0.0565100014
v 0.030323023 0.0228989702 -0.0565100014
v 0.0305640232 0.0230809711 -0.0548
v 0.030323023 0.0228989702 -0.0565100014
v 0.0258030277 0.0283039734 -0.0548
v 0.0258030277 0.0283039734 -0.0548
v 0.030323023 0.0228989702 -0.0565100014
v 0.0255990271 0.0280809738 -0.0565100014
v 0.0258030277 0.0283039734 -0.0548
v 0.0255990271 0.0280809738 -0.0565100014
v 0.0201620311 0.0325629823 -0.0548
v 0.0201620311 0.0325629823 -0.0548
v 0.0255990271 0.0280809738 -0.0565100014
v 0.0200040322 0.0323069803 -0.0565100014
v 0.0201620311 0.0325629823 -0.0548
v 0.0200040322 0.0323069803 -0.0565100014
v 0.0138360355 0.0357139856 -0.0548
v 0.0138360355 0.0357139856 -0.0548
v 0.0200040322 0.0323069803 -0.0565100014
v 0.0137270354 0.0354329869 -0.0565100014
v 0.0138360355 0.0357139856 -0.0548
v 0.0137270354 0.0354329869 -0.0565100014
v 0.00703803776 0.0376479924 -0.0548
v 0.00703803776 0.0376479924 -0.0548
v 0.0137270354 0.0354329869 -0.0565100014
v 0.00698203733 0.0373509936 -0.0565100014
v 0.00703803776 0.0376479924 -0.0548
v 0.00698203733 0.0373509936 -0.0565100014
v 3.80549992e-08 0.038054999 -0.0563450009
v 3.80549992e-08 0.038054999 -0.0563450009
v 0.00698203733 0.0373509936 -0.0565100014
v 3.7345e-08 0.0373449996 -0.0577390008
v 3.7345e-08 0.0373449996 -0.0577390008
v 0.00698203733 0.0373509936 -0.0565100014
v 0.00682303635 0.0364979915 -0.0580140017
v 3.7345e-08 0.0373449996 -0.0577390008
v 0.00682303635 0.0364979915 -0.0580140017
v 3.62389976e-08 0.0362389982 -0.0588449985
v 3.62389976e-08 0.0362389982 -0.0588449985
v 0.00682303635 0.0364979915 -0.0580140017
v 0.00657803519 0.0351899937 -0.0591300018
v 3.62389976e-08 0.0362389982 -0.0588449985
v 0.00657803519 0.0351899937 -0.0591300018
v 3.4844998e-08 0.0348449983 -0.0595550016
v 3.4844998e-08 0.0348449983 -0.0595550016
v 0.00657803519 0.0351899937 -0.0591300018
v 0.00627803337 0.0335859917 -0.0597239994
v 3.4844998e-08 0.0348449983 -0.0595550016
v 0.00627803337 0.0335859917 -0.0597239994
v 3.3300001e-08 0.0333000012 -0.059799999
v 3.3300001e-08 0.0333000012 -0.059799999
v 0.00627803337 0.0335859917 -0.0597239994
v 0.00649703247 0.0326599926 -0.059799999
v 0.00649703247 0.0326599926 -0.059799999
v 0.00627803337 0.0335859917 -0.0597239994
v 0.0123430314 0.0318609886 -0.0597239994
v 0.00649703247 0.0326599926 -0.059799999
v 0.0123430314 0.0318609886 -0.0597239994
v 0.0127430307 0.0307649877 -0.059799999
v 0.0127430307 0.0307649877 -0.059799999
v 0.0123430314 0.0318609886 -0.0597239994
v 0.0179870296 0.0290499814 -0.0597239994
v 0.0127430307 0.0307649877 -0.059799999
v 0.0179870296 0.0290499814 -0.0597239994
v 0.0185000282 0.0276879817 -0.059799999
v 0.0185000282 0.0276879817 -0.059799999
v 0.0179870296 0.0290499814 -0.0597239994
v 0.023019027 0.0252509769 -0.0597239994
v 0.0185000282 0.0276879817 -0.059799999
v 0.023019027 0.0252509769 -0.0597239994
v 0.0235470235 0.0235469751 -0.059799999
v 0.0235470235 0.0235469751 -0.059799999
v 0.023019027 0.0252509769 -0.0597239994
v 0.0272670202 0.0205909722 -0.0597239994
v 0.0235470235 0.0235469751 -0.059799999
v 0.0272670202 0.0205909722 -0.0597239994
v 0.027688019 0.0184999723 -0.059799999
v 0.027688019 0.0184999723 -0.059799999
v 0.0272670202 0.0205909722 -0.0597239994
v 0.0305860154 0.0152299693 -0.0597239994
v 0.027688019 0.0184999723 -0.059799999
v 0.0305860154 0.0152299693 -0.0597239994
v 0.0307650138 0.0127429692 -0.059799999
v 0.0307650138 0.0127429692 -0.059799999
v 0.0305860154 0.0152299693 -0.0597239994
v 0.0328640118 0.00935096759 -0.0597239994
v 0.0307650138 0.0127429692 -0.059799999
v 0.0328640118 0.00935096759 -0.0597239994
v 0.0326600075 0.00649696728 -0.059799999
v 0.0326600075 0.00649696728 -0.059799999
v 0.0328640118 0.00935096759 -0.0597239994
v 0.0340220034 0.00315296603 -0.0597239994
v 0.0326600075 0.00649696728 -0.059799999
v 0.0340220034 0.00315296603 -0.0597239994
v 0.0333000012 -3.3300001e-08 -0.059799999
v 0.0333000012 -3.3300001e-08 -0.059799999
v 0.0340220034 0.00315296603 -0.0597239994
v 0.034021996 -0.00315303402 -0.0597239994
v 0.0333000012 -3.3300001e-08 -0.059799999
v 0.034021996 -0.00315303402 -0.0597239994
v 0.0326599926 -0.00649703247 -0.059799999
v 0.0326599926 -0.00649703247 -0.059799999
v 0.034021996 -0.00315303402 -0.0597239994
v 0.0328639895 -0.00935103279 -0.0597239994
v 0.0326599926 -0.00649703247 -0.059799999
v 0.0328639895 -0.00935103279 -0.0597239994
v 0.0307649877 -0.0127430307 -0.059799999
v 0.0307649877 -0.0127430307 -0.059799999
v 0.0328639895 -0.00935103279 -0.0597239994
v 0.0305859856 -0.0152300308 -0.0597239994
v 0.0307649877 -0.0127430307 -0.059799999
v 0.0305859856 -0.0152300308 -0.0597239994
v 0.0276879817 -0.0185000282 -0.059799999
v 0.0276879817 -0.0185000282 -0.059799999
v 0.0305859856 -0.0152300308 -0.0597239994
v 0.0272669792 -0.020591028 -0.0597239994
v 0.0276879817 -0.0185000282 -0.059799999
v 0.0272669792 -0.020591028 -0.0597239994
v 0.0235469751 -0.0235470235 -0.059799999
v 0.0235469751 -0.0235470235 -0.059799999
v 0.0272669792 -0.020591028 -0.0597239994
v 0.0230189748 -0.0252510216 -0.0597239994
v 0.0235469751 -0.0235470235 -0.059799999
v 0.0230189748 -0.0252510216 -0.0597239994
v 0.0184999723 -0.027688019 -0.059799999
v 0.0184999723 -0.027688019 -0.059799999
v 0.0230189748 -0.0252510216 -0.0597239994
v 0.01798697 -0.0290500186 -0.0597239994
v 0.0184999723 -0.027688019 -0.059799999
v 0.01798697 -0.0290500186 -0.0597239994
v 0.0127429692 -0.0307650138 -0.059799999
v 0.0127429692 -0.0307650138 -0.059799999
v 0.01798697 -0.0290500186 -0.0597239994
v 0.012342968 -0.0318610109 -0.0597239994
v 0.0127429692 -0.0307650138 -0.059799999
v 0.012342968 -0.0318610109 -0.0597239994
v 0.00649696728 -0.0326600075 -0.059799999
v 0.00649696728 -0.0326600075 -0.059799999
v 0.012342968 -0.0318610109 -0.0597239994
v 0.00627796631 -0.0335860066 -0.0597239994
v 0.00649696728 -0.0326600075 -0.059799999
v 0.00627796631 -0.0335860066 -0.0597239994
v -3.3300001e-08 -0.0333000012 -0.059799999
v -3.3300001e-08 -0.0333000012 -0.059799999
v 0.00627796631 -0.0335860066 -0.0597239994
v -3.4844998e-08 -0.0348449983 -0.0595550016
v -3.4844998e-08 -0.0348449983 -0.0595550016
v 0.00627796631 -0.0335860066 -0.0597239994
v 0.00657796441 -0.0351900086 -0.0591300018
v -3.4844998e-08 -0.0348449983 -0.0595550016
v 0.00657796441 -0.0351900086 -0.0591300018
v -3.62389976e-08 -0.0362389982 -0.0588449985
v -3.62389976e-08 -0.0362389982 -0.0588449985
v 0.00657796441 -0.0351900086 -0.0591300018
v 0.00682296371 -0.0364980064 -0.0580140017
v -3.62389976e-08 -0.0362389982 -0.0588449985
v 0.00682296371 -0.0364980064 -0.0580140017
v -3.7345e-08 -0.0373449996 -0.0577390008
v -3.7345e-08 -0.0373449996 -0.0577390008
v 0.00682296371 -0.0364980064 -0.0580140017
v 0.00698196283 -0.0373510085 -0.0565100014
v -3.7345e-08 -0.0373449996 -0.0577390008
v 0.00698196283 -0.0373510085 -0.0565100014
v -3.80549992e-08 -0.038054999 -0.0563450009
v 3.80549992e-08 0.038054999 -0.0563450009
v 3.83000014e-08 0.0383000001 -0.0548
v 0.00703803776 0.0376479924 -0.0548
v 0.00657796441 -0.0351900086 -0.0591300018
v 0.00627796631 -0.0335860066 -0.0597239994
v 0.0129319662 -0.0333830118 -0.0591300018
v 0.0129319662 -0.0333830118 -0.0591300018
v 0.00627796631 -0.0335860066 -0.0597239994
v 0.012342968 -0.0318610109 -0.0597239994
v 0.0129319662 -0.0333830118 -0.0591300018
v 0.012342968 -0.0318610109 -0.0597239994
v 0.0188459698 -0.030438019 -0.0591300018
v 0.0188459698 -0.030438019 -0.0591300018
v 0.012342968 -0.0318610109 -0.0597239994
v 0.01798697 -0.0290500186 -0.0597239994
v 0.0188459698 -0.030438019 -0.0591300018
v 0.01798697 -0.0290500186 -0.0597239994
v 0.0241179746 -0.0264570247 -0.0591300018
v 0.0241179746 -0.0264570247 -0.0591300018
v 0.01798697 -0.0290500186 -0.0597239994
v 0.0230189748 -0.0252510216 -0.0597239994
v 0.0241179746 -0.0264570247 -0.0591300018
v 0.0230189748 -0.0252510216 -0.0597239994
v 0.0285689775 -0.0215740278 -0.0591300018
v 0.0285689775 -0.0215740278 -0.0591300018
v 0.0230189748 -0.0252510216 -0.0597239994
v 0.0272669792 -0.020591028 -0.0597239994
v 0.0285689775 -0.0215740278 -0.0591300018
v 0.0272669792 -0.020591028 -0.0597239994
v 0.0320469849 -0.0159570314 -0.0591300018
v 0.0320469849 -0.0159570314 -0.0591300018
v 0.0272669792 -0.020591028 -0.0597239994
v 0.0305859856 -0.0152300308 -0.0597239994
v 0.0320469849 -0.0159570314 -0.0591300018
v 0.0305859856 -0.0152300308 -0.0597239994
v 0.0344329886 -0.00979703479 -0.0591300018
v 0.0344329886 -0.00979703479 -0.0591300018
v 0.0305859856 -0.0152300308 -0.0597239994
v 0.0328639895 -0.00935103279 -0.0597239994
v 0.0344329886 -0.00979703479 -0.0591300018
v 0.0328639895 -0.00935103279 -0.0597239994
v 0.0356469974 -0.00330303563 -0.0591300018
v 0.0356469974 -0.00330303563 -0.0591300018
v 0.0328639895 -0.00935103279 -0.0597239994
v 0.034021996 -0.00315303402 -0.0597239994
v 0.0356469974 -0.00330303563 -0.0591300018
v 0.034021996 -0.00315303402 -0.0597239994
v 0.0356470048 0.00330296438 -0.0591300018
v 0.0356470048 0.00330296438 -0.0591300018
v 0.034021996 -0.00315303402 -0.0597239994
v 0.0340220034 0.00315296603 -0.0597239994
v 0.0356470048 0.00330296438 -0.0591300018
v 0.0340220034 0.00315296603 -0.0597239994
v 0.034433011 0.00979696587 -0.0591300018
v 0.034433011 0.00979696587 -0.0591300018
v 0.0340220034 0.00315296603 -0.0597239994
v 0.0328640118 0.00935096759 -0.0597239994
v 0.034433011 0.00979696587 -0.0591300018
v 0.0328640118 0.00935096759 -0.0597239994
v 0.0320470147 0.0159569681 -0.0591300018
v 0.0320470147 0.0159569681 -0.0591300018
v 0.0328640118 0.00935096759 -0.0597239994
v 0.0305860154 0.0152299693 -0.0597239994
v 0.0320470147 0.0159569681 -0.0591300018
v 0.0305860154 0.0152299693 -0.0597239994
v 0.0285690222 0.021573972 -0.0591300018
v 0.0285690222 0.021573972 -0.0591300018
v 0.0305860154 0.0152299693 -0.0597239994
v 0.0272670202 0.0205909722 -0.0597239994
v 0.0285690222 0.021573972 -0.0591300018
v 0.0272670202 0.0205909722 -0.0597239994
v 0.0241180267 0.0264569763 -0.0591300018
v 0.0241180267 0.0264569763 -0.0591300018
v 0.0272670202 0.0205909722 -0.0597239994
v 0.023019027 0.0252509769 -0.0597239994
v 0.0241180267 0.0264569763 -0.0591300018
v 0.023019027 0.0252509769 -0.0597239994
v 0.0188460294 0.0304379817 -0.0591300018
v 0.0188460294 0.0304379817 -0.0591300018
v 0.023019027 0.0252509769 -0.0597239994
v 0.0179870296 0.0290499814 -0.0597239994
v 0.0188460294 0.0304379817 -0.0591300018
v 0.0179870296 0.0290499814 -0.0597239994
v 0.0129320333 0.0333829895 -0.0591300018
v 0.0129320333 0.0333829895 -0.0591300018
v 0.0179870296 0.0290499814 -0.0597239994
v 0.0123430314 0.0318609886 -0.0597239994
v 0.0129320333 0.0333829895 -0.0591300018
v 0.0123430314 0.0318609886 -0.0597239994
v 0.00657803519 0.0351899937 -0.0591300018
v 0.00657803519 0.0351899937 -0.0591300018
v 0.0123430314 0.0318609886 -0.0597239994
v 0.00627803337 0.0335859917 -0.0597239994
v 0.0137269646 -0.0354330167 -0.0565100014
v 0.00698196283 -0.0373510085 -0.0565100014
v 0.00682296371 -0.0364980064 -0.0580140017
v 0.00682296371 -0.0364980064 -0.0580140017
v 0.00657796441 -0.0351900086 -0.0591300018
v 0.0134129655 -0.0346230157 -0.0580140017
v 0.0134129655 -0.0346230157 -0.0580140017
v 0.00657796441 -0.0351900086 -0.0591300018
v 0.0129319662 -0.0333830118 -0.0591300018
v 0.0134129655 -0.0346230157 -0.0580140017
v 0.0129319662 -0.0333830118 -0.0591300018
v 0.0195469689 -0.031569019 -0.0580140017
v 0.0195469689 -0.031569019 -0.0580140017
v 0.0129319662 -0.0333830118 -0.0591300018
v 0.0188459698 -0.030438019 -0.0591300018
v 0.0195469689 -0.031569019 -0.0580140017
v 0.0188459698 -0.030438019 -0.0591300018
v 0.0250139721 -0.0274400245 -0.0580140017
v 0.0250139721 -0.0274400245 -0.0580140017
v 0.0188459698 -0.030438019 -0.0591300018
v 0.0241179746 -0.0264570247 -0.0591300018
v 0.0250139721 -0.0274400245 -0.0580140017
v 0.0241179746 -0.0264570247 -0.0591300018
v 0.0296309777 -0.0223760307 -0.0580140017
v 0.0296309777 -0.0223760307 -0.0580140017
v 0.0241179746 -0.0264570247 -0.0591300018
v 0.0285689775 -0.0215740278 -0.0591300018
v 0.0296309777 -0.0223760307 -0.0580140017
v 0.0285689775 -0.0215740278 -0.0591300018
v 0.0332379863 -0.0165500343 -0.0580140017
v 0.0332379863 -0.0165500343 -0.0580140017
v 0.0285689775 -0.0215740278 -0.0591300018
v 0.0320469849 -0.0159570314 -0.0591300018
v 0.0332379863 -0.0165500343 -0.0580140017
v 0.0320469849 -0.0159570314 -0.0591300018
v 0.0357129872 -0.0101610357 -0.0580140017
v 0.0357129872 -0.0101610357 -0.0580140017
v 0.0320469849 -0.0159570314 -0.0591300018
v 0.0344329886 -0.00979703479 -0.0591300018
v 0.0357129872 -0.0101610357 -0.0580140017
v 0.0344329886 -0.00979703479 -0.0591300018
v 0.0369719975 -0.00342603703 -0.0580140017
v 0.0369719975 -0.00342603703 -0.0580140017
v 0.0344329886 -0.00979703479 -0.0591300018
v 0.0356469974 -0.00330303563 -0.0591300018
v 0.0369719975 -0.00342603703 -0.0580140017
v 0.0356469974 -0.00330303563 -0.0591300018
v 0.0369720049 0.00342596299 -0.0580140017
v 0.0369720049 0.00342596299 -0.0580140017
v 0.0356469974 -0.00330303563 -0.0591300018
v 0.0356470048 0.00330296438 -0.0591300018
v 0.0369720049 0.00342596299 -0.0580140017
v 0.0356470048 0.00330296438 -0.0591300018
v 0.0357130095 0.0101609649 -0.0580140017
v 0.0357130095 0.0101609649 -0.0580140017
v 0.0356470048 0.00330296438 -0.0591300018
v 0.034433011 0.00979696587 -0.0591300018
v 0.0357130095 0.0101609649 -0.0580140017
v 0.034433011 0.00979696587 -0.0591300018
v 0.0332380161 0.0165499672 -0.0580140017
v 0.0332380161 0.0165499672 -0.0580140017
v 0.034433011 0.00979696587 -0.0591300018
v 0.0320470147 0.0159569681 -0.0591300018
v 0.0332380161 0.0165499672 -0.0580140017
v 0.0320470147 0.0159569681 -0.0591300018
v 0.0296310224 0.0223759711 -0.0580140017
v 0.0296310224 0.0223759711 -0.0580140017
v 0.0320470147 0.0159569681 -0.0591300018
v 0.0285690222 0.021573972 -0.0591300018
v 0.0296310224 0.0223759711 -0.0580140017
v 0.0285690222 0.021573972 -0.0591300018
v 0.025014028 0.0274399761 -0.0580140017
v 0.025014028 0.0274399761 -0.0580140017
v 0.0285690222 0.021573972 -0.0591300018
v 0.0241180267 0.0264569763 -0.0591300018
v 0.025014028 0.0274399761 -0.0580140017
v 0.0241180267 0.0264569763 -0.0591300018
v 0.0195470322 0.0315689817 -0.0580140017
v 0.0195470322 0.0315689817 -0.0580140017
v 0.0241180267 0.0264569763 -0.0591300018
v 0.0188460294 0.0304379817 -0.0591300018
v 0.0195470322 0.0315689817 -0.0580140017
v 0.0188460294 0.0304379817 -0.0591300018
v 0.0134130344 0.0346229859 -0.0580140017
v 0.0134130344 0.0346229859 -0.0580140017
v 0.0188460294 0.0304379817 -0.0591300018
v 0.0129320333 0.0333829895 -0.0591300018
v 0.0134130344 0.0346229859 -0.0580140017
v 0.0129320333 0.0333829895 -0.0591300018
v 0.00682303635 0.0364979915 -0.0580140017
v 0.00682303635 0.0364979915 -0.0580140017
v 0.0129320333 0.0333829895 -0.0591300018
v 0.00657803519 0.0351899937 -0.0591300018
v 0.0200039688 -0.0323070176 -0.0565100014
v 0.0137269646 -0.0354330167 -0.0565100014
v 0.0134129655 -0.0346230157 -0.0580140017
v 0.0134129655 -0.0346230157 -0.0580140017
v 0.0137269646 -0.0354330167 -0.0565100014
v 0.00682296371 -0.0364980064 -0.0580140017
v 0.0200039688 -0.0323070176 -0.0565100014
v 0.0134129655 -0.0346230157 -0.0580140017
v 0.0195469689 -0.031569019 -0.0580140017
v 0.0255989712 -0.0280810259 -0.0565100014
v 0.0200039688 -0.0323070176 -0.0565100014
v 0.0195469689 -0.031569019 -0.0580140017
v 0.0255989712 -0.0280810259 -0.0565100014
v 0.0195469689 -0.031569019 -0.0580140017
v 0.0250139721 -0.0274400245 -0.0580140017
v 0.0303229783 -0.0228990298 -0.0565100014
v 0.0255989712 -0.0280810259 -0.0565100014
v 0.0250139721 -0.0274400245 -0.0580140017
v 0.0303229783 -0.0228990298 -0.0565100014
v 0.0250139721 -0.0274400245 -0.0580140017
v 0.0296309777 -0.0223760307 -0.0580140017
v 0.0340149812 -0.0169370342 -0.0565100014
v 0.0303229783 -0.0228990298 -0.0565100014
v 0.0296309777 -0.0223760307 -0.0580140017
v 0.0340149812 -0.0169370342 -0.0565100014
v 0.0296309777 -0.0223760307 -0.0580140017
v 0.0332379863 -0.0165500343 -0.0580140017
v 0.0365479887 -0.0103990361 -0.0565100014
v 0.0340149812 -0.0169370342 -0.0565100014
v 0.0332379863 -0.0165500343 -0.0580140017
v 0.0365479887 -0.0103990361 -0.0565100014
v 0.0332379863 -0.0165500343 -0.0580140017
v 0.0357129872 -0.0101610357 -0.0580140017
v 0.0378359966 -0.00350603787 -0.0565100014
v 0.0365479887 -0.0103990361 -0.0565100014
v 0.0357129872 -0.0101610357 -0.0580140017
v 0.0378359966 -0.00350603787 -0.0565100014
v 0.0357129872 -0.0101610357 -0.0580140017
v 0.0369719975 -0.00342603703 -0.0580140017
v 0.037836004 0.00350596197 -0.0565100014
v 0.0378359966 -0.00350603787 -0.0565100014
v 0.0369719975 -0.00342603703 -0.0580140017
v 0.037836004 0.00350596197 -0.0565100014
v 0.0369719975 -0.00342603703 -0.0580140017
v 0.0369720049 0.00342596299 -0.0580140017
v 0.036548011 0.0103989635 -0.0565100014
v 0.037836004 0.00350596197 -0.0565100014
v 0.0369720049 0.00342596299 -0.0580140017
v 0.036548011 0.0103989635 -0.0565100014
v 0.0369720049 0.00342596299 -0.0580140017
v 0.0357130095 0.0101609649 -0.0580140017
v 0.0340150185 0.0169369671 -0.0565100014
v 0.036548011 0.0103989635 -0.0565100014
v 0.0357130095 0.0101609649 -0.0580140017
v 0.0340150185 0.0169369671 -0.0565100014
v 0.0357130095 0.0101609649 -0.0580140017
v 0.0332380161 0.0165499672 -0.0580140017
v 0.030323023 0.0228989702 -0.0565100014
v 0.0340150185 0.0169369671 -0.0565100014
v 0.0332380161 0.0165499672 -0.0580140017
v 0.030323023 0.0228989702 -0.0565100014
v 0.0332380161 0.0165499672 -0.0580140017
v 0.0296310224 0.0223759711 -0.0580140017
v 0.0255990271 0.0280809738 -0.0565100014
v 0.030323023 0.0228989702 -0.0565100014
v 0.0296310224 0.0223759711 -0.0580140017
v 0.0255990271 0.0280809738 -0.0565100014
v 0.0296310224 0.0223759711 -0.0580140017
v 0.025014028 0.0274399761 -0.0580140017
v 0.0200040322 0.0323069803 -0.0565100014
v 0.0255990271 0.0280809738 -0.0565100014
v 0.025014028 0.0274399761 -0.0580140017
v 0.0200040322 0.0323069803 -0.0565100014
v 0.025014028 0.0274399761 -0.0580140017
v 0.0195470322 0.0315689817 -0.0580140017
v 0.0137270354 0.0354329869 -0.0565100014
v 0.0200040322 0.0323069803 -0.0565100014
v 0.0195470322 0.0315689817 -0.0580140017
v 0.0137270354 0.0354329869 -0.0565100014
v 0.0195470322 0.0315689817 -0.0580140017
v 0.0134130344 0.0346229859 -0.0580140017
v 0.00698203733 0.0373509936 -0.0565100014
v 0.0137270354 0.0354329869 -0.0565100014
v 0.0134130344 0.0346229859 -0.0580140017
v 0.00698203733 0.0373509936 -0.0565100014
v 0.0134130344 0.0346229859 -0.0580140017
v 0.00682303635 0.0364979915 -0.0580140017

# 990 UV coordinates
vt 0 0 0
vt 0 -0.656037986 0
vt 0.600000024 0 0
vt 0.600000024 -0.656037986 0
vt 0 -1.31207705 0
vt 0.600000024 -1.31207705 0
vt 0 -1.96811497 0
vt 0.600000024 -1.96811497 0
vt 0 -2.62415409 0
vt 0.600000024 -2.62415409 0
vt 0 -3.2801919 0
vt 0.600000024 -3.2801919 0
vt 0 -3.93623114 0
vt 0.600000024 -3.93623114 0
vt 0 -4.59226894 0
vt 0.600000024 -4.59226894 0
vt 0 -5.24830818 0
vt 0.600000024 -5.24830818 0
vt 0 -5.90434599 0
vt 0.600000024 -5.90434599 0
vt 0 -6.56038475 0
vt 0.600000024 -6.56038475 0
vt 0 -7.21642303 0
vt 0.600000024 -7.21642303 0
vt 0 -7.8724618 0
vt 0.600000024 -7.8724618 0
vt 0 -8.5284996 0
vt 0.600000024 -8.5284996 0
vt 0 -9.18453884 0
vt 0.600000024 -9.18453884 0
vt 0 -9.84057713 0
vt 0.600000024 -9.84057713 0
vt 0 -10.4966154 0
vt 0.600000024 -10.4966154 0
vt 0.600000024 -11.1526537 0
vt 0 -11.1526537 0
vt -0.949999988 0 0
vt -0.973432004 0.424353004 0
vt -0 0.692997992 0
vt -1.04314697 0.848953009 0
vt -0 1.38599706 0
vt -1.15708494 1.26961899 0
vt -1.31050098 1.68245697 0
vt -0 2.07899499 0
vt -1.49742794 2.08440399 0
vt -1.71008301 2.47182798 0
vt -0 2.77199292 0
vt -1.93936002 2.84063601 0
vt -2.17923808 3.19197607 0
vt -0 3.46499205 0
vt -2.6961689 3.88088989 0
vt -0 4.15798998 0
vt -3.220402 4.54450893 0
vt -0 4.85098886 0
vt -3.46341395 4.86455011 0
vt -3.67983294 5.18280602 0
vt -0 5.5439868 0
vt -3.85011911 5.51263523 0
vt -3.90591812 5.69193411 0
vt -3.92822003 5.89048576 0
vt -0 6.23698521 0
vt -3.90591812 6.0890379 0
vt -3.85011911 6.26833725 0
vt -3.67983294 6.59816599 0
vt -0 6.92998409 0
vt -3.46341395 6.91642189 0
vt -3.220402 7.23646307 0
vt -0 7.62298203 0
vt -2.6961689 7.90008211 0
vt -0 8.31598091 0
vt -2.17923808 8.58899689 0
vt -0 9.00897884 0
vt -1.93936002 8.94033623 0
vt -1.71008301 9.30914497 0
vt -0 9.70197773 0
vt -1.49742794 9.69656754 0
vt -1.31050098 10.0985165 0
vt -0 10.3949757 0
vt -1.15708494 10.5113525 0
vt -1.04314697 10.9320192 0
vt -0 11.0879736 0
vt -0.973432004 11.3566198 0
vt -0 11.7809715 0
vt -0.949999988 11.7809715 0
vt -3.61979508 0 0
vt -3.60412192 0.671952009 0
vt -10.9099998 0 0
vt -10.9099998 0.711477995 0
vt -3.55758095 1.34390402 0
vt -10.9099998 1.42295694 0
vt -3.48158598 2.01585507 0
vt -10.9099998 2.13443494 0
vt -3.37844491 2.68780708 0
vt -10.9099998 2.84591293 0
vt -3.25129294 3.35975909 0
vt -10.9099998 3.55739212 0
vt -3.10399294 4.0317111 0
vt -10.9099998 4.26886988 0
vt -2.94102001 4.70366192 0
vt -10.9099998 4.98034906 0
vt -2.76732707 5.37561417 0
vt -10.9099998 5.69182682 0
vt -2.58819103 6.04756594 0
vt -10.9099998 6.40330505 0
vt -2.40905404 6.71951818 0
vt -5.98000002 6.92697287 0
vt -5.78154087 6.94988489 0
vt -5.60278797 7.00735807 0
vt -2.2353611 7.391469 0
vt -5.27651024 7.18417215 0
vt -4.96681213 7.41257191 0
vt -4.66273594 7.67521906 0
vt -2.07238793 8.06342125 0
vt -4.06522608 8.27335548 0
vt -1.92508793 8.73537254 0
vt -3.50845504 8.93027496 0
vt -1.79793596 9.40732479 0
vt -3.25543404 9.27225208 0
vt -3.01561308 9.63427544 0
vt -1.69479501 10.0792761 0
vt -2.79456592 10.0169554 0
vt -2.6011529 10.4158068 0
vt -1.61879897 10.7512283 0
vt -2.44293308 10.8268127 0
vt -2.32569408 11.2465582 0
vt -1.572258 11.4231796 0
vt -2.25405788 11.670826 0
vt -1.55658603 12.0951319 0
vt -2.23000002 12.0951319 0
vt -10.9099998 7.11478281 0
vt -6.17845917 6.94988489 0
vt -6.35721207 7.00735807 0
vt -6.6834898 7.18417215 0
vt -6.99318695 7.41257191 0
vt -10.9099998 7.826262 0
vt -7.2972641 7.67521906 0
vt -7.89477396 8.27335548 0
vt -10.9099998 8.53773975 0
vt -8.45154572 8.93027496 0
vt -10.9099998 9.24921799 0
vt -8.704566 9.27225208 0
vt -8.94438553 9.63427544 0
vt -10.9099998 9.96069717 0
vt -9.16543388 10.0169554 0
vt -9.35884666 10.4158068 0
vt -10.9099998 10.6721754 0
vt -9.51706696 10.8268127 0
vt -9.63430595 11.2465582 0
vt -10.9099998 11.3836536 0
vt -9.7059412 11.670826 0
vt -10.9099998 12.0951319 0
vt -9.72999954 12.0951319 0
vt -2.23000002 -12.0951319 0
vt -1.55658603 -12.0951319 0
vt -2.25405788 -11.670826 0
vt -1.572258 -11.4231796 0
vt -2.32569408 -11.2465582 0
vt -1.61879897 -10.7512283 0
vt -2.44293308 -10.8268127 0
vt -2.6011529 -10.4158068 0
vt -1.69479501 -10.0792761 0
vt -2.79456592 -10.0169554 0
vt -3.01561308 -9.63427544 0
vt -1.79793596 -9.40732479 0
vt -3.25543404 -9.27225208 0
vt -1.92508793 -8.73537254 0
vt -3.50845504 -8.93027496 0
vt -4.06522608 -8.27335548 0
vt -2.07238793 -8.06342125 0
vt -4.66273594 -7.67521906 0
vt -2.2353611 -7.391469 0
vt -4.96681213 -7.41257191 0
vt -5.27651024 -7.18417215 0
vt -2.40905404 -6.71951818 0
vt -5.60278797 -7.00735807 0
vt -5.78154087 -6.94988489 0
vt -5.98000002 -6.92697287 0
vt -10.9099998 -7.11478281 0
vt -6.17845917 -6.94988489 0
vt -6.35721207 -7.00735807 0
vt -6.6834898 -7.18417215 0
vt -6.99318695 -7.41257191 0
vt -10.9099998 -7.826262 0
vt -7.2972641 -7.67521906 0
vt -7.89477396 -8.27335548 0
vt -10.9099998 -8.53773975 0
vt -8.45154572 -8.93027496 0
vt -10.9099998 -9.24921799 0
vt -8.704566 -9.27225208 0
vt -8.94438553 -9.63427544 0
vt -10.9099998 -9.96069717 0
vt -9.16543388 -10.0169554 0
vt -9.35884666 -10.4158068 0
vt -10.9099998 -10.6721754 0
vt -9.51706696 -10.8268127 0
vt -10.9099998 -11.3836536 0
vt -9.63430595 -11.2465582 0
vt -9.7059412 -11.670826 0
vt -10.9099998 -12.0951319 0
vt -9.72999954 -12.0951319 0
vt -10.9099998 -6.40330505 0
vt -2.58819103 -6.04756594 0
vt -10.9099998 -5.69182682 0
vt -2.76732707 -5.37561417 0
vt -10.9099998 -4.98034906 0
vt -2.94102001 -4.70366192 0
vt -10.9099998 -4.26886988 0
vt -3.10399294 -4.0317111 0
vt -10.9099998 -3.55739212 0
vt -3.25129294 -3.35975909 0
vt -10.9099998 -2.84591293 0
vt -3.37844491 -2.68780708 0
vt -10.9099998 -2.13443494 0
vt -3.48158598 -2.01585507 0
vt -10.9099998 -1.42295694 0
vt -3.55758095 -1.34390402 0
vt -10.9099998 -0.711477995 0
vt -3.60412192 -0.671952009 0
vt -0.949999988 -11.7809715 0
vt -0 -11.7809715 0
vt -0.973432004 -11.3566198 0
vt -0 -11.0879736 0
vt -1.04314697 -10.9320192 0
vt -0 -10.3949757 0
vt -1.15708494 -10.5113525 0
vt -1.31050098 -10.0985165 0
vt -0 -9.70197773 0
vt -1.49742794 -9.69656754 0
vt -1.71008301 -9.30914497 0
vt -0 -9.00897884 0
vt -1.93936002 -8.94033623 0
vt -2.17923808 -8.58899689 0
vt -0 -8.31598091 0
vt -2.6961689 -7.90008211 0
vt -0 -7.62298203 0
vt -3.220402 -7.23646307 0
vt -0 -6.92998409 0
vt -3.46341395 -6.91642189 0
vt -3.67983294 -6.59816599 0
vt -0 -6.23698521 0
vt -3.85011911 -6.26833725 0
vt -3.90591812 -6.0890379 0
vt -3.92822003 -5.89048576 0
vt -0 -5.5439868 0
vt -3.90591812 -5.69193411 0
vt -3.85011911 -5.51263523 0
vt -3.67983294 -5.18280602 0
vt 0 -4.85098886 0
vt -3.46341395 -4.86455011 0
vt -3.220402 -4.54450893 0
vt 0 -4.15798998 0
vt -2.6961689 -3.88088989 0
vt 0 -3.46499205 0
vt -2.17923808 -3.19197607 0
vt 0 -2.77199292 0
vt -1.93936002 -2.84063601 0
vt -1.71008301 -2.47182798 0
vt 0 -2.07899499 0
vt -1.49742794 -2.08440399 0
vt -1.31050098 -1.68245697 0
vt 0 -1.38599706 0
vt -1.15708494 -1.26961899 0
vt -1.04314697 -0.848953009 0
vt -0 -0.692997992 0
vt -0.973432004 -0.424353004 0
vt -3.68614912 -0.689060986 0
vt -3.48955393 -0.652311027 0
vt -3.75 0 0
vt -3.54999995 0 0
vt -3.48955393 0.652311027 0
vt -3.31027699 -1.282408 0
vt -3.4967711 -1.35465598 0
vt -3.01827097 -1.86883402 0
vt -3.18831396 -1.97412097 0
vt -2.62348199 -2.39161897 0
vt -2.77128291 -2.52635908 0
vt -2.13935304 -2.83296108 0
vt -2.25988007 -2.99256492 0
vt -1.582371 -3.17782998 0
vt -1.67151904 -3.35686207 0
vt -0.971503973 -3.41448092 0
vt -1.02623606 -3.60684586 0
vt -0.327553004 -3.53485608 0
vt -0.346006006 -3.73400307 0
vt 0.346006006 -3.73400307 0
vt 0.327553004 -3.53485608 0
vt 1.02623606 -3.60684586 0
vt 0.971503973 -3.41448092 0
vt 1.67151904 -3.35686207 0
vt 1.582371 -3.17782998 0
vt 2.25988007 -2.99256492 0
vt 2.13935304 -2.83296108 0
vt 2.77128291 -2.52635908 0
vt 2.62348199 -2.39161897 0
vt 3.18831396 -1.97412097 0
vt 3.01827097 -1.86883402 0
vt 3.4967711 -1.35465598 0
vt 3.31027699 -1.282408 0
vt 3.68614912 -0.689060986 0
vt 3.48955393 -0.652311027 0
vt 3.75 0 0
vt 3.54999995 0 0
vt 3.48955393 0.652311027 0
vt 3.68614912 0.689060986 0
vt 3.31027699 1.282408 0
vt 3.4967711 1.35465598 0
vt 3.01827097 1.86883402 0
vt 3.18831396 1.97412097 0
vt 2.62348199 2.39161897 0
vt 2.77128291 2.52635908 0
vt 2.13935304 2.83296108 0
vt 2.25988007 2.99256492 0
vt 1.582371 3.17782998 0
vt 1.67151904 3.35686207 0
vt 0.971503973 3.41448092 0
vt 1.02623606 3.60684586 0
vt 0.327553004 3.53485608 0
vt 0.346006006 3.73400307 0
vt -0.346006006 3.73400307 0
vt -0.327553004 3.53485608 0
vt -1.02623606 3.60684586 0
vt -0.971503973 3.41448092 0
vt -1.67151904 3.35686207 0
vt -1.582371 3.17782998 0
vt -2.25988007 2.99256492 0
vt -2.13935304 2.83296108 0
vt -2.77128291 2.52635908 0
vt -2.62348199 2.39161897 0
vt -3.18831396 1.97412097 0
vt -3.01827097 1.86883402 0
vt -3.4967711 1.35465598 0
vt -3.31027699 1.282408 0
vt -3.68614912 0.689060986 0
vt 0.600000024 11.1526537 0
vt 0 11.1526537 0
vt 0.600000024 10.4966154 0
vt 0 10.4966154 0
vt 0 9.84057713 0
vt 0.600000024 9.84057713 0
vt 0 9.18453884 0
vt 0.600000024 9.18453884 0
vt 0 8.5284996 0
vt 0.600000024 8.5284996 0
vt 0 7.8724618 0
vt 0.600000024 7.8724618 0
vt 0 7.21642303 0
vt 0.600000024 7.21642303 0
vt 0 6.56038475 0
vt 0.600000024 6.56038475 0
vt 0 5.90434599 0
vt 0.600000024 5.90434599 0
vt 0 5.24830818 0
vt 0.600000024 5.24830818 0
vt 0 4.59226894 0
vt 0.600000024 4.59226894 0
vt 0 3.93623114 0
vt 0.600000024 3.93623114 0
vt 0 3.2801919 0
vt 0.600000024 3.2801919 0
vt 0 2.62415409 0
vt 0.600000024 2.62415409 0
vt 0 1.96811497 0
vt 0.600000024 1.96811497 0
vt 0 1.31207705 0
vt 0.600000024 1.31207705 0
vt 0 0.656037986 0
vt 0.600000024 0.656037986 0
vt -0.707436025 3.3094461 0
vt -0.703760982 3.28978705 0
vt 0 3.375 0
vt 0 3.35500002 0
vt 0.703760982 3.28978705 0
vt -1.38355601 3.09636903 0
vt -1.39077997 3.11501789 0
vt -2.01623511 2.78133202 0
vt -2.02676392 2.79833603 0
vt -2.58025408 2.3554039 0
vt -2.59372807 2.37018394 0
vt -3.05640602 1.83309102 0
vt -3.072366 1.84514308 0
vt -3.4284749 1.23217797 0
vt -3.44637895 1.24109304 0
vt -3.68379211 0.573128998 0
vt -3.70302892 0.578602016 0
vt -3.81366205 -0.121611997 0
vt -3.83357692 -0.119767003 0
vt -3.83357692 -0.830232978 0
vt -3.81366205 -0.828387976 0
vt -3.70302892 -1.528602 0
vt -3.68379211 -1.52312899 0
vt -3.44637895 -2.19109297 0
vt -3.4284749 -2.18217802 0
vt -3.072366 -2.79514313 0
vt -3.05640602 -2.78309107 0
vt -2.59372807 -3.32018399 0
vt -2.58025408 -3.30540395 0
vt -2.02676392 -3.74833608 0
vt -2.01623511 -3.73133206 0
vt -1.39077997 -4.06501818 0
vt -1.38355601 -4.04636908 0
vt -0.707436025 -4.2594471 0
vt -0.703760982 -4.2397871 0
vt 0 -4.32499981 0
vt 0 -4.30499983 0
vt 0.703760982 -4.2397871 0
vt 0.707436025 -4.2594471 0
vt 1.38355601 -4.04636908 0
vt 1.39077997 -4.06501818 0
vt 2.01623511 -3.73133206 0
vt 2.02676392 -3.74833608 0
vt 2.58025408 -3.30540395 0
vt 2.59372807 -3.32018399 0
vt 3.05640602 -2.78309107 0
vt 3.072366 -2.79514313 0
vt 3.4284749 -2.18217802 0
vt 3.44637895 -2.19109297 0
vt 3.68379211 -1.52312899 0
vt 3.70302892 -1.528602 0
vt 3.81366205 -0.828387976 0
vt 3.83357692 -0.830232978 0
vt 3.81366205 -0.121611997 0
vt 3.83357692 -0.119767003 0
vt 3.70302892 0.578602016 0
vt 3.68379211 0.573128998 0
vt 3.44637895 1.24109304 0
vt 3.4284749 1.23217797 0
vt 3.072366 1.84514308 0
vt 3.05640602 1.83309102 0
vt 2.59372807 2.37018394 0
vt 2.58025408 2.3554039 0
vt 2.02676392 2.79833603 0
vt 2.01623511 2.78133202 0
vt 1.39077997 3.11501789 0
vt 1.38355601 3.09636903 0
vt 0.707436025 3.3094461 0
vt 4.8031249 0.668545008 0
vt 4.78273392 0.665072978 0
vt 4.86367798 0 0
vt 4.84297276 0 0
vt 4.8031249 -0.668545008 0
vt 4.78273392 -0.665072978 0
vt 4.60384798 -1.309937 0
vt 4.60384798 1.309937 0
vt 4.62330389 1.31677794 0
vt 4.31174898 1.91499996 0
vt 4.32967997 1.92499995 0
vt 3.91531396 2.46187687 0
vt 3.93117499 2.47473192 0
vt 3.4265871 2.93394995 0
vt 3.43989611 2.94927096 0
vt 2.86041903 3.31687689 0
vt 2.87077188 3.334198 0
vt 2.23401189 3.59902287 0
vt 2.24109292 3.61781693 0
vt 1.56639898 3.77181387 0
vt 1.56999397 3.79151011 0
vt 0.877865016 3.82999992 0
vt 0.877865016 3.8499999 0
vt 0.185736001 3.79151011 0
vt 0.189330995 3.77181387 0
vt -0.48536399 3.61781693 0
vt -0.478282005 3.59902287 0
vt -1.11504197 3.334198 0
vt -1.104689 3.31687689 0
vt -1.68416703 2.94927096 0
vt -1.67085695 2.93394995 0
vt -2.17544508 2.47473192 0
vt -2.15958405 2.46187687 0
vt -2.57395101 1.92499995 0
vt -2.55601907 1.91499996 0
vt -2.86757398 1.31677794 0
vt -2.84811807 1.309937 0
vt -3.04739499 0.668545008 0
vt -3.027004 0.665072978 0
vt -3.10794806 0 0
vt -3.08724308 0 0
vt -3.027004 -0.665072978 0
vt -3.04739499 -0.668545008 0
vt -2.84811807 -1.309937 0
vt -2.86757398 -1.31677794 0
vt -2.55601907 -1.91499996 0
vt -2.57395101 -1.92499995 0
vt -2.15958405 -2.46187687 0
vt -2.17544508 -2.47473192 0
vt -1.67085695 -2.93394995 0
vt -1.68416703 -2.94927096 0
vt -1.104689 -3.31687689 0
vt -1.11504197 -3.334198 0
vt -0.478282005 -3.59902287 0
vt -0.48536399 -3.61781693 0
vt 0.189330995 -3.77181387 0
vt 0.185736001 -3.79151011 0
vt 0.877865016 -3.82999992 0
vt 0.877865016 -3.8499999 0
vt 1.56999397 -3.79151011 0
vt 1.56639898 -3.77181387 0
vt 2.24109292 -3.61781693 0
vt 2.23401189 -3.59902287 0
vt 2.87077188 -3.334198 0
vt 2.86041903 -3.31687689 0
vt 3.43989611 -2.94927096 0
vt 3.4265871 -2.93394995 0
vt 3.93117499 -2.47473192 0
vt 3.91531396 -2.46187687 0
vt 4.32967997 -1.92499995 0
vt 4.31174898 -1.91499996 0
vt 4.62330389 -1.31677794 0
vt 0.628319025 0 0
vt 0.785398006 0 0
vt 0.698131979 0.680719018 0
vt 0.785398006 0.723263979 0
vt 0.698131979 1.36143804 0
vt 0.785398006 1.44652796 0
vt 0.698131979 2.04215693 0
vt 0.785398006 2.16979194 0
vt 0.698131979 2.72287607 0
vt 0.785398006 2.89305592 0
vt 0.698131979 3.40359497 0
vt 0.785398006 3.61632013 0
vt 0.698131979 4.08431387 0
vt 0.785398006 4.33958387 0
vt 0.698131979 4.7650342 0
vt 0.785398006 5.06284809 0
vt 0.698131979 5.4457531 0
vt 0.785398006 5.78611183 0
vt 0.698131979 6.126472 0
vt 0.785398006 6.50937605 0
vt 0.698131979 6.8071909 0
vt 0.785398006 7.23263979 0
vt 0.698131979 7.48790979 0
vt 0.785398006 7.95590401 0
vt 0.698131979 8.16862869 0
vt 0.785398006 8.67916775 0
vt 0.698131979 8.84934807 0
vt 0.785398006 9.40243244 0
vt 0.698131979 9.53006744 0
vt 0.785398006 10.1256962 0
vt 0.698131979 10.2107859 0
vt 0.785398006 10.8489599 0
vt 0.698131979 10.8915052 0
vt 0.785398006 11.5722246 0
vt 0.628319025 11.5722246 0
vt 0.523599029 10.8915052 0
vt 0.471239001 11.5722246 0
vt 0.349065989 10.8915052 0
vt 0.314159006 11.5722246 0
vt 0.174532995 10.8915052 0
vt 0.157079995 11.5722246 0
vt -0 10.8915052 0
vt -0 11.5722246 0
vt 0.174532995 10.2107859 0
vt -0 10.2107859 0
vt 0.174532995 9.53006744 0
vt -0 9.53006744 0
vt 0.174532995 8.84934807 0
vt -0 8.84934807 0
vt 0.174532995 8.16862869 0
vt -0 8.16862869 0
vt 0.174532995 7.48790979 0
vt -0 7.48790979 0
vt 0.174532995 6.8071909 0
vt -0 6.8071909 0
vt 0.174532995 6.126472 0
vt -0 6.126472 0
vt 0.174532995 5.4457531 0
vt -0 5.4457531 0
vt 0.174532995 4.7650342 0
vt -0 4.7650342 0
vt 0.174532995 4.08431387 0
vt -0 4.08431387 0
vt 0.174532995 3.40359497 0
vt -0 3.40359497 0
vt 0.174532995 2.72287607 0
vt -0 2.72287607 0
vt 0.174532995 2.04215693 0
vt -0 2.04215693 0
vt 0.174532995 1.36143804 0
vt -0 1.36143804 0
vt 0.174532995 0.680719018 0
vt -0 0.680719018 0
vt 0.157079995 0 0
vt 0.314159006 0 0
vt 0.349065989 0.680719018 0
vt 0.349065989 1.36143804 0
vt 0.349065989 2.04215693 0
vt 0.349065989 2.72287607 0
vt 0.349065989 3.40359497 0
vt 0.349065989 4.08431387 0
vt 0.349065989 4.7650342 0
vt 0.349065989 5.4457531 0
vt 0.349065989 6.126472 0
vt 0.349065989 6.8071909 0
vt 0.349065989 7.48790979 0
vt 0.349065989 8.16862869 0
vt 0.349065989 8.84934807 0
vt 0.349065989 9.53006744 0
vt 0.349065989 10.2107859 0
vt 0.471239001 0 0
vt 0.523599029 0.680719018 0
vt 0.523599029 1.36143804 0
vt 0.523599029 2.04215693 0
vt 0.523599029 2.72287607 0
vt 0.523599029 3.40359497 0
vt 0.523599029 4.08431387 0
vt 0.523599029 4.7650342 0
vt 0.523599029 5.4457531 0
vt 0.523599029 6.126472 0
vt 0.523599029 6.8071909 0
vt 0.523599029 7.48790979 0
vt 0.523599029 8.16862869 0
vt 0.523599029 8.84934807 0
vt 0.523599029 9.53006744 0
vt 0.523599029 10.2107859 0
vt -12.8017759 0 0
vt -12.7861843 0.668461025 0
vt -13.8637209 0 0
vt -13.8637209 0.707781971 0
vt -12.7398853 1.33692193 0
vt -13.8637209 1.41556501 0
vt -12.6642847 2.00538301 0
vt -13.8637209 2.12334704 0
vt -12.5616798 2.67384386 0
vt -13.8637209 2.83112907 0
vt -12.4351883 3.34230494 0
vt -13.8637209 3.53891206 0
vt -12.2886524 4.01076698 0
vt -13.8637209 4.24669409 0
vt -12.1265268 4.67922783 0
vt -13.8637209 4.95447588 0
vt -11.9537363 5.34768915 0
vt -13.8637209 5.6622591 0
vt -11.7755299 6.01615 0
vt -13.8637209 6.37004089 0
vt -11.5973244 6.68461084 0
vt -13.8637209 7.07782412 0
vt -11.4245338 7.35307217 0
vt -13.8637209 7.78560591 0
vt -11.2624073 8.02153301 0
vt -13.8637209 8.49338818 0
vt -11.1158724 8.68999481 0
vt -13.8637209 9.20117092 0
vt -10.9893808 9.35845566 0
vt -13.8637209 9.90895271 0
vt -10.886776 10.0269175 0
vt -13.8637209 10.6167355 0
vt -10.8111753 10.6953773 0
vt -13.8637209 11.3245173 0
vt -10.7648754 11.3638391 0
vt -13.8637209 12.0323 0
vt -10.7492847 12.0323 0
vt -0.620000005 0 0
vt -0.620000005 0.656037986 0
vt -0.620000005 1.31207705 0
vt -0.620000005 1.96811497 0
vt -0.620000005 2.62415409 0
vt -0.620000005 3.2801919 0
vt -0.620000005 3.93623114 0
vt -0.620000005 4.59226894 0
vt -0.620000005 5.24830818 0
vt -0.620000005 5.90434599 0
vt -0.620000005 6.56038475 0
vt -0.620000005 7.21642303 0
vt -0.620000005 7.8724618 0
vt -0.620000005 8.5284996 0
vt -0.620000005 9.18453884 0
vt -0.620000005 9.84057713 0
vt -0.620000005 10.4966154 0
vt -0.620000005 11.1526537 0
vt -0.5 0 0
vt -0.5 0.707781971 0
vt -0 0.707781971 0
vt -0.5 1.41556501 0
vt -0 1.41556501 0
vt -0.5 2.12334704 0
vt -0 2.12334704 0
vt -0.5 2.83112907 0
vt -0 2.83112907 0
vt -0.5 3.53891206 0
vt -0 3.53891206 0
vt -0.5 4.24669409 0
vt -0 4.24669409 0
vt -0.5 4.95447588 0
vt -0 4.95447588 0
vt -0.5 5.6622591 0
vt -0 5.6622591 0
vt -0.5 6.37004089 0
vt -0 6.37004089 0
vt -0.5 7.07782412 0
vt -0 7.07782412 0
vt -0.5 7.78560591 0
vt -0 7.78560591 0
vt -0.5 8.49338818 0
vt -0 8.49338818 0
vt -0.5 9.20117092 0
vt -0 9.20117092 0
vt -0.5 9.90895271 0
vt -0 9.90895271 0
vt -0.5 10.6167355 0
vt -0 10.6167355 0
vt -0.5 11.3245173 0
vt -0 11.3245173 0
vt -0.5 12.0323 0
vt -0 12.0323 0
vt -0.5 -12.0323 0
vt -0 -12.0323 0
vt -0.5 -11.3245173 0
vt -0 -11.3245173 0
vt -0.5 -10.6167355 0
vt -0 -10.6167355 0
vt -0.5 -9.90895271 0
vt -0 -9.90895271 0
vt -0.5 -9.20117092 0
vt -0 -9.20117092 0
vt -0.5 -8.49338818 0
vt -0 -8.49338818 0
vt -0.5 -7.78560591 0
vt -0 -7.78560591 0
vt -0.5 -7.07782412 0
vt -0 -7.07782412 0
vt -0.5 -6.37004089 0
vt -0 -6.37004089 0
vt -0.5 -5.6622591 0
vt -0 -5.6622591 0
vt -0.5 -4.95447588 0
vt -0 -4.95447588 0
vt -0.5 -4.24669409 0
vt -0 -4.24669409 0
vt -0.5 -3.53891206 0
vt -0 -3.53891206 0
vt -0.5 -2.83112907 0
vt -0 -2.83112907 0
vt -0.5 -2.12334704 0
vt -0 -2.12334704 0
vt -0.5 -1.41556501 0
vt -0 -1.41556501 0
vt -0.5 -0.707781971 0
vt -0 -0.707781971 0
vt 0 -3.54999995 0
vt 0.652311027 -3.48955393 0
vt -0.652311027 -3.48955393 0
vt -1.282408 -3.31027699 0
vt 1.282408 -3.31027699 0
vt -1.86883402 -3.01827097 0
vt 1.86883402 -3.01827097 0
vt -2.39161897 -2.62348199 0
vt 2.39161897 -2.62348199 0
vt -2.83296108 -2.13935304 0
vt -3.17782998 -1.582371 0
vt -3.41448092 -0.971503973 0
vt -3.53485608 -0.327553004 0
vt -3.53485608 0.327553004 0
vt -3.41448092 0.971503973 0
vt -3.17782998 1.582371 0
vt -2.83296108 2.13935304 0
vt -2.39161897 2.62348199 0
vt -1.86883402 3.01827097 0
vt 2.83296108 -2.13935304 0
vt -1.282408 3.31027699 0
vt -0.652311027 3.48955393 0
vt 0 3.54999995 0
vt 0.652311027 3.48955393 0
vt 1.282408 3.31027699 0
vt 1.86883402 3.01827097 0
vt 2.39161897 2.62348199 0
vt 2.83296108 2.13935304 0
vt 3.17782998 -1.582371 0
vt 3.17782998 1.582371 0
vt 3.41448092 -0.971503973 0
vt 3.41448092 0.971503973 0
vt 3.53485608 -0.327553004 0
vt 3.53485608 0.327553004 0
vt -0.620000005 -11.1526537 0
vt -0.620000005 -10.4966154 0
vt -0.620000005 -9.84057713 0
vt -0.620000005 -9.18453884 0
vt -0.620000005 -8.5284996 0
vt -0.620000005 -7.8724618 0
vt -0.620000005 -7.21642303 0
vt -0.620000005 -6.56038475 0
vt -0.620000005 -5.90434599 0
vt -0.620000005 -5.24830818 0
vt -0.620000005 -4.59226894 0
vt -0.620000005 -3.93623114 0
vt -0.620000005 -3.2801919 0
vt -0.620000005 -2.62415409 0
vt -0.620000005 -1.96811497 0
vt -0.620000005 -1.31207705 0
vt -0.620000005 -0.656037986 0
vt 0.652311027 -3.96455503 0
vt 0 -4.0250001 0
vt -0.652311027 -3.96455503 0
vt 1.282408 -3.78527594 0
vt 1.86883402 -3.49327087 0
vt 2.39161897 -3.09848189 0
vt 2.83296108 -2.61435294 0
vt 3.17782998 -2.0573709 0
vt 3.41448092 -1.446504 0
vt 3.53485608 -0.802552998 0
vt 3.53485608 -0.147447005 0
vt 3.41448092 0.496504009 0
vt 3.17782998 1.10737097 0
vt 2.83296108 1.66435301 0
vt 2.39161897 2.14848208 0
vt 1.86883402 2.54327106 0
vt 1.282408 2.83527613 0
vt 0.652311027 3.01455498 0
vt 0 3.07500005 0
vt -0.652311027 3.01455498 0
vt -1.282408 2.83527613 0
vt -1.86883402 2.54327106 0
vt -2.39161897 2.14848208 0
vt -2.83296108 1.66435301 0
vt -3.17782998 1.10737097 0
vt -3.41448092 0.496504009 0
vt -3.53485608 -0.147447005 0
vt -3.53485608 -0.802552998 0
vt -3.41448092 -1.446504 0
vt -3.17782998 -2.0573709 0
vt -2.83296108 -2.61435294 0
vt -2.39161897 -3.09848189 0
vt -1.86883402 -3.49327087 0
vt -1.282408 -3.78527594 0
vt -10.7492847 -12.0323 0
vt -10.7648754 -11.3638391 0
vt -13.8637209 -12.0323 0
vt -13.8637209 -11.3245173 0
vt -10.8111753 -10.6953773 0
vt -13.8637209 -10.6167355 0
vt -10.886776 -10.0269175 0
vt -13.8637209 -9.90895271 0
vt -10.9893808 -9.35845566 0
vt -13.8637209 -9.20117092 0
vt -11.1158724 -8.68999481 0
vt -13.8637209 -8.49338818 0
vt -11.2624073 -8.02153301 0
vt -13.8637209 -7.78560591 0
vt -11.4245338 -7.35307217 0
vt -13.8637209 -7.07782412 0
vt -11.5973244 -6.68461084 0
vt -13.8637209 -6.37004089 0
vt -11.7755299 -6.01615 0
vt -13.8637209 -5.6622591 0
vt -11.9537363 -5.34768915 0
vt -13.8637209 -4.95447588 0
vt -12.1265268 -4.67922783 0
vt -13.8637209 -4.24669409 0
vt -12.2886524 -4.01076698 0
vt -13.8637209 -3.53891206 0
vt -12.4351883 -3.34230494 0
vt -13.8637209 -2.83112907 0
vt -12.5616798 -2.67384386 0
vt -13.8637209 -2.12334704 0
vt -12.6642847 -2.00538301 0
vt -13.8637209 -1.41556501 0
vt -12.7398853 -1.33692193 0
vt -13.8637209 -0.707781971 0
vt -12.7861843 -0.668461025 0
vt -0 -3.32999992 0
vt 0.649650991 -3.26601505 0
vt -0.649650991 -3.26601505 0
vt -1.27433598 -3.07651901 0
vt 1.27433598 -3.07651901 0
vt -1.85004902 -2.76879406 0
vt 1.85004902 -2.76879406 0
vt -2.35466599 -2.35466599 0
vt 2.35466599 -2.35466599 0
vt -2.76879406 -1.85004902 0
vt 2.76879406 -1.85004902 0
vt -3.07651901 -1.27433598 0
vt 3.07651901 -1.27433598 0
vt -3.26601505 -0.649650991 0
vt 3.26601505 -0.649650991 0
vt -3.32999992 -0 0
vt 3.32999992 -0 0
vt -3.26601505 0.649650991 0
vt 3.26601505 0.649650991 0
vt -3.07651901 1.27433598 0
vt 3.07651901 1.27433598 0
vt -2.76879406 1.85004902 0
vt 2.76879406 1.85004902 0
vt -2.35466599 2.35466599 0
vt 2.35466599 2.35466599 0
vt -1.85004902 2.76879406 0
vt 1.85004902 2.76879406 0
vt -1.27433598 3.07651901 0
vt 1.27433598 3.07651901 0
vt -0.649650991 3.26601505 0
vt 0.649650991 3.26601505 0
vt -0 3.32999992 0
vt -0 -11.5722246 0
vt 0.157079995 -11.5722246 0
vt -0 -10.8915052 0
vt 0.174532995 -10.8915052 0
vt -0 -10.2107859 0
vt 0.174532995 -10.2107859 0
vt -0 -9.53006744 0
vt 0.174532995 -9.53006744 0
vt -0 -8.84934807 0
vt 0.174532995 -8.84934807 0
vt -0 -8.16862869 0
vt 0.174532995 -8.16862869 0
vt -0 -7.48790979 0
vt 0.174532995 -7.48790979 0
vt -0 -6.8071909 0
vt 0.174532995 -6.8071909 0
vt -0 -6.126472 0
vt 0.174532995 -6.126472 0
vt -0 -5.4457531 0
vt 0.174532995 -5.4457531 0
vt -0 -4.7650342 0
vt 0.174532995 -4.7650342 0
vt -0 -4.08431387 0
vt 0.174532995 -4.08431387 0
vt -0 -3.40359497 0
vt 0.174532995 -3.40359497 0
vt -0 -2.72287607 0
vt 0.174532995 -2.72287607 0
vt -0 -2.04215693 0
vt 0.174532995 -2.04215693 0
vt -0 -1.36143804 0
vt 0.174532995 -1.36143804 0
vt -0 -0.680719018 0
vt 0.174532995 -0.680719018 0
vt 0.349065989 -0.680719018 0
vt 0.523599029 -0.680719018 0
vt 0.698131979 -0.680719018 0
vt 0.785398006 -0.723263979 0
vt 0.698131979 -1.36143804 0
vt 0.785398006 -1.44652796 0
vt 0.698131979 -2.04215693 0
vt 0.785398006 -2.16979194 0
vt 0.698131979 -2.72287607 0
vt 0.785398006 -2.89305592 0
vt 0.698131979 -3.40359497 0
vt 0.785398006 -3.61632013 0
vt 0.698131979 -4.08431387 0
vt 0.785398006 -4.33958387 0
vt 0.698131979 -4.7650342 0
vt 0.785398006 -5.06284809 0
vt 0.698131979 -5.4457531 0
vt 0.785398006 -5.78611183 0
vt 0.698131979 -6.126472 0
vt 0.785398006 -6.50937605 0
vt 0.698131979 -6.8071909 0
vt 0.785398006 -7.23263979 0
vt 0.698131979 -7.48790979 0
vt 0.785398006 -7.95590401 0
vt 0.698131979 -8.16862869 0
vt 0.785398006 -8.67916775 0
vt 0.698131979 -8.84934807 0
vt 0.785398006 -9.40243244 0
vt 0.698131979 -9.53006744 0
vt 0.785398006 -10.1256962 0
vt 0.698131979 -10.2107859 0
vt 0.785398006 -10.8489599 0
vt 0.698131979 -10.8915052 0
vt 0.785398006 -11.5722246 0
vt 0.628319025 -11.5722246 0
vt 0.523599029 -10.8915052 0
vt 0.471239001 -11.5722246 0
vt 0.349065989 -10.8915052 0
vt 0.314159006 -11.5722246 0
vt 0.523599029 -10.2107859 0
vt 0.523599029 -9.53006744 0
vt 0.523599029 -8.84934807 0
vt 0.523599029 -8.16862869 0
vt 0.523599029 -7.48790979 0
vt 0.523599029 -6.8071909 0
vt 0.523599029 -6.126472 0
vt 0.523599029 -5.4457531 0
vt 0.523599029 -4.7650342 0
vt 0.523599029 -4.08431387 0
vt 0.523599029 -3.40359497 0
vt 0.523599029 -2.72287607 0
vt 0.523599029 -2.04215693 0
vt 0.523599029 -1.36143804 0
vt 0.349065989 -10.2107859 0
vt 0.349065989 -9.53006744 0
vt 0.349065989 -8.84934807 0
vt 0.349065989 -8.16862869 0
vt 0.349065989 -7.48790979 0
vt 0.349065989 -6.8071909 0
vt 0.349065989 -6.126472 0
vt 0.349065989 -5.4457531 0
vt 0.349065989 -4.7650342 0
vt 0.349065989 -4.08431387 0
vt 0.349065989 -3.40359497 0
vt 0.349065989 -2.72287607 0
vt 0.349065989 -2.04215693 0
vt 0.349065989 -1.36143804 0

# 325 vertex normals
vn -0 0 -100
vn -18.3749523 1.83749526e-05 -98.2973099
vn -36.1241684 3.61241691e-05 -93.2472229
vn -52.6432152 5.26432159e-05 -85.0217133
vn -67.3695679 6.73695686e-05 -73.9008942
vn -79.8017197 7.98017209e-05 -60.2634621
vn -89.5163269 8.95163248e-05 -44.5738373
vn -96.1825638 9.61825644e-05 -27.3662987
vn -99.5734177 9.95734154e-05 -9.2268362
vn -99.5734177 9.95734154e-05 9.2268362
vn -96.1825638 9.61825644e-05 27.3662987
vn -89.5163269 8.95163248e-05 44.5738373
vn -79.8017197 7.98017209e-05 60.2634621
vn -67.3695679 6.73695686e-05 73.9008942
vn -52.6432152 5.26432159e-05 85.0217133
vn -36.1241684 3.61241691e-05 93.2472229
vn -18.3749523 1.83749526e-05 98.2973099
vn 0 0 100
vn -11.2919359 1.12919361e-05 -99.3604126
vn -22.4458637 2.24458636e-05 -97.4483643
vn -33.2133865 3.32133859e-05 -94.3232269
vn -43.3754158 4.3375414e-05 -90.1031265
vn -52.7657928 5.2765794e-05 -84.945694
vn -61.2448273 6.12448275e-05 -79.0510635
vn -68.7109451 6.87109423e-05 -72.6553955
vn -75.2067566 7.52067572e-05 -65.9085999
vn -85.9813385 8.59813372e-05 -51.0608406
vn -93.6274261 9.36274228e-05 -35.1269951
vn -96.280899 9.6280899e-05 -27.0182858
vn -98.224617 9.82246202e-05 -18.7596607
vn -99.4927979 9.94927977e-05 -10.0589857
vn -99.8598633 9.98598625e-05 -5.29224491
vn -100 9.99999975e-05 0
vn -99.8598633 9.98598625e-05 5.29224491
vn -99.4927979 9.94927977e-05 10.0589857
vn -98.224617 9.82246202e-05 18.7596607
vn -96.280899 9.6280899e-05 27.0182858
vn -93.6274261 9.36274228e-05 35.1269951
vn -85.9813385 8.59813372e-05 51.0608406
vn -75.2067566 7.52067572e-05 65.9085999
vn -68.7109451 6.87109423e-05 72.6553955
vn -61.2448273 6.12448275e-05 79.0510635
vn -52.7657928 5.2765794e-05 84.945694
vn -43.3754158 4.3375414e-05 90.1031265
vn -33.2133865 3.32133859e-05 94.3232269
vn -22.4458637 2.24458636e-05 97.4483643
vn -11.2919359 1.12919361e-05 99.3604126
vn 9.99999975e-05 100 0
vn -17.3647194 98.4807892 0
vn -18.3748531 98.2973251 0
vn -34.2019196 93.9692917 0
vn -36.1240768 93.247261 0
vn -49.9999123 86.6025925 0
vn -52.6431313 85.0217667 0
vn -64.2786865 76.6045074 0
vn -67.3694916 73.9009628 0
vn -76.6043854 64.2788391 0
vn -79.8016586 60.2635422 0
vn -86.6024857 50.0000877 0
vn -89.5162811 44.573925 0
vn -93.9692307 34.2021103 0
vn -96.1825333 27.366394 0
vn -98.4807587 17.3649178 0
vn -99.57341 9.22693539 0
vn -99.5734253 -9.22673702 0
vn -98.4807892 -17.3647194 0
vn -97.4026184 -22.6435337 0
vn -97.2661362 -23.2227993 0
vn -96.908638 -24.6721497 0
vn -93.9692917 -34.2019196 0
vn -95.6737747 -29.0951691 0
vn -93.7804184 -34.7164688 0
vn -91.1957626 -41.0284386 0
vn -86.6025925 -49.9999123 0
vn -83.7488174 -54.6455498 0
vn -76.6045074 -64.2786865 0
vn -73.2537155 -68.0727081 0
vn -64.2788391 -76.6043854 0
vn -66.9263 -74.3025589 0
vn -59.6541061 -80.258255 0
vn -50.0000877 -86.6024857 0
vn -51.3953285 -85.7818146 0
vn -42.2488708 -90.6368179 0
vn -34.2021103 -93.9692307 0
vn -32.3507881 -94.622551 0
vn -21.8629494 -97.5807953 0
vn -17.3649178 -98.4807587 0
vn -10.9987345 -99.3933029 0
vn -9.99999975e-05 -100 0
vn -96.1825943 -27.3662033 0
vn -89.5163727 -44.5737495 0
vn -79.8017807 -60.263382 0
vn -67.3696442 -73.9008255 0
vn -52.6432991 -85.0216599 0
vn -36.1242599 -93.2471848 0
vn -18.3750515 -98.2972946 0
vn 10.9985361 -99.3933182 0
vn 17.3647194 -98.4807892 0
vn 21.8627548 -97.5808411 0
vn 34.2019196 -93.9692917 0
vn 32.3505974 -94.622612 0
vn 42.2486877 -90.6369095 0
vn 49.9999123 -86.6025925 0
vn 51.3951607 -85.7819214 0
vn 59.6539459 -80.2583771 0
vn 64.2786865 -76.6045074 0
vn 66.9261475 -74.3026962 0
vn 76.6043854 -64.2788391 0
vn 73.2535782 -68.0728607 0
vn 83.7487106 -54.6457176 0
vn 86.6024857 -50.0000877 0
vn 91.1956863 -41.0286217 0
vn 93.9692307 -34.2021103 0
vn 93.7803421 -34.7166595 0
vn 95.6737137 -29.0953598 0
vn 98.4807587 -17.3649178 0
vn 96.9085922 -24.6723442 0
vn 97.2660904 -23.2229939 0
vn 97.4025726 -22.6437283 0
vn 96.1825333 -27.366394 0
vn 89.5162811 -44.573925 0
vn 79.8016586 -60.2635422 0
vn 67.3694916 -73.9009628 0
vn 52.6431313 -85.0217667 0
vn 36.1240768 -93.247261 0
vn 18.3748531 -98.2973251 0
vn 99.57341 -9.22693539 0
vn 100 -9.99999975e-05 0
vn 99.5734253 9.22673702 0
vn 98.4807892 17.3647194 0
vn 96.1825943 27.3662033 0
vn 93.9692917 34.2019196 0
vn 89.5163727 44.5737495 0
vn 86.6025925 49.9999123 0
vn 79.8017807 60.263382 0
vn 76.6045074 64.2786865 0
vn 67.3696442 73.9008255 0
vn 64.2788391 76.6043854 0
vn 52.6432991 85.0216599 0
vn 50.0000877 86.6024857 0
vn 36.1242599 93.2471848 0
vn 34.2021103 93.9692307 0
vn 18.3750515 98.2972946 0
vn 17.3649178 98.4807587 0
vn 11.2919359 -1.12919361e-05 99.3604126
vn 18.3749523 -1.83749526e-05 98.2973099
vn 22.4458637 -2.24458636e-05 97.4483643
vn 36.1241684 -3.61241691e-05 93.2472229
vn 33.2133865 -3.32133859e-05 94.3232269
vn 43.3754158 -4.3375414e-05 90.1031265
vn 52.6432152 -5.26432159e-05 85.0217133
vn 52.7657928 -5.2765794e-05 84.945694
vn 61.2448273 -6.12448275e-05 79.0510635
vn 67.3695679 -6.73695686e-05 73.9008942
vn 68.7109451 -6.87109423e-05 72.6553955
vn 75.2067566 -7.52067572e-05 65.9085999
vn 79.8017197 -7.98017209e-05 60.2634621
vn 85.9813385 -8.59813372e-05 51.0608406
vn 89.5163269 -8.95163248e-05 44.5738373
vn 93.6274261 -9.36274228e-05 35.1269951
vn 96.1825638 -9.61825644e-05 27.3662987
vn 96.280899 -9.6280899e-05 27.0182858
vn 98.224617 -9.82246202e-05 18.7596607
vn 99.5734177 -9.95734154e-05 9.2268362
vn 99.4927979 -9.94927977e-05 10.0589857
vn 99.8598633 -9.98598625e-05 5.29224491
vn 99.5734177 -9.95734154e-05 -9.2268362
vn 99.8598633 -9.98598625e-05 -5.29224491
vn 99.4927979 -9.94927977e-05 -10.0589857
vn 98.224617 -9.82246202e-05 -18.7596607
vn 96.1825638 -9.61825644e-05 -27.3662987
vn 96.280899 -9.6280899e-05 -27.0182858
vn 93.6274261 -9.36274228e-05 -35.1269951
vn 89.5163269 -8.95163248e-05 -44.5738373
vn 85.9813385 -8.59813372e-05 -51.0608406
vn 79.8017197 -7.98017209e-05 -60.2634621
vn 75.2067566 -7.52067572e-05 -65.9085999
vn 67.3695679 -6.73695686e-05 -73.9008942
vn 68.7109451 -6.87109423e-05 -72.6553955
vn 61.2448273 -6.12448275e-05 -79.0510635
vn 52.6432152 -5.26432159e-05 -85.0217133
vn 52.7657928 -5.2765794e-05 -84.945694
vn 43.3754158 -4.3375414e-05 -90.1031265
vn 36.1241684 -3.61241691e-05 -93.2472229
vn 33.2133865 -3.32133859e-05 -94.3232269
vn 22.4458637 -2.24458636e-05 -97.4483643
vn 18.3749523 -1.83749526e-05 -98.2973099
vn 11.2919359 -1.12919361e-05 -99.3604126
vn 2.58819036e-05 25.8819046 -96.5925827
vn 3.09016978e-05 30.9016991 -95.1056519
vn -3.1907599 17.0691528 -98.4807739
vn -6.2728796 16.1922169 -98.4807739
vn -9.14138412 14.7638741 -98.4807739
vn -11.6985893 12.8327665 -98.4807739
vn -13.8574133 10.4646549 -98.4807739
vn -15.5443401 7.74018049 -98.4807739
vn -16.7019234 4.75212479 -98.4807739
vn -17.290741 1.6022402 -98.4807739
vn -17.2907448 -1.60220563 -98.4807739
vn -16.701931 -4.75209141 -98.4807739
vn -15.5443554 -7.74014902 -98.4807739
vn -13.8574343 -10.4646263 -98.4807739
vn -11.6986141 -12.8327436 -98.4807739
vn -9.14141273 -14.763855 -98.4807739
vn -6.27291203 -16.1922054 -98.4807739
vn -3.19079423 -17.0691452 -98.4807739
vn -3.09016978e-05 -30.9016991 -95.1056519
vn -9.18752575 -49.1486473 -86.6025391
vn -5.87785253e-05 -58.7785263 -80.9017029
vn -14.0761051 -75.3000946 -64.2787628
vn -8.09017001e-05 -80.9017029 -58.7785263
vn -17.2668972 -92.3692398 -34.2020149
vn -9.510565e-05 -95.1056519 -30.9016991
vn -33.9457016 -87.6236954 -34.2020149
vn -49.4685211 -79.8942337 -34.2020149
vn -63.3067513 -69.4440613 -34.2020149
vn -74.9891434 -56.629055 -34.2020149
vn -84.1178741 -41.8856201 -34.2020149
vn -90.3820724 -25.7158203 -34.2020149
vn -93.5684128 -8.67029572 -34.2020149
vn -93.5683975 8.67048264 -34.2020149
vn -90.3820267 25.7159996 -34.2020149
vn -84.1177979 41.885788 -34.2020149
vn -74.9890366 56.6292076 -34.2020149
vn -63.3066139 69.4441833 -34.2020149
vn -49.4683609 79.8943253 -34.2020149
vn -33.9455261 87.6237564 -34.2020149
vn -17.2667141 92.3692703 -34.2020149
vn 9.510565e-05 95.1056519 -30.9016991
vn 8.09017001e-05 80.9017029 -58.7785263
vn -14.0759544 75.3001251 -64.2787628
vn -27.6726475 71.4315491 -64.2787628
vn -40.3269768 65.1304474 -64.2787628
vn -51.6080246 56.6114197 -64.2787628
vn -61.1316223 46.1645508 -64.2787628
vn -68.5734558 34.145607 -64.2787628
vn -73.6800995 20.9638748 -64.2787628
vn -76.2776566 7.06824207 -64.2787628
vn -76.2776718 -7.06808949 -64.2787628
vn -73.6801453 -20.963726 -64.2787628
vn -68.5735168 -34.1454697 -64.2787628
vn -61.1317139 -46.1644287 -64.2787628
vn -51.608139 -56.6113129 -64.2787628
vn -40.3271065 -65.1303711 -64.2787628
vn -27.6727886 -71.431488 -64.2787628
vn 5.87785253e-05 58.7785263 -80.9017029
vn -9.18742657 49.1486626 -86.6025391
vn -18.0620384 46.6236305 -86.6025391
vn -26.3215656 42.5108833 -86.6025391
vn -33.6847458 36.9504814 -86.6025391
vn -39.9008293 30.1317711 -86.6025391
vn -44.7581406 22.2869625 -86.6025391
vn -48.0912666 13.683197 -86.6025391
vn -49.786705 4.61346769 -86.6025391
vn -49.7867126 -4.61336851 -86.6025391
vn -48.0912971 -13.6831017 -86.6025391
vn -44.7581863 -22.2868748 -86.6025391
vn -39.9008904 -30.131691 -86.6025391
vn -33.6848221 -36.9504128 -86.6025391
vn -26.3216496 -42.5108299 -86.6025391
vn -18.06213 -46.6235924 -86.6025391
vn 17.2667141 -92.3692703 -34.2020149
vn 33.9455261 -87.6237564 -34.2020149
vn 49.4683609 -79.8943253 -34.2020149
vn 63.3066139 -69.4441833 -34.2020149
vn 74.9890366 -56.6292076 -34.2020149
vn 84.1177979 -41.885788 -34.2020149
vn 90.3820267 -25.7159996 -34.2020149
vn 93.5683975 -8.67048264 -34.2020149
vn 93.5684128 8.67029572 -34.2020149
vn 90.3820724 25.7158203 -34.2020149
vn 84.1178741 41.8856201 -34.2020149
vn 74.9891434 56.629055 -34.2020149
vn 63.3067513 69.4440613 -34.2020149
vn 49.4685211 79.8942337 -34.2020149
vn 33.9457016 87.6236954 -34.2020149
vn 17.2668972 92.3692398 -34.2020149
vn 14.0761051 75.3000946 -64.2787628
vn 9.18752575 49.1486473 -86.6025391
vn 3.19079423 17.0691452 -98.4807739
vn 6.27291203 16.1922054 -98.4807739
vn 9.14141273 14.763855 -98.4807739
vn 11.6986141 12.8327436 -98.4807739
vn 13.8574343 10.4646263 -98.4807739
vn 15.5443554 7.74014902 -98.4807739
vn 16.701931 4.75209141 -98.4807739
vn 17.2907448 1.60220563 -98.4807739
vn 17.290741 -1.6022402 -98.4807739
vn 16.7019234 -4.75212479 -98.4807739
vn 15.5443401 -7.74018049 -98.4807739
vn 13.8574133 -10.4646549 -98.4807739
vn 11.6985893 -12.8327665 -98.4807739
vn 9.14138412 -14.7638741 -98.4807739
vn 6.2728796 -16.1922169 -98.4807739
vn 3.1907599 -17.0691528 -98.4807739
vn 9.18742657 -49.1486626 -86.6025391
vn 14.0759544 -75.3001251 -64.2787628
vn 18.0620384 -46.6236305 -86.6025391
vn 26.3215656 -42.5108833 -86.6025391
vn 33.6847458 -36.9504814 -86.6025391
vn 39.9008293 -30.1317711 -86.6025391
vn 44.7581406 -22.2869625 -86.6025391
vn 48.0912666 -13.683197 -86.6025391
vn 49.786705 -4.61346769 -86.6025391
vn 49.7867126 4.61336851 -86.6025391
vn 48.0912971 13.6831017 -86.6025391
vn 44.7581863 22.2868748 -86.6025391
vn 39.9008904 30.131691 -86.6025391
vn 33.6848221 36.9504128 -86.6025391
vn 26.3216496 42.5108299 -86.6025391
vn 18.06213 46.6235924 -86.6025391
vn 27.6726475 -71.4315491 -64.2787628
vn 40.3269768 -65.1304474 -64.2787628
vn 51.6080246 -56.6114197 -64.2787628
vn 61.1316223 -46.1645508 -64.2787628
vn 68.5734558 -34.145607 -64.2787628
vn 73.6800995 -20.9638748 -64.2787628
vn 76.2776566 -7.06824207 -64.2787628
vn 76.2776718 7.06808949 -64.2787628
vn 73.6801453 20.963726 -64.2787628
vn 68.5735168 34.1454697 -64.2787628
vn 61.1317139 46.1644287 -64.2787628
vn 51.608139 56.6113129 -64.2787628
vn 40.3271065 65.1303711 -64.2787628
vn 27.6727886 71.431488 -64.2787628

# Mesh 'NONE-lib' with 534 faces
g NONE-lib
usemtl MaterialFBXASC032FBXASC03527
f  1/1/1 2/2/2 3/3/1
f  4/3/1 5/2/2 6/4/2
f  7/4/2 8/2/2 9/5/3
f  10/4/2 11/5/3 12/6/3
f  13/6/3 14/5/3 15/7/4
f  16/6/3 17/7/4 18/8/4
f  19/8/4 20/7/4 21/9/5
f  22/8/4 23/9/5 24/10/5
f  25/10/5 26/9/5 27/11/6
f  28/10/5 29/11/6 30/12/6
f  31/12/6 32/11/6 33/13/7
f  34/12/6 35/13/7 36/14/7
f  37/14/7 38/13/7 39/15/8
f  40/14/7 41/15/8 42/16/8
f  43/16/8 44/15/8 45/17/9
f  46/16/8 47/17/9 48/18/9
f  49/18/9 50/17/9 51/19/10
f  52/18/9 53/19/10 54/20/10
f  55/20/10 56/19/10 57/21/11
f  58/20/10 59/21/11 60/22/11
f  61/22/11 62/21/11 63/23/12
f  64/22/11 65/23/12 66/24/12
f  67/24/12 68/23/12 69/25/13
f  70/24/12 71/25/13 72/26/13
f  73/26/13 74/25/13 75/27/14
f  76/26/13 77/27/14 78/28/14
f  79/28/14 80/27/14 81/29/15
f  82/28/14 83/29/15 84/30/15
f  85/30/15 86/29/15 87/31/16
f  88/30/15 89/31/16 90/32/16
f  91/32/16 92/31/16 93/33/17
f  94/32/16 95/33/17 96/34/17
f  97/34/17 98/33/17 99/35/18
f  100/35/18 101/33/17 102/36/18
f  103/37/1 104/1/1 105/38/19
f  106/38/19 107/1/1 108/39/2
f  109/38/19 110/39/2 111/40/20
f  112/40/20 113/39/2 114/41/3
f  115/40/20 116/41/3 117/42/21
f  118/42/21 119/41/3 120/43/22
f  121/43/22 122/41/3 123/44/4
f  124/43/22 125/44/4 126/45/23
f  127/45/23 128/44/4 129/46/24
f  130/46/24 131/44/4 132/47/5
f  133/46/24 134/47/5 135/48/25
f  136/48/25 137/47/5 138/49/26
f  139/49/26 140/47/5 141/50/6
f  142/49/26 143/50/6 144/51/27
f  145/51/27 146/50/6 147/52/7
f  148/51/27 149/52/7 150/53/28
f  151/53/28 152/52/7 153/54/8
f  154/53/28 155/54/8 156/55/29
f  157/55/29 158/54/8 159/56/30
f  160/56/30 161/54/8 162/57/9
f  163/56/30 164/57/9 165/58/31
f  166/58/31 167/57/9 168/59/32
f  169/59/32 170/57/9 171/60/33
f  172/60/33 173/57/9 174/61/10
f  175/60/33 176/61/10 177/62/34
f  178/62/34 179/61/10 180/63/35
f  181/63/35 182/61/10 183/64/36
f  184/64/36 185/61/10 186/65/11
f  187/64/36 188/65/11 189/66/37
f  190/66/37 191/65/11 192/67/38
f  193/67/38 194/65/11 195/68/12
f  196/67/38 197/68/12 198/69/39
f  199/69/39 200/68/12 201/70/13
f  202/69/39 203/70/13 204/71/40
f  205/71/40 206/70/13 207/72/14
f  208/71/40 209/72/14 210/73/41
f  211/73/41 212/72/14 213/74/42
f  214/74/42 215/72/14 216/75/15
f  217/74/42 218/75/15 219/76/43
f  220/76/43 221/75/15 222/77/44
f  223/77/44 224/75/15 225/78/16
f  226/77/44 227/78/16 228/79/45
f  229/79/45 230/78/16 231/80/46
f  232/80/46 233/78/16 234/81/17
f  235/80/46 236/81/17 237/82/47
f  238/82/47 239/81/17 240/83/18
f  241/82/47 242/83/18 243/84/18
f  244/85/48 245/86/49 246/87/48
f  247/87/48 248/86/49 249/88/50
f  250/88/50 251/86/49 252/89/51
f  253/88/50 254/89/51 255/90/52
f  256/90/52 257/89/51 258/91/53
f  259/90/52 260/91/53 261/92/54
f  262/92/54 263/91/53 264/93/55
f  265/92/54 266/93/55 267/94/56
f  268/94/56 269/93/55 270/95/57
f  271/94/56 272/95/57 273/96/58
f  274/96/58 275/95/57 276/97/59
f  277/96/58 278/97/59 279/98/60
f  280/98/60 281/97/59 282/99/61
f  283/98/60 284/99/61 285/100/62
f  286/100/62 287/99/61 288/101/63
f  289/100/62 290/101/63 291/102/64
f  292/102/64 293/101/63 294/103/33
f  295/102/64 296/103/33 297/104/65
f  298/104/65 299/103/33 300/105/66
f  301/104/65 302/105/66 303/106/67
f  304/106/67 305/105/66 306/107/68
f  307/107/68 308/105/66 309/108/69
f  310/108/69 311/105/66 312/109/70
f  313/108/69 314/109/70 315/110/71
f  316/110/71 317/109/70 318/111/72
f  319/111/72 320/109/70 321/112/73
f  322/112/73 323/109/70 324/113/74
f  325/112/73 326/113/74 327/114/75
f  328/114/75 329/113/74 330/115/76
f  331/114/75 332/115/76 333/116/77
f  334/116/77 335/115/76 336/117/78
f  337/116/77 338/117/78 339/118/79
f  340/118/79 341/117/78 342/119/80
f  343/119/80 344/117/78 345/120/81
f  346/119/80 347/120/81 348/121/82
f  349/121/82 350/120/81 351/122/83
f  352/122/83 353/120/81 354/123/84
f  355/122/83 356/123/84 357/124/85
f  358/124/85 359/123/84 360/125/86
f  361/125/86 362/123/84 363/126/87
f  364/125/86 365/126/87 366/127/88
f  367/127/88 368/126/87 369/128/89
f  370/127/88 371/128/89 372/129/89
f  373/104/65 374/106/67 375/130/90
f  376/130/90 377/106/67 378/131/68
f  379/130/90 380/131/68 381/132/69
f  382/132/69 383/133/71 384/130/90
f  385/130/90 386/133/71 387/134/72
f  388/130/90 389/134/72 390/135/91
f  391/135/91 392/134/72 393/136/73
f  394/135/91 395/136/73 396/137/75
f  397/135/91 398/137/75 399/138/92
f  400/138/92 401/137/75 402/139/77
f  403/138/92 404/139/77 405/140/93
f  406/140/93 407/139/77 408/141/79
f  409/140/93 410/141/79 411/142/80
f  412/140/93 413/142/80 414/143/94
f  415/143/94 416/142/80 417/144/82
f  418/143/94 419/144/82 420/145/83
f  421/143/94 422/145/83 423/146/95
f  424/146/95 425/145/83 426/147/85
f  427/146/95 428/147/85 429/148/86
f  430/146/95 431/148/86 432/149/96
f  433/149/96 434/148/86 435/150/88
f  436/149/96 437/150/88 438/151/89
f  439/151/89 440/150/88 441/152/89
f  442/153/89 443/154/89 444/155/97
f  445/155/97 446/154/89 447/156/98
f  448/155/97 449/156/98 450/157/99
f  451/157/99 452/156/98 453/158/100
f  454/157/99 455/158/100 456/159/101
f  457/159/101 458/158/100 459/160/102
f  460/160/102 461/158/100 462/161/103
f  463/160/102 464/161/103 465/162/104
f  466/162/104 467/161/103 468/163/105
f  469/163/105 470/161/103 471/164/106
f  472/163/105 473/164/106 474/165/107
f  475/165/107 476/164/106 477/166/108
f  478/165/107 479/166/108 480/167/109
f  481/167/109 482/166/108 483/168/110
f  484/168/110 485/166/108 486/169/111
f  487/168/110 488/169/111 489/170/112
f  490/170/112 491/169/111 492/171/113
f  493/170/112 494/171/113 495/172/114
f  496/172/114 497/171/113 498/173/115
f  499/173/115 500/171/113 501/174/116
f  502/173/115 503/174/116 504/175/117
f  505/175/117 506/174/116 507/176/118
f  508/176/118 509/174/116 510/177/119
f  511/177/119 512/174/116 513/178/120
f  514/177/119 515/178/120 516/179/118
f  517/179/118 518/178/120 519/180/117
f  520/180/117 521/178/120 522/181/115
f  523/181/115 524/178/120 525/182/114
f  526/182/114 527/178/120 528/183/121
f  529/182/114 530/183/121 531/184/112
f  532/184/112 533/183/121 534/185/110
f  535/185/110 536/183/121 537/186/122
f  538/185/110 539/186/122 540/187/109
f  541/187/109 542/186/122 543/188/123
f  544/187/109 545/188/123 546/189/107
f  547/189/107 548/188/123 549/190/105
f  550/190/105 551/188/123 552/191/124
f  553/190/105 554/191/124 555/192/104
f  556/192/104 557/191/124 558/193/102
f  559/193/102 560/191/124 561/194/125
f  562/193/102 563/194/125 564/195/101
f  565/195/101 566/194/125 567/196/126
f  568/195/101 569/196/126 570/197/99
f  571/197/99 572/196/126 573/198/97
f  574/198/97 575/196/126 576/199/89
f  577/198/97 578/199/89 579/200/89
f  580/178/120 581/174/116 582/201/127
f  583/201/127 584/174/116 585/202/128
f  586/201/127 587/202/128 588/203/129
f  589/203/129 590/202/128 591/204/130
f  592/203/129 593/204/130 594/205/131
f  595/205/131 596/204/130 597/206/132
f  598/205/131 599/206/132 600/207/133
f  601/207/133 602/206/132 603/208/134
f  604/207/133 605/208/134 606/209/135
f  607/209/135 608/208/134 609/210/136
f  610/209/135 611/210/136 612/211/137
f  613/211/137 614/210/136 615/212/138
f  616/211/137 617/212/138 618/213/139
f  619/213/139 620/212/138 621/214/140
f  622/213/139 623/214/140 624/215/141
f  625/215/141 626/214/140 627/216/142
f  628/215/141 629/216/142 630/217/143
f  631/217/143 632/216/142 633/218/144
f  634/217/143 635/218/144 636/87/48
f  637/87/48 638/218/144 639/85/48
f  640/219/18 641/220/18 642/221/145
f  643/221/145 644/220/18 645/222/146
f  646/221/145 647/222/146 648/223/147
f  649/223/147 650/222/146 651/224/148
f  652/223/147 653/224/148 654/225/149
f  655/225/149 656/224/148 657/226/150
f  658/226/150 659/224/148 660/227/151
f  661/226/150 662/227/151 663/228/152
f  664/228/152 665/227/151 666/229/153
f  667/229/153 668/227/151 669/230/154
f  670/229/153 671/230/154 672/231/155
f  673/231/155 674/230/154 675/232/156
f  676/232/156 677/230/154 678/233/157
f  679/232/156 680/233/157 681/234/158
f  682/234/158 683/233/157 684/235/159
f  685/234/158 686/235/159 687/236/160
f  688/236/160 689/235/159 690/237/161
f  691/236/160 692/237/161 693/238/162
f  694/238/162 695/237/161 696/239/163
f  697/239/163 698/237/161 699/240/164
f  700/239/163 701/240/164 702/241/165
f  703/241/165 704/240/164 705/242/166
f  706/242/166 707/240/164 708/243/128
f  709/243/128 710/240/164 711/244/167
f  712/243/128 713/244/167 714/245/168
f  715/245/168 716/244/167 717/246/169
f  718/246/169 719/244/167 720/247/170
f  721/247/170 722/244/167 723/248/171
f  724/247/170 725/248/171 726/249/172
f  727/249/172 728/248/171 729/250/173
f  730/250/173 731/248/171 732/251/174
f  733/250/173 734/251/174 735/252/175
f  736/252/175 737/251/174 738/253/176
f  739/252/175 740/253/176 741/254/177
f  742/254/177 743/253/176 744/255/178
f  745/254/177 746/255/178 747/256/179
f  748/256/179 749/255/178 750/257/180
f  751/257/180 752/255/178 753/258/181
f  754/257/180 755/258/181 756/259/182
f  757/259/182 758/258/181 759/260/183
f  760/260/183 761/258/181 762/261/184
f  763/260/183 764/261/184 765/262/185
f  766/262/185 767/261/184 768/263/186
f  769/263/186 770/261/184 771/264/187
f  772/263/186 773/264/187 774/265/188
f  775/265/188 776/264/187 777/1/1
f  778/265/188 779/1/1 780/37/1
f  781/266/89 782/267/89 783/268/89
f  784/268/89 785/267/89 786/269/89
f  787/268/89 788/269/89 789/270/89
f  790/267/89 791/266/89 792/271/89
f  793/271/89 794/266/89 795/272/89
f  796/271/89 797/272/89 798/273/89
f  799/273/89 800/272/89 801/274/89
f  802/273/89 803/274/89 804/275/89
f  805/275/89 806/274/89 807/276/89
f  808/275/89 809/276/89 810/277/89
f  811/277/89 812/276/89 813/278/89
f  814/277/89 815/278/89 816/279/89
f  817/279/89 818/278/89 819/280/89
f  820/279/89 821/280/89 822/281/89
f  823/281/89 824/280/89 825/282/89
f  826/281/89 827/282/89 828/283/89
f  829/283/89 830/282/89 831/284/89
f  832/283/89 833/284/89 834/285/89
f  835/283/89 836/285/89 837/286/89
f  838/286/89 839/285/89 840/287/89
f  841/286/89 842/287/89 843/288/89
f  844/288/89 845/287/89 846/289/89
f  847/288/89 848/289/89 849/290/89
f  850/290/89 851/289/89 852/291/89
f  853/290/89 854/291/89 855/292/89
f  856/292/89 857/291/89 858/293/89
f  859/292/89 860/293/89 861/294/89
f  862/294/89 863/293/89 864/295/89
f  865/294/89 866/295/89 867/296/89
f  868/296/89 869/295/89 870/297/89
f  871/296/89 872/297/89 873/298/89
f  874/298/89 875/297/89 876/299/89
f  877/298/89 878/299/89 879/300/89
f  880/300/89 881/299/89 882/301/89
f  883/300/89 884/301/89 885/302/89
f  886/302/89 887/301/89 888/303/89
f  889/303/89 890/301/89 891/304/89
f  892/303/89 893/304/89 894/305/89
f  895/305/89 896/304/89 897/306/89
f  898/305/89 899/306/89 900/307/89
f  901/307/89 902/306/89 903/308/89
f  904/307/89 905/308/89 906/309/89
f  907/309/89 908/308/89 909/310/89
f  910/309/89 911/310/89 912/311/89
f  913/311/89 914/310/89 915/312/89
f  916/311/89 917/312/89 918/313/89
f  919/313/89 920/312/89 921/314/89
f  922/313/89 923/314/89 924/315/89
f  925/315/89 926/314/89 927/316/89
f  928/315/89 929/316/89 930/317/89
f  931/317/89 932/316/89 933/318/89
f  934/317/89 935/318/89 936/319/89
f  937/317/89 938/319/89 939/320/89
f  940/320/89 941/319/89 942/321/89
f  943/320/89 944/321/89 945/322/89
f  946/322/89 947/321/89 948/323/89
f  949/322/89 950/323/89 951/324/89
f  952/324/89 953/323/89 954/325/89
f  955/324/89 956/325/89 957/326/89
f  958/326/89 959/325/89 960/327/89
f  961/326/89 962/327/89 963/328/89
f  964/328/89 965/327/89 966/329/89
f  967/328/89 968/329/89 969/330/89
f  970/330/89 971/329/89 972/331/89
f  973/330/89 974/331/89 975/332/89
f  976/332/89 977/331/89 978/333/89
f  979/332/89 980/333/89 981/270/89
f  982/270/89 983/333/89 984/268/89
f  985/334/18 986/335/18 987/336/146
f  988/336/146 989/335/18 990/337/146
f  991/336/146 992/337/146 993/338/148
f  994/336/146 995/338/148 996/339/148
f  997/339/148 998/338/148 999/340/151
f  1000/339/148 1001/340/151 1002/341/151
f  1003/341/151 1004/340/151 1005/342/154
f  1006/341/151 1007/342/154 1008/343/154
f  1009/343/154 1010/342/154 1011/344/157
f  1012/343/154 1013/344/157 1014/345/157
f  1015/345/157 1016/344/157 1017/346/159
f  1018/345/157 1019/346/159 1020/347/159
f  1021/347/159 1022/346/159 1023/348/161
f  1024/347/159 1025/348/161 1026/349/161
f  1027/349/161 1028/348/161 1029/350/164
f  1030/349/161 1031/350/164 1032/351/164
f  1033/351/164 1034/350/164 1035/352/167
f  1036/351/164 1037/352/167 1038/353/167
f  1039/353/167 1040/352/167 1041/354/171
f  1042/353/167 1043/354/171 1044/355/171
f  1045/355/171 1046/354/171 1047/356/174
f  1048/355/171 1049/356/174 1050/357/174
f  1051/357/174 1052/356/174 1053/358/176
f  1054/357/174 1055/358/176 1056/359/176
f  1057/359/176 1058/358/176 1059/360/178
f  1060/359/176 1061/360/178 1062/361/178
f  1063/361/178 1064/360/178 1065/362/181
f  1066/361/178 1067/362/181 1068/363/181
f  1069/363/181 1070/362/181 1071/364/184
f  1072/363/181 1073/364/184 1074/365/184
f  1075/365/184 1076/364/184 1077/366/187
f  1078/365/184 1079/366/187 1080/367/187
f  1081/367/187 1082/366/187 1083/1/1
f  1084/367/187 1085/1/1 1086/3/1
f  1087/303/89 1088/270/89 1089/302/89
f  1090/302/89 1091/270/89 1092/269/89
f  1093/302/89 1094/269/89 1095/300/89
f  1096/300/89 1097/269/89 1098/267/89
f  1099/300/89 1100/267/89 1101/298/89
f  1102/298/89 1103/267/89 1104/271/89
f  1105/298/89 1106/271/89 1107/296/89
f  1108/296/89 1109/271/89 1110/273/89
f  1111/296/89 1112/273/89 1113/294/89
f  1114/294/89 1115/273/89 1116/275/89
f  1117/294/89 1118/275/89 1119/292/89
f  1120/292/89 1121/275/89 1122/277/89
f  1123/292/89 1124/277/89 1125/290/89
f  1126/290/89 1127/277/89 1128/279/89
f  1129/290/89 1130/279/89 1131/288/89
f  1132/288/89 1133/279/89 1134/281/89
f  1135/288/89 1136/281/89 1137/286/89
f  1138/286/89 1139/281/89 1140/283/89
f  1141/270/89 1142/303/89 1143/332/89
f  1144/332/89 1145/303/89 1146/305/89
f  1147/332/89 1148/305/89 1149/330/89
f  1150/330/89 1151/305/89 1152/307/89
f  1153/330/89 1154/307/89 1155/328/89
f  1156/328/89 1157/307/89 1158/309/89
f  1159/328/89 1160/309/89 1161/326/89
f  1162/326/89 1163/309/89 1164/311/89
f  1165/326/89 1166/311/89 1167/324/89
f  1168/324/89 1169/311/89 1170/313/89
f  1171/324/89 1172/313/89 1173/322/89
f  1174/322/89 1175/313/89 1176/315/89
f  1177/322/89 1178/315/89 1179/320/89
f  1180/320/89 1181/315/89 1182/317/89
f  1183/368/18 1184/369/18 1185/370/18
f  1186/370/18 1187/369/18 1188/371/18
f  1189/370/18 1190/371/18 1191/372/18
f  1192/369/18 1193/368/18 1194/373/18
f  1195/373/18 1196/368/18 1197/374/18
f  1198/373/18 1199/374/18 1200/375/18
f  1201/375/18 1202/374/18 1203/376/18
f  1204/375/18 1205/376/18 1206/377/18
f  1207/377/18 1208/376/18 1209/378/18
f  1210/377/18 1211/378/18 1212/379/18
f  1213/379/18 1214/378/18 1215/380/18
f  1216/379/18 1217/380/18 1218/381/18
f  1219/381/18 1220/380/18 1221/382/18
f  1222/381/18 1223/382/18 1224/383/18
f  1225/383/18 1226/382/18 1227/384/18
f  1228/383/18 1229/384/18 1230/385/18
f  1231/385/18 1232/384/18 1233/386/18
f  1234/385/18 1235/386/18 1236/387/18
f  1237/385/18 1238/387/18 1239/388/18
f  1240/388/18 1241/387/18 1242/389/18
f  1243/388/18 1244/389/18 1245/390/18
f  1246/390/18 1247/389/18 1248/391/18
f  1249/390/18 1250/391/18 1251/392/18
f  1252/392/18 1253/391/18 1254/393/18
f  1255/392/18 1256/393/18 1257/394/18
f  1258/394/18 1259/393/18 1260/395/18
f  1261/394/18 1262/395/18 1263/396/18
f  1264/396/18 1265/395/18 1266/397/18
f  1267/396/18 1268/397/18 1269/398/18
f  1270/398/18 1271/397/18 1272/399/18
f  1273/398/18 1274/399/18 1275/400/18
f  1276/400/18 1277/399/18 1278/401/18
f  1279/400/18 1280/401/18 1281/402/18
f  1282/402/18 1283/401/18 1284/403/18
f  1285/402/18 1286/403/18 1287/404/18
f  1288/404/18 1289/403/18 1290/405/18
f  1291/405/18 1292/403/18 1293/406/18
f  1294/405/18 1295/406/18 1296/407/18
f  1297/407/18 1298/406/18 1299/408/18
f  1300/407/18 1301/408/18 1302/409/18
f  1303/409/18 1304/408/18 1305/410/18
f  1306/409/18 1307/410/18 1308/411/18
f  1309/411/18 1310/410/18 1311/412/18
f  1312/411/18 1313/412/18 1314/413/18
f  1315/413/18 1316/412/18 1317/414/18
f  1318/413/18 1319/414/18 1320/415/18
f  1321/415/18 1322/414/18 1323/416/18
f  1324/415/18 1325/416/18 1326/417/18
f  1327/417/18 1328/416/18 1329/418/18
f  1330/417/18 1331/418/18 1332/419/18
f  1333/419/18 1334/418/18 1335/420/18
f  1336/419/18 1337/420/18 1338/421/18
f  1339/421/18 1340/420/18 1341/422/18
f  1342/421/18 1343/422/18 1344/423/18
f  1345/421/18 1346/423/18 1347/424/18
f  1348/424/18 1349/423/18 1350/425/18
f  1351/424/18 1352/425/18 1353/426/18
f  1354/426/18 1355/425/18 1356/427/18
f  1357/426/18 1358/427/18 1359/428/18
f  1360/428/18 1361/427/18 1362/429/18
f  1363/428/18 1364/429/18 1365/430/18
f  1366/430/18 1367/429/18 1368/431/18
f  1369/430/18 1370/431/18 1371/432/18
f  1372/432/18 1373/431/18 1374/433/18
f  1375/432/18 1376/433/18 1377/434/18
f  1378/434/18 1379/433/18 1380/435/18
f  1381/434/18 1382/435/18 1383/372/18
f  1384/372/18 1385/435/18 1386/370/18
f  1387/436/189 1388/437/189 1389/438/189
f  1390/438/189 1391/437/189 1392/439/189
f  1393/438/189 1394/439/189 1395/440/189
f  1396/440/189 1397/439/189 1398/441/189
f  1399/440/189 1400/441/189 1401/442/189
f  1402/437/189 1403/436/189 1404/443/189
f  1405/443/189 1406/436/189 1407/444/189
f  1408/443/189 1409/444/189 1410/445/189
f  1411/445/189 1412/444/189 1413/446/189
f  1414/445/189 1415/446/189 1416/447/189
f  1417/447/189 1418/446/189 1419/448/189
f  1420/447/189 1421/448/189 1422/449/189
f  1423/449/189 1424/448/189 1425/450/189
f  1426/449/189 1427/450/189 1428/451/189
f  1429/451/189 1430/450/189 1431/452/189
f  1432/451/189 1433/452/189 1434/453/189
f  1435/453/189 1436/452/189 1437/454/189
f  1438/453/189 1439/454/189 1440/455/189
f  1441/455/189 1442/454/189 1443/456/189
f  1444/455/189 1445/456/189 1446/457/189
f  1447/457/189 1448/456/189 1449/458/189
f  1450/457/189 1451/458/189 1452/459/189
f  1453/457/189 1454/459/189 1455/460/189
f  1456/460/189 1457/459/189 1458/461/189
f  1459/460/189 1460/461/189 1461/462/189
f  1462/462/189 1463/461/189 1464/463/189
f  1465/462/189 1466/463/189 1467/464/189
f  1468/464/189 1469/463/189 1470/465/189
f  1471/464/189 1472/465/189 1473/466/189
f  1474/466/189 1475/465/189 1476/467/189
f  1477/466/189 1478/467/189 1479/468/189
f  1480/468/189 1481/467/189 1482/469/189
f  1483/468/189 1484/469/189 1485/470/189
f  1486/470/189 1487/469/189 1488/471/189
f  1489/470/189 1490/471/189 1491/472/189
f  1492/472/189 1493/471/189 1494/473/189
f  1495/472/189 1496/473/189 1497/474/189
f  1498/474/189 1499/473/189 1500/475/189
f  1501/474/189 1502/475/189 1503/476/189
f  1504/476/189 1505/475/189 1506/477/189
f  1507/477/189 1508/475/189 1509/478/189
f  1510/477/189 1511/478/189 1512/479/189
f  1513/479/189 1514/478/189 1515/480/189
f  1516/479/189 1517/480/189 1518/481/189
f  1519/481/189 1520/480/189 1521/482/189
f  1522/481/189 1523/482/189 1524/483/189
f  1525/483/189 1526/482/189 1527/484/189
f  1528/483/189 1529/484/189 1530/485/189
f  1531/485/189 1532/484/189 1533/486/189
f  1534/485/189 1535/486/189 1536/487/189
f  1537/487/189 1538/486/189 1539/488/189
f  1540/487/189 1541/488/189 1542/489/189
f  1543/489/189 1544/488/189 1545/490/189
f  1546/489/189 1547/490/189 1548/491/189
f  1549/491/189 1550/490/189 1551/492/189
f  1552/491/189 1553/492/189 1554/493/189
f  1555/493/189 1556/492/189 1557/494/189
f  1558/493/189 1559/494/189 1560/495/189
f  1561/493/189 1562/495/189 1563/496/189
f  1564/496/189 1565/495/189 1566/497/189
f  1567/496/189 1568/497/189 1569/498/189
f  1570/498/189 1571/497/189 1572/499/189
f  1573/498/189 1574/499/189 1575/500/189
f  1576/500/189 1577/499/189 1578/501/189
f  1579/500/189 1580/501/189 1581/502/189
f  1582/502/189 1583/501/189 1584/503/189
f  1585/502/189 1586/503/189 1587/504/189
f  1588/504/189 1589/503/189 1590/505/189
f  1591/504/189 1592/505/189 1593/506/189
f  1594/506/189 1595/505/189 1596/507/189
f  1597/506/189 1598/507/189 1599/442/189
f  1600/442/189 1601/507/189 1602/440/189

# Mesh 'NONE-lib' with 674 faces
g NONE-lib
usemtl MaterialFBXASC032FBXASC03528
f  1603/508/190 1604/509/1 1605/510/191
f  1606/510/191 1607/509/1 1608/511/1
f  1609/510/191 1610/511/1 1611/512/192
f  1612/512/192 1613/511/1 1614/513/1
f  1615/512/192 1616/513/1 1617/514/193
f  1618/514/193 1619/513/1 1620/515/1
f  1621/514/193 1622/515/1 1623/516/194
f  1624/516/194 1625/515/1 1626/517/1
f  1627/516/194 1628/517/1 1629/518/195
f  1630/518/195 1631/517/1 1632/519/1
f  1633/518/195 1634/519/1 1635/520/196
f  1636/520/196 1637/519/1 1638/521/1
f  1639/520/196 1640/521/1 1641/522/197
f  1642/522/197 1643/521/1 1644/523/1
f  1645/522/197 1646/523/1 1647/524/198
f  1648/524/198 1649/523/1 1650/525/1
f  1651/524/198 1652/525/1 1653/526/199
f  1654/526/199 1655/525/1 1656/527/1
f  1657/526/199 1658/527/1 1659/528/200
f  1660/528/200 1661/527/1 1662/529/1
f  1663/528/200 1664/529/1 1665/530/201
f  1666/530/201 1667/529/1 1668/531/1
f  1669/530/201 1670/531/1 1671/532/202
f  1672/532/202 1673/531/1 1674/533/1
f  1675/532/202 1676/533/1 1677/534/203
f  1678/534/203 1679/533/1 1680/535/1
f  1681/534/203 1682/535/1 1683/536/204
f  1684/536/204 1685/535/1 1686/537/1
f  1687/536/204 1688/537/1 1689/538/205
f  1690/538/205 1691/537/1 1692/539/1
f  1693/538/205 1694/539/1 1695/540/206
f  1696/540/206 1697/539/1 1698/541/1
f  1699/540/206 1700/541/1 1701/542/207
f  1702/540/206 1703/542/207 1704/543/208
f  1705/543/208 1706/542/207 1707/544/209
f  1708/543/208 1709/544/209 1710/545/210
f  1711/545/210 1712/544/209 1713/546/211
f  1714/545/210 1715/546/211 1716/547/212
f  1717/547/212 1718/546/211 1719/548/213
f  1720/547/212 1721/548/213 1722/549/96
f  1723/549/96 1724/548/213 1725/550/89
f  1726/547/212 1727/549/96 1728/551/214
f  1729/551/214 1730/549/96 1731/552/95
f  1732/551/214 1733/552/95 1734/553/215
f  1735/553/215 1736/552/95 1737/554/94
f  1738/553/215 1739/554/94 1740/555/216
f  1741/555/216 1742/554/94 1743/556/93
f  1744/555/216 1745/556/93 1746/557/217
f  1747/557/217 1748/556/93 1749/558/92
f  1750/557/217 1751/558/92 1752/559/218
f  1753/559/218 1754/558/92 1755/560/91
f  1756/559/218 1757/560/91 1758/561/219
f  1759/561/219 1760/560/91 1761/562/90
f  1762/561/219 1763/562/90 1764/563/220
f  1765/563/220 1766/562/90 1767/564/65
f  1768/563/220 1769/564/65 1770/565/221
f  1771/565/221 1772/564/65 1773/566/64
f  1774/565/221 1775/566/64 1776/567/222
f  1777/567/222 1778/566/64 1779/568/62
f  1780/567/222 1781/568/62 1782/569/223
f  1783/569/223 1784/568/62 1785/570/60
f  1786/569/223 1787/570/60 1788/571/224
f  1789/571/224 1790/570/60 1791/572/58
f  1792/571/224 1793/572/58 1794/573/225
f  1795/573/225 1796/572/58 1797/574/56
f  1798/573/225 1799/574/56 1800/575/226
f  1801/575/226 1802/574/56 1803/576/54
f  1804/575/226 1805/576/54 1806/577/227
f  1807/577/227 1808/576/54 1809/578/52
f  1810/577/227 1811/578/52 1812/579/228
f  1813/579/228 1814/578/52 1815/580/50
f  1816/579/228 1817/580/50 1818/581/229
f  1819/581/229 1820/580/50 1821/1/48
f  1822/581/229 1823/582/230 1824/579/228
f  1825/579/228 1826/582/230 1827/583/231
f  1828/579/228 1829/583/231 1830/577/227
f  1831/577/227 1832/583/231 1833/584/232
f  1834/577/227 1835/584/232 1836/575/226
f  1837/575/226 1838/584/232 1839/585/233
f  1840/575/226 1841/585/233 1842/573/225
f  1843/573/225 1844/585/233 1845/586/234
f  1846/573/225 1847/586/234 1848/571/224
f  1849/571/224 1850/586/234 1851/587/235
f  1852/571/224 1853/587/235 1854/569/223
f  1855/569/223 1856/587/235 1857/588/236
f  1858/569/223 1859/588/236 1860/567/222
f  1861/567/222 1862/588/236 1863/589/237
f  1864/567/222 1865/589/237 1866/565/221
f  1867/565/221 1868/589/237 1869/590/238
f  1870/565/221 1871/590/238 1872/563/220
f  1873/563/220 1874/590/238 1875/591/239
f  1876/563/220 1877/591/239 1878/561/219
f  1879/561/219 1880/591/239 1881/592/240
f  1882/561/219 1883/592/240 1884/559/218
f  1885/559/218 1886/592/240 1887/593/241
f  1888/559/218 1889/593/241 1890/557/217
f  1891/557/217 1892/593/241 1893/594/242
f  1894/557/217 1895/594/242 1896/555/216
f  1897/555/216 1898/594/242 1899/595/243
f  1900/555/216 1901/595/243 1902/553/215
f  1903/553/215 1904/595/243 1905/596/244
f  1906/553/215 1907/596/244 1908/551/214
f  1909/551/214 1910/596/244 1911/597/245
f  1912/551/214 1913/597/245 1914/547/212
f  1915/547/212 1916/597/245 1917/545/210
f  1918/582/230 1919/598/246 1920/583/231
f  1921/583/231 1922/598/246 1923/599/247
f  1924/583/231 1925/599/247 1926/584/232
f  1927/584/232 1928/599/247 1929/600/248
f  1930/584/232 1931/600/248 1932/585/233
f  1933/585/233 1934/600/248 1935/601/249
f  1936/585/233 1937/601/249 1938/586/234
f  1939/586/234 1940/601/249 1941/602/250
f  1942/586/234 1943/602/250 1944/587/235
f  1945/587/235 1946/602/250 1947/603/251
f  1948/587/235 1949/603/251 1950/588/236
f  1951/588/236 1952/603/251 1953/604/252
f  1954/588/236 1955/604/252 1956/589/237
f  1957/589/237 1958/604/252 1959/605/253
f  1960/589/237 1961/605/253 1962/590/238
f  1963/590/238 1964/605/253 1965/606/254
f  1966/590/238 1967/606/254 1968/591/239
f  1969/591/239 1970/606/254 1971/607/255
f  1972/591/239 1973/607/255 1974/592/240
f  1975/592/240 1976/607/255 1977/608/256
f  1978/592/240 1979/608/256 1980/593/241
f  1981/593/241 1982/608/256 1983/609/257
f  1984/593/241 1985/609/257 1986/594/242
f  1987/594/242 1988/609/257 1989/610/258
f  1990/594/242 1991/610/258 1992/595/243
f  1993/595/243 1994/610/258 1995/611/259
f  1996/595/243 1997/611/259 1998/596/244
f  1999/596/244 2000/611/259 2001/612/260
f  2002/596/244 2003/612/260 2004/597/245
f  2005/597/245 2006/612/260 2007/613/261
f  2008/597/245 2009/613/261 2010/545/210
f  2011/545/210 2012/613/261 2013/543/208
f  2014/598/246 2015/508/190 2016/599/247
f  2017/599/247 2018/508/190 2019/510/191
f  2020/599/247 2021/510/191 2022/600/248
f  2023/600/248 2024/510/191 2025/512/192
f  2026/600/248 2027/512/192 2028/601/249
f  2029/601/249 2030/512/192 2031/514/193
f  2032/601/249 2033/514/193 2034/602/250
f  2035/602/250 2036/514/193 2037/516/194
f  2038/602/250 2039/516/194 2040/603/251
f  2041/603/251 2042/516/194 2043/518/195
f  2044/603/251 2045/518/195 2046/604/252
f  2047/604/252 2048/518/195 2049/520/196
f  2050/604/252 2051/520/196 2052/605/253
f  2053/605/253 2054/520/196 2055/522/197
f  2056/605/253 2057/522/197 2058/606/254
f  2059/606/254 2060/522/197 2061/524/198
f  2062/606/254 2063/524/198 2064/607/255
f  2065/607/255 2066/524/198 2067/526/199
f  2068/607/255 2069/526/199 2070/608/256
f  2071/608/256 2072/526/199 2073/528/200
f  2074/608/256 2075/528/200 2076/609/257
f  2077/609/257 2078/528/200 2079/530/201
f  2080/609/257 2081/530/201 2082/610/258
f  2083/610/258 2084/530/201 2085/532/202
f  2086/610/258 2087/532/202 2088/611/259
f  2089/611/259 2090/532/202 2091/534/203
f  2092/611/259 2093/534/203 2094/612/260
f  2095/612/260 2096/534/203 2097/536/204
f  2098/612/260 2099/536/204 2100/613/261
f  2101/613/261 2102/536/204 2103/538/205
f  2104/613/261 2105/538/205 2106/543/208
f  2107/543/208 2108/538/205 2109/540/206
f  2110/614/89 2111/615/87 2112/616/89
f  2113/616/89 2114/615/87 2115/617/96
f  2116/617/96 2117/615/87 2118/618/84
f  2119/617/96 2120/618/84 2121/619/95
f  2122/619/95 2123/618/84 2124/620/81
f  2125/619/95 2126/620/81 2127/621/94
f  2128/621/94 2129/620/81 2130/622/78
f  2131/621/94 2132/622/78 2133/623/93
f  2134/623/93 2135/622/78 2136/624/76
f  2137/623/93 2138/624/76 2139/625/92
f  2140/625/92 2141/624/76 2142/626/74
f  2143/625/92 2144/626/74 2145/627/91
f  2146/627/91 2147/626/74 2148/628/70
f  2149/627/91 2150/628/70 2151/629/90
f  2152/629/90 2153/628/70 2154/630/66
f  2155/629/90 2156/630/66 2157/631/65
f  2158/631/65 2159/630/66 2160/632/33
f  2161/631/65 2162/632/33 2163/633/64
f  2164/633/64 2165/632/33 2166/634/63
f  2167/633/64 2168/634/63 2169/635/62
f  2170/635/62 2171/634/63 2172/636/61
f  2173/635/62 2174/636/61 2175/637/60
f  2176/637/60 2177/636/61 2178/638/59
f  2179/637/60 2180/638/59 2181/639/58
f  2182/639/58 2183/638/59 2184/640/57
f  2185/639/58 2186/640/57 2187/641/56
f  2188/641/56 2189/640/57 2190/642/55
f  2191/641/56 2192/642/55 2193/643/54
f  2194/643/54 2195/642/55 2196/644/53
f  2197/643/54 2198/644/53 2199/645/52
f  2200/645/52 2201/644/53 2202/646/51
f  2203/645/52 2204/646/51 2205/647/50
f  2206/647/50 2207/646/51 2208/648/49
f  2209/647/50 2210/648/49 2211/649/48
f  2212/649/48 2213/648/49 2214/650/48
f  2215/1/48 2216/366/50 2217/651/48
f  2218/651/48 2219/366/50 2220/652/50
f  2221/652/50 2222/366/50 2223/364/52
f  2224/652/50 2225/364/52 2226/653/52
f  2227/653/52 2228/364/52 2229/362/54
f  2230/653/52 2231/362/54 2232/654/54
f  2233/654/54 2234/362/54 2235/360/56
f  2236/654/54 2237/360/56 2238/655/56
f  2239/655/56 2240/360/56 2241/358/58
f  2242/655/56 2243/358/58 2244/656/58
f  2245/656/58 2246/358/58 2247/356/60
f  2248/656/58 2249/356/60 2250/657/60
f  2251/657/60 2252/356/60 2253/354/62
f  2254/657/60 2255/354/62 2256/658/62
f  2257/658/62 2258/354/62 2259/352/64
f  2260/658/62 2261/352/64 2262/659/64
f  2263/659/64 2264/352/64 2265/350/65
f  2266/659/64 2267/350/65 2268/660/65
f  2269/660/65 2270/350/65 2271/348/90
f  2272/660/65 2273/348/90 2274/661/90
f  2275/661/90 2276/348/90 2277/346/91
f  2278/661/90 2279/346/91 2280/662/91
f  2281/662/91 2282/346/91 2283/344/92
f  2284/662/91 2285/344/92 2286/663/92
f  2287/663/92 2288/344/92 2289/342/93
f  2290/663/92 2291/342/93 2292/664/93
f  2293/664/93 2294/342/93 2295/340/94
f  2296/664/93 2297/340/94 2298/665/94
f  2299/665/94 2300/340/94 2301/338/95
f  2302/665/94 2303/338/95 2304/666/95
f  2305/666/95 2306/338/95 2307/337/96
f  2308/666/95 2309/337/96 2310/667/96
f  2311/667/96 2312/337/96 2313/668/89
f  2314/668/89 2315/337/96 2316/335/89
f  2317/669/48 2318/1/48 2319/670/50
f  2320/670/50 2321/1/48 2322/671/50
f  2323/670/50 2324/671/50 2325/672/52
f  2326/672/52 2327/671/50 2328/673/52
f  2329/672/52 2330/673/52 2331/674/54
f  2332/674/54 2333/673/52 2334/675/54
f  2335/674/54 2336/675/54 2337/676/56
f  2338/676/56 2339/675/54 2340/677/56
f  2341/676/56 2342/677/56 2343/678/58
f  2344/678/58 2345/677/56 2346/679/58
f  2347/678/58 2348/679/58 2349/680/60
f  2350/680/60 2351/679/58 2352/681/60
f  2353/680/60 2354/681/60 2355/682/62
f  2356/682/62 2357/681/60 2358/683/62
f  2359/682/62 2360/683/62 2361/684/64
f  2362/684/64 2363/683/62 2364/685/64
f  2365/684/64 2366/685/64 2367/686/65
f  2368/686/65 2369/685/64 2370/687/65
f  2371/686/65 2372/687/65 2373/688/90
f  2374/688/90 2375/687/65 2376/689/90
f  2377/688/90 2378/689/90 2379/690/91
f  2380/690/91 2381/689/90 2382/691/91
f  2383/690/91 2384/691/91 2385/692/92
f  2386/692/92 2387/691/91 2388/693/92
f  2389/692/92 2390/693/92 2391/694/93
f  2392/694/93 2393/693/92 2394/695/93
f  2395/694/93 2396/695/93 2397/696/94
f  2398/696/94 2399/695/93 2400/697/94
f  2401/696/94 2402/697/94 2403/698/95
f  2404/698/95 2405/697/94 2406/699/95
f  2407/698/95 2408/699/95 2409/700/96
f  2410/700/96 2411/699/95 2412/701/96
f  2413/700/96 2414/701/96 2415/702/89
f  2416/702/89 2417/701/96 2418/703/89
f  2419/704/89 2420/705/89 2421/706/126
f  2422/706/126 2423/705/89 2424/707/126
f  2425/706/126 2426/707/126 2427/708/125
f  2428/708/125 2429/707/126 2430/709/125
f  2431/708/125 2432/709/125 2433/710/124
f  2434/710/124 2435/709/125 2436/711/124
f  2437/710/124 2438/711/124 2439/712/123
f  2440/712/123 2441/711/124 2442/713/123
f  2443/712/123 2444/713/123 2445/714/122
f  2446/714/122 2447/713/123 2448/715/122
f  2449/714/122 2450/715/122 2451/716/121
f  2452/716/121 2453/715/122 2454/717/121
f  2455/716/121 2456/717/121 2457/718/120
f  2458/718/120 2459/717/121 2460/719/120
f  2461/718/120 2462/719/120 2463/720/127
f  2464/720/127 2465/719/120 2466/721/127
f  2467/720/127 2468/721/127 2469/722/129
f  2470/722/129 2471/721/127 2472/723/129
f  2473/722/129 2474/723/129 2475/724/131
f  2476/724/131 2477/723/129 2478/725/131
f  2479/724/131 2480/725/131 2481/726/133
f  2482/726/133 2483/725/131 2484/727/133
f  2485/726/133 2486/727/133 2487/728/135
f  2488/728/135 2489/727/133 2490/729/135
f  2491/728/135 2492/729/135 2493/730/137
f  2494/730/137 2495/729/135 2496/731/137
f  2497/730/137 2498/731/137 2499/732/139
f  2500/732/139 2501/731/137 2502/733/139
f  2503/732/139 2504/733/139 2505/734/141
f  2506/734/141 2507/733/139 2508/735/141
f  2509/734/141 2510/735/141 2511/736/143
f  2512/736/143 2513/735/141 2514/737/143
f  2515/736/143 2516/737/143 2517/669/48
f  2518/669/48 2519/737/143 2520/1/48
f  2521/738/18 2522/739/18 2523/740/18
f  2524/740/18 2525/739/18 2526/741/18
f  2527/741/18 2528/739/18 2529/742/18
f  2530/741/18 2531/742/18 2532/743/18
f  2533/743/18 2534/742/18 2535/744/18
f  2536/743/18 2537/744/18 2538/745/18
f  2539/745/18 2540/744/18 2541/746/18
f  2542/745/18 2543/746/18 2544/747/18
f  2545/747/18 2546/746/18 2547/748/18
f  2548/748/18 2549/746/18 2550/749/18
f  2551/749/18 2552/746/18 2553/750/18
f  2554/750/18 2555/746/18 2556/751/18
f  2557/751/18 2558/746/18 2559/752/18
f  2560/752/18 2561/746/18 2562/753/18
f  2563/753/18 2564/746/18 2565/754/18
f  2566/754/18 2567/746/18 2568/755/18
f  2569/755/18 2570/746/18 2571/756/18
f  2572/756/18 2573/746/18 2574/757/18
f  2575/756/18 2576/757/18 2577/758/18
f  2578/758/18 2579/757/18 2580/759/18
f  2581/759/18 2582/757/18 2583/760/18
f  2584/760/18 2585/757/18 2586/761/18
f  2587/761/18 2588/757/18 2589/762/18
f  2590/762/18 2591/757/18 2592/763/18
f  2593/763/18 2594/757/18 2595/764/18
f  2596/764/18 2597/757/18 2598/765/18
f  2599/765/18 2600/757/18 2601/766/18
f  2602/765/18 2603/766/18 2604/767/18
f  2605/767/18 2606/766/18 2607/768/18
f  2608/767/18 2609/768/18 2610/769/18
f  2611/769/18 2612/768/18 2613/770/18
f  2614/769/18 2615/770/18 2616/771/18
f  2617/772/89 2618/36/89 2619/773/126
f  2620/773/126 2621/36/89 2622/33/126
f  2623/773/126 2624/33/126 2625/31/125
f  2626/773/126 2627/31/125 2628/774/125
f  2629/774/125 2630/31/125 2631/29/124
f  2632/774/125 2633/29/124 2634/775/124
f  2635/775/124 2636/29/124 2637/27/123
f  2638/775/124 2639/27/123 2640/776/123
f  2641/776/123 2642/27/123 2643/25/122
f  2644/776/123 2645/25/122 2646/777/122
f  2647/777/122 2648/25/122 2649/23/121
f  2650/777/122 2651/23/121 2652/778/121
f  2653/778/121 2654/23/121 2655/21/120
f  2656/778/121 2657/21/120 2658/779/120
f  2659/779/120 2660/21/120 2661/19/127
f  2662/779/120 2663/19/127 2664/780/127
f  2665/780/127 2666/19/127 2667/17/129
f  2668/780/127 2669/17/129 2670/781/129
f  2671/781/129 2672/17/129 2673/15/131
f  2674/781/129 2675/15/131 2676/782/131
f  2677/782/131 2678/15/131 2679/13/133
f  2680/782/131 2681/13/133 2682/783/133
f  2683/783/133 2684/13/133 2685/11/135
f  2686/783/133 2687/11/135 2688/784/135
f  2689/784/135 2690/11/135 2691/9/137
f  2692/784/135 2693/9/137 2694/785/137
f  2695/785/137 2696/9/137 2697/7/139
f  2698/785/137 2699/7/139 2700/786/139
f  2701/786/139 2702/7/139 2703/5/141
f  2704/786/139 2705/5/141 2706/787/141
f  2707/787/141 2708/5/141 2709/2/143
f  2710/787/141 2711/2/143 2712/788/143
f  2713/788/143 2714/2/143 2715/1/48
f  2716/788/143 2717/1/48 2718/651/48
f  2719/405/18 2720/789/18 2721/404/18
f  2722/404/18 2723/789/18 2724/790/18
f  2725/404/18 2726/790/18 2727/791/18
f  2728/789/18 2729/405/18 2730/792/18
f  2731/792/18 2732/405/18 2733/407/18
f  2734/792/18 2735/407/18 2736/793/18
f  2737/793/18 2738/407/18 2739/409/18
f  2740/793/18 2741/409/18 2742/794/18
f  2743/794/18 2744/409/18 2745/411/18
f  2746/794/18 2747/411/18 2748/795/18
f  2749/795/18 2750/411/18 2751/413/18
f  2752/795/18 2753/413/18 2754/796/18
f  2755/796/18 2756/413/18 2757/415/18
f  2758/796/18 2759/415/18 2760/797/18
f  2761/797/18 2762/415/18 2763/417/18
f  2764/797/18 2765/417/18 2766/798/18
f  2767/798/18 2768/417/18 2769/419/18
f  2770/798/18 2771/419/18 2772/799/18
f  2773/799/18 2774/419/18 2775/421/18
f  2776/799/18 2777/421/18 2778/424/18
f  2779/799/18 2780/424/18 2781/800/18
f  2782/800/18 2783/424/18 2784/426/18
f  2785/800/18 2786/426/18 2787/801/18
f  2788/801/18 2789/426/18 2790/428/18
f  2791/801/18 2792/428/18 2793/802/18
f  2794/802/18 2795/428/18 2796/430/18
f  2797/802/18 2798/430/18 2799/803/18
f  2800/803/18 2801/430/18 2802/432/18
f  2803/803/18 2804/432/18 2805/804/18
f  2806/804/18 2807/432/18 2808/434/18
f  2809/804/18 2810/434/18 2811/805/18
f  2812/805/18 2813/434/18 2814/372/18
f  2815/805/18 2816/372/18 2817/806/18
f  2818/806/18 2819/372/18 2820/371/18
f  2821/806/18 2822/371/18 2823/807/18
f  2824/807/18 2825/371/18 2826/808/18
f  2827/808/18 2828/371/18 2829/369/18
f  2830/808/18 2831/369/18 2832/809/18
f  2833/809/18 2834/369/18 2835/373/18
f  2836/809/18 2837/373/18 2838/810/18
f  2839/810/18 2840/373/18 2841/375/18
f  2842/810/18 2843/375/18 2844/811/18
f  2845/811/18 2846/375/18 2847/377/18
f  2848/811/18 2849/377/18 2850/812/18
f  2851/812/18 2852/377/18 2853/379/18
f  2854/812/18 2855/379/18 2856/813/18
f  2857/813/18 2858/379/18 2859/381/18
f  2860/813/18 2861/381/18 2862/814/18
f  2863/814/18 2864/381/18 2865/383/18
f  2866/814/18 2867/383/18 2868/815/18
f  2869/815/18 2870/383/18 2871/385/18
f  2872/815/18 2873/385/18 2874/388/18
f  2875/815/18 2876/388/18 2877/816/18
f  2878/816/18 2879/388/18 2880/390/18
f  2881/816/18 2882/390/18 2883/817/18
f  2884/817/18 2885/390/18 2886/392/18
f  2887/817/18 2888/392/18 2889/818/18
f  2890/818/18 2891/392/18 2892/394/18
f  2893/818/18 2894/394/18 2895/819/18
f  2896/819/18 2897/394/18 2898/396/18
f  2899/819/18 2900/396/18 2901/820/18
f  2902/820/18 2903/396/18 2904/398/18
f  2905/820/18 2906/398/18 2907/821/18
f  2908/821/18 2909/398/18 2910/400/18
f  2911/821/18 2912/400/18 2913/822/18
f  2914/822/18 2915/400/18 2916/402/18
f  2917/822/18 2918/402/18 2919/791/18
f  2920/791/18 2921/402/18 2922/404/18
f  2923/823/48 2924/824/144 2925/825/48
f  2926/825/48 2927/824/144 2928/826/143
f  2929/826/143 2930/824/144 2931/827/142
f  2932/826/143 2933/827/142 2934/828/141
f  2935/828/141 2936/827/142 2937/829/140
f  2938/828/141 2939/829/140 2940/830/139
f  2941/830/139 2942/829/140 2943/831/138
f  2944/830/139 2945/831/138 2946/832/137
f  2947/832/137 2948/831/138 2949/833/136
f  2950/832/137 2951/833/136 2952/834/135
f  2953/834/135 2954/833/136 2955/835/134
f  2956/834/135 2957/835/134 2958/836/133
f  2959/836/133 2960/835/134 2961/837/132
f  2962/836/133 2963/837/132 2964/838/131
f  2965/838/131 2966/837/132 2967/839/130
f  2968/838/131 2969/839/130 2970/840/129
f  2971/840/129 2972/839/130 2973/841/128
f  2974/840/129 2975/841/128 2976/842/127
f  2977/842/127 2978/841/128 2979/843/116
f  2980/842/127 2981/843/116 2982/844/120
f  2983/844/120 2984/843/116 2985/845/113
f  2986/844/120 2987/845/113 2988/846/121
f  2989/846/121 2990/845/113 2991/847/111
f  2992/846/121 2993/847/111 2994/848/122
f  2995/848/122 2996/847/111 2997/849/108
f  2998/848/122 2999/849/108 3000/850/123
f  3001/850/123 3002/849/108 3003/851/106
f  3004/850/123 3005/851/106 3006/852/124
f  3007/852/124 3008/851/106 3009/853/103
f  3010/852/124 3011/853/103 3012/854/125
f  3013/854/125 3014/853/103 3015/855/100
f  3016/854/125 3017/855/100 3018/856/126
f  3019/856/126 3020/855/100 3021/857/98
f  3022/856/126 3023/857/98 3024/616/89
f  3025/616/89 3026/857/98 3027/614/89
f  3028/858/1 3029/859/1 3030/860/1
f  3031/860/1 3032/859/1 3033/861/1
f  3034/861/1 3035/859/1 3036/862/1
f  3037/861/1 3038/862/1 3039/863/1
f  3040/863/1 3041/862/1 3042/864/1
f  3043/863/1 3044/864/1 3045/865/1
f  3046/865/1 3047/864/1 3048/866/1
f  3049/865/1 3050/866/1 3051/867/1
f  3052/867/1 3053/866/1 3054/868/1
f  3055/867/1 3056/868/1 3057/869/1
f  3058/869/1 3059/868/1 3060/870/1
f  3061/869/1 3062/870/1 3063/871/1
f  3064/871/1 3065/870/1 3066/872/1
f  3067/871/1 3068/872/1 3069/873/1
f  3070/873/1 3071/872/1 3072/874/1
f  3073/873/1 3074/874/1 3075/875/1
f  3076/875/1 3077/874/1 3078/876/1
f  3079/875/1 3080/876/1 3081/877/1
f  3082/877/1 3083/876/1 3084/878/1
f  3085/877/1 3086/878/1 3087/879/1
f  3088/879/1 3089/878/1 3090/880/1
f  3091/879/1 3092/880/1 3093/881/1
f  3094/881/1 3095/880/1 3096/882/1
f  3097/881/1 3098/882/1 3099/883/1
f  3100/883/1 3101/882/1 3102/884/1
f  3103/883/1 3104/884/1 3105/885/1
f  3106/885/1 3107/884/1 3108/886/1
f  3109/885/1 3110/886/1 3111/887/1
f  3112/887/1 3113/886/1 3114/888/1
f  3115/887/1 3116/888/1 3117/889/1
f  3118/890/89 3119/891/213 3120/892/126
f  3121/892/126 3122/891/213 3123/893/262
f  3124/892/126 3125/893/262 3126/894/125
f  3127/894/125 3128/893/262 3129/895/263
f  3130/894/125 3131/895/263 3132/896/124
f  3133/896/124 3134/895/263 3135/897/264
f  3136/896/124 3137/897/264 3138/898/123
f  3139/898/123 3140/897/264 3141/899/265
f  3142/898/123 3143/899/265 3144/900/122
f  3145/900/122 3146/899/265 3147/901/266
f  3148/900/122 3149/901/266 3150/902/121
f  3151/902/121 3152/901/266 3153/903/267
f  3154/902/121 3155/903/267 3156/904/120
f  3157/904/120 3158/903/267 3159/905/268
f  3160/904/120 3161/905/268 3162/906/127
f  3163/906/127 3164/905/268 3165/907/269
f  3166/906/127 3167/907/269 3168/908/129
f  3169/908/129 3170/907/269 3171/909/270
f  3172/908/129 3173/909/270 3174/910/131
f  3175/910/131 3176/909/270 3177/911/271
f  3178/910/131 3179/911/271 3180/912/133
f  3181/912/133 3182/911/271 3183/913/272
f  3184/912/133 3185/913/272 3186/914/135
f  3187/914/135 3188/913/272 3189/915/273
f  3190/914/135 3191/915/273 3192/916/137
f  3193/916/137 3194/915/273 3195/917/274
f  3196/916/137 3197/917/274 3198/918/139
f  3199/918/139 3200/917/274 3201/919/275
f  3202/918/139 3203/919/275 3204/920/141
f  3205/920/141 3206/919/275 3207/921/276
f  3208/920/141 3209/921/276 3210/922/143
f  3211/922/143 3212/921/276 3213/923/277
f  3214/922/143 3215/923/277 3216/581/229
f  3217/581/229 3218/923/277 3219/582/230
f  3220/582/230 3221/923/277 3222/924/278
f  3223/582/230 3224/924/278 3225/598/246
f  3226/598/246 3227/924/278 3228/925/279
f  3229/598/246 3230/925/279 3231/508/190
f  3232/508/190 3233/925/279 3234/926/280
f  3235/508/190 3236/926/280 3237/509/1
f  3238/509/1 3239/926/280 3240/927/1
f  3241/927/1 3242/926/280 3243/928/281
f  3244/927/1 3245/928/281 3246/929/1
f  3247/929/1 3248/928/281 3249/930/282
f  3250/929/1 3251/930/282 3252/931/1
f  3253/931/1 3254/930/282 3255/932/283
f  3256/931/1 3257/932/283 3258/933/1
f  3259/933/1 3260/932/283 3261/934/284
f  3262/933/1 3263/934/284 3264/935/1
f  3265/935/1 3266/934/284 3267/936/285
f  3268/935/1 3269/936/285 3270/937/1
f  3271/937/1 3272/936/285 3273/938/286
f  3274/937/1 3275/938/286 3276/939/1
f  3277/939/1 3278/938/286 3279/940/287
f  3280/939/1 3281/940/287 3282/941/1
f  3283/941/1 3284/940/287 3285/942/288
f  3286/941/1 3287/942/288 3288/943/1
f  3289/943/1 3290/942/288 3291/944/289
f  3292/943/1 3293/944/289 3294/945/1
f  3295/945/1 3296/944/289 3297/946/290
f  3298/945/1 3299/946/290 3300/947/1
f  3301/947/1 3302/946/290 3303/948/291
f  3304/947/1 3305/948/291 3306/949/1
f  3307/949/1 3308/948/291 3309/950/292
f  3310/949/1 3311/950/292 3312/951/1
f  3313/951/1 3314/950/292 3315/952/293
f  3316/951/1 3317/952/293 3318/953/1
f  3319/953/1 3320/952/293 3321/954/294
f  3322/953/1 3323/954/294 3324/955/1
f  3325/955/1 3326/954/294 3327/956/295
f  3328/955/1 3329/956/295 3330/957/1
f  3331/957/1 3332/956/295 3333/958/207
f  3334/958/207 3335/956/295 3336/959/296
f  3337/958/207 3338/959/296 3339/960/209
f  3340/960/209 3341/959/296 3342/961/297
f  3343/960/209 3344/961/297 3345/962/211
f  3346/962/211 3347/961/297 3348/893/262
f  3349/962/211 3350/893/262 3351/891/213
f  3352/581/229 3353/1/48 3354/922/143
f  3355/959/296 3356/956/295 3357/963/298
f  3358/963/298 3359/956/295 3360/954/294
f  3361/963/298 3362/954/294 3363/964/299
f  3364/964/299 3365/954/294 3366/952/293
f  3367/964/299 3368/952/293 3369/965/300
f  3370/965/300 3371/952/293 3372/950/292
f  3373/965/300 3374/950/292 3375/966/301
f  3376/966/301 3377/950/292 3378/948/291
f  3379/966/301 3380/948/291 3381/967/302
f  3382/967/302 3383/948/291 3384/946/290
f  3385/967/302 3386/946/290 3387/968/303
f  3388/968/303 3389/946/290 3390/944/289
f  3391/968/303 3392/944/289 3393/969/304
f  3394/969/304 3395/944/289 3396/942/288
f  3397/969/304 3398/942/288 3399/970/305
f  3400/970/305 3401/942/288 3402/940/287
f  3403/970/305 3404/940/287 3405/971/306
f  3406/971/306 3407/940/287 3408/938/286
f  3409/971/306 3410/938/286 3411/972/307
f  3412/972/307 3413/938/286 3414/936/285
f  3415/972/307 3416/936/285 3417/973/308
f  3418/973/308 3419/936/285 3420/934/284
f  3421/973/308 3422/934/284 3423/974/309
f  3424/974/309 3425/934/284 3426/932/283
f  3427/974/309 3428/932/283 3429/975/310
f  3430/975/310 3431/932/283 3432/930/282
f  3433/975/310 3434/930/282 3435/976/311
f  3436/976/311 3437/930/282 3438/928/281
f  3439/976/311 3440/928/281 3441/925/279
f  3442/925/279 3443/928/281 3444/926/280
f  3445/895/263 3446/893/262 3447/961/297
f  3448/961/297 3449/959/296 3450/977/312
f  3451/977/312 3452/959/296 3453/963/298
f  3454/977/312 3455/963/298 3456/978/313
f  3457/978/313 3458/963/298 3459/964/299
f  3460/978/313 3461/964/299 3462/979/314
f  3463/979/314 3464/964/299 3465/965/300
f  3466/979/314 3467/965/300 3468/980/315
f  3469/980/315 3470/965/300 3471/966/301
f  3472/980/315 3473/966/301 3474/981/316
f  3475/981/316 3476/966/301 3477/967/302
f  3478/981/316 3479/967/302 3480/982/317
f  3481/982/317 3482/967/302 3483/968/303
f  3484/982/317 3485/968/303 3486/983/318
f  3487/983/318 3488/968/303 3489/969/304
f  3490/983/318 3491/969/304 3492/984/319
f  3493/984/319 3494/969/304 3495/970/305
f  3496/984/319 3497/970/305 3498/985/320
f  3499/985/320 3500/970/305 3501/971/306
f  3502/985/320 3503/971/306 3504/986/321
f  3505/986/321 3506/971/306 3507/972/307
f  3508/986/321 3509/972/307 3510/987/322
f  3511/987/322 3512/972/307 3513/973/308
f  3514/987/322 3515/973/308 3516/988/323
f  3517/988/323 3518/973/308 3519/974/309
f  3520/988/323 3521/974/309 3522/989/324
f  3523/989/324 3524/974/309 3525/975/310
f  3526/989/324 3527/975/310 3528/990/325
f  3529/990/325 3530/975/310 3531/976/311
f  3532/990/325 3533/976/311 3534/924/278
f  3535/924/278 3536/976/311 3537/925/279
f  3538/897/264 3539/895/263 3540/977/312
f  3541/977/312 3542/895/263 3543/961/297
f  3544/897/264 3545/977/312 3546/978/313
f  3547/899/265 3548/897/264 3549/978/313
f  3550/899/265 3551/978/313 3552/979/314
f  3553/901/266 3554/899/265 3555/979/314
f  3556/901/266 3557/979/314 3558/980/315
f  3559/903/267 3560/901/266 3561/980/315
f  3562/903/267 3563/980/315 3564/981/316
f  3565/905/268 3566/903/267 3567/981/316
f  3568/905/268 3569/981/316 3570/982/317
f  3571/907/269 3572/905/268 3573/982/317
f  3574/907/269 3575/982/317 3576/983/318
f  3577/909/270 3578/907/269 3579/983/318
f  3580/909/270 3581/983/318 3582/984/319
f  3583/911/271 3584/909/270 3585/984/319
f  3586/911/271 3587/984/319 3588/985/320
f  3589/913/272 3590/911/271 3591/985/320
f  3592/913/272 3593/985/320 3594/986/321
f  3595/915/273 3596/913/272 3597/986/321
f  3598/915/273 3599/986/321 3600/987/322
f  3601/917/274 3602/915/273 3603/987/322
f  3604/917/274 3605/987/322 3606/988/323
f  3607/919/275 3608/917/274 3609/988/323
f  3610/919/275 3611/988/323 3612/989/324
f  3613/921/276 3614/919/275 3615/989/324
f  3616/921/276 3617/989/324 3618/990/325
f  3619/923/277 3620/921/276 3621/990/325
f  3622/923/277 3623/990/325 3624/924/278

