# File produced by Open Asset Import Library (http://www.assimp.sf.net)
# (assimp v5.4.3276931299)

mtllib link2.mtl

# 4620 vertex positions
v 0.407999933 0.100555204 -0.0553449988
v 0.407999933 0.100800201 -0.0538000017
v 0.415443927 0.100724213 -0.0541590005
v 0.415443927 0.100724213 -0.0541590005
v 0.407999933 0.100800201 -0.0538000017
v 0.423156917 0.100800216 -0.0516210012
v 0.415443927 0.100724213 -0.0541590005
v 0.423156917 0.100800216 -0.0516210012
v 0.429779917 0.100724228 -0.0501420014
v 0.429779917 0.100724228 -0.0501420014
v 0.423156917 0.100800216 -0.0516210012
v 0.437085927 0.100800231 -0.0452589989
v 0.429779917 0.100724228 -0.0501420014
v 0.437085927 0.100800231 -0.0452589989
v 0.442499936 0.100724243 -0.0424069986
v 0.442499936 0.100724243 -0.0424069986
v 0.437085927 0.100800231 -0.0452589989
v 0.448658943 0.100800246 -0.0352320001
v 0.442499936 0.100724243 -0.0424069986
v 0.448658943 0.100800246 -0.0352320001
v 0.452661932 0.10072425 -0.0315259993
v 0.452661932 0.10072425 -0.0315259993
v 0.448658943 0.100800246 -0.0352320001
v 0.456937909 0.100800253 -0.022349
v 0.452661932 0.10072425 -0.0315259993
v 0.456937909 0.100800253 -0.022349
v 0.459511906 0.100724258 -0.0183070004
v 0.459511906 0.100724258 -0.0183070004
v 0.456937909 0.100800253 -0.022349
v 0.461251915 0.100800261 -0.00765699986
v 0.459511906 0.100724258 -0.0183070004
v 0.461251915 0.100800261 -0.00765699986
v 0.462540895 0.100724265 -0.003731
v 0.462540895 0.100724265 -0.003731
v 0.461251915 0.100800261 -0.00765699986
v 0.461251915 0.100800261 0.00765699986
v 0.462540895 0.100724265 -0.003731
v 0.461251915 0.100800261 0.00765699986
v 0.461524904 0.100724265 0.0111229997
v 0.461524904 0.100724265 0.0111229997
v 0.461251915 0.100800261 0.00765699986
v 0.456937909 0.100800253 0.022349
v 0.461524904 0.100724265 0.0111229997
v 0.456937909 0.100800253 0.022349
v 0.456538916 0.100724258 0.0251509994
v 0.456538916 0.100724258 0.0251509994
v 0.456937909 0.100800253 0.022349
v 0.448658943 0.100800246 0.0352320001
v 0.456538916 0.100724258 0.0251509994
v 0.448658943 0.100800246 0.0352320001
v 0.447953939 0.10072425 0.0373140015
v 0.447953939 0.10072425 0.0373140015
v 0.448658943 0.100800246 0.0352320001
v 0.437085927 0.100800231 0.0452589989
v 0.447953939 0.10072425 0.0373140015
v 0.437085927 0.100800231 0.0452589989
v 0.436404943 0.100724235 0.0467099994
v 0.436404943 0.100724235 0.0467099994
v 0.437085927 0.100800231 0.0452589989
v 0.423156917 0.100800216 0.0516210012
v 0.436404943 0.100724235 0.0467099994
v 0.423156917 0.100800216 0.0516210012
v 0.422748923 0.10072422 0.0526410006
v 0.422748923 0.10072422 0.0526410006
v 0.423156917 0.100800216 0.0516210012
v 0.407999933 0.100800201 0.0538000017
v 0.422748923 0.10072422 0.0526410006
v 0.407999933 0.100800201 0.0538000017
v 0.407999933 0.100555204 0.0553449988
v 0.422748923 0.10072422 0.0526410006
v 0.407999933 0.100555204 0.0553449988
v 0.423189938 0.100130215 0.0542120002
v 0.423189938 0.100130215 0.0542120002
v 0.407999933 0.100555204 0.0553449988
v 0.407999933 0.0998452008 0.0567389987
v 0.423189938 0.100130215 0.0542120002
v 0.407999933 0.0998452008 0.0567389987
v 0.423547924 0.0990142152 0.0554930009
v 0.423547924 0.0990142152 0.0554930009
v 0.407999933 0.0998452008 0.0567389987
v 0.407999933 0.0987391993 0.0578450002
v 0.423547924 0.0990142152 0.0554930009
v 0.407999933 0.0987391993 0.0578450002
v 0.423782915 0.0975102186 0.0563290007
v 0.423782915 0.0975102186 0.0563290007
v 0.407999933 0.0987391993 0.0578450002
v 0.407999933 0.0973452032 0.0585549995
v 0.423782915 0.0975102186 0.0563290007
v 0.407999933 0.0973452032 0.0585549995
v 0.423218906 0.095800221 0.0567959994
v 0.423218906 0.095800221 0.0567959994
v 0.407999933 0.0973452032 0.0585549995
v 0.407999933 0.0958002061 0.0588000007
v 0.423218906 0.095800221 0.0567959994
v 0.437399924 0.0958002359 0.0509219989
v 0.423782915 0.0975102186 0.0563290007
v 0.423782915 0.0975102186 0.0563290007
v 0.437399924 0.0958002359 0.0509219989
v 0.438394904 0.0975102335 0.0499820001
v 0.423782915 0.0975102186 0.0563290007
v 0.438394904 0.0975102335 0.0499820001
v 0.437943935 0.0990142301 0.0492400005
v 0.437943935 0.0990142301 0.0492400005
v 0.438394904 0.0975102335 0.0499820001
v 0.450117916 0.099014245 0.0393359996
v 0.437943935 0.0990142301 0.0492400005
v 0.450117916 0.099014245 0.0393359996
v 0.449145913 0.100130245 0.0384280011
v 0.449145913 0.100130245 0.0384280011
v 0.450117916 0.099014245 0.0393359996
v 0.457987905 0.100130253 0.0259019993
v 0.449145913 0.100130245 0.0384280011
v 0.457987905 0.100130253 0.0259019993
v 0.456538916 0.100724258 0.0251509994
v 0.456538916 0.100724258 0.0251509994
v 0.457987905 0.100130253 0.0259019993
v 0.461524904 0.100724265 0.0111229997
v 0.437399924 0.0958002359 0.0509219989
v 0.449577928 0.0958002508 0.0415779985
v 0.438394904 0.0975102335 0.0499820001
v 0.438394904 0.0975102335 0.0499820001
v 0.449577928 0.0958002508 0.0415779985
v 0.450752914 0.0975102484 0.0399280004
v 0.438394904 0.0975102335 0.0499820001
v 0.450752914 0.0975102484 0.0399280004
v 0.450117916 0.099014245 0.0393359996
v 0.450117916 0.099014245 0.0393359996
v 0.450752914 0.0975102484 0.0399280004
v 0.459168911 0.0990142524 0.0265139993
v 0.450117916 0.099014245 0.0393359996
v 0.459168911 0.0990142524 0.0265139993
v 0.457987905 0.100130253 0.0259019993
v 0.457987905 0.100130253 0.0259019993
v 0.459168911 0.0990142524 0.0265139993
v 0.463121921 0.10013026 0.0114550004
v 0.457987905 0.100130253 0.0259019993
v 0.463121921 0.10013026 0.0114550004
v 0.461524904 0.100724265 0.0111229997
v 0.461524904 0.100724265 0.0111229997
v 0.463121921 0.10013026 0.0114550004
v 0.462540895 0.100724265 -0.003731
v 0.449577928 0.0958002508 0.0415779985
v 0.458921909 0.0958002582 0.0294000003
v 0.450752914 0.0975102484 0.0399280004
v 0.450752914 0.0975102484 0.0399280004
v 0.458921909 0.0958002582 0.0294000003
v 0.459939897 0.0975102559 0.0269130003
v 0.450752914 0.0975102484 0.0399280004
v 0.459939897 0.0975102559 0.0269130003
v 0.459168911 0.0990142524 0.0265139993
v 0.459168911 0.0990142524 0.0265139993
v 0.459939897 0.0975102559 0.0269130003
v 0.464424908 0.0990142599 0.0117250001
v 0.459168911 0.0990142524 0.0265139993
v 0.464424908 0.0990142599 0.0117250001
v 0.463121921 0.10013026 0.0114550004
v 0.463121921 0.10013026 0.0114550004
v 0.464424908 0.0990142599 0.0117250001
v 0.464168906 0.10013026 -0.00384199992
v 0.463121921 0.10013026 0.0114550004
v 0.464168906 0.10013026 -0.00384199992
v 0.462540895 0.100724265 -0.003731
v 0.462540895 0.100724265 -0.003731
v 0.464168906 0.10013026 -0.00384199992
v 0.459511906 0.100724258 -0.0183070004
v 0.458921909 0.0958002582 0.0294000003
v 0.464795917 0.0958002657 0.0152190002
v 0.459939897 0.0975102559 0.0269130003
v 0.459939897 0.0975102559 0.0269130003
v 0.464795917 0.0958002657 0.0152190002
v 0.4652749 0.0975102633 0.0119019998
v 0.459939897 0.0975102559 0.0269130003
v 0.4652749 0.0975102633 0.0119019998
v 0.464424908 0.0990142599 0.0117250001
v 0.464424908 0.0990142599 0.0117250001
v 0.4652749 0.0975102633 0.0119019998
v 0.465495914 0.0990142599 -0.00393299991
v 0.464424908 0.0990142599 0.0117250001
v 0.465495914 0.0990142599 -0.00393299991
v 0.464168906 0.10013026 -0.00384199992
v 0.464168906 0.10013026 -0.00384199992
v 0.465495914 0.0990142599 -0.00393299991
v 0.461048901 0.10013026 -0.0188539997
v 0.464168906 0.10013026 -0.00384199992
v 0.461048901 0.10013026 -0.0188539997
v 0.459511906 0.100724258 -0.0183070004
v 0.459511906 0.100724258 -0.0183070004
v 0.461048901 0.10013026 -0.0188539997
v 0.452661932 0.10072425 -0.0315259993
v 0.464795917 0.0958002657 0.0152190002
v 0.466799915 0.0958002657 0
v 0.4652749 0.0975102633 0.0119019998
v 0.4652749 0.0975102633 0.0119019998
v 0.466799915 0.0958002657 0
v 0.46636191 0.0975102633 -0.00399200013
v 0.4652749 0.0975102633 0.0119019998
v 0.46636191 0.0975102633 -0.00399200013
v 0.465495914 0.0990142599 -0.00393299991
v 0.465495914 0.0990142599 -0.00393299991
v 0.46636191 0.0975102633 -0.00399200013
v 0.462302893 0.0990142599 -0.0192990005
v 0.465495914 0.0990142599 -0.00393299991
v 0.462302893 0.0990142599 -0.0192990005
v 0.461048901 0.10013026 -0.0188539997
v 0.461048901 0.10013026 -0.0188539997
v 0.462302893 0.0990142599 -0.0192990005
v 0.45399493 0.100130253 -0.0324670002
v 0.461048901 0.10013026 -0.0188539997
v 0.45399493 0.100130253 -0.0324670002
v 0.452661932 0.10072425 -0.0315259993
v 0.452661932 0.10072425 -0.0315259993
v 0.45399493 0.100130253 -0.0324670002
v 0.442499936 0.100724243 -0.0424069986
v 0.466799915 0.0958002657 0
v 0.464795917 0.0958002657 -0.0152190002
v 0.46636191 0.0975102633 -0.00399200013
v 0.46636191 0.0975102633 -0.00399200013
v 0.464795917 0.0958002657 -0.0152190002
v 0.463120908 0.0975102633 -0.0195899997
v 0.46636191 0.0975102633 -0.00399200013
v 0.463120908 0.0975102633 -0.0195899997
v 0.462302893 0.0990142599 -0.0192990005
v 0.462302893 0.0990142599 -0.0192990005
v 0.463120908 0.0975102633 -0.0195899997
v 0.45508191 0.0990142524 -0.0332340002
v 0.462302893 0.0990142599 -0.0192990005
v 0.45508191 0.0990142524 -0.0332340002
v 0.45399493 0.100130253 -0.0324670002
v 0.45399493 0.100130253 -0.0324670002
v 0.45508191 0.0990142524 -0.0332340002
v 0.443529904 0.100130238 -0.0436730012
v 0.45399493 0.100130253 -0.0324670002
v 0.443529904 0.100130238 -0.0436730012
v 0.442499936 0.100724243 -0.0424069986
v 0.442499936 0.100724243 -0.0424069986
v 0.443529904 0.100130238 -0.0436730012
v 0.429779917 0.100724228 -0.0501420014
v 0.464795917 0.0958002657 -0.0152190002
v 0.458921909 0.0958002582 -0.0294000003
v 0.463120908 0.0975102633 -0.0195899997
v 0.463120908 0.0975102633 -0.0195899997
v 0.458921909 0.0958002582 -0.0294000003
v 0.455790907 0.0975102559 -0.0337349996
v 0.463120908 0.0975102633 -0.0195899997
v 0.455790907 0.0975102559 -0.0337349996
v 0.45508191 0.0990142524 -0.0332340002
v 0.45508191 0.0990142524 -0.0332340002
v 0.455790907 0.0975102559 -0.0337349996
v 0.444369912 0.0990142375 -0.0447040014
v 0.45508191 0.0990142524 -0.0332340002
v 0.444369912 0.0990142375 -0.0447040014
v 0.443529904 0.100130238 -0.0436730012
v 0.443529904 0.100130238 -0.0436730012
v 0.444369912 0.0990142375 -0.0447040014
v 0.430429935 0.100130223 -0.0516390018
v 0.443529904 0.100130238 -0.0436730012
v 0.430429935 0.100130223 -0.0516390018
v 0.429779917 0.100724228 -0.0501420014
v 0.429779917 0.100724228 -0.0501420014
v 0.430429935 0.100130223 -0.0516390018
v 0.415443927 0.100724213 -0.0541590005
v 0.458921909 0.0958002582 -0.0294000003
v 0.449577928 0.0958002508 -0.0415779985
v 0.455790907 0.0975102559 -0.0337349996
v 0.455790907 0.0975102559 -0.0337349996
v 0.449577928 0.0958002508 -0.0415779985
v 0.444917917 0.097510241 -0.0453779995
v 0.455790907 0.0975102559 -0.0337349996
v 0.444917917 0.097510241 -0.0453779995
v 0.444369912 0.0990142375 -0.0447040014
v 0.444369912 0.0990142375 -0.0447040014
v 0.444917917 0.097510241 -0.0453779995
v 0.43095994 0.0990142226 -0.0528590009
v 0.444369912 0.0990142375 -0.0447040014
v 0.43095994 0.0990142226 -0.0528590009
v 0.430429935 0.100130223 -0.0516390018
v 0.430429935 0.100130223 -0.0516390018
v 0.43095994 0.0990142226 -0.0528590009
v 0.415665925 0.100130208 -0.055776
v 0.430429935 0.100130223 -0.0516390018
v 0.415665925 0.100130208 -0.055776
v 0.415443927 0.100724213 -0.0541590005
v 0.415443927 0.100724213 -0.0541590005
v 0.415665925 0.100130208 -0.055776
v 0.407999933 0.100555204 -0.0553449988
v 0.449577928 0.0958002508 -0.0415779985
v 0.437399924 0.0958002359 -0.0509219989
v 0.444917917 0.097510241 -0.0453779995
v 0.444917917 0.097510241 -0.0453779995
v 0.437399924 0.0958002359 -0.0509219989
v 0.431305915 0.0975102335 -0.0536549985
v 0.444917917 0.097510241 -0.0453779995
v 0.431305915 0.0975102335 -0.0536549985
v 0.43095994 0.0990142226 -0.0528590009
v 0.43095994 0.0990142226 -0.0528590009
v 0.431305915 0.0975102335 -0.0536549985
v 0.415846944 0.0990142077 -0.0570929982
v 0.43095994 0.0990142226 -0.0528590009
v 0.415846944 0.0990142077 -0.0570929982
v 0.415665925 0.100130208 -0.055776
v 0.415665925 0.100130208 -0.055776
v 0.415846944 0.0990142077 -0.0570929982
v 0.407999933 0.0998452008 -0.0567389987
v 0.415665925 0.100130208 -0.055776
v 0.407999933 0.0998452008 -0.0567389987
v 0.407999933 0.100555204 -0.0553449988
v 0.437399924 0.0958002359 -0.0509219989
v 0.423218906 0.095800221 -0.0567959994
v 0.431305915 0.0975102335 -0.0536549985
v 0.431305915 0.0975102335 -0.0536549985
v 0.423218906 0.095800221 -0.0567959994
v 0.415965915 0.0975102112 -0.0579539984
v 0.431305915 0.0975102335 -0.0536549985
v 0.415965915 0.0975102112 -0.0579539984
v 0.415846944 0.0990142077 -0.0570929982
v 0.415846944 0.0990142077 -0.0570929982
v 0.415965915 0.0975102112 -0.0579539984
v 0.407999933 0.0987391993 -0.0578450002
v 0.415846944 0.0990142077 -0.0570929982
v 0.407999933 0.0987391993 -0.0578450002
v 0.407999933 0.0998452008 -0.0567389987
v 0.423218906 0.095800221 -0.0567959994
v 0.407999933 0.0958002061 -0.0588000007
v 0.415965915 0.0975102112 -0.0579539984
v 0.415965915 0.0975102112 -0.0579539984
v 0.407999933 0.0958002061 -0.0588000007
v 0.407999933 0.0973452032 -0.0585549995
v 0.415965915 0.0975102112 -0.0579539984
v 0.407999933 0.0973452032 -0.0585549995
v 0.407999933 0.0987391993 -0.0578450002
v 0.456538916 0.100724258 0.0251509994
v 0.447953939 0.10072425 0.0373140015
v 0.449145913 0.100130245 0.0384280011
v 0.449145913 0.100130245 0.0384280011
v 0.447953939 0.10072425 0.0373140015
v 0.437252939 0.10013023 0.0481039993
v 0.449145913 0.100130245 0.0384280011
v 0.437252939 0.10013023 0.0481039993
v 0.437943935 0.0990142301 0.0492400005
v 0.437943935 0.0990142301 0.0492400005
v 0.437252939 0.10013023 0.0481039993
v 0.423547924 0.0990142152 0.0554930009
v 0.437943935 0.0990142301 0.0492400005
v 0.423547924 0.0990142152 0.0554930009
v 0.423782915 0.0975102186 0.0563290007
v 0.447953939 0.10072425 0.0373140015
v 0.436404943 0.100724235 0.0467099994
v 0.437252939 0.10013023 0.0481039993
v 0.437252939 0.10013023 0.0481039993
v 0.436404943 0.100724235 0.0467099994
v 0.423189938 0.100130215 0.0542120002
v 0.437252939 0.10013023 0.0481039993
v 0.423189938 0.100130215 0.0542120002
v 0.423547924 0.0990142152 0.0554930009
v 0.422748923 0.10072422 0.0526410006
v 0.423189938 0.100130215 0.0542120002
v 0.436404943 0.100724235 0.0467099994
v 0.407999933 0.0958002061 0.0588000007
v 0.407999933 0.0645652041 0.0588000007
v 0.423218906 0.095800221 0.0567959994
v 0.423218906 0.095800221 0.0567959994
v 0.407999933 0.0645652041 0.0588000007
v 0.423218966 0.0604882166 0.0567959994
v 0.423218906 0.095800221 0.0567959994
v 0.423218966 0.0604882166 0.0567959994
v 0.437399924 0.0958002359 0.0509219989
v 0.437399924 0.0958002359 0.0509219989
v 0.423218966 0.0604882166 0.0567959994
v 0.437399954 0.0566882342 0.0509219989
v 0.437399924 0.0958002359 0.0509219989
v 0.437399954 0.0566882342 0.0509219989
v 0.449577928 0.0958002508 0.0415779985
v 0.449577928 0.0958002508 0.0415779985
v 0.437399954 0.0566882342 0.0509219989
v 0.449577987 0.053425245 0.0415779985
v 0.449577928 0.0958002508 0.0415779985
v 0.449577987 0.053425245 0.0415779985
v 0.458921909 0.0958002582 0.0294000003
v 0.458921909 0.0958002582 0.0294000003
v 0.449577987 0.053425245 0.0415779985
v 0.458921969 0.0509212539 0.0294000003
v 0.458921909 0.0958002582 0.0294000003
v 0.458921969 0.0509212539 0.0294000003
v 0.464795917 0.0958002657 0.0152190002
v 0.464795917 0.0958002657 0.0152190002
v 0.458921969 0.0509212539 0.0294000003
v 0.464795977 0.0493472591 0.0152190002
v 0.464795917 0.0958002657 0.0152190002
v 0.464795977 0.0493472591 0.0152190002
v 0.466799915 0.0958002657 0
v 0.466799915 0.0958002657 0
v 0.464795977 0.0493472591 0.0152190002
v 0.466799974 0.0488102622 0
v 0.466799915 0.0958002657 0
v 0.466799974 0.0488102622 0
v 0.464795977 0.0493472591 -0.0152190002
v 0.466799915 0.0958002657 0
v 0.464795977 0.0493472591 -0.0152190002
v 0.464795917 0.0958002657 -0.0152190002
v 0.464795917 0.0958002657 -0.0152190002
v 0.464795977 0.0493472591 -0.0152190002
v 0.458921969 0.0509212539 -0.0294000003
v 0.464795917 0.0958002657 -0.0152190002
v 0.458921969 0.0509212539 -0.0294000003
v 0.458921909 0.0958002582 -0.0294000003
v 0.458921909 0.0958002582 -0.0294000003
v 0.458921969 0.0509212539 -0.0294000003
v 0.449577987 0.053425245 -0.0415779985
v 0.458921909 0.0958002582 -0.0294000003
v 0.449577987 0.053425245 -0.0415779985
v 0.449577928 0.0958002508 -0.0415779985
v 0.449577928 0.0958002508 -0.0415779985
v 0.449577987 0.053425245 -0.0415779985
v 0.437399954 0.0566882342 -0.0509219989
v 0.449577928 0.0958002508 -0.0415779985
v 0.437399954 0.0566882342 -0.0509219989
v 0.437399924 0.0958002359 -0.0509219989
v 0.437399924 0.0958002359 -0.0509219989
v 0.437399954 0.0566882342 -0.0509219989
v 0.423218966 0.0604882166 -0.0567959994
v 0.437399924 0.0958002359 -0.0509219989
v 0.423218966 0.0604882166 -0.0567959994
v 0.423218906 0.095800221 -0.0567959994
v 0.423218906 0.095800221 -0.0567959994
v 0.423218966 0.0604882166 -0.0567959994
v 0.407999933 0.0645652041 -0.0588000007
v 0.423218906 0.095800221 -0.0567959994
v 0.407999933 0.0645652041 -0.0588000007
v 0.407999933 0.0958002061 -0.0588000007
v -7.4505806e-08 0.100554802 -0.0553449988
v -7.4505806e-08 0.100799799 -0.0538000017
v 0.00744391978 0.10072381 -0.0541590005
v 0.00744391978 0.10072381 -0.0541590005
v -7.4505806e-08 0.100799799 -0.0538000017
v 0.0151569247 0.100799814 -0.0516210012
v 0.00744391978 0.10072381 -0.0541590005
v 0.0151569247 0.100799814 -0.0516210012
v 0.0217799246 0.100723825 -0.0501420014
v 0.0217799246 0.100723825 -0.0501420014
v 0.0151569247 0.100799814 -0.0516210012
v 0.0290859193 0.100799829 -0.0452589989
v 0.0217799246 0.100723825 -0.0501420014
v 0.0290859193 0.100799829 -0.0452589989
v 0.0344999284 0.100723833 -0.0424069986
v 0.0344999284 0.100723833 -0.0424069986
v 0.0290859193 0.100799829 -0.0452589989
v 0.040658921 0.100799836 -0.0352320001
v 0.0344999284 0.100723833 -0.0424069986
v 0.040658921 0.100799836 -0.0352320001
v 0.0446619242 0.100723848 -0.0315259993
v 0.0446619242 0.100723848 -0.0315259993
v 0.040658921 0.100799836 -0.0352320001
v 0.0489379168 0.100799844 -0.022349
v 0.0446619242 0.100723848 -0.0315259993
v 0.0489379168 0.100799844 -0.022349
v 0.0515119284 0.100723855 -0.0183070004
v 0.0515119284 0.100723855 -0.0183070004
v 0.0489379168 0.100799844 -0.022349
v 0.0532519221 0.100799851 -0.00765699986
v 0.0515119284 0.100723855 -0.0183070004
v 0.0532519221 0.100799851 -0.00765699986
v 0.0545409173 0.100723855 -0.003731
v 0.0545409173 0.100723855 -0.003731
v 0.0532519221 0.100799851 -0.00765699986
v 0.0532519221 0.100799851 0.00765699986
v 0.0545409173 0.100723855 -0.003731
v 0.0532519221 0.100799851 0.00765699986
v 0.0535249263 0.100723855 0.0111229997
v 0.0535249263 0.100723855 0.0111229997
v 0.0532519221 0.100799851 0.00765699986
v 0.0489379168 0.100799844 0.022349
v 0.0535249263 0.100723855 0.0111229997
v 0.0489379168 0.100799844 0.022349
v 0.0485389233 0.100723848 0.0251509994
v 0.0485389233 0.100723848 0.0251509994
v 0.0489379168 0.100799844 0.022349
v 0.040658921 0.100799836 0.0352320001
v 0.0485389233 0.100723848 0.0251509994
v 0.040658921 0.100799836 0.0352320001
v 0.0399539173 0.10072384 0.0373140015
v 0.0399539173 0.10072384 0.0373140015
v 0.040658921 0.100799836 0.0352320001
v 0.0290859193 0.100799829 0.0452589989
v 0.0399539173 0.10072384 0.0373140015
v 0.0290859193 0.100799829 0.0452589989
v 0.0284049213 0.100723825 0.0467099994
v 0.0284049213 0.100723825 0.0467099994
v 0.0290859193 0.100799829 0.0452589989
v 0.0151569247 0.100799814 0.0516210012
v 0.0284049213 0.100723825 0.0467099994
v 0.0151569247 0.100799814 0.0516210012
v 0.014748916 0.100723818 0.0526410006
v 0.014748916 0.100723818 0.0526410006
v 0.0151569247 0.100799814 0.0516210012
v -7.4505806e-08 0.100799799 0.0538000017
v 0.014748916 0.100723818 0.0526410006
v -7.4505806e-08 0.100799799 0.0538000017
v -7.4505806e-08 0.100554802 0.0553449988
v 0.014748916 0.100723818 0.0526410006
v -7.4505806e-08 0.100554802 0.0553449988
v 0.0151899159 0.100129813 0.0542120002
v 0.0151899159 0.100129813 0.0542120002
v -7.4505806e-08 0.100554802 0.0553449988
v -7.4505806e-08 0.0998447984 0.0567389987
v 0.0151899159 0.100129813 0.0542120002
v -7.4505806e-08 0.0998447984 0.0567389987
v 0.0155479163 0.0990138128 0.0554930009
v 0.0155479163 0.0990138128 0.0554930009
v -7.4505806e-08 0.0998447984 0.0567389987
v -7.4505806e-08 0.098738797 0.0578450002
v 0.0155479163 0.0990138128 0.0554930009
v -7.4505806e-08 0.098738797 0.0578450002
v 0.0157829225 0.0975098163 0.0563290007
v 0.0157829225 0.0975098163 0.0563290007
v -7.4505806e-08 0.098738797 0.0578450002
v -7.4505806e-08 0.0973448008 0.0585549995
v 0.0157829225 0.0975098163 0.0563290007
v -7.4505806e-08 0.0973448008 0.0585549995
v 0.0152189285 0.0957998186 0.0567959994
v 0.0152189285 0.0957998186 0.0567959994
v -7.4505806e-08 0.0973448008 0.0585549995
v -7.4505806e-08 0.0957998037 0.0588000007
v 0.0152189285 0.0957998186 0.0567959994
v 0.0293999165 0.0957998335 0.0509219989
v 0.0157829225 0.0975098163 0.0563290007
v 0.0157829225 0.0975098163 0.0563290007
v 0.0293999165 0.0957998335 0.0509219989
v 0.0303949267 0.0975098312 0.0499820001
v 0.0157829225 0.0975098163 0.0563290007
v 0.0303949267 0.0975098312 0.0499820001
v 0.0299439281 0.0990138277 0.0492400005
v 0.0299439281 0.0990138277 0.0492400005
v 0.0303949267 0.0975098312 0.0499820001
v 0.0421179235 0.0990138352 0.0393359996
v 0.0299439281 0.0990138277 0.0492400005
v 0.0421179235 0.0990138352 0.0393359996
v 0.0411459208 0.100129835 0.0384280011
v 0.0411459208 0.100129835 0.0384280011
v 0.0421179235 0.0990138352 0.0393359996
v 0.0499879271 0.100129843 0.0259019993
v 0.0411459208 0.100129835 0.0384280011
v 0.0499879271 0.100129843 0.0259019993
v 0.0485389233 0.100723848 0.0251509994
v 0.0485389233 0.100723848 0.0251509994
v 0.0499879271 0.100129843 0.0259019993
v 0.0535249263 0.100723855 0.0111229997
v 0.0293999165 0.0957998335 0.0509219989
v 0.0415779203 0.095799841 0.0415779985
v 0.0303949267 0.0975098312 0.0499820001
v 0.0303949267 0.0975098312 0.0499820001
v 0.0415779203 0.095799841 0.0415779985
v 0.0427529216 0.0975098386 0.0399280004
v 0.0303949267 0.0975098312 0.0499820001
v 0.0427529216 0.0975098386 0.0399280004
v 0.0421179235 0.0990138352 0.0393359996
v 0.0421179235 0.0990138352 0.0393359996
v 0.0427529216 0.0975098386 0.0399280004
v 0.0511689186 0.0990138426 0.0265139993
v 0.0421179235 0.0990138352 0.0393359996
v 0.0511689186 0.0990138426 0.0265139993
v 0.0499879271 0.100129843 0.0259019993
v 0.0499879271 0.100129843 0.0259019993
v 0.0511689186 0.0990138426 0.0265139993
v 0.0551219285 0.10012985 0.0114550004
v 0.0499879271 0.100129843 0.0259019993
v 0.0551219285 0.10012985 0.0114550004
v 0.0535249263 0.100723855 0.0111229997
v 0.0535249263 0.100723855 0.0111229997
v 0.0551219285 0.10012985 0.0114550004
v 0.0545409173 0.100723855 -0.003731
v 0.0415779203 0.095799841 0.0415779985
v 0.050921917 0.0957998484 0.0294000003
v 0.0427529216 0.0975098386 0.0399280004
v 0.0427529216 0.0975098386 0.0399280004
v 0.050921917 0.0957998484 0.0294000003
v 0.0519399196 0.0975098535 0.0269130003
v 0.0427529216 0.0975098386 0.0399280004
v 0.0519399196 0.0975098535 0.0269130003
v 0.0511689186 0.0990138426 0.0265139993
v 0.0511689186 0.0990138426 0.0265139993
v 0.0519399196 0.0975098535 0.0269130003
v 0.0564249158 0.0990138501 0.0117250001
v 0.0511689186 0.0990138426 0.0265139993
v 0.0564249158 0.0990138501 0.0117250001
v 0.0551219285 0.10012985 0.0114550004
v 0.0551219285 0.10012985 0.0114550004
v 0.0564249158 0.0990138501 0.0117250001
v 0.0561689287 0.10012985 -0.00384199992
v 0.0551219285 0.10012985 0.0114550004
v 0.0561689287 0.10012985 -0.00384199992
v 0.0545409173 0.100723855 -0.003731
v 0.0545409173 0.100723855 -0.003731
v 0.0561689287 0.10012985 -0.00384199992
v 0.0515119284 0.100723855 -0.0183070004
v 0.050921917 0.0957998484 0.0294000003
v 0.0567959249 0.0957998559 0.0152190002
v 0.0519399196 0.0975098535 0.0269130003
v 0.0519399196 0.0975098535 0.0269130003
v 0.0567959249 0.0957998559 0.0152190002
v 0.0572749227 0.0975098535 0.0119019998
v 0.0519399196 0.0975098535 0.0269130003
v 0.0572749227 0.0975098535 0.0119019998
v 0.0564249158 0.0990138501 0.0117250001
v 0.0564249158 0.0990138501 0.0117250001
v 0.0572749227 0.0975098535 0.0119019998
v 0.0574959219 0.0990138501 -0.00393299991
v 0.0564249158 0.0990138501 0.0117250001
v 0.0574959219 0.0990138501 -0.00393299991
v 0.0561689287 0.10012985 -0.00384199992
v 0.0561689287 0.10012985 -0.00384199992
v 0.0574959219 0.0990138501 -0.00393299991
v 0.0530489236 0.10012985 -0.0188539997
v 0.0561689287 0.10012985 -0.00384199992
v 0.0530489236 0.10012985 -0.0188539997
v 0.0515119284 0.100723855 -0.0183070004
v 0.0515119284 0.100723855 -0.0183070004
v 0.0530489236 0.10012985 -0.0188539997
v 0.0446619242 0.100723848 -0.0315259993
v 0.0567959249 0.0957998559 0.0152190002
v 0.0587999225 0.0957998633 0
v 0.0572749227 0.0975098535 0.0119019998
v 0.0572749227 0.0975098535 0.0119019998
v 0.0587999225 0.0957998633 0
v 0.0583619177 0.0975098535 -0.00399200013
v 0.0572749227 0.0975098535 0.0119019998
v 0.0583619177 0.0975098535 -0.00399200013
v 0.0574959219 0.0990138501 -0.00393299991
v 0.0574959219 0.0990138501 -0.00393299991
v 0.0583619177 0.0975098535 -0.00399200013
v 0.0543029159 0.0990138501 -0.0192990005
v 0.0574959219 0.0990138501 -0.00393299991
v 0.0543029159 0.0990138501 -0.0192990005
v 0.0530489236 0.10012985 -0.0188539997
v 0.0530489236 0.10012985 -0.0188539997
v 0.0543029159 0.0990138501 -0.0192990005
v 0.0459949225 0.100129843 -0.0324670002
v 0.0530489236 0.10012985 -0.0188539997
v 0.0459949225 0.100129843 -0.0324670002
v 0.0446619242 0.100723848 -0.0315259993
v 0.0446619242 0.100723848 -0.0315259993
v 0.0459949225 0.100129843 -0.0324670002
v 0.0344999284 0.100723833 -0.0424069986
v 0.0587999225 0.0957998633 0
v 0.0567959249 0.0957998559 -0.0152190002
v 0.0583619177 0.0975098535 -0.00399200013
v 0.0583619177 0.0975098535 -0.00399200013
v 0.0567959249 0.0957998559 -0.0152190002
v 0.0551209152 0.0975098535 -0.0195899997
v 0.0583619177 0.0975098535 -0.00399200013
v 0.0551209152 0.0975098535 -0.0195899997
v 0.0543029159 0.0990138501 -0.0192990005
v 0.0543029159 0.0990138501 -0.0192990005
v 0.0551209152 0.0975098535 -0.0195899997
v 0.0470819175 0.0990138426 -0.0332340002
v 0.0543029159 0.0990138501 -0.0192990005
v 0.0470819175 0.0990138426 -0.0332340002
v 0.0459949225 0.100129843 -0.0324670002
v 0.0459949225 0.100129843 -0.0324670002
v 0.0470819175 0.0990138426 -0.0332340002
v 0.0355299264 0.100129828 -0.0436730012
v 0.0459949225 0.100129843 -0.0324670002
v 0.0355299264 0.100129828 -0.0436730012
v 0.0344999284 0.100723833 -0.0424069986
v 0.0344999284 0.100723833 -0.0424069986
v 0.0355299264 0.100129828 -0.0436730012
v 0.0217799246 0.100723825 -0.0501420014
v 0.0567959249 0.0957998559 -0.0152190002
v 0.050921917 0.0957998484 -0.0294000003
v 0.0551209152 0.0975098535 -0.0195899997
v 0.0551209152 0.0975098535 -0.0195899997
v 0.050921917 0.0957998484 -0.0294000003
v 0.0477909148 0.0975098461 -0.0337349996
v 0.0551209152 0.0975098535 -0.0195899997
v 0.0477909148 0.0975098461 -0.0337349996
v 0.0470819175 0.0990138426 -0.0332340002
v 0.0470819175 0.0990138426 -0.0332340002
v 0.0477909148 0.0975098461 -0.0337349996
v 0.0363699198 0.0990138352 -0.0447040014
v 0.0470819175 0.0990138426 -0.0332340002
v 0.0363699198 0.0990138352 -0.0447040014
v 0.0355299264 0.100129828 -0.0436730012
v 0.0355299264 0.100129828 -0.0436730012
v 0.0363699198 0.0990138352 -0.0447040014
v 0.0224299282 0.10012982 -0.0516390018
v 0.0355299264 0.100129828 -0.0436730012
v 0.0224299282 0.10012982 -0.0516390018
v 0.0217799246 0.100723825 -0.0501420014
v 0.0217799246 0.100723825 -0.0501420014
v 0.0224299282 0.10012982 -0.0516390018
v 0.00744391978 0.10072381 -0.0541590005
v 0.050921917 0.0957998484 -0.0294000003
v 0.0415779203 0.095799841 -0.0415779985
v 0.0477909148 0.0975098461 -0.0337349996
v 0.0477909148 0.0975098461 -0.0337349996
v 0.0415779203 0.095799841 -0.0415779985
v 0.0369179249 0.0975098386 -0.0453779995
v 0.0477909148 0.0975098461 -0.0337349996
v 0.0369179249 0.0975098386 -0.0453779995
v 0.0363699198 0.0990138352 -0.0447040014
v 0.0363699198 0.0990138352 -0.0447040014
v 0.0369179249 0.0975098386 -0.0453779995
v 0.0229599178 0.0990138203 -0.0528590009
v 0.0363699198 0.0990138352 -0.0447040014
v 0.0229599178 0.0990138203 -0.0528590009
v 0.0224299282 0.10012982 -0.0516390018
v 0.0224299282 0.10012982 -0.0516390018
v 0.0229599178 0.0990138203 -0.0528590009
v 0.00766591728 0.100129806 -0.055776
v 0.0224299282 0.10012982 -0.0516390018
v 0.00766591728 0.100129806 -0.055776
v 0.00744391978 0.10072381 -0.0541590005
v 0.00744391978 0.10072381 -0.0541590005
v 0.00766591728 0.100129806 -0.055776
v -7.4505806e-08 0.100554802 -0.0553449988
v 0.0415779203 0.095799841 -0.0415779985
v 0.0293999165 0.0957998335 -0.0509219989
v 0.0369179249 0.0975098386 -0.0453779995
v 0.0369179249 0.0975098386 -0.0453779995
v 0.0293999165 0.0957998335 -0.0509219989
v 0.0233059227 0.0975098237 -0.0536549985
v 0.0369179249 0.0975098386 -0.0453779995
v 0.0233059227 0.0975098237 -0.0536549985
v 0.0229599178 0.0990138203 -0.0528590009
v 0.0229599178 0.0990138203 -0.0528590009
v 0.0233059227 0.0975098237 -0.0536549985
v 0.00784692168 0.0990138054 -0.0570929982
v 0.0229599178 0.0990138203 -0.0528590009
v 0.00784692168 0.0990138054 -0.0570929982
v 0.00766591728 0.100129806 -0.055776
v 0.00766591728 0.100129806 -0.055776
v 0.00784692168 0.0990138054 -0.0570929982
v -7.4505806e-08 0.0998447984 -0.0567389987
v 0.00766591728 0.100129806 -0.055776
v -7.4505806e-08 0.0998447984 -0.0567389987
v -7.4505806e-08 0.100554802 -0.0553449988
v 0.0293999165 0.0957998335 -0.0509219989
v 0.0152189285 0.0957998186 -0.0567959994
v 0.0233059227 0.0975098237 -0.0536549985
v 0.0233059227 0.0975098237 -0.0536549985
v 0.0152189285 0.0957998186 -0.0567959994
v 0.00796592236 0.0975098088 -0.0579539984
v 0.0233059227 0.0975098237 -0.0536549985
v 0.00796592236 0.0975098088 -0.0579539984
v 0.00784692168 0.0990138054 -0.0570929982
v 0.00784692168 0.0990138054 -0.0570929982
v 0.00796592236 0.0975098088 -0.0579539984
v -7.4505806e-08 0.098738797 -0.0578450002
v 0.00784692168 0.0990138054 -0.0570929982
v -7.4505806e-08 0.098738797 -0.0578450002
v -7.4505806e-08 0.0998447984 -0.0567389987
v 0.0152189285 0.0957998186 -0.0567959994
v -7.4505806e-08 0.0957998037 -0.0588000007
v 0.00796592236 0.0975098088 -0.0579539984
v 0.00796592236 0.0975098088 -0.0579539984
v -7.4505806e-08 0.0957998037 -0.0588000007
v -7.4505806e-08 0.0973448008 -0.0585549995
v 0.00796592236 0.0975098088 -0.0579539984
v -7.4505806e-08 0.0973448008 -0.0585549995
v -7.4505806e-08 0.098738797 -0.0578450002
v 0.0485389233 0.100723848 0.0251509994
v 0.0399539173 0.10072384 0.0373140015
v 0.0411459208 0.100129835 0.0384280011
v 0.0411459208 0.100129835 0.0384280011
v 0.0399539173 0.10072384 0.0373140015
v 0.0292529166 0.100129828 0.0481039993
v 0.0411459208 0.100129835 0.0384280011
v 0.0292529166 0.100129828 0.0481039993
v 0.0299439281 0.0990138277 0.0492400005
v 0.0299439281 0.0990138277 0.0492400005
v 0.0292529166 0.100129828 0.0481039993
v 0.0155479163 0.0990138128 0.0554930009
v 0.0299439281 0.0990138277 0.0492400005
v 0.0155479163 0.0990138128 0.0554930009
v 0.0157829225 0.0975098163 0.0563290007
v 0.0399539173 0.10072384 0.0373140015
v 0.0284049213 0.100723825 0.0467099994
v 0.0292529166 0.100129828 0.0481039993
v 0.0292529166 0.100129828 0.0481039993
v 0.0284049213 0.100723825 0.0467099994
v 0.0151899159 0.100129813 0.0542120002
v 0.0292529166 0.100129828 0.0481039993
v 0.0151899159 0.100129813 0.0542120002
v 0.0155479163 0.0990138128 0.0554930009
v 0.014748916 0.100723818 0.0526410006
v 0.0151899159 0.100129813 0.0542120002
v 0.0284049213 0.100723825 0.0467099994
v -5.96046448e-08 0.0749177933 0.0588000007
v 0.0152189434 0.078995809 0.0567959994
v -7.4505806e-08 0.0957998037 0.0588000007
v -7.4505806e-08 0.0957998037 0.0588000007
v 0.0152189434 0.078995809 0.0567959994
v 0.0152189285 0.0957998186 0.0567959994
v 0.0152189285 0.0957998186 0.0567959994
v 0.0152189434 0.078995809 0.0567959994
v 0.0293999314 0.0827958286 0.0509219989
v 0.0152189285 0.0957998186 0.0567959994
v 0.0293999314 0.0827958286 0.0509219989
v 0.0293999165 0.0957998335 0.0509219989
v 0.0293999165 0.0957998335 0.0509219989
v 0.0293999314 0.0827958286 0.0509219989
v 0.0415779203 0.0860588402 0.0415779985
v 0.0293999165 0.0957998335 0.0509219989
v 0.0415779203 0.0860588402 0.0415779985
v 0.0415779203 0.095799841 0.0415779985
v 0.0415779203 0.095799841 0.0415779985
v 0.0415779203 0.0860588402 0.0415779985
v 0.050921917 0.0885628462 0.0294000003
v 0.0415779203 0.095799841 0.0415779985
v 0.050921917 0.0885628462 0.0294000003
v 0.050921917 0.0957998484 0.0294000003
v 0.050921917 0.0957998484 0.0294000003
v 0.050921917 0.0885628462 0.0294000003
v 0.0567959249 0.0901368558 0.0152190002
v 0.050921917 0.0957998484 0.0294000003
v 0.0567959249 0.0901368558 0.0152190002
v 0.0567959249 0.0957998559 0.0152190002
v 0.0567959249 0.0957998559 0.0152190002
v 0.0567959249 0.0901368558 0.0152190002
v 0.0587999225 0.0906738564 0
v 0.0567959249 0.0957998559 0.0152190002
v 0.0587999225 0.0906738564 0
v 0.0587999225 0.0957998633 0
v 0.0587999225 0.0957998633 0
v 0.0587999225 0.0906738564 0
v 0.0567959249 0.0957998559 -0.0152190002
v 0.0567959249 0.0957998559 -0.0152190002
v 0.0587999225 0.0906738564 0
v 0.0567959249 0.0901368558 -0.0152190002
v 0.0567959249 0.0957998559 -0.0152190002
v 0.0567959249 0.0901368558 -0.0152190002
v 0.050921917 0.0957998484 -0.0294000003
v 0.050921917 0.0957998484 -0.0294000003
v 0.0567959249 0.0901368558 -0.0152190002
v 0.050921917 0.0885628462 -0.0294000003
v 0.050921917 0.0957998484 -0.0294000003
v 0.050921917 0.0885628462 -0.0294000003
v 0.0415779203 0.095799841 -0.0415779985
v 0.0415779203 0.095799841 -0.0415779985
v 0.050921917 0.0885628462 -0.0294000003
v 0.0415779203 0.0860588402 -0.0415779985
v 0.0415779203 0.095799841 -0.0415779985
v 0.0415779203 0.0860588402 -0.0415779985
v 0.0293999165 0.0957998335 -0.0509219989
v 0.0293999165 0.0957998335 -0.0509219989
v 0.0415779203 0.0860588402 -0.0415779985
v 0.0293999314 0.0827958286 -0.0509219989
v 0.0293999165 0.0957998335 -0.0509219989
v 0.0293999314 0.0827958286 -0.0509219989
v 0.0152189285 0.0957998186 -0.0567959994
v 0.0152189285 0.0957998186 -0.0567959994
v 0.0293999314 0.0827958286 -0.0509219989
v 0.0152189434 0.078995809 -0.0567959994
v 0.0152189285 0.0957998186 -0.0567959994
v 0.0152189434 0.078995809 -0.0567959994
v -7.4505806e-08 0.0957998037 -0.0588000007
v -7.4505806e-08 0.0957998037 -0.0588000007
v 0.0152189434 0.078995809 -0.0567959994
v -5.96046448e-08 0.0749177933 -0.0588000007
v 7.4505806e-08 -0.0523001999 -0.0560000017
v 0.0144940764 -0.052300185 -0.0540920012
v 7.4505806e-08 -0.0595002025 -0.0560000017
v 7.4505806e-08 -0.0595002025 -0.0560000017
v 0.0144940764 -0.052300185 -0.0540920012
v 0.0144940764 -0.0595001876 -0.0540920012
v 0.0144940764 -0.0595001876 -0.0540920012
v 0.0144940764 -0.052300185 -0.0540920012
v 0.0280000716 -0.0523001775 -0.0484969988
v 0.0144940764 -0.0595001876 -0.0540920012
v 0.0280000716 -0.0523001775 -0.0484969988
v 0.0280000716 -0.0595001802 -0.0484969988
v 0.0280000716 -0.0595001802 -0.0484969988
v 0.0280000716 -0.0523001775 -0.0484969988
v 0.0395980775 -0.0523001626 -0.0395979993
v 0.0280000716 -0.0595001802 -0.0484969988
v 0.0395980775 -0.0523001626 -0.0395979993
v 0.0395980775 -0.0595001653 -0.0395979993
v 0.0395980775 -0.0595001653 -0.0395979993
v 0.0395980775 -0.0523001626 -0.0395979993
v 0.0484970659 -0.0523001552 -0.0280000009
v 0.0395980775 -0.0595001653 -0.0395979993
v 0.0484970659 -0.0523001552 -0.0280000009
v 0.0484970659 -0.0595001578 -0.0280000009
v 0.0484970659 -0.0595001578 -0.0280000009
v 0.0484970659 -0.0523001552 -0.0280000009
v 0.0540920645 -0.0523001477 -0.014494
v 0.0484970659 -0.0595001578 -0.0280000009
v 0.0540920645 -0.0523001477 -0.014494
v 0.0540920645 -0.0595001504 -0.014494
v 0.0540920645 -0.0595001504 -0.014494
v 0.0540920645 -0.0523001477 -0.014494
v 0.0560000688 -0.0523001477 0
v 0.0540920645 -0.0595001504 -0.014494
v 0.0560000688 -0.0523001477 0
v 0.0560000688 -0.0595001504 0
v 0.0560000688 -0.0595001504 0
v 0.0560000688 -0.0523001477 0
v 0.0540920645 -0.0523001477 0.014494
v 0.0560000688 -0.0595001504 0
v 0.0540920645 -0.0523001477 0.014494
v 0.0540920645 -0.0595001504 0.014494
v 0.0540920645 -0.0595001504 0.014494
v 0.0540920645 -0.0523001477 0.014494
v 0.0484970659 -0.0523001552 0.0280000009
v 0.0540920645 -0.0595001504 0.014494
v 0.0484970659 -0.0523001552 0.0280000009
v 0.0484970659 -0.0595001578 0.0280000009
v 0.0484970659 -0.0595001578 0.0280000009
v 0.0484970659 -0.0523001552 0.0280000009
v 0.0395980775 -0.0523001626 0.0395979993
v 0.0484970659 -0.0595001578 0.0280000009
v 0.0395980775 -0.0523001626 0.0395979993
v 0.0395980775 -0.0595001653 0.0395979993
v 0.0395980775 -0.0595001653 0.0395979993
v 0.0395980775 -0.0523001626 0.0395979993
v 0.0280000716 -0.0523001775 0.0484969988
v 0.0395980775 -0.0595001653 0.0395979993
v 0.0280000716 -0.0523001775 0.0484969988
v 0.0280000716 -0.0595001802 0.0484969988
v 0.0280000716 -0.0595001802 0.0484969988
v 0.0280000716 -0.0523001775 0.0484969988
v 0.0144940764 -0.052300185 0.0540920012
v 0.0280000716 -0.0595001802 0.0484969988
v 0.0144940764 -0.052300185 0.0540920012
v 0.0144940764 -0.0595001876 0.0540920012
v 0.0144940764 -0.0595001876 0.0540920012
v 0.0144940764 -0.052300185 0.0540920012
v 7.4505806e-08 -0.0595002025 0.0560000017
v 7.4505806e-08 -0.0595002025 0.0560000017
v 0.0144940764 -0.052300185 0.0540920012
v 7.4505806e-08 -0.0523001999 0.0560000017
v 0.408000052 -0.0522997975 -0.0560000017
v 0.422494054 -0.0522997826 -0.0540920012
v 0.408000052 -0.0594998002 -0.0560000017
v 0.408000052 -0.0594998002 -0.0560000017
v 0.422494054 -0.0522997826 -0.0540920012
v 0.422494054 -0.0594997853 -0.0540920012
v 0.422494054 -0.0594997853 -0.0540920012
v 0.422494054 -0.0522997826 -0.0540920012
v 0.436000049 -0.0522997677 -0.0484969988
v 0.422494054 -0.0594997853 -0.0540920012
v 0.436000049 -0.0522997677 -0.0484969988
v 0.436000049 -0.0594997704 -0.0484969988
v 0.436000049 -0.0594997704 -0.0484969988
v 0.436000049 -0.0522997677 -0.0484969988
v 0.44759807 -0.0522997528 -0.0395979993
v 0.436000049 -0.0594997704 -0.0484969988
v 0.44759807 -0.0522997528 -0.0395979993
v 0.44759807 -0.0594997555 -0.0395979993
v 0.44759807 -0.0594997555 -0.0395979993
v 0.44759807 -0.0522997528 -0.0395979993
v 0.456497043 -0.0522997454 -0.0280000009
v 0.44759807 -0.0594997555 -0.0395979993
v 0.456497043 -0.0522997454 -0.0280000009
v 0.456497073 -0.0594997481 -0.0280000009
v 0.456497073 -0.0594997481 -0.0280000009
v 0.456497043 -0.0522997454 -0.0280000009
v 0.462092042 -0.0522997379 -0.014494
v 0.456497073 -0.0594997481 -0.0280000009
v 0.462092042 -0.0522997379 -0.014494
v 0.462092072 -0.0594997406 -0.014494
v 0.462092072 -0.0594997406 -0.014494
v 0.462092042 -0.0522997379 -0.014494
v 0.464000046 -0.0522997379 0
v 0.462092072 -0.0594997406 -0.014494
v 0.464000046 -0.0522997379 0
v 0.464000076 -0.0594997406 0
v 0.464000076 -0.0594997406 0
v 0.464000046 -0.0522997379 0
v 0.462092042 -0.0522997379 0.014494
v 0.464000076 -0.0594997406 0
v 0.462092042 -0.0522997379 0.014494
v 0.462092072 -0.0594997406 0.014494
v 0.462092072 -0.0594997406 0.014494
v 0.462092042 -0.0522997379 0.014494
v 0.456497043 -0.0522997454 0.0280000009
v 0.462092072 -0.0594997406 0.014494
v 0.456497043 -0.0522997454 0.0280000009
v 0.456497073 -0.0594997481 0.0280000009
v 0.456497073 -0.0594997481 0.0280000009
v 0.456497043 -0.0522997454 0.0280000009
v 0.44759807 -0.0522997528 0.0395979993
v 0.456497073 -0.0594997481 0.0280000009
v 0.44759807 -0.0522997528 0.0395979993
v 0.44759807 -0.0594997555 0.0395979993
v 0.44759807 -0.0594997555 0.0395979993
v 0.44759807 -0.0522997528 0.0395979993
v 0.436000049 -0.0522997677 0.0484969988
v 0.44759807 -0.0594997555 0.0395979993
v 0.436000049 -0.0522997677 0.0484969988
v 0.436000049 -0.0594997704 0.0484969988
v 0.436000049 -0.0594997704 0.0484969988
v 0.436000049 -0.0522997677 0.0484969988
v 0.422494054 -0.0522997826 0.0540920012
v 0.436000049 -0.0594997704 0.0484969988
v 0.422494054 -0.0522997826 0.0540920012
v 0.422494054 -0.0594997853 0.0540920012
v 0.422494054 -0.0594997853 0.0540920012
v 0.422494054 -0.0522997826 0.0540920012
v 0.408000052 -0.0594998002 0.0560000017
v 0.408000052 -0.0594998002 0.0560000017
v 0.422494054 -0.0522997826 0.0540920012
v 0.408000052 -0.0522997975 0.0560000017
v 5.96046448e-08 -0.0443001986 -0.0588000007
v 0.0152190626 -0.0443001837 -0.0567959994
v 7.4505806e-08 -0.0523001999 -0.0588000007
v 7.4505806e-08 -0.0523001999 -0.0588000007
v 0.0152190626 -0.0443001837 -0.0567959994
v 0.0152190775 -0.052300185 -0.0567959994
v 0.0152190775 -0.052300185 -0.0567959994
v 0.0152190626 -0.0443001837 -0.0567959994
v 0.0294000506 -0.0443001688 -0.0509219989
v 0.0152190775 -0.052300185 -0.0567959994
v 0.0294000506 -0.0443001688 -0.0509219989
v 0.0294000655 -0.0523001701 -0.0509219989
v 0.0294000655 -0.0523001701 -0.0509219989
v 0.0294000506 -0.0443001688 -0.0509219989
v 0.0415780544 -0.0443001613 -0.0415779985
v 0.0294000655 -0.0523001701 -0.0509219989
v 0.0415780544 -0.0443001613 -0.0415779985
v 0.0415780693 -0.0523001626 -0.0415779985
v 0.0415780693 -0.0523001626 -0.0415779985
v 0.0415780544 -0.0443001613 -0.0415779985
v 0.0509220511 -0.0443001539 -0.0294000003
v 0.0415780693 -0.0523001626 -0.0415779985
v 0.0509220511 -0.0443001539 -0.0294000003
v 0.050922066 -0.0523001552 -0.0294000003
v 0.050922066 -0.0523001552 -0.0294000003
v 0.0509220511 -0.0443001539 -0.0294000003
v 0.056796059 -0.0443001464 -0.0152190002
v 0.050922066 -0.0523001552 -0.0294000003
v 0.056796059 -0.0443001464 -0.0152190002
v 0.0567960739 -0.0523001477 -0.0152190002
v 0.0567960739 -0.0523001477 -0.0152190002
v 0.056796059 -0.0443001464 -0.0152190002
v 0.0588000566 -0.044300139 0
v 0.0567960739 -0.0523001477 -0.0152190002
v 0.0588000566 -0.044300139 0
v 0.0588000715 -0.0523001403 0
v 0.0588000715 -0.0523001403 0
v 0.0588000566 -0.044300139 0
v 0.056796059 -0.0443001464 0.0152190002
v 0.0588000715 -0.0523001403 0
v 0.056796059 -0.0443001464 0.0152190002
v 0.0567960739 -0.0523001477 0.0152190002
v 0.0567960739 -0.0523001477 0.0152190002
v 0.056796059 -0.0443001464 0.0152190002
v 0.0509220511 -0.0443001539 0.0294000003
v 0.0567960739 -0.0523001477 0.0152190002
v 0.0509220511 -0.0443001539 0.0294000003
v 0.050922066 -0.0523001552 0.0294000003
v 0.050922066 -0.0523001552 0.0294000003
v 0.0509220511 -0.0443001539 0.0294000003
v 0.0415780544 -0.0443001613 0.0415779985
v 0.050922066 -0.0523001552 0.0294000003
v 0.0415780544 -0.0443001613 0.0415779985
v 0.0415780693 -0.0523001626 0.0415779985
v 0.0415780693 -0.0523001626 0.0415779985
v 0.0415780544 -0.0443001613 0.0415779985
v 0.0294000506 -0.0443001688 0.0509219989
v 0.0415780693 -0.0523001626 0.0415779985
v 0.0294000506 -0.0443001688 0.0509219989
v 0.0294000655 -0.0523001701 0.0509219989
v 0.0294000655 -0.0523001701 0.0509219989
v 0.0294000506 -0.0443001688 0.0509219989
v 0.0152190626 -0.0443001837 0.0567959994
v 0.0294000655 -0.0523001701 0.0509219989
v 0.0152190626 -0.0443001837 0.0567959994
v 0.0152190775 -0.052300185 0.0567959994
v 0.0152190775 -0.052300185 0.0567959994
v 0.0152190626 -0.0443001837 0.0567959994
v 7.4505806e-08 -0.0523001999 0.0588000007
v 7.4505806e-08 -0.0523001999 0.0588000007
v 0.0152190626 -0.0443001837 0.0567959994
v 5.96046448e-08 -0.0443001986 0.0588000007
v 0.408000052 -0.0442997962 -0.0588000007
v 0.423219055 -0.0442997813 -0.0567959994
v 0.408000052 -0.0522997975 -0.0588000007
v 0.408000052 -0.0522997975 -0.0588000007
v 0.423219055 -0.0442997813 -0.0567959994
v 0.423219085 -0.0522997826 -0.0567959994
v 0.423219085 -0.0522997826 -0.0567959994
v 0.423219055 -0.0442997813 -0.0567959994
v 0.437400043 -0.0442997664 -0.0509219989
v 0.423219085 -0.0522997826 -0.0567959994
v 0.437400043 -0.0442997664 -0.0509219989
v 0.437400073 -0.0522997677 -0.0509219989
v 0.437400073 -0.0522997677 -0.0509219989
v 0.437400043 -0.0442997664 -0.0509219989
v 0.449578047 -0.0442997515 -0.0415779985
v 0.437400073 -0.0522997677 -0.0509219989
v 0.449578047 -0.0442997515 -0.0415779985
v 0.449578077 -0.0522997528 -0.0415779985
v 0.449578077 -0.0522997528 -0.0415779985
v 0.449578047 -0.0442997515 -0.0415779985
v 0.458922058 -0.0442997441 -0.0294000003
v 0.449578077 -0.0522997528 -0.0415779985
v 0.458922058 -0.0442997441 -0.0294000003
v 0.458922058 -0.0522997454 -0.0294000003
v 0.458922058 -0.0522997454 -0.0294000003
v 0.458922058 -0.0442997441 -0.0294000003
v 0.464796066 -0.0442997366 -0.0152190002
v 0.458922058 -0.0522997454 -0.0294000003
v 0.464796066 -0.0442997366 -0.0152190002
v 0.464796066 -0.0522997379 -0.0152190002
v 0.464796066 -0.0522997379 -0.0152190002
v 0.464796066 -0.0442997366 -0.0152190002
v 0.466800064 -0.0442997366 0
v 0.464796066 -0.0522997379 -0.0152190002
v 0.466800064 -0.0442997366 0
v 0.466800064 -0.0522997379 0
v 0.466800064 -0.0522997379 0
v 0.466800064 -0.0442997366 0
v 0.464796066 -0.0442997366 0.0152190002
v 0.466800064 -0.0522997379 0
v 0.464796066 -0.0442997366 0.0152190002
v 0.464796066 -0.0522997379 0.0152190002
v 0.464796066 -0.0522997379 0.0152190002
v 0.464796066 -0.0442997366 0.0152190002
v 0.458922058 -0.0442997441 0.0294000003
v 0.464796066 -0.0522997379 0.0152190002
v 0.458922058 -0.0442997441 0.0294000003
v 0.458922058 -0.0522997454 0.0294000003
v 0.458922058 -0.0522997454 0.0294000003
v 0.458922058 -0.0442997441 0.0294000003
v 0.449578047 -0.0442997515 0.0415779985
v 0.458922058 -0.0522997454 0.0294000003
v 0.449578047 -0.0442997515 0.0415779985
v 0.449578077 -0.0522997528 0.0415779985
v 0.449578077 -0.0522997528 0.0415779985
v 0.449578047 -0.0442997515 0.0415779985
v 0.437400043 -0.0442997664 0.0509219989
v 0.449578077 -0.0522997528 0.0415779985
v 0.437400043 -0.0442997664 0.0509219989
v 0.437400073 -0.0522997677 0.0509219989
v 0.437400073 -0.0522997677 0.0509219989
v 0.437400043 -0.0442997664 0.0509219989
v 0.423219055 -0.0442997813 0.0567959994
v 0.437400073 -0.0522997677 0.0509219989
v 0.423219055 -0.0442997813 0.0567959994
v 0.423219085 -0.0522997826 0.0567959994
v 0.423219085 -0.0522997826 0.0567959994
v 0.423219055 -0.0442997813 0.0567959994
v 0.408000052 -0.0522997975 0.0588000007
v 0.408000052 -0.0522997975 0.0588000007
v 0.423219055 -0.0442997813 0.0567959994
v 0.408000052 -0.0442997962 0.0588000007
v 0.408000052 -0.0522997975 0.0588000007
v 0.408000052 -0.0442997962 0.0588000007
v 0.392781079 -0.0522998124 0.0567959994
v 0.392781079 -0.0522998124 0.0567959994
v 0.408000052 -0.0442997962 0.0588000007
v 0.392781049 -0.0442998111 0.0567959994
v 0.392781079 -0.0522998124 0.0567959994
v 0.392781049 -0.0442998111 0.0567959994
v 0.378600061 -0.044299826 0.0509219989
v 0.392781079 -0.0522998124 0.0567959994
v 0.378600061 -0.044299826 0.0509219989
v 0.378600061 -0.0522998273 0.0509219989
v 0.378600061 -0.0522998273 0.0509219989
v 0.378600061 -0.044299826 0.0509219989
v 0.366422057 -0.0442998335 0.0415779985
v 0.378600061 -0.0522998273 0.0509219989
v 0.366422057 -0.0442998335 0.0415779985
v 0.366422057 -0.0522998348 0.0415779985
v 0.366422057 -0.0522998348 0.0415779985
v 0.366422057 -0.0442998335 0.0415779985
v 0.357078075 -0.0442998409 0.0294000003
v 0.366422057 -0.0522998348 0.0415779985
v 0.357078075 -0.0442998409 0.0294000003
v 0.357078075 -0.0522998422 0.0294000003
v 0.357078075 -0.0522998422 0.0294000003
v 0.357078075 -0.0442998409 0.0294000003
v 0.351204038 -0.0442998484 0.0152190002
v 0.357078075 -0.0522998422 0.0294000003
v 0.351204038 -0.0442998484 0.0152190002
v 0.351204067 -0.0522998497 0.0152190002
v 0.351204067 -0.0522998497 0.0152190002
v 0.351204038 -0.0442998484 0.0152190002
v 0.34920007 -0.0442998558 0
v 0.351204067 -0.0522998497 0.0152190002
v 0.34920007 -0.0442998558 0
v 0.34920007 -0.0522998571 0
v 0.34920007 -0.0522998571 0
v 0.34920007 -0.0442998558 0
v 0.351204038 -0.0442998484 -0.0152190002
v 0.34920007 -0.0522998571 0
v 0.351204038 -0.0442998484 -0.0152190002
v 0.351204067 -0.0522998497 -0.0152190002
v 0.351204067 -0.0522998497 -0.0152190002
v 0.351204038 -0.0442998484 -0.0152190002
v 0.357078075 -0.0442998409 -0.0294000003
v 0.351204067 -0.0522998497 -0.0152190002
v 0.357078075 -0.0442998409 -0.0294000003
v 0.357078075 -0.0522998422 -0.0294000003
v 0.357078075 -0.0522998422 -0.0294000003
v 0.357078075 -0.0442998409 -0.0294000003
v 0.366422057 -0.0442998335 -0.0415779985
v 0.357078075 -0.0522998422 -0.0294000003
v 0.366422057 -0.0442998335 -0.0415779985
v 0.366422057 -0.0522998348 -0.0415779985
v 0.366422057 -0.0522998348 -0.0415779985
v 0.366422057 -0.0442998335 -0.0415779985
v 0.378600061 -0.044299826 -0.0509219989
v 0.366422057 -0.0522998348 -0.0415779985
v 0.378600061 -0.044299826 -0.0509219989
v 0.378600061 -0.0522998273 -0.0509219989
v 0.378600061 -0.0522998273 -0.0509219989
v 0.378600061 -0.044299826 -0.0509219989
v 0.392781049 -0.0442998111 -0.0567959994
v 0.378600061 -0.0522998273 -0.0509219989
v 0.392781049 -0.0442998111 -0.0567959994
v 0.392781079 -0.0522998124 -0.0567959994
v 0.392781079 -0.0522998124 -0.0567959994
v 0.392781049 -0.0442998111 -0.0567959994
v 0.408000052 -0.0442997962 -0.0588000007
v 0.392781079 -0.0522998124 -0.0567959994
v 0.408000052 -0.0442997962 -0.0588000007
v 0.408000052 -0.0522997975 -0.0588000007
v 7.4505806e-08 -0.0523001999 0.0588000007
v 5.96046448e-08 -0.0443001986 0.0588000007
v -0.0152189285 -0.0523002148 0.0567959994
v -0.0152189285 -0.0523002148 0.0567959994
v 5.96046448e-08 -0.0443001986 0.0588000007
v -0.0152189434 -0.0443002135 0.0567959994
v -0.0152189285 -0.0523002148 0.0567959994
v -0.0152189434 -0.0443002135 0.0567959994
v -0.0293999463 -0.0443002284 0.0509219989
v -0.0152189285 -0.0523002148 0.0567959994
v -0.0293999463 -0.0443002284 0.0509219989
v -0.0293999314 -0.0523002297 0.0509219989
v -0.0293999314 -0.0523002297 0.0509219989
v -0.0293999463 -0.0443002284 0.0509219989
v -0.0415779501 -0.0443002433 0.0415779985
v -0.0293999314 -0.0523002297 0.0509219989
v -0.0415779501 -0.0443002433 0.0415779985
v -0.0415779352 -0.0523002446 0.0415779985
v -0.0415779352 -0.0523002446 0.0415779985
v -0.0415779501 -0.0443002433 0.0415779985
v -0.0509219468 -0.0443002507 0.0294000003
v -0.0415779352 -0.0523002446 0.0415779985
v -0.0509219468 -0.0443002507 0.0294000003
v -0.0509219468 -0.052300252 0.0294000003
v -0.0509219468 -0.052300252 0.0294000003
v -0.0509219468 -0.0443002507 0.0294000003
v -0.0567959547 -0.0443002582 0.0152190002
v -0.0509219468 -0.052300252 0.0294000003
v -0.0567959547 -0.0443002582 0.0152190002
v -0.0567959547 -0.0523002595 0.0152190002
v -0.0567959547 -0.0523002595 0.0152190002
v -0.0567959547 -0.0443002582 0.0152190002
v -0.0587999523 -0.0443002582 0
v -0.0567959547 -0.0523002595 0.0152190002
v -0.0587999523 -0.0443002582 0
v -0.0587999523 -0.0523002595 0
v -0.0587999523 -0.0523002595 0
v -0.0587999523 -0.0443002582 0
v -0.0567959547 -0.0443002582 -0.0152190002
v -0.0587999523 -0.0523002595 0
v -0.0567959547 -0.0443002582 -0.0152190002
v -0.0567959547 -0.0523002595 -0.0152190002
v -0.0567959547 -0.0523002595 -0.0152190002
v -0.0567959547 -0.0443002582 -0.0152190002
v -0.0509219468 -0.0443002507 -0.0294000003
v -0.0567959547 -0.0523002595 -0.0152190002
v -0.0509219468 -0.0443002507 -0.0294000003
v -0.0509219468 -0.052300252 -0.0294000003
v -0.0509219468 -0.052300252 -0.0294000003
v -0.0509219468 -0.0443002507 -0.0294000003
v -0.0415779501 -0.0443002433 -0.0415779985
v -0.0509219468 -0.052300252 -0.0294000003
v -0.0415779501 -0.0443002433 -0.0415779985
v -0.0415779352 -0.0523002446 -0.0415779985
v -0.0415779352 -0.0523002446 -0.0415779985
v -0.0415779501 -0.0443002433 -0.0415779985
v -0.0293999463 -0.0443002284 -0.0509219989
v -0.0415779352 -0.0523002446 -0.0415779985
v -0.0293999463 -0.0443002284 -0.0509219989
v -0.0293999314 -0.0523002297 -0.0509219989
v -0.0293999314 -0.0523002297 -0.0509219989
v -0.0293999463 -0.0443002284 -0.0509219989
v -0.0152189434 -0.0443002135 -0.0567959994
v -0.0293999314 -0.0523002297 -0.0509219989
v -0.0152189434 -0.0443002135 -0.0567959994
v -0.0152189285 -0.0523002148 -0.0567959994
v -0.0152189285 -0.0523002148 -0.0567959994
v -0.0152189434 -0.0443002135 -0.0567959994
v 5.96046448e-08 -0.0443001986 -0.0588000007
v -0.0152189285 -0.0523002148 -0.0567959994
v 5.96046448e-08 -0.0443001986 -0.0588000007
v 7.4505806e-08 -0.0523001999 -0.0588000007
v 0.422494054 -0.0594997853 -0.0540920012
v 0.422494054 -0.0594997853 0.0540920012
v 0.408000052 -0.0594998002 -0.0560000017
v 0.408000052 -0.0594998002 -0.0560000017
v 0.422494054 -0.0594997853 0.0540920012
v 0.408000052 -0.0594998002 0.0560000017
v 0.408000052 -0.0594998002 -0.0560000017
v 0.408000052 -0.0594998002 0.0560000017
v 0.39350605 -0.0594998151 -0.0540920012
v 0.39350605 -0.0594998151 -0.0540920012
v 0.408000052 -0.0594998002 0.0560000017
v 0.39350605 -0.0594998151 0.0540920012
v 0.39350605 -0.0594998151 -0.0540920012
v 0.39350605 -0.0594998151 0.0540920012
v 0.380000055 -0.0594998226 -0.0484969988
v 0.380000055 -0.0594998226 -0.0484969988
v 0.39350605 -0.0594998151 0.0540920012
v 0.380000055 -0.0594998226 0.0484969988
v 0.380000055 -0.0594998226 -0.0484969988
v 0.380000055 -0.0594998226 0.0484969988
v 0.368402064 -0.0594998375 -0.0395979993
v 0.368402064 -0.0594998375 -0.0395979993
v 0.380000055 -0.0594998226 0.0484969988
v 0.368402064 -0.0594998375 0.0395979993
v 0.368402064 -0.0594998375 -0.0395979993
v 0.368402064 -0.0594998375 0.0395979993
v 0.35950309 -0.0594998449 -0.0280000009
v 0.35950309 -0.0594998449 -0.0280000009
v 0.368402064 -0.0594998375 0.0395979993
v 0.35950309 -0.0594998449 0.0280000009
v 0.35950309 -0.0594998449 -0.0280000009
v 0.35950309 -0.0594998449 0.0280000009
v 0.353908062 -0.0594998524 -0.014494
v 0.353908062 -0.0594998524 -0.014494
v 0.35950309 -0.0594998449 0.0280000009
v 0.353908062 -0.0594998524 0.014494
v 0.353908062 -0.0594998524 -0.014494
v 0.353908062 -0.0594998524 0.014494
v 0.352000058 -0.0594998524 0
v 0.422494054 -0.0594997853 0.0540920012
v 0.422494054 -0.0594997853 -0.0540920012
v 0.436000049 -0.0594997704 0.0484969988
v 0.436000049 -0.0594997704 0.0484969988
v 0.422494054 -0.0594997853 -0.0540920012
v 0.436000049 -0.0594997704 -0.0484969988
v 0.436000049 -0.0594997704 0.0484969988
v 0.436000049 -0.0594997704 -0.0484969988
v 0.44759807 -0.0594997555 0.0395979993
v 0.44759807 -0.0594997555 0.0395979993
v 0.436000049 -0.0594997704 -0.0484969988
v 0.44759807 -0.0594997555 -0.0395979993
v 0.44759807 -0.0594997555 0.0395979993
v 0.44759807 -0.0594997555 -0.0395979993
v 0.456497073 -0.0594997481 0.0280000009
v 0.456497073 -0.0594997481 0.0280000009
v 0.44759807 -0.0594997555 -0.0395979993
v 0.456497073 -0.0594997481 -0.0280000009
v 0.456497073 -0.0594997481 0.0280000009
v 0.456497073 -0.0594997481 -0.0280000009
v 0.462092072 -0.0594997406 0.014494
v 0.462092072 -0.0594997406 0.014494
v 0.456497073 -0.0594997481 -0.0280000009
v 0.462092072 -0.0594997406 -0.014494
v 0.462092072 -0.0594997406 0.014494
v 0.462092072 -0.0594997406 -0.014494
v 0.464000076 -0.0594997406 0
v 0.408000052 -0.0594998002 0.0560000017
v 0.408000052 -0.0522997975 0.0560000017
v 0.39350605 -0.0594998151 0.0540920012
v 0.39350605 -0.0594998151 0.0540920012
v 0.408000052 -0.0522997975 0.0560000017
v 0.39350605 -0.0522998124 0.0540920012
v 0.39350605 -0.0594998151 0.0540920012
v 0.39350605 -0.0522998124 0.0540920012
v 0.380000055 -0.0522998199 0.0484969988
v 0.39350605 -0.0594998151 0.0540920012
v 0.380000055 -0.0522998199 0.0484969988
v 0.380000055 -0.0594998226 0.0484969988
v 0.380000055 -0.0594998226 0.0484969988
v 0.380000055 -0.0522998199 0.0484969988
v 0.368402064 -0.0522998348 0.0395979993
v 0.380000055 -0.0594998226 0.0484969988
v 0.368402064 -0.0522998348 0.0395979993
v 0.368402064 -0.0594998375 0.0395979993
v 0.368402064 -0.0594998375 0.0395979993
v 0.368402064 -0.0522998348 0.0395979993
v 0.35950309 -0.0522998422 0.0280000009
v 0.368402064 -0.0594998375 0.0395979993
v 0.35950309 -0.0522998422 0.0280000009
v 0.35950309 -0.0594998449 0.0280000009
v 0.35950309 -0.0594998449 0.0280000009
v 0.35950309 -0.0522998422 0.0280000009
v 0.353908062 -0.0522998497 0.014494
v 0.35950309 -0.0594998449 0.0280000009
v 0.353908062 -0.0522998497 0.014494
v 0.353908062 -0.0594998524 0.014494
v 0.353908062 -0.0594998524 0.014494
v 0.353908062 -0.0522998497 0.014494
v 0.352000058 -0.0522998497 0
v 0.353908062 -0.0594998524 0.014494
v 0.352000058 -0.0522998497 0
v 0.352000058 -0.0594998524 0
v 0.352000058 -0.0594998524 0
v 0.352000058 -0.0522998497 0
v 0.353908062 -0.0522998497 -0.014494
v 0.352000058 -0.0594998524 0
v 0.353908062 -0.0522998497 -0.014494
v 0.353908062 -0.0594998524 -0.014494
v 0.353908062 -0.0594998524 -0.014494
v 0.353908062 -0.0522998497 -0.014494
v 0.35950309 -0.0522998422 -0.0280000009
v 0.353908062 -0.0594998524 -0.014494
v 0.35950309 -0.0522998422 -0.0280000009
v 0.35950309 -0.0594998449 -0.0280000009
v 0.35950309 -0.0594998449 -0.0280000009
v 0.35950309 -0.0522998422 -0.0280000009
v 0.368402064 -0.0522998348 -0.0395979993
v 0.35950309 -0.0594998449 -0.0280000009
v 0.368402064 -0.0522998348 -0.0395979993
v 0.368402064 -0.0594998375 -0.0395979993
v 0.368402064 -0.0594998375 -0.0395979993
v 0.368402064 -0.0522998348 -0.0395979993
v 0.380000055 -0.0522998199 -0.0484969988
v 0.368402064 -0.0594998375 -0.0395979993
v 0.380000055 -0.0522998199 -0.0484969988
v 0.380000055 -0.0594998226 -0.0484969988
v 0.380000055 -0.0594998226 -0.0484969988
v 0.380000055 -0.0522998199 -0.0484969988
v 0.39350605 -0.0522998124 -0.0540920012
v 0.380000055 -0.0594998226 -0.0484969988
v 0.39350605 -0.0522998124 -0.0540920012
v 0.39350605 -0.0594998151 -0.0540920012
v 0.39350605 -0.0594998151 -0.0540920012
v 0.39350605 -0.0522998124 -0.0540920012
v 0.408000052 -0.0522997975 -0.0560000017
v 0.39350605 -0.0594998151 -0.0540920012
v 0.408000052 -0.0522997975 -0.0560000017
v 0.408000052 -0.0594998002 -0.0560000017
v 0.392781079 -0.0522998124 -0.0567959994
v 0.408000052 -0.0522997975 -0.0588000007
v 0.408000052 -0.0522997975 -0.0560000017
v 0.408000052 -0.0522997975 -0.0560000017
v 0.408000052 -0.0522997975 -0.0588000007
v 0.423219085 -0.0522997826 -0.0567959994
v 0.408000052 -0.0522997975 -0.0560000017
v 0.423219085 -0.0522997826 -0.0567959994
v 0.422494054 -0.0522997826 -0.0540920012
v 0.422494054 -0.0522997826 -0.0540920012
v 0.423219085 -0.0522997826 -0.0567959994
v 0.437400073 -0.0522997677 -0.0509219989
v 0.422494054 -0.0522997826 -0.0540920012
v 0.437400073 -0.0522997677 -0.0509219989
v 0.436000049 -0.0522997677 -0.0484969988
v 0.436000049 -0.0522997677 -0.0484969988
v 0.437400073 -0.0522997677 -0.0509219989
v 0.449578077 -0.0522997528 -0.0415779985
v 0.436000049 -0.0522997677 -0.0484969988
v 0.449578077 -0.0522997528 -0.0415779985
v 0.44759807 -0.0522997528 -0.0395979993
v 0.44759807 -0.0522997528 -0.0395979993
v 0.449578077 -0.0522997528 -0.0415779985
v 0.458922058 -0.0522997454 -0.0294000003
v 0.44759807 -0.0522997528 -0.0395979993
v 0.458922058 -0.0522997454 -0.0294000003
v 0.456497043 -0.0522997454 -0.0280000009
v 0.456497043 -0.0522997454 -0.0280000009
v 0.458922058 -0.0522997454 -0.0294000003
v 0.464796066 -0.0522997379 -0.0152190002
v 0.456497043 -0.0522997454 -0.0280000009
v 0.464796066 -0.0522997379 -0.0152190002
v 0.462092042 -0.0522997379 -0.014494
v 0.462092042 -0.0522997379 -0.014494
v 0.464796066 -0.0522997379 -0.0152190002
v 0.466800064 -0.0522997379 0
v 0.462092042 -0.0522997379 -0.014494
v 0.466800064 -0.0522997379 0
v 0.464000046 -0.0522997379 0
v 0.464000046 -0.0522997379 0
v 0.466800064 -0.0522997379 0
v 0.462092042 -0.0522997379 0.014494
v 0.462092042 -0.0522997379 0.014494
v 0.466800064 -0.0522997379 0
v 0.464796066 -0.0522997379 0.0152190002
v 0.462092042 -0.0522997379 0.014494
v 0.464796066 -0.0522997379 0.0152190002
v 0.456497043 -0.0522997454 0.0280000009
v 0.456497043 -0.0522997454 0.0280000009
v 0.464796066 -0.0522997379 0.0152190002
v 0.458922058 -0.0522997454 0.0294000003
v 0.456497043 -0.0522997454 0.0280000009
v 0.458922058 -0.0522997454 0.0294000003
v 0.44759807 -0.0522997528 0.0395979993
v 0.44759807 -0.0522997528 0.0395979993
v 0.458922058 -0.0522997454 0.0294000003
v 0.449578077 -0.0522997528 0.0415779985
v 0.44759807 -0.0522997528 0.0395979993
v 0.449578077 -0.0522997528 0.0415779985
v 0.436000049 -0.0522997677 0.0484969988
v 0.436000049 -0.0522997677 0.0484969988
v 0.449578077 -0.0522997528 0.0415779985
v 0.437400073 -0.0522997677 0.0509219989
v 0.436000049 -0.0522997677 0.0484969988
v 0.437400073 -0.0522997677 0.0509219989
v 0.422494054 -0.0522997826 0.0540920012
v 0.422494054 -0.0522997826 0.0540920012
v 0.437400073 -0.0522997677 0.0509219989
v 0.423219085 -0.0522997826 0.0567959994
v 0.422494054 -0.0522997826 0.0540920012
v 0.423219085 -0.0522997826 0.0567959994
v 0.408000052 -0.0522997975 0.0560000017
v 0.408000052 -0.0522997975 0.0560000017
v 0.423219085 -0.0522997826 0.0567959994
v 0.408000052 -0.0522997975 0.0588000007
v 0.408000052 -0.0522997975 0.0560000017
v 0.408000052 -0.0522997975 0.0588000007
v 0.392781079 -0.0522998124 0.0567959994
v 0.408000052 -0.0522997975 0.0560000017
v 0.392781079 -0.0522998124 0.0567959994
v 0.39350605 -0.0522998124 0.0540920012
v 0.39350605 -0.0522998124 0.0540920012
v 0.392781079 -0.0522998124 0.0567959994
v 0.378600061 -0.0522998273 0.0509219989
v 0.39350605 -0.0522998124 0.0540920012
v 0.378600061 -0.0522998273 0.0509219989
v 0.380000055 -0.0522998199 0.0484969988
v 0.380000055 -0.0522998199 0.0484969988
v 0.378600061 -0.0522998273 0.0509219989
v 0.366422057 -0.0522998348 0.0415779985
v 0.380000055 -0.0522998199 0.0484969988
v 0.366422057 -0.0522998348 0.0415779985
v 0.368402064 -0.0522998348 0.0395979993
v 0.368402064 -0.0522998348 0.0395979993
v 0.366422057 -0.0522998348 0.0415779985
v 0.357078075 -0.0522998422 0.0294000003
v 0.368402064 -0.0522998348 0.0395979993
v 0.357078075 -0.0522998422 0.0294000003
v 0.35950309 -0.0522998422 0.0280000009
v 0.35950309 -0.0522998422 0.0280000009
v 0.357078075 -0.0522998422 0.0294000003
v 0.351204067 -0.0522998497 0.0152190002
v 0.35950309 -0.0522998422 0.0280000009
v 0.351204067 -0.0522998497 0.0152190002
v 0.353908062 -0.0522998497 0.014494
v 0.353908062 -0.0522998497 0.014494
v 0.351204067 -0.0522998497 0.0152190002
v 0.34920007 -0.0522998571 0
v 0.353908062 -0.0522998497 0.014494
v 0.34920007 -0.0522998571 0
v 0.352000058 -0.0522998497 0
v 0.352000058 -0.0522998497 0
v 0.34920007 -0.0522998571 0
v 0.353908062 -0.0522998497 -0.014494
v 0.353908062 -0.0522998497 -0.014494
v 0.34920007 -0.0522998571 0
v 0.351204067 -0.0522998497 -0.0152190002
v 0.353908062 -0.0522998497 -0.014494
v 0.351204067 -0.0522998497 -0.0152190002
v 0.35950309 -0.0522998422 -0.0280000009
v 0.35950309 -0.0522998422 -0.0280000009
v 0.351204067 -0.0522998497 -0.0152190002
v 0.357078075 -0.0522998422 -0.0294000003
v 0.35950309 -0.0522998422 -0.0280000009
v 0.357078075 -0.0522998422 -0.0294000003
v 0.368402064 -0.0522998348 -0.0395979993
v 0.368402064 -0.0522998348 -0.0395979993
v 0.357078075 -0.0522998422 -0.0294000003
v 0.366422057 -0.0522998348 -0.0415779985
v 0.368402064 -0.0522998348 -0.0395979993
v 0.366422057 -0.0522998348 -0.0415779985
v 0.380000055 -0.0522998199 -0.0484969988
v 0.380000055 -0.0522998199 -0.0484969988
v 0.366422057 -0.0522998348 -0.0415779985
v 0.378600061 -0.0522998273 -0.0509219989
v 0.380000055 -0.0522998199 -0.0484969988
v 0.378600061 -0.0522998273 -0.0509219989
v 0.39350605 -0.0522998124 -0.0540920012
v 0.39350605 -0.0522998124 -0.0540920012
v 0.378600061 -0.0522998273 -0.0509219989
v 0.392781079 -0.0522998124 -0.0567959994
v 0.39350605 -0.0522998124 -0.0540920012
v 0.392781079 -0.0522998124 -0.0567959994
v 0.408000052 -0.0522997975 -0.0560000017
v 0.0144940764 -0.0595001876 -0.0540920012
v 0.0144940764 -0.0595001876 0.0540920012
v 7.4505806e-08 -0.0595002025 -0.0560000017
v 7.4505806e-08 -0.0595002025 -0.0560000017
v 0.0144940764 -0.0595001876 0.0540920012
v 7.4505806e-08 -0.0595002025 0.0560000017
v 7.4505806e-08 -0.0595002025 -0.0560000017
v 7.4505806e-08 -0.0595002025 0.0560000017
v -0.0144939274 -0.0595002174 -0.0540920012
v -0.0144939274 -0.0595002174 -0.0540920012
v 7.4505806e-08 -0.0595002025 0.0560000017
v -0.0144939274 -0.0595002174 0.0540920012
v -0.0144939274 -0.0595002174 -0.0540920012
v -0.0144939274 -0.0595002174 0.0540920012
v -0.0279999226 -0.0595002323 -0.0484969988
v -0.0279999226 -0.0595002323 -0.0484969988
v -0.0144939274 -0.0595002174 0.0540920012
v -0.0279999226 -0.0595002323 0.0484969988
v -0.0279999226 -0.0595002323 -0.0484969988
v -0.0279999226 -0.0595002323 0.0484969988
v -0.0395979285 -0.0595002472 -0.0395979993
v -0.0395979285 -0.0595002472 -0.0395979993
v -0.0279999226 -0.0595002323 0.0484969988
v -0.0395979285 -0.0595002472 0.0395979993
v -0.0395979285 -0.0595002472 -0.0395979993
v -0.0395979285 -0.0595002472 0.0395979993
v -0.048496902 -0.0595002547 -0.0280000009
v -0.048496902 -0.0595002547 -0.0280000009
v -0.0395979285 -0.0595002472 0.0395979993
v -0.048496902 -0.0595002547 0.0280000009
v -0.048496902 -0.0595002547 -0.0280000009
v -0.048496902 -0.0595002547 0.0280000009
v -0.0540919006 -0.0595002621 -0.014494
v -0.0540919006 -0.0595002621 -0.014494
v -0.048496902 -0.0595002547 0.0280000009
v -0.0540919006 -0.0595002621 0.014494
v -0.0540919006 -0.0595002621 -0.014494
v -0.0540919006 -0.0595002621 0.014494
v -0.0559999049 -0.0595002621 0
v 0.0144940764 -0.0595001876 0.0540920012
v 0.0144940764 -0.0595001876 -0.0540920012
v 0.0280000716 -0.0595001802 0.0484969988
v 0.0280000716 -0.0595001802 0.0484969988
v 0.0144940764 -0.0595001876 -0.0540920012
v 0.0280000716 -0.0595001802 -0.0484969988
v 0.0280000716 -0.0595001802 0.0484969988
v 0.0280000716 -0.0595001802 -0.0484969988
v 0.0395980775 -0.0595001653 0.0395979993
v 0.0395980775 -0.0595001653 0.0395979993
v 0.0280000716 -0.0595001802 -0.0484969988
v 0.0395980775 -0.0595001653 -0.0395979993
v 0.0395980775 -0.0595001653 0.0395979993
v 0.0395980775 -0.0595001653 -0.0395979993
v 0.0484970659 -0.0595001578 0.0280000009
v 0.0484970659 -0.0595001578 0.0280000009
v 0.0395980775 -0.0595001653 -0.0395979993
v 0.0484970659 -0.0595001578 -0.0280000009
v 0.0484970659 -0.0595001578 0.0280000009
v 0.0484970659 -0.0595001578 -0.0280000009
v 0.0540920645 -0.0595001504 0.014494
v 0.0540920645 -0.0595001504 0.014494
v 0.0484970659 -0.0595001578 -0.0280000009
v 0.0540920645 -0.0595001504 -0.014494
v 0.0540920645 -0.0595001504 0.014494
v 0.0540920645 -0.0595001504 -0.014494
v 0.0560000688 -0.0595001504 0
v 7.4505806e-08 -0.0595002025 0.0560000017
v 7.4505806e-08 -0.0523001999 0.0560000017
v -0.0144939274 -0.0595002174 0.0540920012
v -0.0144939274 -0.0595002174 0.0540920012
v 7.4505806e-08 -0.0523001999 0.0560000017
v -0.0144939274 -0.0523002148 0.0540920012
v -0.0144939274 -0.0595002174 0.0540920012
v -0.0144939274 -0.0523002148 0.0540920012
v -0.0279999226 -0.0523002297 0.0484969988
v -0.0144939274 -0.0595002174 0.0540920012
v -0.0279999226 -0.0523002297 0.0484969988
v -0.0279999226 -0.0595002323 0.0484969988
v -0.0279999226 -0.0595002323 0.0484969988
v -0.0279999226 -0.0523002297 0.0484969988
v -0.0395979285 -0.0523002446 0.0395979993
v -0.0279999226 -0.0595002323 0.0484969988
v -0.0395979285 -0.0523002446 0.0395979993
v -0.0395979285 -0.0595002472 0.0395979993
v -0.0395979285 -0.0595002472 0.0395979993
v -0.0395979285 -0.0523002446 0.0395979993
v -0.0484969318 -0.052300252 0.0280000009
v -0.0395979285 -0.0595002472 0.0395979993
v -0.0484969318 -0.052300252 0.0280000009
v -0.048496902 -0.0595002547 0.0280000009
v -0.048496902 -0.0595002547 0.0280000009
v -0.0484969318 -0.052300252 0.0280000009
v -0.0540919304 -0.0523002595 0.014494
v -0.048496902 -0.0595002547 0.0280000009
v -0.0540919304 -0.0523002595 0.014494
v -0.0540919006 -0.0595002621 0.014494
v -0.0540919006 -0.0595002621 0.014494
v -0.0540919304 -0.0523002595 0.014494
v -0.0559999347 -0.0523002595 0
v -0.0540919006 -0.0595002621 0.014494
v -0.0559999347 -0.0523002595 0
v -0.0559999049 -0.0595002621 0
v -0.0559999049 -0.0595002621 0
v -0.0559999347 -0.0523002595 0
v -0.0540919304 -0.0523002595 -0.014494
v -0.0559999049 -0.0595002621 0
v -0.0540919304 -0.0523002595 -0.014494
v -0.0540919006 -0.0595002621 -0.014494
v -0.0540919006 -0.0595002621 -0.014494
v -0.0540919304 -0.0523002595 -0.014494
v -0.0484969318 -0.052300252 -0.0280000009
v -0.0540919006 -0.0595002621 -0.014494
v -0.0484969318 -0.052300252 -0.0280000009
v -0.048496902 -0.0595002547 -0.0280000009
v -0.048496902 -0.0595002547 -0.0280000009
v -0.0484969318 -0.052300252 -0.0280000009
v -0.0395979285 -0.0523002446 -0.0395979993
v -0.048496902 -0.0595002547 -0.0280000009
v -0.0395979285 -0.0523002446 -0.0395979993
v -0.0395979285 -0.0595002472 -0.0395979993
v -0.0395979285 -0.0595002472 -0.0395979993
v -0.0395979285 -0.0523002446 -0.0395979993
v -0.0279999226 -0.0523002297 -0.0484969988
v -0.0395979285 -0.0595002472 -0.0395979993
v -0.0279999226 -0.0523002297 -0.0484969988
v -0.0279999226 -0.0595002323 -0.0484969988
v -0.0279999226 -0.0595002323 -0.0484969988
v -0.0279999226 -0.0523002297 -0.0484969988
v -0.0144939274 -0.0523002148 -0.0540920012
v -0.0279999226 -0.0595002323 -0.0484969988
v -0.0144939274 -0.0523002148 -0.0540920012
v -0.0144939274 -0.0595002174 -0.0540920012
v -0.0144939274 -0.0595002174 -0.0540920012
v -0.0144939274 -0.0523002148 -0.0540920012
v 7.4505806e-08 -0.0523001999 -0.0560000017
v -0.0144939274 -0.0595002174 -0.0540920012
v 7.4505806e-08 -0.0523001999 -0.0560000017
v 7.4505806e-08 -0.0595002025 -0.0560000017
v -0.0152189285 -0.0523002148 -0.0567959994
v 7.4505806e-08 -0.0523001999 -0.0588000007
v 7.4505806e-08 -0.0523001999 -0.0560000017
v 7.4505806e-08 -0.0523001999 -0.0560000017
v 7.4505806e-08 -0.0523001999 -0.0588000007
v 0.0152190775 -0.052300185 -0.0567959994
v 7.4505806e-08 -0.0523001999 -0.0560000017
v 0.0152190775 -0.052300185 -0.0567959994
v 0.0144940764 -0.052300185 -0.0540920012
v 0.0144940764 -0.052300185 -0.0540920012
v 0.0152190775 -0.052300185 -0.0567959994
v 0.0294000655 -0.0523001701 -0.0509219989
v 0.0144940764 -0.052300185 -0.0540920012
v 0.0294000655 -0.0523001701 -0.0509219989
v 0.0280000716 -0.0523001775 -0.0484969988
v 0.0280000716 -0.0523001775 -0.0484969988
v 0.0294000655 -0.0523001701 -0.0509219989
v 0.0415780693 -0.0523001626 -0.0415779985
v 0.0280000716 -0.0523001775 -0.0484969988
v 0.0415780693 -0.0523001626 -0.0415779985
v 0.0395980775 -0.0523001626 -0.0395979993
v 0.0395980775 -0.0523001626 -0.0395979993
v 0.0415780693 -0.0523001626 -0.0415779985
v 0.050922066 -0.0523001552 -0.0294000003
v 0.0395980775 -0.0523001626 -0.0395979993
v 0.050922066 -0.0523001552 -0.0294000003
v 0.0484970659 -0.0523001552 -0.0280000009
v 0.0484970659 -0.0523001552 -0.0280000009
v 0.050922066 -0.0523001552 -0.0294000003
v 0.0567960739 -0.0523001477 -0.0152190002
v 0.0484970659 -0.0523001552 -0.0280000009
v 0.0567960739 -0.0523001477 -0.0152190002
v 0.0540920645 -0.0523001477 -0.014494
v 0.0540920645 -0.0523001477 -0.014494
v 0.0567960739 -0.0523001477 -0.0152190002
v 0.0588000715 -0.0523001403 0
v 0.0540920645 -0.0523001477 -0.014494
v 0.0588000715 -0.0523001403 0
v 0.0560000688 -0.0523001477 0
v 0.0560000688 -0.0523001477 0
v 0.0588000715 -0.0523001403 0
v 0.0540920645 -0.0523001477 0.014494
v 0.0540920645 -0.0523001477 0.014494
v 0.0588000715 -0.0523001403 0
v 0.0567960739 -0.0523001477 0.0152190002
v 0.0540920645 -0.0523001477 0.014494
v 0.0567960739 -0.0523001477 0.0152190002
v 0.0484970659 -0.0523001552 0.0280000009
v 0.0484970659 -0.0523001552 0.0280000009
v 0.0567960739 -0.0523001477 0.0152190002
v 0.050922066 -0.0523001552 0.0294000003
v 0.0484970659 -0.0523001552 0.0280000009
v 0.050922066 -0.0523001552 0.0294000003
v 0.0395980775 -0.0523001626 0.0395979993
v 0.0395980775 -0.0523001626 0.0395979993
v 0.050922066 -0.0523001552 0.0294000003
v 0.0415780693 -0.0523001626 0.0415779985
v 0.0395980775 -0.0523001626 0.0395979993
v 0.0415780693 -0.0523001626 0.0415779985
v 0.0280000716 -0.0523001775 0.0484969988
v 0.0280000716 -0.0523001775 0.0484969988
v 0.0415780693 -0.0523001626 0.0415779985
v 0.0294000655 -0.0523001701 0.0509219989
v 0.0280000716 -0.0523001775 0.0484969988
v 0.0294000655 -0.0523001701 0.0509219989
v 0.0144940764 -0.052300185 0.0540920012
v 0.0144940764 -0.052300185 0.0540920012
v 0.0294000655 -0.0523001701 0.0509219989
v 0.0152190775 -0.052300185 0.0567959994
v 0.0144940764 -0.052300185 0.0540920012
v 0.0152190775 -0.052300185 0.0567959994
v 7.4505806e-08 -0.0523001999 0.0560000017
v 7.4505806e-08 -0.0523001999 0.0560000017
v 0.0152190775 -0.052300185 0.0567959994
v 7.4505806e-08 -0.0523001999 0.0588000007
v 7.4505806e-08 -0.0523001999 0.0560000017
v 7.4505806e-08 -0.0523001999 0.0588000007
v -0.0152189285 -0.0523002148 0.0567959994
v 7.4505806e-08 -0.0523001999 0.0560000017
v -0.0152189285 -0.0523002148 0.0567959994
v -0.0144939274 -0.0523002148 0.0540920012
v -0.0144939274 -0.0523002148 0.0540920012
v -0.0152189285 -0.0523002148 0.0567959994
v -0.0293999314 -0.0523002297 0.0509219989
v -0.0144939274 -0.0523002148 0.0540920012
v -0.0293999314 -0.0523002297 0.0509219989
v -0.0279999226 -0.0523002297 0.0484969988
v -0.0279999226 -0.0523002297 0.0484969988
v -0.0293999314 -0.0523002297 0.0509219989
v -0.0415779352 -0.0523002446 0.0415779985
v -0.0279999226 -0.0523002297 0.0484969988
v -0.0415779352 -0.0523002446 0.0415779985
v -0.0395979285 -0.0523002446 0.0395979993
v -0.0395979285 -0.0523002446 0.0395979993
v -0.0415779352 -0.0523002446 0.0415779985
v -0.0509219468 -0.052300252 0.0294000003
v -0.0395979285 -0.0523002446 0.0395979993
v -0.0509219468 -0.052300252 0.0294000003
v -0.0484969318 -0.052300252 0.0280000009
v -0.0484969318 -0.052300252 0.0280000009
v -0.0509219468 -0.052300252 0.0294000003
v -0.0567959547 -0.0523002595 0.0152190002
v -0.0484969318 -0.052300252 0.0280000009
v -0.0567959547 -0.0523002595 0.0152190002
v -0.0540919304 -0.0523002595 0.014494
v -0.0540919304 -0.0523002595 0.014494
v -0.0567959547 -0.0523002595 0.0152190002
v -0.0587999523 -0.0523002595 0
v -0.0540919304 -0.0523002595 0.014494
v -0.0587999523 -0.0523002595 0
v -0.0559999347 -0.0523002595 0
v -0.0559999347 -0.0523002595 0
v -0.0587999523 -0.0523002595 0
v -0.0540919304 -0.0523002595 -0.014494
v -0.0540919304 -0.0523002595 -0.014494
v -0.0587999523 -0.0523002595 0
v -0.0567959547 -0.0523002595 -0.0152190002
v -0.0540919304 -0.0523002595 -0.014494
v -0.0567959547 -0.0523002595 -0.0152190002
v -0.0484969318 -0.052300252 -0.0280000009
v -0.0484969318 -0.052300252 -0.0280000009
v -0.0567959547 -0.0523002595 -0.0152190002
v -0.0509219468 -0.052300252 -0.0294000003
v -0.0484969318 -0.052300252 -0.0280000009
v -0.0509219468 -0.052300252 -0.0294000003
v -0.0395979285 -0.0523002446 -0.0395979993
v -0.0395979285 -0.0523002446 -0.0395979993
v -0.0509219468 -0.052300252 -0.0294000003
v -0.0415779352 -0.0523002446 -0.0415779985
v -0.0395979285 -0.0523002446 -0.0395979993
v -0.0415779352 -0.0523002446 -0.0415779985
v -0.0279999226 -0.0523002297 -0.0484969988
v -0.0279999226 -0.0523002297 -0.0484969988
v -0.0415779352 -0.0523002446 -0.0415779985
v -0.0293999314 -0.0523002297 -0.0509219989
v -0.0279999226 -0.0523002297 -0.0484969988
v -0.0293999314 -0.0523002297 -0.0509219989
v -0.0144939274 -0.0523002148 -0.0540920012
v -0.0144939274 -0.0523002148 -0.0540920012
v -0.0293999314 -0.0523002297 -0.0509219989
v -0.0152189285 -0.0523002148 -0.0567959994
v -0.0144939274 -0.0523002148 -0.0540920012
v -0.0152189285 -0.0523002148 -0.0567959994
v 7.4505806e-08 -0.0523001999 -0.0560000017
v -7.4505806e-08 0.0957998037 -0.0588000007
v -5.96046448e-08 0.0749177933 -0.0588000007
v -0.0152190775 0.0957997888 -0.0567959994
v -0.0152190775 0.0957997888 -0.0567959994
v -5.96046448e-08 0.0749177933 -0.0588000007
v -0.0152190477 0.0708397776 -0.0567959994
v -0.0152190775 0.0957997888 -0.0567959994
v -0.0152190477 0.0708397776 -0.0567959994
v -0.0294000804 0.0957997739 -0.0509219989
v -0.0294000804 0.0957997739 -0.0509219989
v -0.0152190477 0.0708397776 -0.0567959994
v -0.0294000506 0.0670397654 -0.0509219989
v -0.0294000804 0.0957997739 -0.0509219989
v -0.0294000506 0.0670397654 -0.0509219989
v -0.0415780842 0.095799759 -0.0415779985
v -0.0415780842 0.095799759 -0.0415779985
v -0.0294000506 0.0670397654 -0.0509219989
v -0.0415780544 0.0637767538 -0.0415779985
v -0.0415780842 0.095799759 -0.0415779985
v -0.0415780544 0.0637767538 -0.0415779985
v -0.0509220958 0.0957997516 -0.0294000003
v -0.0509220958 0.0957997516 -0.0294000003
v -0.0415780544 0.0637767538 -0.0415779985
v -0.0509220362 0.0612737462 -0.0294000003
v -0.0509220958 0.0957997516 -0.0294000003
v -0.0509220362 0.0612737462 -0.0294000003
v -0.0567961037 0.0957997441 -0.0152190002
v -0.0567961037 0.0957997441 -0.0152190002
v -0.0509220362 0.0612737462 -0.0294000003
v -0.0567960441 0.0596997365 -0.0152190002
v -0.0567961037 0.0957997441 -0.0152190002
v -0.0567960441 0.0596997365 -0.0152190002
v -0.0588001013 0.0957997441 0
v -0.0588001013 0.0957997441 0
v -0.0567960441 0.0596997365 -0.0152190002
v -0.0588000417 0.0591627359 0
v -0.0588001013 0.0957997441 0
v -0.0588000417 0.0591627359 0
v -0.0567960441 0.0596997365 0.0152190002
v -0.0588001013 0.0957997441 0
v -0.0567960441 0.0596997365 0.0152190002
v -0.0567961037 0.0957997441 0.0152190002
v -0.0567961037 0.0957997441 0.0152190002
v -0.0567960441 0.0596997365 0.0152190002
v -0.0509220362 0.0612737462 0.0294000003
v -0.0567961037 0.0957997441 0.0152190002
v -0.0509220362 0.0612737462 0.0294000003
v -0.0509220958 0.0957997516 0.0294000003
v -0.0509220958 0.0957997516 0.0294000003
v -0.0509220362 0.0612737462 0.0294000003
v -0.0415780544 0.0637767538 0.0415779985
v -0.0509220958 0.0957997516 0.0294000003
v -0.0415780544 0.0637767538 0.0415779985
v -0.0415780842 0.095799759 0.0415779985
v -0.0415780842 0.095799759 0.0415779985
v -0.0415780544 0.0637767538 0.0415779985
v -0.0294000506 0.0670397654 0.0509219989
v -0.0415780842 0.095799759 0.0415779985
v -0.0294000506 0.0670397654 0.0509219989
v -0.0294000804 0.0957997739 0.0509219989
v -0.0294000804 0.0957997739 0.0509219989
v -0.0294000506 0.0670397654 0.0509219989
v -0.0152190477 0.0708397776 0.0567959994
v -0.0294000804 0.0957997739 0.0509219989
v -0.0152190477 0.0708397776 0.0567959994
v -0.0152190775 0.0957997888 0.0567959994
v -0.0152190775 0.0957997888 0.0567959994
v -0.0152190477 0.0708397776 0.0567959994
v -5.96046448e-08 0.0749177933 0.0588000007
v -0.0152190775 0.0957997888 0.0567959994
v -5.96046448e-08 0.0749177933 0.0588000007
v -7.4505806e-08 0.0957998037 0.0588000007
v -0.0152700543 0.0708257779 0.0569900014
v -5.96046448e-08 0.0749177933 0.0590000004
v -5.96046448e-08 0.0749177933 0.0588000007
v -5.96046448e-08 0.0749177933 0.0588000007
v -5.96046448e-08 0.0749177933 0.0590000004
v 0.0152699351 0.0790098086 0.0569900014
v -5.96046448e-08 0.0749177933 0.0588000007
v 0.0152699351 0.0790098086 0.0569900014
v 0.0152189434 0.078995809 0.0567959994
v 0.0152189434 0.078995809 0.0567959994
v 0.0152699351 0.0790098086 0.0569900014
v 0.0294999331 0.0828228295 0.0510959998
v 0.0152189434 0.078995809 0.0567959994
v 0.0294999331 0.0828228295 0.0510959998
v 0.0293999314 0.0827958286 0.0509219989
v 0.0293999314 0.0827958286 0.0509219989
v 0.0294999331 0.0828228295 0.0510959998
v 0.0417189151 0.0860968381 0.0417190008
v 0.0293999314 0.0827958286 0.0509219989
v 0.0417189151 0.0860968381 0.0417190008
v 0.0415779203 0.0860588402 0.0415779985
v 0.0415779203 0.0860588402 0.0415779985
v 0.0417189151 0.0860968381 0.0417190008
v 0.0510959178 0.0886088461 0.0295000002
v 0.0415779203 0.0860588402 0.0415779985
v 0.0510959178 0.0886088461 0.0295000002
v 0.050921917 0.0885628462 0.0294000003
v 0.050921917 0.0885628462 0.0294000003
v 0.0510959178 0.0886088461 0.0295000002
v 0.0569899231 0.0901878551 0.0152700003
v 0.050921917 0.0885628462 0.0294000003
v 0.0569899231 0.0901878551 0.0152700003
v 0.0567959249 0.0901368558 0.0152190002
v 0.0567959249 0.0901368558 0.0152190002
v 0.0569899231 0.0901878551 0.0152700003
v 0.0589999259 0.0907268599 0
v 0.0567959249 0.0901368558 0.0152190002
v 0.0589999259 0.0907268599 0
v 0.0587999225 0.0906738564 0
v 0.0587999225 0.0906738564 0
v 0.0589999259 0.0907268599 0
v 0.0567959249 0.0901368558 -0.0152190002
v 0.0567959249 0.0901368558 -0.0152190002
v 0.0589999259 0.0907268599 0
v 0.0569899231 0.0901878551 -0.0152700003
v 0.0567959249 0.0901368558 -0.0152190002
v 0.0569899231 0.0901878551 -0.0152700003
v 0.050921917 0.0885628462 -0.0294000003
v 0.050921917 0.0885628462 -0.0294000003
v 0.0569899231 0.0901878551 -0.0152700003
v 0.0510959178 0.0886088461 -0.0295000002
v 0.050921917 0.0885628462 -0.0294000003
v 0.0510959178 0.0886088461 -0.0295000002
v 0.0415779203 0.0860588402 -0.0415779985
v 0.0415779203 0.0860588402 -0.0415779985
v 0.0510959178 0.0886088461 -0.0295000002
v 0.0417189151 0.0860968381 -0.0417190008
v 0.0415779203 0.0860588402 -0.0415779985
v 0.0417189151 0.0860968381 -0.0417190008
v 0.0293999314 0.0827958286 -0.0509219989
v 0.0293999314 0.0827958286 -0.0509219989
v 0.0417189151 0.0860968381 -0.0417190008
v 0.0294999331 0.0828228295 -0.0510959998
v 0.0293999314 0.0827958286 -0.0509219989
v 0.0294999331 0.0828228295 -0.0510959998
v 0.0152189434 0.078995809 -0.0567959994
v 0.0152189434 0.078995809 -0.0567959994
v 0.0294999331 0.0828228295 -0.0510959998
v 0.0152699351 0.0790098086 -0.0569900014
v 0.0152189434 0.078995809 -0.0567959994
v 0.0152699351 0.0790098086 -0.0569900014
v -5.96046448e-08 0.0749177933 -0.0588000007
v -5.96046448e-08 0.0749177933 -0.0588000007
v 0.0152699351 0.0790098086 -0.0569900014
v -5.96046448e-08 0.0749177933 -0.0590000004
v -5.96046448e-08 0.0749177933 -0.0588000007
v -5.96046448e-08 0.0749177933 -0.0590000004
v -0.0152700543 0.0708257779 -0.0569900014
v -5.96046448e-08 0.0749177933 -0.0588000007
v -0.0152700543 0.0708257779 -0.0569900014
v -0.0152190477 0.0708397776 -0.0567959994
v -0.0152190477 0.0708397776 -0.0567959994
v -0.0152700543 0.0708257779 -0.0569900014
v -0.0295000523 0.0670137629 -0.0510959998
v -0.0152190477 0.0708397776 -0.0567959994
v -0.0295000523 0.0670137629 -0.0510959998
v -0.0294000506 0.0670397654 -0.0509219989
v -0.0294000506 0.0670397654 -0.0509219989
v -0.0295000523 0.0670137629 -0.0510959998
v -0.0417190492 0.0637387559 -0.0417190008
v -0.0294000506 0.0670397654 -0.0509219989
v -0.0417190492 0.0637387559 -0.0417190008
v -0.0415780544 0.0637767538 -0.0415779985
v -0.0415780544 0.0637767538 -0.0415779985
v -0.0417190492 0.0637387559 -0.0417190008
v -0.0510960221 0.0612267479 -0.0295000002
v -0.0415780544 0.0637767538 -0.0415779985
v -0.0510960221 0.0612267479 -0.0295000002
v -0.0509220362 0.0612737462 -0.0294000003
v -0.0509220362 0.0612737462 -0.0294000003
v -0.0510960221 0.0612267479 -0.0295000002
v -0.0569900274 0.0596477389 -0.0152700003
v -0.0509220362 0.0612737462 -0.0294000003
v -0.0569900274 0.0596477389 -0.0152700003
v -0.0567960441 0.0596997365 -0.0152190002
v -0.0567960441 0.0596997365 -0.0152190002
v -0.0569900274 0.0596477389 -0.0152700003
v -0.0590000451 0.0591087341 0
v -0.0567960441 0.0596997365 -0.0152190002
v -0.0590000451 0.0591087341 0
v -0.0588000417 0.0591627359 0
v -0.0588000417 0.0591627359 0
v -0.0590000451 0.0591087341 0
v -0.0567960441 0.0596997365 0.0152190002
v -0.0567960441 0.0596997365 0.0152190002
v -0.0590000451 0.0591087341 0
v -0.0569900274 0.0596477389 0.0152700003
v -0.0567960441 0.0596997365 0.0152190002
v -0.0569900274 0.0596477389 0.0152700003
v -0.0509220362 0.0612737462 0.0294000003
v -0.0509220362 0.0612737462 0.0294000003
v -0.0569900274 0.0596477389 0.0152700003
v -0.0510960221 0.0612267479 0.0295000002
v -0.0509220362 0.0612737462 0.0294000003
v -0.0510960221 0.0612267479 0.0295000002
v -0.0415780544 0.0637767538 0.0415779985
v -0.0415780544 0.0637767538 0.0415779985
v -0.0510960221 0.0612267479 0.0295000002
v -0.0417190492 0.0637387559 0.0417190008
v -0.0415780544 0.0637767538 0.0415779985
v -0.0417190492 0.0637387559 0.0417190008
v -0.0294000506 0.0670397654 0.0509219989
v -0.0294000506 0.0670397654 0.0509219989
v -0.0417190492 0.0637387559 0.0417190008
v -0.0295000523 0.0670137629 0.0510959998
v -0.0294000506 0.0670397654 0.0509219989
v -0.0295000523 0.0670137629 0.0510959998
v -0.0152190477 0.0708397776 0.0567959994
v -0.0152190477 0.0708397776 0.0567959994
v -0.0295000523 0.0670137629 0.0510959998
v -0.0152700543 0.0708257779 0.0569900014
v -0.0152190477 0.0708397776 0.0567959994
v -0.0152700543 0.0708257779 0.0569900014
v -5.96046448e-08 0.0749177933 0.0588000007
v -0.0151570737 0.100799784 -0.0516210012
v -0.0151570737 0.100799784 0.0516210012
v -7.4505806e-08 0.100799799 -0.0538000017
v -7.4505806e-08 0.100799799 -0.0538000017
v -0.0151570737 0.100799784 0.0516210012
v -7.4505806e-08 0.100799799 0.0538000017
v -7.4505806e-08 0.100799799 -0.0538000017
v -7.4505806e-08 0.100799799 0.0538000017
v 0.0151569247 0.100799814 -0.0516210012
v 0.0151569247 0.100799814 -0.0516210012
v -7.4505806e-08 0.100799799 0.0538000017
v 0.0151569247 0.100799814 0.0516210012
v 0.0151569247 0.100799814 -0.0516210012
v 0.0151569247 0.100799814 0.0516210012
v 0.0290859193 0.100799829 -0.0452589989
v 0.0290859193 0.100799829 -0.0452589989
v 0.0151569247 0.100799814 0.0516210012
v 0.0290859193 0.100799829 0.0452589989
v 0.0290859193 0.100799829 -0.0452589989
v 0.0290859193 0.100799829 0.0452589989
v 0.040658921 0.100799836 -0.0352320001
v 0.040658921 0.100799836 -0.0352320001
v 0.0290859193 0.100799829 0.0452589989
v 0.040658921 0.100799836 0.0352320001
v 0.040658921 0.100799836 -0.0352320001
v 0.040658921 0.100799836 0.0352320001
v 0.0489379168 0.100799844 -0.022349
v 0.0489379168 0.100799844 -0.022349
v 0.040658921 0.100799836 0.0352320001
v 0.0489379168 0.100799844 0.022349
v 0.0489379168 0.100799844 -0.022349
v 0.0489379168 0.100799844 0.022349
v 0.0532519221 0.100799851 -0.00765699986
v 0.0532519221 0.100799851 -0.00765699986
v 0.0489379168 0.100799844 0.022349
v 0.0532519221 0.100799851 0.00765699986
v -0.0151570737 0.100799784 0.0516210012
v -0.0151570737 0.100799784 -0.0516210012
v -0.0290860832 0.100799769 0.0452589989
v -0.0290860832 0.100799769 0.0452589989
v -0.0151570737 0.100799784 -0.0516210012
v -0.0290860832 0.100799769 -0.0452589989
v -0.0290860832 0.100799769 0.0452589989
v -0.0290860832 0.100799769 -0.0452589989
v -0.0406590849 0.100799754 0.0352320001
v -0.0406590849 0.100799754 0.0352320001
v -0.0290860832 0.100799769 -0.0452589989
v -0.0406590849 0.100799754 -0.0352320001
v -0.0406590849 0.100799754 0.0352320001
v -0.0406590849 0.100799754 -0.0352320001
v -0.0489380956 0.100799747 0.022349
v -0.0489380956 0.100799747 0.022349
v -0.0406590849 0.100799754 -0.0352320001
v -0.0489380956 0.100799747 -0.022349
v -0.0489380956 0.100799747 0.022349
v -0.0489380956 0.100799747 -0.022349
v -0.0532521009 0.100799739 0.00765699986
v -0.0532521009 0.100799739 0.00765699986
v -0.0489380956 0.100799747 -0.022349
v -0.0532521009 0.100799739 -0.00765699986
v -7.4505806e-08 0.0957998037 0.0588000007
v -7.4505806e-08 0.0973448008 0.0585549995
v -0.0152190775 0.0957997888 0.0567959994
v -0.0152190775 0.0957997888 0.0567959994
v -7.4505806e-08 0.0973448008 0.0585549995
v -0.0157830715 0.0975097865 0.0563290007
v -0.0152190775 0.0957997888 0.0567959994
v -0.0157830715 0.0975097865 0.0563290007
v -0.0294000804 0.0957997739 0.0509219989
v -0.0294000804 0.0957997739 0.0509219989
v -0.0157830715 0.0975097865 0.0563290007
v -0.0303950757 0.0975097716 0.0499820001
v -0.0294000804 0.0957997739 0.0509219989
v -0.0303950757 0.0975097716 0.0499820001
v -0.0415780842 0.095799759 0.0415779985
v -0.0415780842 0.095799759 0.0415779985
v -0.0303950757 0.0975097716 0.0499820001
v -0.0427530855 0.0975097567 0.0399280004
v -0.0415780842 0.095799759 0.0415779985
v -0.0427530855 0.0975097567 0.0399280004
v -0.0509220958 0.0957997516 0.0294000003
v -0.0509220958 0.0957997516 0.0294000003
v -0.0427530855 0.0975097567 0.0399280004
v -0.0519400835 0.0975097492 0.0269130003
v -0.0509220958 0.0957997516 0.0294000003
v -0.0519400835 0.0975097492 0.0269130003
v -0.0567961037 0.0957997441 0.0152190002
v -0.0567961037 0.0957997441 0.0152190002
v -0.0519400835 0.0975097492 0.0269130003
v -0.0572750866 0.0975097418 0.0119019998
v -0.0567961037 0.0957997441 0.0152190002
v -0.0572750866 0.0975097418 0.0119019998
v -0.0588001013 0.0957997441 0
v -0.0588001013 0.0957997441 0
v -0.0572750866 0.0975097418 0.0119019998
v -0.0583620965 0.0975097418 -0.00399200013
v -0.0588001013 0.0957997441 0
v -0.0583620965 0.0975097418 -0.00399200013
v -0.0567961037 0.0957997441 -0.0152190002
v -0.0567961037 0.0957997441 -0.0152190002
v -0.0583620965 0.0975097418 -0.00399200013
v -0.055121094 0.0975097418 -0.0195899997
v -0.0567961037 0.0957997441 -0.0152190002
v -0.055121094 0.0975097418 -0.0195899997
v -0.0509220958 0.0957997516 -0.0294000003
v -0.0509220958 0.0957997516 -0.0294000003
v -0.055121094 0.0975097418 -0.0195899997
v -0.0477910936 0.0975097492 -0.0337349996
v -0.0509220958 0.0957997516 -0.0294000003
v -0.0477910936 0.0975097492 -0.0337349996
v -0.0415780842 0.095799759 -0.0415779985
v -0.0415780842 0.095799759 -0.0415779985
v -0.0477910936 0.0975097492 -0.0337349996
v -0.0369180739 0.0975097641 -0.0453779995
v -0.0415780842 0.095799759 -0.0415779985
v -0.0369180739 0.0975097641 -0.0453779995
v -0.0294000804 0.0957997739 -0.0509219989
v -0.0294000804 0.0957997739 -0.0509219989
v -0.0369180739 0.0975097641 -0.0453779995
v -0.0233060718 0.0975097716 -0.0536549985
v -0.0294000804 0.0957997739 -0.0509219989
v -0.0233060718 0.0975097716 -0.0536549985
v -0.0152190775 0.0957997888 -0.0567959994
v -0.0152190775 0.0957997888 -0.0567959994
v -0.0233060718 0.0975097716 -0.0536549985
v -0.00796607137 0.0975097939 -0.0579539984
v -0.0152190775 0.0957997888 -0.0567959994
v -0.00796607137 0.0975097939 -0.0579539984
v -7.4505806e-08 0.0957998037 -0.0588000007
v -7.4505806e-08 0.0957998037 -0.0588000007
v -0.00796607137 0.0975097939 -0.0579539984
v -7.4505806e-08 0.0973448008 -0.0585549995
v -7.4505806e-08 0.0973448008 -0.0585549995
v -0.00796607137 0.0975097939 -0.0579539984
v -7.4505806e-08 0.098738797 -0.0578450002
v -7.4505806e-08 0.098738797 -0.0578450002
v -0.00796607137 0.0975097939 -0.0579539984
v -0.0078470856 0.0990137905 -0.0570929982
v -7.4505806e-08 0.098738797 -0.0578450002
v -0.0078470856 0.0990137905 -0.0570929982
v -7.4505806e-08 0.0998447984 -0.0567389987
v -7.4505806e-08 0.0998447984 -0.0567389987
v -0.0078470856 0.0990137905 -0.0570929982
v -0.00766608119 0.100129791 -0.055776
v -7.4505806e-08 0.0998447984 -0.0567389987
v -0.00766608119 0.100129791 -0.055776
v -7.4505806e-08 0.100554802 -0.0553449988
v -7.4505806e-08 0.100554802 -0.0553449988
v -0.00766608119 0.100129791 -0.055776
v -0.00744408369 0.100723796 -0.0541590005
v -7.4505806e-08 0.100554802 -0.0553449988
v -0.00744408369 0.100723796 -0.0541590005
v -7.4505806e-08 0.100799799 -0.0538000017
v -7.4505806e-08 0.100799799 -0.0538000017
v -0.00744408369 0.100723796 -0.0541590005
v -0.0151570737 0.100799784 -0.0516210012
v -0.0151570737 0.100799784 -0.0516210012
v -0.00744408369 0.100723796 -0.0541590005
v -0.0217800736 0.100723781 -0.0501420014
v -0.0151570737 0.100799784 -0.0516210012
v -0.0217800736 0.100723781 -0.0501420014
v -0.0290860832 0.100799769 -0.0452589989
v -0.0290860832 0.100799769 -0.0452589989
v -0.0217800736 0.100723781 -0.0501420014
v -0.0345000774 0.100723766 -0.0424069986
v -0.0290860832 0.100799769 -0.0452589989
v -0.0345000774 0.100723766 -0.0424069986
v -0.0406590849 0.100799754 -0.0352320001
v -0.0406590849 0.100799754 -0.0352320001
v -0.0345000774 0.100723766 -0.0424069986
v -0.0446620733 0.100723758 -0.0315259993
v -0.0406590849 0.100799754 -0.0352320001
v -0.0446620733 0.100723758 -0.0315259993
v -0.0489380956 0.100799747 -0.022349
v -0.0489380956 0.100799747 -0.022349
v -0.0446620733 0.100723758 -0.0315259993
v -0.0515120924 0.100723751 -0.0183070004
v -0.0489380956 0.100799747 -0.022349
v -0.0515120924 0.100723751 -0.0183070004
v -0.0532521009 0.100799739 -0.00765699986
v -0.0532521009 0.100799739 -0.00765699986
v -0.0515120924 0.100723751 -0.0183070004
v -0.0545410812 0.100723743 -0.003731
v -0.0532521009 0.100799739 -0.00765699986
v -0.0545410812 0.100723743 -0.003731
v -0.0532521009 0.100799739 0.00765699986
v -0.0532521009 0.100799739 0.00765699986
v -0.0545410812 0.100723743 -0.003731
v -0.0535250902 0.100723743 0.0111229997
v -0.0532521009 0.100799739 0.00765699986
v -0.0535250902 0.100723743 0.0111229997
v -0.0489380956 0.100799747 0.022349
v -0.0489380956 0.100799747 0.022349
v -0.0535250902 0.100723743 0.0111229997
v -0.0485391021 0.100723751 0.0251509994
v -0.0489380956 0.100799747 0.022349
v -0.0485391021 0.100723751 0.0251509994
v -0.0406590849 0.100799754 0.0352320001
v -0.0406590849 0.100799754 0.0352320001
v -0.0485391021 0.100723751 0.0251509994
v -0.0399540812 0.100723758 0.0373140015
v -0.0406590849 0.100799754 0.0352320001
v -0.0399540812 0.100723758 0.0373140015
v -0.0290860832 0.100799769 0.0452589989
v -0.0290860832 0.100799769 0.0452589989
v -0.0399540812 0.100723758 0.0373140015
v -0.0284050852 0.100723773 0.0467099994
v -0.0290860832 0.100799769 0.0452589989
v -0.0284050852 0.100723773 0.0467099994
v -0.0151570737 0.100799784 0.0516210012
v -0.0151570737 0.100799784 0.0516210012
v -0.0284050852 0.100723773 0.0467099994
v -0.0147490799 0.100723788 0.0526410006
v -0.0151570737 0.100799784 0.0516210012
v -0.0147490799 0.100723788 0.0526410006
v -7.4505806e-08 0.100799799 0.0538000017
v -7.4505806e-08 0.100799799 0.0538000017
v -0.0147490799 0.100723788 0.0526410006
v -7.4505806e-08 0.100554802 0.0553449988
v -7.4505806e-08 0.100554802 0.0553449988
v -0.0147490799 0.100723788 0.0526410006
v -0.0151900798 0.100129783 0.0542120002
v -7.4505806e-08 0.100554802 0.0553449988
v -0.0151900798 0.100129783 0.0542120002
v -7.4505806e-08 0.0998447984 0.0567389987
v -7.4505806e-08 0.0998447984 0.0567389987
v -0.0151900798 0.100129783 0.0542120002
v -0.0155480802 0.099013783 0.0554930009
v -7.4505806e-08 0.0998447984 0.0567389987
v -0.0155480802 0.099013783 0.0554930009
v -7.4505806e-08 0.098738797 0.0578450002
v -7.4505806e-08 0.098738797 0.0578450002
v -0.0155480802 0.099013783 0.0554930009
v -0.0157830715 0.0975097865 0.0563290007
v -7.4505806e-08 0.098738797 0.0578450002
v -0.0157830715 0.0975097865 0.0563290007
v -7.4505806e-08 0.0973448008 0.0585549995
v -0.0151900798 0.100129783 0.0542120002
v -0.0147490799 0.100723788 0.0526410006
v -0.0292530805 0.100129768 0.0481039993
v -0.0292530805 0.100129768 0.0481039993
v -0.0147490799 0.100723788 0.0526410006
v -0.0284050852 0.100723773 0.0467099994
v -0.0292530805 0.100129768 0.0481039993
v -0.0284050852 0.100723773 0.0467099994
v -0.0411460847 0.100129753 0.0384280011
v -0.0411460847 0.100129753 0.0384280011
v -0.0284050852 0.100723773 0.0467099994
v -0.0399540812 0.100723758 0.0373140015
v -0.0411460847 0.100129753 0.0384280011
v -0.0399540812 0.100723758 0.0373140015
v -0.049988091 0.100129746 0.0259019993
v -0.049988091 0.100129746 0.0259019993
v -0.0399540812 0.100723758 0.0373140015
v -0.0485391021 0.100723751 0.0251509994
v -0.049988091 0.100129746 0.0259019993
v -0.0485391021 0.100723751 0.0251509994
v -0.0551221073 0.100129738 0.0114550004
v -0.0551221073 0.100129738 0.0114550004
v -0.0485391021 0.100723751 0.0251509994
v -0.0535250902 0.100723743 0.0111229997
v -0.0551221073 0.100129738 0.0114550004
v -0.0535250902 0.100723743 0.0111229997
v -0.0561690927 0.100129738 -0.00384199992
v -0.0561690927 0.100129738 -0.00384199992
v -0.0535250902 0.100723743 0.0111229997
v -0.0545410812 0.100723743 -0.003731
v -0.0561690927 0.100129738 -0.00384199992
v -0.0545410812 0.100723743 -0.003731
v -0.0530490875 0.100129738 -0.0188539997
v -0.0530490875 0.100129738 -0.0188539997
v -0.0545410812 0.100723743 -0.003731
v -0.0515120924 0.100723751 -0.0183070004
v -0.0530490875 0.100129738 -0.0188539997
v -0.0515120924 0.100723751 -0.0183070004
v -0.0459950715 0.100129746 -0.0324670002
v -0.0459950715 0.100129746 -0.0324670002
v -0.0515120924 0.100723751 -0.0183070004
v -0.0446620733 0.100723758 -0.0315259993
v -0.0459950715 0.100129746 -0.0324670002
v -0.0446620733 0.100723758 -0.0315259993
v -0.0355300754 0.100129761 -0.0436730012
v -0.0355300754 0.100129761 -0.0436730012
v -0.0446620733 0.100723758 -0.0315259993
v -0.0345000774 0.100723766 -0.0424069986
v -0.0355300754 0.100129761 -0.0436730012
v -0.0345000774 0.100723766 -0.0424069986
v -0.0224300772 0.100129776 -0.0516390018
v -0.0224300772 0.100129776 -0.0516390018
v -0.0345000774 0.100723766 -0.0424069986
v -0.0217800736 0.100723781 -0.0501420014
v -0.0224300772 0.100129776 -0.0516390018
v -0.0217800736 0.100723781 -0.0501420014
v -0.00766608119 0.100129791 -0.055776
v -0.00766608119 0.100129791 -0.055776
v -0.0217800736 0.100723781 -0.0501420014
v -0.00744408369 0.100723796 -0.0541590005
v -0.0303950757 0.0975097716 0.0499820001
v -0.0157830715 0.0975097865 0.0563290007
v -0.0155480802 0.099013783 0.0554930009
v -0.0155480802 0.099013783 0.0554930009
v -0.0151900798 0.100129783 0.0542120002
v -0.0299440771 0.0990137681 0.0492400005
v -0.0299440771 0.0990137681 0.0492400005
v -0.0151900798 0.100129783 0.0542120002
v -0.0292530805 0.100129768 0.0481039993
v -0.0299440771 0.0990137681 0.0492400005
v -0.0292530805 0.100129768 0.0481039993
v -0.0421180725 0.0990137532 0.0393359996
v -0.0421180725 0.0990137532 0.0393359996
v -0.0292530805 0.100129768 0.0481039993
v -0.0411460847 0.100129753 0.0384280011
v -0.0421180725 0.0990137532 0.0393359996
v -0.0411460847 0.100129753 0.0384280011
v -0.0511690974 0.0990137458 0.0265139993
v -0.0511690974 0.0990137458 0.0265139993
v -0.0411460847 0.100129753 0.0384280011
v -0.049988091 0.100129746 0.0259019993
v -0.0511690974 0.0990137458 0.0265139993
v -0.049988091 0.100129746 0.0259019993
v -0.0564250946 0.0990137383 0.0117250001
v -0.0564250946 0.0990137383 0.0117250001
v -0.049988091 0.100129746 0.0259019993
v -0.0551221073 0.100129738 0.0114550004
v -0.0564250946 0.0990137383 0.0117250001
v -0.0551221073 0.100129738 0.0114550004
v -0.0574961007 0.0990137383 -0.00393299991
v -0.0574961007 0.0990137383 -0.00393299991
v -0.0551221073 0.100129738 0.0114550004
v -0.0561690927 0.100129738 -0.00384199992
v -0.0574961007 0.0990137383 -0.00393299991
v -0.0561690927 0.100129738 -0.00384199992
v -0.0543030798 0.0990137383 -0.0192990005
v -0.0543030798 0.0990137383 -0.0192990005
v -0.0561690927 0.100129738 -0.00384199992
v -0.0530490875 0.100129738 -0.0188539997
v -0.0543030798 0.0990137383 -0.0192990005
v -0.0530490875 0.100129738 -0.0188539997
v -0.0470820963 0.0990137458 -0.0332340002
v -0.0470820963 0.0990137458 -0.0332340002
v -0.0530490875 0.100129738 -0.0188539997
v -0.0459950715 0.100129746 -0.0324670002
v -0.0470820963 0.0990137458 -0.0332340002
v -0.0459950715 0.100129746 -0.0324670002
v -0.0363700837 0.0990137607 -0.0447040014
v -0.0363700837 0.0990137607 -0.0447040014
v -0.0459950715 0.100129746 -0.0324670002
v -0.0355300754 0.100129761 -0.0436730012
v -0.0363700837 0.0990137607 -0.0447040014
v -0.0355300754 0.100129761 -0.0436730012
v -0.0229600817 0.0990137756 -0.0528590009
v -0.0229600817 0.0990137756 -0.0528590009
v -0.0355300754 0.100129761 -0.0436730012
v -0.0224300772 0.100129776 -0.0516390018
v -0.0229600817 0.0990137756 -0.0528590009
v -0.0224300772 0.100129776 -0.0516390018
v -0.0078470856 0.0990137905 -0.0570929982
v -0.0078470856 0.0990137905 -0.0570929982
v -0.0224300772 0.100129776 -0.0516390018
v -0.00766608119 0.100129791 -0.055776
v -0.0427530855 0.0975097567 0.0399280004
v -0.0303950757 0.0975097716 0.0499820001
v -0.0299440771 0.0990137681 0.0492400005
v -0.0299440771 0.0990137681 0.0492400005
v -0.0303950757 0.0975097716 0.0499820001
v -0.0155480802 0.099013783 0.0554930009
v -0.0427530855 0.0975097567 0.0399280004
v -0.0299440771 0.0990137681 0.0492400005
v -0.0421180725 0.0990137532 0.0393359996
v -0.0519400835 0.0975097492 0.0269130003
v -0.0427530855 0.0975097567 0.0399280004
v -0.0421180725 0.0990137532 0.0393359996
v -0.0519400835 0.0975097492 0.0269130003
v -0.0421180725 0.0990137532 0.0393359996
v -0.0511690974 0.0990137458 0.0265139993
v -0.0572750866 0.0975097418 0.0119019998
v -0.0519400835 0.0975097492 0.0269130003
v -0.0511690974 0.0990137458 0.0265139993
v -0.0572750866 0.0975097418 0.0119019998
v -0.0511690974 0.0990137458 0.0265139993
v -0.0564250946 0.0990137383 0.0117250001
v -0.0583620965 0.0975097418 -0.00399200013
v -0.0572750866 0.0975097418 0.0119019998
v -0.0564250946 0.0990137383 0.0117250001
v -0.0583620965 0.0975097418 -0.00399200013
v -0.0564250946 0.0990137383 0.0117250001
v -0.0574961007 0.0990137383 -0.00393299991
v -0.055121094 0.0975097418 -0.0195899997
v -0.0583620965 0.0975097418 -0.00399200013
v -0.0574961007 0.0990137383 -0.00393299991
v -0.055121094 0.0975097418 -0.0195899997
v -0.0574961007 0.0990137383 -0.00393299991
v -0.0543030798 0.0990137383 -0.0192990005
v -0.0477910936 0.0975097492 -0.0337349996
v -0.055121094 0.0975097418 -0.0195899997
v -0.0543030798 0.0990137383 -0.0192990005
v -0.0477910936 0.0975097492 -0.0337349996
v -0.0543030798 0.0990137383 -0.0192990005
v -0.0470820963 0.0990137458 -0.0332340002
v -0.0369180739 0.0975097641 -0.0453779995
v -0.0477910936 0.0975097492 -0.0337349996
v -0.0470820963 0.0990137458 -0.0332340002
v -0.0369180739 0.0975097641 -0.0453779995
v -0.0470820963 0.0990137458 -0.0332340002
v -0.0363700837 0.0990137607 -0.0447040014
v -0.0233060718 0.0975097716 -0.0536549985
v -0.0369180739 0.0975097641 -0.0453779995
v -0.0363700837 0.0990137607 -0.0447040014
v -0.0233060718 0.0975097716 -0.0536549985
v -0.0363700837 0.0990137607 -0.0447040014
v -0.0229600817 0.0990137756 -0.0528590009
v -0.00796607137 0.0975097939 -0.0579539984
v -0.0233060718 0.0975097716 -0.0536549985
v -0.0229600817 0.0990137756 -0.0528590009
v -0.00796607137 0.0975097939 -0.0579539984
v -0.0229600817 0.0990137756 -0.0528590009
v -0.0078470856 0.0990137905 -0.0570929982
v 0.407999933 0.0645652041 -0.0588000007
v 0.39278096 0.06864319 -0.0567959994
v 0.407999933 0.0958002061 -0.0588000007
v 0.407999933 0.0958002061 -0.0588000007
v 0.39278096 0.06864319 -0.0567959994
v 0.3927809 0.0958001912 -0.0567959994
v 0.3927809 0.0958001912 -0.0567959994
v 0.39278096 0.06864319 -0.0567959994
v 0.378599942 0.0724431723 -0.0509219989
v 0.3927809 0.0958001912 -0.0567959994
v 0.378599942 0.0724431723 -0.0509219989
v 0.378599942 0.0958001763 -0.0509219989
v 0.378599942 0.0958001763 -0.0509219989
v 0.378599942 0.0724431723 -0.0509219989
v 0.366421938 0.0757061616 -0.0415779985
v 0.378599942 0.0958001763 -0.0509219989
v 0.366421938 0.0757061616 -0.0415779985
v 0.366421938 0.0958001688 -0.0415779985
v 0.366421938 0.0958001688 -0.0415779985
v 0.366421938 0.0757061616 -0.0415779985
v 0.357077956 0.0782101527 -0.0294000003
v 0.366421938 0.0958001688 -0.0415779985
v 0.357077956 0.0782101527 -0.0294000003
v 0.357077926 0.0958001614 -0.0294000003
v 0.357077926 0.0958001614 -0.0294000003
v 0.357077956 0.0782101527 -0.0294000003
v 0.351203918 0.0797841474 -0.0152190002
v 0.357077926 0.0958001614 -0.0294000003
v 0.351203918 0.0797841474 -0.0152190002
v 0.351203918 0.0958001539 -0.0152190002
v 0.351203918 0.0958001539 -0.0152190002
v 0.351203918 0.0797841474 -0.0152190002
v 0.349199951 0.080321148 0
v 0.351203918 0.0958001539 -0.0152190002
v 0.349199951 0.080321148 0
v 0.349199921 0.0958001465 0
v 0.349199921 0.0958001465 0
v 0.349199951 0.080321148 0
v 0.351203918 0.0958001539 0.0152190002
v 0.351203918 0.0958001539 0.0152190002
v 0.349199951 0.080321148 0
v 0.351203918 0.0797841474 0.0152190002
v 0.351203918 0.0958001539 0.0152190002
v 0.351203918 0.0797841474 0.0152190002
v 0.357077926 0.0958001614 0.0294000003
v 0.357077926 0.0958001614 0.0294000003
v 0.351203918 0.0797841474 0.0152190002
v 0.357077956 0.0782101527 0.0294000003
v 0.357077926 0.0958001614 0.0294000003
v 0.357077956 0.0782101527 0.0294000003
v 0.366421938 0.0958001688 0.0415779985
v 0.366421938 0.0958001688 0.0415779985
v 0.357077956 0.0782101527 0.0294000003
v 0.366421938 0.0757061616 0.0415779985
v 0.366421938 0.0958001688 0.0415779985
v 0.366421938 0.0757061616 0.0415779985
v 0.378599942 0.0958001763 0.0509219989
v 0.378599942 0.0958001763 0.0509219989
v 0.366421938 0.0757061616 0.0415779985
v 0.378599942 0.0724431723 0.0509219989
v 0.378599942 0.0958001763 0.0509219989
v 0.378599942 0.0724431723 0.0509219989
v 0.3927809 0.0958001912 0.0567959994
v 0.3927809 0.0958001912 0.0567959994
v 0.378599942 0.0724431723 0.0509219989
v 0.39278096 0.06864319 0.0567959994
v 0.3927809 0.0958001912 0.0567959994
v 0.39278096 0.06864319 0.0567959994
v 0.407999933 0.0958002061 0.0588000007
v 0.407999933 0.0958002061 0.0588000007
v 0.39278096 0.06864319 0.0567959994
v 0.407999933 0.0645652041 0.0588000007
v 0.392842919 0.100800186 -0.0516210012
v 0.392842919 0.100800186 0.0516210012
v 0.407999933 0.100800201 -0.0538000017
v 0.407999933 0.100800201 -0.0538000017
v 0.392842919 0.100800186 0.0516210012
v 0.407999933 0.100800201 0.0538000017
v 0.407999933 0.100800201 -0.0538000017
v 0.407999933 0.100800201 0.0538000017
v 0.423156917 0.100800216 -0.0516210012
v 0.423156917 0.100800216 -0.0516210012
v 0.407999933 0.100800201 0.0538000017
v 0.423156917 0.100800216 0.0516210012
v 0.423156917 0.100800216 -0.0516210012
v 0.423156917 0.100800216 0.0516210012
v 0.437085927 0.100800231 -0.0452589989
v 0.437085927 0.100800231 -0.0452589989
v 0.423156917 0.100800216 0.0516210012
v 0.437085927 0.100800231 0.0452589989
v 0.437085927 0.100800231 -0.0452589989
v 0.437085927 0.100800231 0.0452589989
v 0.448658943 0.100800246 -0.0352320001
v 0.448658943 0.100800246 -0.0352320001
v 0.437085927 0.100800231 0.0452589989
v 0.448658943 0.100800246 0.0352320001
v 0.448658943 0.100800246 -0.0352320001
v 0.448658943 0.100800246 0.0352320001
v 0.456937909 0.100800253 -0.022349
v 0.456937909 0.100800253 -0.022349
v 0.448658943 0.100800246 0.0352320001
v 0.456937909 0.100800253 0.022349
v 0.456937909 0.100800253 -0.022349
v 0.456937909 0.100800253 0.022349
v 0.461251915 0.100800261 -0.00765699986
v 0.461251915 0.100800261 -0.00765699986
v 0.456937909 0.100800253 0.022349
v 0.461251915 0.100800261 0.00765699986
v 0.392842919 0.100800186 0.0516210012
v 0.392842919 0.100800186 -0.0516210012
v 0.378913939 0.100800171 0.0452589989
v 0.378913939 0.100800171 0.0452589989
v 0.392842919 0.100800186 -0.0516210012
v 0.378913939 0.100800171 -0.0452589989
v 0.378913939 0.100800171 0.0452589989
v 0.378913939 0.100800171 -0.0452589989
v 0.367340922 0.100800164 0.0352320001
v 0.367340922 0.100800164 0.0352320001
v 0.378913939 0.100800171 -0.0452589989
v 0.367340922 0.100800164 -0.0352320001
v 0.367340922 0.100800164 0.0352320001
v 0.367340922 0.100800164 -0.0352320001
v 0.359061927 0.100800157 0.022349
v 0.359061927 0.100800157 0.022349
v 0.367340922 0.100800164 -0.0352320001
v 0.359061927 0.100800157 -0.022349
v 0.359061927 0.100800157 0.022349
v 0.359061927 0.100800157 -0.022349
v 0.354747921 0.100800149 0.00765699986
v 0.354747921 0.100800149 0.00765699986
v 0.359061927 0.100800157 -0.022349
v 0.354747921 0.100800149 -0.00765699986
v 0.407999933 0.0958002061 0.0588000007
v 0.407999933 0.0973452032 0.0585549995
v 0.3927809 0.0958001912 0.0567959994
v 0.3927809 0.0958001912 0.0567959994
v 0.407999933 0.0973452032 0.0585549995
v 0.392216921 0.0975101888 0.0563290007
v 0.3927809 0.0958001912 0.0567959994
v 0.392216921 0.0975101888 0.0563290007
v 0.378599942 0.0958001763 0.0509219989
v 0.378599942 0.0958001763 0.0509219989
v 0.392216921 0.0975101888 0.0563290007
v 0.377604902 0.0975101739 0.0499820001
v 0.378599942 0.0958001763 0.0509219989
v 0.377604902 0.0975101739 0.0499820001
v 0.366421938 0.0958001688 0.0415779985
v 0.366421938 0.0958001688 0.0415779985
v 0.377604902 0.0975101739 0.0499820001
v 0.365246922 0.0975101665 0.0399280004
v 0.366421938 0.0958001688 0.0415779985
v 0.365246922 0.0975101665 0.0399280004
v 0.357077926 0.0958001614 0.0294000003
v 0.357077926 0.0958001614 0.0294000003
v 0.365246922 0.0975101665 0.0399280004
v 0.356059909 0.0975101516 0.0269130003
v 0.357077926 0.0958001614 0.0294000003
v 0.356059909 0.0975101516 0.0269130003
v 0.351203918 0.0958001539 0.0152190002
v 0.351203918 0.0958001539 0.0152190002
v 0.356059909 0.0975101516 0.0269130003
v 0.350724936 0.0975101516 0.0119019998
v 0.351203918 0.0958001539 0.0152190002
v 0.350724936 0.0975101516 0.0119019998
v 0.349199921 0.0958001465 0
v 0.349199921 0.0958001465 0
v 0.350724936 0.0975101516 0.0119019998
v 0.349637926 0.0975101516 -0.00399200013
v 0.349199921 0.0958001465 0
v 0.349637926 0.0975101516 -0.00399200013
v 0.351203918 0.0958001539 -0.0152190002
v 0.351203918 0.0958001539 -0.0152190002
v 0.349637926 0.0975101516 -0.00399200013
v 0.352878928 0.0975101516 -0.0195899997
v 0.351203918 0.0958001539 -0.0152190002
v 0.352878928 0.0975101516 -0.0195899997
v 0.357077926 0.0958001614 -0.0294000003
v 0.357077926 0.0958001614 -0.0294000003
v 0.352878928 0.0975101516 -0.0195899997
v 0.360208929 0.097510159 -0.0337349996
v 0.357077926 0.0958001614 -0.0294000003
v 0.360208929 0.097510159 -0.0337349996
v 0.366421938 0.0958001688 -0.0415779985
v 0.366421938 0.0958001688 -0.0415779985
v 0.360208929 0.097510159 -0.0337349996
v 0.371081918 0.0975101665 -0.0453779995
v 0.366421938 0.0958001688 -0.0415779985
v 0.371081918 0.0975101665 -0.0453779995
v 0.378599942 0.0958001763 -0.0509219989
v 0.378599942 0.0958001763 -0.0509219989
v 0.371081918 0.0975101665 -0.0453779995
v 0.384693921 0.0975101814 -0.0536549985
v 0.378599942 0.0958001763 -0.0509219989
v 0.384693921 0.0975101814 -0.0536549985
v 0.3927809 0.0958001912 -0.0567959994
v 0.3927809 0.0958001912 -0.0567959994
v 0.384693921 0.0975101814 -0.0536549985
v 0.400033921 0.0975101963 -0.0579539984
v 0.3927809 0.0958001912 -0.0567959994
v 0.400033921 0.0975101963 -0.0579539984
v 0.407999933 0.0958002061 -0.0588000007
v 0.407999933 0.0958002061 -0.0588000007
v 0.400033921 0.0975101963 -0.0579539984
v 0.407999933 0.0973452032 -0.0585549995
v 0.407999933 0.0973452032 -0.0585549995
v 0.400033921 0.0975101963 -0.0579539984
v 0.407999933 0.0987391993 -0.0578450002
v 0.407999933 0.0987391993 -0.0578450002
v 0.400033921 0.0975101963 -0.0579539984
v 0.400152922 0.0990141928 -0.0570929982
v 0.407999933 0.0987391993 -0.0578450002
v 0.400152922 0.0990141928 -0.0570929982
v 0.407999933 0.0998452008 -0.0567389987
v 0.407999933 0.0998452008 -0.0567389987
v 0.400152922 0.0990141928 -0.0570929982
v 0.400333941 0.100130193 -0.055776
v 0.407999933 0.0998452008 -0.0567389987
v 0.400333941 0.100130193 -0.055776
v 0.407999933 0.100555204 -0.0553449988
v 0.407999933 0.100555204 -0.0553449988
v 0.400333941 0.100130193 -0.055776
v 0.400555909 0.100724198 -0.0541590005
v 0.407999933 0.100555204 -0.0553449988
v 0.400555909 0.100724198 -0.0541590005
v 0.407999933 0.100800201 -0.0538000017
v 0.407999933 0.100800201 -0.0538000017
v 0.400555909 0.100724198 -0.0541590005
v 0.392842919 0.100800186 -0.0516210012
v 0.392842919 0.100800186 -0.0516210012
v 0.400555909 0.100724198 -0.0541590005
v 0.386219919 0.100724183 -0.0501420014
v 0.392842919 0.100800186 -0.0516210012
v 0.386219919 0.100724183 -0.0501420014
v 0.378913939 0.100800171 -0.0452589989
v 0.378913939 0.100800171 -0.0452589989
v 0.386219919 0.100724183 -0.0501420014
v 0.37349993 0.100724176 -0.0424069986
v 0.378913939 0.100800171 -0.0452589989
v 0.37349993 0.100724176 -0.0424069986
v 0.367340922 0.100800164 -0.0352320001
v 0.367340922 0.100800164 -0.0352320001
v 0.37349993 0.100724176 -0.0424069986
v 0.363337934 0.100724161 -0.0315259993
v 0.367340922 0.100800164 -0.0352320001
v 0.363337934 0.100724161 -0.0315259993
v 0.359061927 0.100800157 -0.022349
v 0.359061927 0.100800157 -0.022349
v 0.363337934 0.100724161 -0.0315259993
v 0.35648793 0.100724153 -0.0183070004
v 0.359061927 0.100800157 -0.022349
v 0.35648793 0.100724153 -0.0183070004
v 0.354747921 0.100800149 -0.00765699986
v 0.354747921 0.100800149 -0.00765699986
v 0.35648793 0.100724153 -0.0183070004
v 0.353458941 0.100724153 -0.003731
v 0.354747921 0.100800149 -0.00765699986
v 0.353458941 0.100724153 -0.003731
v 0.354747921 0.100800149 0.00765699986
v 0.354747921 0.100800149 0.00765699986
v 0.353458941 0.100724153 -0.003731
v 0.354474902 0.100724153 0.0111229997
v 0.354747921 0.100800149 0.00765699986
v 0.354474902 0.100724153 0.0111229997
v 0.359061927 0.100800157 0.022349
v 0.359061927 0.100800157 0.022349
v 0.354474902 0.100724153 0.0111229997
v 0.35946092 0.100724161 0.0251509994
v 0.359061927 0.100800157 0.022349
v 0.35946092 0.100724161 0.0251509994
v 0.367340922 0.100800164 0.0352320001
v 0.367340922 0.100800164 0.0352320001
v 0.35946092 0.100724161 0.0251509994
v 0.368045926 0.100724168 0.0373140015
v 0.367340922 0.100800164 0.0352320001
v 0.368045926 0.100724168 0.0373140015
v 0.378913939 0.100800171 0.0452589989
v 0.378913939 0.100800171 0.0452589989
v 0.368045926 0.100724168 0.0373140015
v 0.379594922 0.100724183 0.0467099994
v 0.378913939 0.100800171 0.0452589989
v 0.379594922 0.100724183 0.0467099994
v 0.392842919 0.100800186 0.0516210012
v 0.392842919 0.100800186 0.0516210012
v 0.379594922 0.100724183 0.0467099994
v 0.393250942 0.10072419 0.0526410006
v 0.392842919 0.100800186 0.0516210012
v 0.393250942 0.10072419 0.0526410006
v 0.407999933 0.100800201 0.0538000017
v 0.407999933 0.100800201 0.0538000017
v 0.393250942 0.10072419 0.0526410006
v 0.407999933 0.100555204 0.0553449988
v 0.407999933 0.100555204 0.0553449988
v 0.393250942 0.10072419 0.0526410006
v 0.392809927 0.100130185 0.0542120002
v 0.407999933 0.100555204 0.0553449988
v 0.392809927 0.100130185 0.0542120002
v 0.407999933 0.0998452008 0.0567389987
v 0.407999933 0.0998452008 0.0567389987
v 0.392809927 0.100130185 0.0542120002
v 0.392451942 0.0990141854 0.0554930009
v 0.407999933 0.0998452008 0.0567389987
v 0.392451942 0.0990141854 0.0554930009
v 0.407999933 0.0987391993 0.0578450002
v 0.407999933 0.0987391993 0.0578450002
v 0.392451942 0.0990141854 0.0554930009
v 0.392216921 0.0975101888 0.0563290007
v 0.407999933 0.0987391993 0.0578450002
v 0.392216921 0.0975101888 0.0563290007
v 0.407999933 0.0973452032 0.0585549995
v 0.392809927 0.100130185 0.0542120002
v 0.393250942 0.10072419 0.0526410006
v 0.378746927 0.100130171 0.0481039993
v 0.378746927 0.100130171 0.0481039993
v 0.393250942 0.10072419 0.0526410006
v 0.379594922 0.100724183 0.0467099994
v 0.378746927 0.100130171 0.0481039993
v 0.379594922 0.100724183 0.0467099994
v 0.366853923 0.100130163 0.0384280011
v 0.366853923 0.100130163 0.0384280011
v 0.379594922 0.100724183 0.0467099994
v 0.368045926 0.100724168 0.0373140015
v 0.366853923 0.100130163 0.0384280011
v 0.368045926 0.100724168 0.0373140015
v 0.358011901 0.100130156 0.0259019993
v 0.358011901 0.100130156 0.0259019993
v 0.368045926 0.100724168 0.0373140015
v 0.35946092 0.100724161 0.0251509994
v 0.358011901 0.100130156 0.0259019993
v 0.35946092 0.100724161 0.0251509994
v 0.352877915 0.100130148 0.0114550004
v 0.352877915 0.100130148 0.0114550004
v 0.35946092 0.100724161 0.0251509994
v 0.354474902 0.100724153 0.0111229997
v 0.352877915 0.100130148 0.0114550004
v 0.354474902 0.100724153 0.0111229997
v 0.3518309 0.100130148 -0.00384199992
v 0.3518309 0.100130148 -0.00384199992
v 0.354474902 0.100724153 0.0111229997
v 0.353458941 0.100724153 -0.003731
v 0.3518309 0.100130148 -0.00384199992
v 0.353458941 0.100724153 -0.003731
v 0.354950905 0.100130148 -0.0188539997
v 0.354950905 0.100130148 -0.0188539997
v 0.353458941 0.100724153 -0.003731
v 0.35648793 0.100724153 -0.0183070004
v 0.354950905 0.100130148 -0.0188539997
v 0.35648793 0.100724153 -0.0183070004
v 0.362004936 0.100130156 -0.0324670002
v 0.362004936 0.100130156 -0.0324670002
v 0.35648793 0.100724153 -0.0183070004
v 0.363337934 0.100724161 -0.0315259993
v 0.362004936 0.100130156 -0.0324670002
v 0.363337934 0.100724161 -0.0315259993
v 0.372469902 0.100130171 -0.0436730012
v 0.372469902 0.100130171 -0.0436730012
v 0.363337934 0.100724161 -0.0315259993
v 0.37349993 0.100724176 -0.0424069986
v 0.372469902 0.100130171 -0.0436730012
v 0.37349993 0.100724176 -0.0424069986
v 0.38556993 0.100130178 -0.0516390018
v 0.38556993 0.100130178 -0.0516390018
v 0.37349993 0.100724176 -0.0424069986
v 0.386219919 0.100724183 -0.0501420014
v 0.38556993 0.100130178 -0.0516390018
v 0.386219919 0.100724183 -0.0501420014
v 0.400333941 0.100130193 -0.055776
v 0.400333941 0.100130193 -0.055776
v 0.386219919 0.100724183 -0.0501420014
v 0.400555909 0.100724198 -0.0541590005
v 0.377604902 0.0975101739 0.0499820001
v 0.392216921 0.0975101888 0.0563290007
v 0.392451942 0.0990141854 0.0554930009
v 0.392451942 0.0990141854 0.0554930009
v 0.392809927 0.100130185 0.0542120002
v 0.37805593 0.0990141705 0.0492400005
v 0.37805593 0.0990141705 0.0492400005
v 0.392809927 0.100130185 0.0542120002
v 0.378746927 0.100130171 0.0481039993
v 0.37805593 0.0990141705 0.0492400005
v 0.378746927 0.100130171 0.0481039993
v 0.36588192 0.099014163 0.0393359996
v 0.36588192 0.099014163 0.0393359996
v 0.378746927 0.100130171 0.0481039993
v 0.366853923 0.100130163 0.0384280011
v 0.36588192 0.099014163 0.0393359996
v 0.366853923 0.100130163 0.0384280011
v 0.356830925 0.0990141556 0.0265139993
v 0.356830925 0.0990141556 0.0265139993
v 0.366853923 0.100130163 0.0384280011
v 0.358011901 0.100130156 0.0259019993
v 0.356830925 0.0990141556 0.0265139993
v 0.358011901 0.100130156 0.0259019993
v 0.351574928 0.0990141481 0.0117250001
v 0.351574928 0.0990141481 0.0117250001
v 0.358011901 0.100130156 0.0259019993
v 0.352877915 0.100130148 0.0114550004
v 0.351574928 0.0990141481 0.0117250001
v 0.352877915 0.100130148 0.0114550004
v 0.350503922 0.0990141481 -0.00393299991
v 0.350503922 0.0990141481 -0.00393299991
v 0.352877915 0.100130148 0.0114550004
v 0.3518309 0.100130148 -0.00384199992
v 0.350503922 0.0990141481 -0.00393299991
v 0.3518309 0.100130148 -0.00384199992
v 0.353696942 0.0990141481 -0.0192990005
v 0.353696942 0.0990141481 -0.0192990005
v 0.3518309 0.100130148 -0.00384199992
v 0.354950905 0.100130148 -0.0188539997
v 0.353696942 0.0990141481 -0.0192990005
v 0.354950905 0.100130148 -0.0188539997
v 0.360917926 0.0990141556 -0.0332340002
v 0.360917926 0.0990141556 -0.0332340002
v 0.354950905 0.100130148 -0.0188539997
v 0.362004936 0.100130156 -0.0324670002
v 0.360917926 0.0990141556 -0.0332340002
v 0.362004936 0.100130156 -0.0324670002
v 0.371629924 0.099014163 -0.0447040014
v 0.371629924 0.099014163 -0.0447040014
v 0.362004936 0.100130156 -0.0324670002
v 0.372469902 0.100130171 -0.0436730012
v 0.371629924 0.099014163 -0.0447040014
v 0.372469902 0.100130171 -0.0436730012
v 0.385039926 0.0990141779 -0.0528590009
v 0.385039926 0.0990141779 -0.0528590009
v 0.372469902 0.100130171 -0.0436730012
v 0.38556993 0.100130178 -0.0516390018
v 0.385039926 0.0990141779 -0.0528590009
v 0.38556993 0.100130178 -0.0516390018
v 0.400152922 0.0990141928 -0.0570929982
v 0.400152922 0.0990141928 -0.0570929982
v 0.38556993 0.100130178 -0.0516390018
v 0.400333941 0.100130193 -0.055776
v 0.365246922 0.0975101665 0.0399280004
v 0.377604902 0.0975101739 0.0499820001
v 0.37805593 0.0990141705 0.0492400005
v 0.37805593 0.0990141705 0.0492400005
v 0.377604902 0.0975101739 0.0499820001
v 0.392451942 0.0990141854 0.0554930009
v 0.365246922 0.0975101665 0.0399280004
v 0.37805593 0.0990141705 0.0492400005
v 0.36588192 0.099014163 0.0393359996
v 0.356059909 0.0975101516 0.0269130003
v 0.365246922 0.0975101665 0.0399280004
v 0.36588192 0.099014163 0.0393359996
v 0.356059909 0.0975101516 0.0269130003
v 0.36588192 0.099014163 0.0393359996
v 0.356830925 0.0990141556 0.0265139993
v 0.350724936 0.0975101516 0.0119019998
v 0.356059909 0.0975101516 0.0269130003
v 0.356830925 0.0990141556 0.0265139993
v 0.350724936 0.0975101516 0.0119019998
v 0.356830925 0.0990141556 0.0265139993
v 0.351574928 0.0990141481 0.0117250001
v 0.349637926 0.0975101516 -0.00399200013
v 0.350724936 0.0975101516 0.0119019998
v 0.351574928 0.0990141481 0.0117250001
v 0.349637926 0.0975101516 -0.00399200013
v 0.351574928 0.0990141481 0.0117250001
v 0.350503922 0.0990141481 -0.00393299991
v 0.352878928 0.0975101516 -0.0195899997
v 0.349637926 0.0975101516 -0.00399200013
v 0.350503922 0.0990141481 -0.00393299991
v 0.352878928 0.0975101516 -0.0195899997
v 0.350503922 0.0990141481 -0.00393299991
v 0.353696942 0.0990141481 -0.0192990005
v 0.360208929 0.097510159 -0.0337349996
v 0.352878928 0.0975101516 -0.0195899997
v 0.353696942 0.0990141481 -0.0192990005
v 0.360208929 0.097510159 -0.0337349996
v 0.353696942 0.0990141481 -0.0192990005
v 0.360917926 0.0990141556 -0.0332340002
v 0.371081918 0.0975101665 -0.0453779995
v 0.360208929 0.097510159 -0.0337349996
v 0.360917926 0.0990141556 -0.0332340002
v 0.371081918 0.0975101665 -0.0453779995
v 0.360917926 0.0990141556 -0.0332340002
v 0.371629924 0.099014163 -0.0447040014
v 0.384693921 0.0975101814 -0.0536549985
v 0.371081918 0.0975101665 -0.0453779995
v 0.371629924 0.099014163 -0.0447040014
v 0.384693921 0.0975101814 -0.0536549985
v 0.371629924 0.099014163 -0.0447040014
v 0.385039926 0.0990141779 -0.0528590009
v 0.400033921 0.0975101963 -0.0579539984
v 0.384693921 0.0975101814 -0.0536549985
v 0.385039926 0.0990141779 -0.0528590009
v 0.400033921 0.0975101963 -0.0579539984
v 0.385039926 0.0990141779 -0.0528590009
v 0.400152922 0.0990141928 -0.0570929982
v 0.334000051 -0.0399998724 0
v 0.319500029 -0.0254998859 0
v 0.334000051 -0.0379898697 -0.0152700003
v 0.334000051 -0.0379898697 -0.0152700003
v 0.319500029 -0.0254998859 0
v 0.319500029 -0.0233218838 -0.0137510002
v 0.334000051 -0.0379898697 -0.0152700003
v 0.319500029 -0.0233218838 -0.0137510002
v 0.334000051 -0.0320958719 -0.0295000002
v 0.334000051 -0.0320958719 -0.0295000002
v 0.319500029 -0.0233218838 -0.0137510002
v 0.319500029 -0.0170008857 -0.0261560008
v 0.334000051 -0.0320958719 -0.0295000002
v 0.319500029 -0.0170008857 -0.0261560008
v 0.334000051 -0.022718871 -0.0417190008
v 0.334000051 -0.022718871 -0.0417190008
v 0.319500029 -0.0170008857 -0.0261560008
v 0.319500029 -0.00715588592 -0.0360010006
v 0.334000051 -0.022718871 -0.0417190008
v 0.319500029 -0.00715588592 -0.0360010006
v 0.334000021 -0.0104998704 -0.0510959998
v 0.334000021 -0.0104998704 -0.0510959998
v 0.319500029 -0.00715588592 -0.0360010006
v 0.319500029 0.00524911471 -0.0423219986
v 0.334000021 -0.0104998704 -0.0510959998
v 0.319500029 0.00524911471 -0.0423219986
v 0.333999991 0.00373012945 -0.0569900014
v 0.333999991 0.00373012945 -0.0569900014
v 0.319500029 0.00524911471 -0.0423219986
v 0.319499999 0.0190001149 -0.0445000008
v 0.333999991 0.00373012945 -0.0569900014
v 0.319499999 0.0190001149 -0.0445000008
v 0.333999991 0.0190001298 -0.0590000004
v 0.333999991 0.0190001298 -0.0590000004
v 0.319499999 0.0190001149 -0.0445000008
v 0.333999991 0.0342701301 -0.0569900014
v 0.333999991 0.0342701301 -0.0569900014
v 0.319499999 0.0190001149 -0.0445000008
v 0.319499969 0.0327511132 -0.0423219986
v 0.333999991 0.0342701301 -0.0569900014
v 0.319499969 0.0327511132 -0.0423219986
v 0.333999962 0.0485001281 -0.0510959998
v 0.333999962 0.0485001281 -0.0510959998
v 0.319499969 0.0327511132 -0.0423219986
v 0.319499969 0.0451561138 -0.0360010006
v 0.333999962 0.0485001281 -0.0510959998
v 0.319499969 0.0451561138 -0.0360010006
v 0.333999932 0.0607191324 -0.0417190008
v 0.333999932 0.0607191324 -0.0417190008
v 0.319499969 0.0451561138 -0.0360010006
v 0.319499969 0.0550011173 -0.0261560008
v 0.333999932 0.0607191324 -0.0417190008
v 0.319499969 0.0550011173 -0.0261560008
v 0.333999932 0.0700961277 -0.0295000002
v 0.333999932 0.0700961277 -0.0295000002
v 0.319499969 0.0550011173 -0.0261560008
v 0.319499969 0.0613221154 -0.0137510002
v 0.333999932 0.0700961277 -0.0295000002
v 0.319499969 0.0613221154 -0.0137510002
v 0.333999932 0.075990133 -0.0152700003
v 0.333999932 0.075990133 -0.0152700003
v 0.319499969 0.0613221154 -0.0137510002
v 0.319499969 0.0635001138 0
v 0.333999932 0.075990133 -0.0152700003
v 0.319499969 0.0635001138 0
v 0.333999932 0.0780001283 0
v 0.0739999413 0.0779998675 0
v 0.0884999484 0.0634998828 0
v 0.0739999413 0.0759898722 -0.0152700003
v 0.0739999413 0.0759898722 -0.0152700003
v 0.0884999484 0.0634998828 0
v 0.0884999484 0.0613218844 -0.0137510002
v 0.0739999413 0.0759898722 -0.0152700003
v 0.0884999484 0.0613218844 -0.0137510002
v 0.0739999563 0.0700958669 -0.0295000002
v 0.0739999563 0.0700958669 -0.0295000002
v 0.0884999484 0.0613218844 -0.0137510002
v 0.0884999558 0.0550008863 -0.0261560008
v 0.0739999563 0.0700958669 -0.0295000002
v 0.0884999558 0.0550008863 -0.0261560008
v 0.0739999563 0.0607188717 -0.0417190008
v 0.0739999563 0.0607188717 -0.0417190008
v 0.0884999558 0.0550008863 -0.0261560008
v 0.0884999633 0.0451558828 -0.0360010006
v 0.0739999563 0.0607188717 -0.0417190008
v 0.0884999633 0.0451558828 -0.0360010006
v 0.0739999712 0.0484998673 -0.0510959998
v 0.0739999712 0.0484998673 -0.0510959998
v 0.0884999633 0.0451558828 -0.0360010006
v 0.0884999782 0.0327508822 -0.0423219986
v 0.0739999712 0.0484998673 -0.0510959998
v 0.0884999782 0.0327508822 -0.0423219986
v 0.0739999861 0.0342698693 -0.0569900014
v 0.0739999861 0.0342698693 -0.0569900014
v 0.0884999782 0.0327508822 -0.0423219986
v 0.0884999931 0.0189998839 -0.0445000008
v 0.0739999861 0.0342698693 -0.0569900014
v 0.0884999931 0.0189998839 -0.0445000008
v 0.074000001 0.018999869 -0.0590000004
v 0.074000001 0.018999869 -0.0590000004
v 0.0884999931 0.0189998839 -0.0445000008
v 0.0740000159 0.00372986868 -0.0569900014
v 0.0740000159 0.00372986868 -0.0569900014
v 0.0884999931 0.0189998839 -0.0445000008
v 0.088500008 0.00524888374 -0.0423219986
v 0.0740000159 0.00372986868 -0.0569900014
v 0.088500008 0.00524888374 -0.0423219986
v 0.0740000308 -0.0105001312 -0.0510959998
v 0.0740000308 -0.0105001312 -0.0510959998
v 0.088500008 0.00524888374 -0.0423219986
v 0.0885000229 -0.00715611689 -0.0360010006
v 0.0740000308 -0.0105001312 -0.0510959998
v 0.0885000229 -0.00715611689 -0.0360010006
v 0.0740000457 -0.0227191318 -0.0417190008
v 0.0740000457 -0.0227191318 -0.0417190008
v 0.0885000229 -0.00715611689 -0.0360010006
v 0.0885000303 -0.0170011166 -0.0261560008
v 0.0740000457 -0.0227191318 -0.0417190008
v 0.0885000303 -0.0170011166 -0.0261560008
v 0.0740000457 -0.0320961326 -0.0295000002
v 0.0740000457 -0.0320961326 -0.0295000002
v 0.0885000303 -0.0170011166 -0.0261560008
v 0.0885000378 -0.0233221147 -0.0137510002
v 0.0740000457 -0.0320961326 -0.0295000002
v 0.0885000378 -0.0233221147 -0.0137510002
v 0.0740000606 -0.0379901305 -0.0152700003
v 0.0740000606 -0.0379901305 -0.0152700003
v 0.0885000378 -0.0233221147 -0.0137510002
v 0.0885000378 -0.0255001169 0
v 0.0740000606 -0.0379901305 -0.0152700003
v 0.0885000378 -0.0255001169 0
v 0.0740000606 -0.0400001332 0
v 0.0740000606 -0.0400001332 0
v 0.0885000378 -0.0255001169 0
v 0.0740000606 -0.0379901305 0.0152700003
v 0.0740000606 -0.0379901305 0.0152700003
v 0.0885000378 -0.0255001169 0
v 0.0885000378 -0.0233221147 0.0137510002
v 0.0740000606 -0.0379901305 0.0152700003
v 0.0885000378 -0.0233221147 0.0137510002
v 0.0740000457 -0.0320961326 0.0295000002
v 0.0740000457 -0.0320961326 0.0295000002
v 0.0885000378 -0.0233221147 0.0137510002
v 0.0885000303 -0.0170011166 0.0261560008
v 0.0740000457 -0.0320961326 0.0295000002
v 0.0885000303 -0.0170011166 0.0261560008
v 0.0740000457 -0.0227191318 0.0417190008
v 0.0740000457 -0.0227191318 0.0417190008
v 0.0885000303 -0.0170011166 0.0261560008
v 0.0885000229 -0.00715611689 0.0360010006
v 0.0740000457 -0.0227191318 0.0417190008
v 0.0885000229 -0.00715611689 0.0360010006
v 0.0740000308 -0.0105001312 0.0510959998
v 0.0740000308 -0.0105001312 0.0510959998
v 0.0885000229 -0.00715611689 0.0360010006
v 0.088500008 0.00524888374 0.0423219986
v 0.0740000308 -0.0105001312 0.0510959998
v 0.088500008 0.00524888374 0.0423219986
v 0.0740000159 0.00372986868 0.0569900014
v 0.0740000159 0.00372986868 0.0569900014
v 0.088500008 0.00524888374 0.0423219986
v 0.0884999931 0.0189998839 0.0445000008
v 0.0740000159 0.00372986868 0.0569900014
v 0.0884999931 0.0189998839 0.0445000008
v 0.074000001 0.018999869 0.0590000004
v 0.074000001 0.018999869 0.0590000004
v 0.0884999931 0.0189998839 0.0445000008
v 0.0739999861 0.0342698693 0.0569900014
v 0.0739999861 0.0342698693 0.0569900014
v 0.0884999931 0.0189998839 0.0445000008
v 0.0884999782 0.0327508822 0.0423219986
v 0.0739999861 0.0342698693 0.0569900014
v 0.0884999782 0.0327508822 0.0423219986
v 0.0739999712 0.0484998673 0.0510959998
v 0.0739999712 0.0484998673 0.0510959998
v 0.0884999782 0.0327508822 0.0423219986
v 0.0884999633 0.0451558828 0.0360010006
v 0.0739999712 0.0484998673 0.0510959998
v 0.0884999633 0.0451558828 0.0360010006
v 0.0739999563 0.0607188717 0.0417190008
v 0.0739999563 0.0607188717 0.0417190008
v 0.0884999633 0.0451558828 0.0360010006
v 0.0884999558 0.0550008863 0.0261560008
v 0.0739999563 0.0607188717 0.0417190008
v 0.0884999558 0.0550008863 0.0261560008
v 0.0739999563 0.0700958669 0.0295000002
v 0.0739999563 0.0700958669 0.0295000002
v 0.0884999558 0.0550008863 0.0261560008
v 0.0884999484 0.0613218844 0.0137510002
v 0.0739999563 0.0700958669 0.0295000002
v 0.0884999484 0.0613218844 0.0137510002
v 0.0739999413 0.0759898722 0.0152700003
v 0.0739999413 0.0759898722 0.0152700003
v 0.0884999484 0.0613218844 0.0137510002
v 0.0884999484 0.0634998828 0
v 0.0739999413 0.0759898722 0.0152700003
v 0.0884999484 0.0634998828 0
v 0.0739999413 0.0779998675 0
v 0.333999932 0.0780001283 0
v 0.319499969 0.0635001138 0
v 0.333999932 0.075990133 0.0152700003
v 0.333999932 0.075990133 0.0152700003
v 0.319499969 0.0635001138 0
v 0.319499969 0.0613221154 0.0137510002
v 0.333999932 0.075990133 0.0152700003
v 0.319499969 0.0613221154 0.0137510002
v 0.333999932 0.0700961277 0.0295000002
v 0.333999932 0.0700961277 0.0295000002
v 0.319499969 0.0613221154 0.0137510002
v 0.319499969 0.0550011173 0.0261560008
v 0.333999932 0.0700961277 0.0295000002
v 0.319499969 0.0550011173 0.0261560008
v 0.333999932 0.0607191324 0.0417190008
v 0.333999932 0.0607191324 0.0417190008
v 0.319499969 0.0550011173 0.0261560008
v 0.319499969 0.0451561138 0.0360010006
v 0.333999932 0.0607191324 0.0417190008
v 0.319499969 0.0451561138 0.0360010006
v 0.333999962 0.0485001281 0.0510959998
v 0.333999962 0.0485001281 0.0510959998
v 0.319499969 0.0451561138 0.0360010006
v 0.319499969 0.0327511132 0.0423219986
v 0.333999962 0.0485001281 0.0510959998
v 0.319499969 0.0327511132 0.0423219986
v 0.333999991 0.0342701301 0.0569900014
v 0.333999991 0.0342701301 0.0569900014
v 0.319499969 0.0327511132 0.0423219986
v 0.319499999 0.0190001149 0.0445000008
v 0.333999991 0.0342701301 0.0569900014
v 0.319499999 0.0190001149 0.0445000008
v 0.333999991 0.0190001298 0.0590000004
v 0.333999991 0.0190001298 0.0590000004
v 0.319499999 0.0190001149 0.0445000008
v 0.333999991 0.00373012945 0.0569900014
v 0.333999991 0.00373012945 0.0569900014
v 0.319499999 0.0190001149 0.0445000008
v 0.319500029 0.00524911471 0.0423219986
v 0.333999991 0.00373012945 0.0569900014
v 0.319500029 0.00524911471 0.0423219986
v 0.334000021 -0.0104998704 0.0510959998
v 0.334000021 -0.0104998704 0.0510959998
v 0.319500029 0.00524911471 0.0423219986
v 0.319500029 -0.00715588592 0.0360010006
v 0.334000021 -0.0104998704 0.0510959998
v 0.319500029 -0.00715588592 0.0360010006
v 0.334000051 -0.022718871 0.0417190008
v 0.334000051 -0.022718871 0.0417190008
v 0.319500029 -0.00715588592 0.0360010006
v 0.319500029 -0.0170008857 0.0261560008
v 0.334000051 -0.022718871 0.0417190008
v 0.319500029 -0.0170008857 0.0261560008
v 0.334000051 -0.0320958719 0.0295000002
v 0.334000051 -0.0320958719 0.0295000002
v 0.319500029 -0.0170008857 0.0261560008
v 0.319500029 -0.0233218838 0.0137510002
v 0.334000051 -0.0320958719 0.0295000002
v 0.319500029 -0.0233218838 0.0137510002
v 0.334000051 -0.0379898697 0.0152700003
v 0.334000051 -0.0379898697 0.0152700003
v 0.319500029 -0.0233218838 0.0137510002
v 0.319500029 -0.0254998859 0
v 0.334000051 -0.0379898697 0.0152700003
v 0.319500029 -0.0254998859 0
v 0.334000051 -0.0399998724 0
v 0.0115100145 0.00748980697 -0.0578659996
v 0 0.0189997945 -0.0590000004
v 0.074000001 0.018999869 -0.0590000004
v 0.074000001 0.018999869 -0.0590000004
v 0 0.0189997945 -0.0590000004
v 0.0115099847 0.0305098072 -0.0578659996
v 0.074000001 0.018999869 -0.0590000004
v 0.0115099847 0.0305098072 -0.0578659996
v 0.0739999861 0.0342698693 -0.0569900014
v 0.0739999861 0.0342698693 -0.0569900014
v 0.0115099847 0.0305098072 -0.0578659996
v 0.0225779712 0.041577816 -0.054508999
v 0.0739999861 0.0342698693 -0.0569900014
v 0.0225779712 0.041577816 -0.054508999
v 0.0739999712 0.0484998673 -0.0510959998
v 0.0739999712 0.0484998673 -0.0510959998
v 0.0225779712 0.041577816 -0.054508999
v 0.0327789634 0.0517788306 -0.0490569994
v 0.0739999712 0.0484998673 -0.0510959998
v 0.0327789634 0.0517788306 -0.0490569994
v 0.0739999563 0.0607188717 -0.0417190008
v 0.0739999563 0.0607188717 -0.0417190008
v 0.0327789634 0.0517788306 -0.0490569994
v 0.0417189449 0.0607188344 -0.0417190008
v 0.0739999563 0.0607188717 -0.0417190008
v 0.0417189449 0.0607188344 -0.0417190008
v 0.0490569472 0.0680568442 -0.0327790007
v 0.0739999563 0.0607188717 -0.0417190008
v 0.0490569472 0.0680568442 -0.0327790007
v 0.0739999563 0.0700958669 -0.0295000002
v 0.0739999563 0.0700958669 -0.0295000002
v 0.0490569472 0.0680568442 -0.0327790007
v 0.0545089394 0.0735088512 -0.0225779992
v 0.0739999563 0.0700958669 -0.0295000002
v 0.0545089394 0.0735088512 -0.0225779992
v 0.0739999413 0.0759898722 -0.0152700003
v 0.0739999413 0.0759898722 -0.0152700003
v 0.0545089394 0.0735088512 -0.0225779992
v 0.0578659326 0.0768658519 -0.0115099996
v 0.0739999413 0.0759898722 -0.0152700003
v 0.0578659326 0.0768658519 -0.0115099996
v 0.0739999413 0.0779998675 0
v 0.0739999413 0.0779998675 0
v 0.0578659326 0.0768658519 -0.0115099996
v 0.0589999408 0.0779998526 0
v 0.074000001 0.018999869 -0.0590000004
v 0.0740000159 0.00372986868 -0.0569900014
v 0.0115100145 0.00748980697 -0.0578659996
v 0.0115100145 0.00748980697 -0.0578659996
v 0.0740000159 0.00372986868 -0.0569900014
v 0.0225780308 -0.00357818045 -0.054508999
v 0.0225780308 -0.00357818045 -0.054508999
v 0.0740000159 0.00372986868 -0.0569900014
v 0.0740000308 -0.0105001312 -0.0510959998
v 0.0225780308 -0.00357818045 -0.054508999
v 0.0740000308 -0.0105001312 -0.0510959998
v 0.0327790231 -0.0137791727 -0.0490569994
v 0.0327790231 -0.0137791727 -0.0490569994
v 0.0740000308 -0.0105001312 -0.0510959998
v 0.0740000457 -0.0227191318 -0.0417190008
v 0.0327790231 -0.0137791727 -0.0490569994
v 0.0740000457 -0.0227191318 -0.0417190008
v 0.0417190343 -0.0227191653 -0.0417190008
v 0.0417190343 -0.0227191653 -0.0417190008
v 0.0740000457 -0.0227191318 -0.0417190008
v 0.0490570366 -0.0300571565 -0.0327790007
v 0.0490570366 -0.0300571565 -0.0327790007
v 0.0740000457 -0.0227191318 -0.0417190008
v 0.0740000457 -0.0320961326 -0.0295000002
v 0.0490570366 -0.0300571565 -0.0327790007
v 0.0740000457 -0.0320961326 -0.0295000002
v 0.0545090586 -0.0355091467 -0.0225779992
v 0.0545090586 -0.0355091467 -0.0225779992
v 0.0740000457 -0.0320961326 -0.0295000002
v 0.0740000606 -0.0379901305 -0.0152700003
v 0.0545090586 -0.0355091467 -0.0225779992
v 0.0740000606 -0.0379901305 -0.0152700003
v 0.0578660518 -0.0388661474 -0.0115099996
v 0.0578660518 -0.0388661474 -0.0115099996
v 0.0740000606 -0.0379901305 -0.0152700003
v 0.0740000606 -0.0400001332 0
v 0.0578660518 -0.0388661474 -0.0115099996
v 0.0740000606 -0.0400001332 0
v 0.05900006 -0.0400001481 0
v 0.396489978 0.0305101909 -0.0578659996
v 0.407999992 0.0190002043 -0.0590000004
v 0.333999991 0.0190001298 -0.0590000004
v 0.333999991 0.0190001298 -0.0590000004
v 0.407999992 0.0190002043 -0.0590000004
v 0.396490008 0.00749019254 -0.0578659996
v 0.333999991 0.0190001298 -0.0590000004
v 0.396490008 0.00749019254 -0.0578659996
v 0.333999991 0.00373012945 -0.0569900014
v 0.333999991 0.00373012945 -0.0569900014
v 0.396490008 0.00749019254 -0.0578659996
v 0.385422021 -0.00357781909 -0.054508999
v 0.333999991 0.00373012945 -0.0569900014
v 0.385422021 -0.00357781909 -0.054508999
v 0.334000021 -0.0104998704 -0.0510959998
v 0.334000021 -0.0104998704 -0.0510959998
v 0.385422021 -0.00357781909 -0.054508999
v 0.375221014 -0.0137788299 -0.0490569994
v 0.334000021 -0.0104998704 -0.0510959998
v 0.375221014 -0.0137788299 -0.0490569994
v 0.334000051 -0.022718871 -0.0417190008
v 0.334000051 -0.022718871 -0.0417190008
v 0.375221014 -0.0137788299 -0.0490569994
v 0.366281033 -0.0227188375 -0.0417190008
v 0.334000051 -0.022718871 -0.0417190008
v 0.366281033 -0.0227188375 -0.0417190008
v 0.358943045 -0.0300568435 -0.0327790007
v 0.334000051 -0.022718871 -0.0417190008
v 0.358943045 -0.0300568435 -0.0327790007
v 0.334000051 -0.0320958719 -0.0295000002
v 0.334000051 -0.0320958719 -0.0295000002
v 0.358943045 -0.0300568435 -0.0327790007
v 0.353491068 -0.0355088487 -0.0225779992
v 0.334000051 -0.0320958719 -0.0295000002
v 0.353491068 -0.0355088487 -0.0225779992
v 0.334000051 -0.0379898697 -0.0152700003
v 0.334000051 -0.0379898697 -0.0152700003
v 0.353491068 -0.0355088487 -0.0225779992
v 0.350134075 -0.0388658568 -0.0115099996
v 0.334000051 -0.0379898697 -0.0152700003
v 0.350134075 -0.0388658568 -0.0115099996
v 0.334000051 -0.0399998724 0
v 0.334000051 -0.0399998724 0
v 0.350134075 -0.0388658568 -0.0115099996
v 0.349000037 -0.0399998575 0
v 0.333999991 0.0190001298 -0.0590000004
v 0.333999991 0.0342701301 -0.0569900014
v 0.396489978 0.0305101909 -0.0578659996
v 0.396489978 0.0305101909 -0.0578659996
v 0.333999991 0.0342701301 -0.0569900014
v 0.385421962 0.0415781811 -0.054508999
v 0.385421962 0.0415781811 -0.054508999
v 0.333999991 0.0342701301 -0.0569900014
v 0.333999962 0.0485001281 -0.0510959998
v 0.385421962 0.0415781811 -0.054508999
v 0.333999962 0.0485001281 -0.0510959998
v 0.375220954 0.0517791733 -0.0490569994
v 0.375220954 0.0517791733 -0.0490569994
v 0.333999962 0.0485001281 -0.0510959998
v 0.333999932 0.0607191324 -0.0417190008
v 0.375220954 0.0517791733 -0.0490569994
v 0.333999932 0.0607191324 -0.0417190008
v 0.366280973 0.0607191622 -0.0417190008
v 0.366280973 0.0607191622 -0.0417190008
v 0.333999932 0.0607191324 -0.0417190008
v 0.358942956 0.0680571571 -0.0327790007
v 0.358942956 0.0680571571 -0.0327790007
v 0.333999932 0.0607191324 -0.0417190008
v 0.333999932 0.0700961277 -0.0295000002
v 0.358942956 0.0680571571 -0.0327790007
v 0.333999932 0.0700961277 -0.0295000002
v 0.353490949 0.0735091493 -0.0225779992
v 0.353490949 0.0735091493 -0.0225779992
v 0.333999932 0.0700961277 -0.0295000002
v 0.333999932 0.075990133 -0.0152700003
v 0.353490949 0.0735091493 -0.0225779992
v 0.333999932 0.075990133 -0.0152700003
v 0.350133955 0.0768661425 -0.0115099996
v 0.350133955 0.0768661425 -0.0115099996
v 0.333999932 0.075990133 -0.0152700003
v 0.333999932 0.0780001283 0
v 0.350133955 0.0768661425 -0.0115099996
v 0.333999932 0.0780001283 0
v 0.348999918 0.0780001432 0
v 0.0884999484 0.0634998828 0
v 0.319499969 0.0635001138 0
v 0.0884999484 0.0613218844 -0.0137510002
v 0.0884999484 0.0613218844 -0.0137510002
v 0.319499969 0.0635001138 0
v 0.319499969 0.0613221154 -0.0137510002
v 0.0884999484 0.0613218844 -0.0137510002
v 0.319499969 0.0613221154 -0.0137510002
v 0.0884999558 0.0550008863 -0.0261560008
v 0.0884999558 0.0550008863 -0.0261560008
v 0.319499969 0.0613221154 -0.0137510002
v 0.319499969 0.0550011173 -0.0261560008
v 0.0884999558 0.0550008863 -0.0261560008
v 0.319499969 0.0550011173 -0.0261560008
v 0.0884999633 0.0451558828 -0.0360010006
v 0.0884999633 0.0451558828 -0.0360010006
v 0.319499969 0.0550011173 -0.0261560008
v 0.319499969 0.0451561138 -0.0360010006
v 0.0884999633 0.0451558828 -0.0360010006
v 0.319499969 0.0451561138 -0.0360010006
v 0.0884999782 0.0327508822 -0.0423219986
v 0.0884999782 0.0327508822 -0.0423219986
v 0.319499969 0.0451561138 -0.0360010006
v 0.319499969 0.0327511132 -0.0423219986
v 0.0884999782 0.0327508822 -0.0423219986
v 0.319499969 0.0327511132 -0.0423219986
v 0.0884999931 0.0189998839 -0.0445000008
v 0.0884999931 0.0189998839 -0.0445000008
v 0.319499969 0.0327511132 -0.0423219986
v 0.319499999 0.0190001149 -0.0445000008
v 0.0884999931 0.0189998839 -0.0445000008
v 0.319499999 0.0190001149 -0.0445000008
v 0.088500008 0.00524888374 -0.0423219986
v 0.088500008 0.00524888374 -0.0423219986
v 0.319499999 0.0190001149 -0.0445000008
v 0.319500029 0.00524911471 -0.0423219986
v 0.088500008 0.00524888374 -0.0423219986
v 0.319500029 0.00524911471 -0.0423219986
v 0.0885000229 -0.00715611689 -0.0360010006
v 0.0885000229 -0.00715611689 -0.0360010006
v 0.319500029 0.00524911471 -0.0423219986
v 0.319500029 -0.00715588592 -0.0360010006
v 0.0885000229 -0.00715611689 -0.0360010006
v 0.319500029 -0.00715588592 -0.0360010006
v 0.0885000303 -0.0170011166 -0.0261560008
v 0.0885000303 -0.0170011166 -0.0261560008
v 0.319500029 -0.00715588592 -0.0360010006
v 0.319500029 -0.0170008857 -0.0261560008
v 0.0885000303 -0.0170011166 -0.0261560008
v 0.319500029 -0.0170008857 -0.0261560008
v 0.0885000378 -0.0233221147 -0.0137510002
v 0.0885000378 -0.0233221147 -0.0137510002
v 0.319500029 -0.0170008857 -0.0261560008
v 0.319500029 -0.0233218838 -0.0137510002
v 0.0885000378 -0.0233221147 -0.0137510002
v 0.319500029 -0.0233218838 -0.0137510002
v 0.0885000378 -0.0255001169 0
v 0.0885000378 -0.0255001169 0
v 0.319500029 -0.0233218838 -0.0137510002
v 0.319500029 -0.0254998859 0
v 0 0.0189997945 -0.0590000004
v -5.96046448e-08 0.0749177933 -0.0590000004
v 0.0115099847 0.0305098072 -0.0578659996
v 0.0115099847 0.0305098072 -0.0578659996
v -5.96046448e-08 0.0749177933 -0.0590000004
v 0.0152699351 0.0790098086 -0.0569900014
v 0.0115099847 0.0305098072 -0.0578659996
v 0.0152699351 0.0790098086 -0.0569900014
v 0.0225779712 0.041577816 -0.054508999
v 0.0225779712 0.041577816 -0.054508999
v 0.0152699351 0.0790098086 -0.0569900014
v 0.0294999331 0.0828228295 -0.0510959998
v 0.0225779712 0.041577816 -0.054508999
v 0.0294999331 0.0828228295 -0.0510959998
v 0.0327789634 0.0517788306 -0.0490569994
v 0.0327789634 0.0517788306 -0.0490569994
v 0.0294999331 0.0828228295 -0.0510959998
v 0.0417189151 0.0860968381 -0.0417190008
v 0.0327789634 0.0517788306 -0.0490569994
v 0.0417189151 0.0860968381 -0.0417190008
v 0.0417189449 0.0607188344 -0.0417190008
v 0.0417189449 0.0607188344 -0.0417190008
v 0.0417189151 0.0860968381 -0.0417190008
v 0.0490569472 0.0680568442 -0.0327790007
v 0.0490569472 0.0680568442 -0.0327790007
v 0.0417189151 0.0860968381 -0.0417190008
v 0.0510959178 0.0886088461 -0.0295000002
v 0.0490569472 0.0680568442 -0.0327790007
v 0.0510959178 0.0886088461 -0.0295000002
v 0.0545089394 0.0735088512 -0.0225779992
v 0.0545089394 0.0735088512 -0.0225779992
v 0.0510959178 0.0886088461 -0.0295000002
v 0.0569899231 0.0901878551 -0.0152700003
v 0.0545089394 0.0735088512 -0.0225779992
v 0.0569899231 0.0901878551 -0.0152700003
v 0.0578659326 0.0768658519 -0.0115099996
v 0.0578659326 0.0768658519 -0.0115099996
v 0.0569899231 0.0901878551 -0.0152700003
v 0.0589999259 0.0907268599 0
v 0.0578659326 0.0768658519 -0.0115099996
v 0.0589999259 0.0907268599 0
v 0.0589999408 0.0779998526 0
v 0.0589999408 0.0779998526 0
v 0.0589999259 0.0907268599 0
v 0.0578659326 0.0768658519 0.0115099996
v 0.0578659326 0.0768658519 0.0115099996
v 0.0589999259 0.0907268599 0
v 0.0569899231 0.0901878551 0.0152700003
v 0.0578659326 0.0768658519 0.0115099996
v 0.0569899231 0.0901878551 0.0152700003
v 0.0545089394 0.0735088512 0.0225779992
v 0.0545089394 0.0735088512 0.0225779992
v 0.0569899231 0.0901878551 0.0152700003
v 0.0510959178 0.0886088461 0.0295000002
v 0.0545089394 0.0735088512 0.0225779992
v 0.0510959178 0.0886088461 0.0295000002
v 0.0490569472 0.0680568442 0.0327790007
v 0.0490569472 0.0680568442 0.0327790007
v 0.0510959178 0.0886088461 0.0295000002
v 0.0417189151 0.0860968381 0.0417190008
v 0.0490569472 0.0680568442 0.0327790007
v 0.0417189151 0.0860968381 0.0417190008
v 0.0417189449 0.0607188344 0.0417190008
v 0.0417189449 0.0607188344 0.0417190008
v 0.0417189151 0.0860968381 0.0417190008
v 0.0327789634 0.0517788306 0.0490569994
v 0.0327789634 0.0517788306 0.0490569994
v 0.0417189151 0.0860968381 0.0417190008
v 0.0294999331 0.0828228295 0.0510959998
v 0.0327789634 0.0517788306 0.0490569994
v 0.0294999331 0.0828228295 0.0510959998
v 0.0225779712 0.041577816 0.054508999
v 0.0225779712 0.041577816 0.054508999
v 0.0294999331 0.0828228295 0.0510959998
v 0.0152699351 0.0790098086 0.0569900014
v 0.0225779712 0.041577816 0.054508999
v 0.0152699351 0.0790098086 0.0569900014
v 0.0115099847 0.0305098072 0.0578659996
v 0.0115099847 0.0305098072 0.0578659996
v 0.0152699351 0.0790098086 0.0569900014
v -5.96046448e-08 0.0749177933 0.0590000004
v 0.0115099847 0.0305098072 0.0578659996
v -5.96046448e-08 0.0749177933 0.0590000004
v 0 0.0189997945 0.0590000004
v 0 0.0189997945 -0.0590000004
v 0.0115100145 0.00748980697 -0.0578659996
v 5.96046448e-08 -0.0443001986 -0.0590000004
v 5.96046448e-08 -0.0443001986 -0.0590000004
v 0.0115100145 0.00748980697 -0.0578659996
v 0.0152700543 -0.0443001837 -0.0569900014
v 0.0152700543 -0.0443001837 -0.0569900014
v 0.0115100145 0.00748980697 -0.0578659996
v 0.0225780308 -0.00357818045 -0.054508999
v 0.0152700543 -0.0443001837 -0.0569900014
v 0.0225780308 -0.00357818045 -0.054508999
v 0.0295000523 -0.0443001688 -0.0510959998
v 0.0295000523 -0.0443001688 -0.0510959998
v 0.0225780308 -0.00357818045 -0.054508999
v 0.0327790231 -0.0137791727 -0.0490569994
v 0.0295000523 -0.0443001688 -0.0510959998
v 0.0327790231 -0.0137791727 -0.0490569994
v 0.0417190492 -0.0443001613 -0.0417190008
v 0.0417190492 -0.0443001613 -0.0417190008
v 0.0327790231 -0.0137791727 -0.0490569994
v 0.0417190343 -0.0227191653 -0.0417190008
v 0.0417190492 -0.0443001613 -0.0417190008
v 0.0417190343 -0.0227191653 -0.0417190008
v 0.0490570366 -0.0300571565 -0.0327790007
v 0.0417190492 -0.0443001613 -0.0417190008
v 0.0490570366 -0.0300571565 -0.0327790007
v 0.0510960519 -0.0443001539 -0.0295000002
v 0.0510960519 -0.0443001539 -0.0295000002
v 0.0490570366 -0.0300571565 -0.0327790007
v 0.0545090586 -0.0355091467 -0.0225779992
v 0.0510960519 -0.0443001539 -0.0295000002
v 0.0545090586 -0.0355091467 -0.0225779992
v 0.0569900572 -0.0443001464 -0.0152700003
v 0.0569900572 -0.0443001464 -0.0152700003
v 0.0545090586 -0.0355091467 -0.0225779992
v 0.0578660518 -0.0388661474 -0.0115099996
v 0.0569900572 -0.0443001464 -0.0152700003
v 0.0578660518 -0.0388661474 -0.0115099996
v 0.05900006 -0.044300139 0
v 0.05900006 -0.044300139 0
v 0.0578660518 -0.0388661474 -0.0115099996
v 0.05900006 -0.0400001481 0
v 0.05900006 -0.044300139 0
v 0.05900006 -0.0400001481 0
v 0.0578660518 -0.0388661474 0.0115099996
v 0.05900006 -0.044300139 0
v 0.0578660518 -0.0388661474 0.0115099996
v 0.0569900572 -0.0443001464 0.0152700003
v 0.0569900572 -0.0443001464 0.0152700003
v 0.0578660518 -0.0388661474 0.0115099996
v 0.0545090586 -0.0355091467 0.0225779992
v 0.0569900572 -0.0443001464 0.0152700003
v 0.0545090586 -0.0355091467 0.0225779992
v 0.0510960519 -0.0443001539 0.0295000002
v 0.0510960519 -0.0443001539 0.0295000002
v 0.0545090586 -0.0355091467 0.0225779992
v 0.0490570366 -0.0300571565 0.0327790007
v 0.0510960519 -0.0443001539 0.0295000002
v 0.0490570366 -0.0300571565 0.0327790007
v 0.0417190492 -0.0443001613 0.0417190008
v 0.0417190492 -0.0443001613 0.0417190008
v 0.0490570366 -0.0300571565 0.0327790007
v 0.0417190343 -0.0227191653 0.0417190008
v 0.0417190492 -0.0443001613 0.0417190008
v 0.0417190343 -0.0227191653 0.0417190008
v 0.0327790231 -0.0137791727 0.0490569994
v 0.0417190492 -0.0443001613 0.0417190008
v 0.0327790231 -0.0137791727 0.0490569994
v 0.0295000523 -0.0443001688 0.0510959998
v 0.0295000523 -0.0443001688 0.0510959998
v 0.0327790231 -0.0137791727 0.0490569994
v 0.0225780308 -0.00357818045 0.054508999
v 0.0295000523 -0.0443001688 0.0510959998
v 0.0225780308 -0.00357818045 0.054508999
v 0.0152700543 -0.0443001837 0.0569900014
v 0.0152700543 -0.0443001837 0.0569900014
v 0.0225780308 -0.00357818045 0.054508999
v 0.0115100145 0.00748980697 0.0578659996
v 0.0152700543 -0.0443001837 0.0569900014
v 0.0115100145 0.00748980697 0.0578659996
v 5.96046448e-08 -0.0443001986 0.0590000004
v 5.96046448e-08 -0.0443001986 0.0590000004
v 0.0115100145 0.00748980697 0.0578659996
v 0 0.0189997945 0.0590000004
v 0.407999933 0.0645652041 -0.0590000004
v 0.423269957 0.0604742169 -0.0569900014
v 0.407999992 0.0190002043 -0.0590000004
v 0.407999992 0.0190002043 -0.0590000004
v 0.423269957 0.0604742169 -0.0569900014
v 0.423270047 -0.0442997813 -0.0569900014
v 0.407999992 0.0190002043 -0.0590000004
v 0.423270047 -0.0442997813 -0.0569900014
v 0.408000052 -0.0442997962 -0.0590000004
v 0.423269957 0.0604742169 -0.0569900014
v 0.43749994 0.0566612333 -0.0510959998
v 0.423270047 -0.0442997813 -0.0569900014
v 0.423270047 -0.0442997813 -0.0569900014
v 0.43749994 0.0566612333 -0.0510959998
v 0.43750006 -0.0442997664 -0.0510959998
v 0.43750006 -0.0442997664 -0.0510959998
v 0.43749994 0.0566612333 -0.0510959998
v 0.449718952 0.053387247 -0.0417190008
v 0.43750006 -0.0442997664 -0.0510959998
v 0.449718952 0.053387247 -0.0417190008
v 0.449719071 -0.0442997515 -0.0417190008
v 0.449719071 -0.0442997515 -0.0417190008
v 0.449718952 0.053387247 -0.0417190008
v 0.459095955 0.0508742556 -0.0295000002
v 0.449719071 -0.0442997515 -0.0417190008
v 0.459095955 0.0508742556 -0.0295000002
v 0.459096044 -0.0442997441 -0.0295000002
v 0.459096044 -0.0442997441 -0.0295000002
v 0.459095955 0.0508742556 -0.0295000002
v 0.46498996 0.0492952615 -0.0152700003
v 0.459096044 -0.0442997441 -0.0295000002
v 0.46498996 0.0492952615 -0.0152700003
v 0.46499005 -0.0442997366 -0.0152700003
v 0.46499005 -0.0442997366 -0.0152700003
v 0.46498996 0.0492952615 -0.0152700003
v 0.466999978 0.0487562642 0
v 0.46499005 -0.0442997366 -0.0152700003
v 0.466999978 0.0487562642 0
v 0.467000067 -0.0442997366 0
v 0.467000067 -0.0442997366 0
v 0.466999978 0.0487562642 0
v 0.46499005 -0.0442997366 0.0152700003
v 0.46499005 -0.0442997366 0.0152700003
v 0.466999978 0.0487562642 0
v 0.46498996 0.0492952615 0.0152700003
v 0.46499005 -0.0442997366 0.0152700003
v 0.46498996 0.0492952615 0.0152700003
v 0.459096044 -0.0442997441 0.0295000002
v 0.459096044 -0.0442997441 0.0295000002
v 0.46498996 0.0492952615 0.0152700003
v 0.459095955 0.0508742556 0.0295000002
v 0.459096044 -0.0442997441 0.0295000002
v 0.459095955 0.0508742556 0.0295000002
v 0.449719071 -0.0442997515 0.0417190008
v 0.449719071 -0.0442997515 0.0417190008
v 0.459095955 0.0508742556 0.0295000002
v 0.449718952 0.053387247 0.0417190008
v 0.449719071 -0.0442997515 0.0417190008
v 0.449718952 0.053387247 0.0417190008
v 0.43750006 -0.0442997664 0.0510959998
v 0.43750006 -0.0442997664 0.0510959998
v 0.449718952 0.053387247 0.0417190008
v 0.43749994 0.0566612333 0.0510959998
v 0.43750006 -0.0442997664 0.0510959998
v 0.43749994 0.0566612333 0.0510959998
v 0.423270047 -0.0442997813 0.0569900014
v 0.423270047 -0.0442997813 0.0569900014
v 0.43749994 0.0566612333 0.0510959998
v 0.423269957 0.0604742169 0.0569900014
v 0.423270047 -0.0442997813 0.0569900014
v 0.423269957 0.0604742169 0.0569900014
v 0.407999992 0.0190002043 0.0590000004
v 0.407999992 0.0190002043 0.0590000004
v 0.423269957 0.0604742169 0.0569900014
v 0.407999933 0.0645652041 0.0590000004
v 0.407999992 0.0190002043 0.0590000004
v 0.408000052 -0.0442997962 0.0590000004
v 0.423270047 -0.0442997813 0.0569900014
v 0.407999992 0.0190002043 0.0590000004
v 0.407999933 0.0645652041 0.0590000004
v 0.396489978 0.0305101909 0.0578659996
v 0.396489978 0.0305101909 0.0578659996
v 0.407999933 0.0645652041 0.0590000004
v 0.392729938 0.0686571896 0.0569900014
v 0.396489978 0.0305101909 0.0578659996
v 0.392729938 0.0686571896 0.0569900014
v 0.385421962 0.0415781811 0.054508999
v 0.385421962 0.0415781811 0.054508999
v 0.392729938 0.0686571896 0.0569900014
v 0.378499925 0.0724701732 0.0510959998
v 0.385421962 0.0415781811 0.054508999
v 0.378499925 0.0724701732 0.0510959998
v 0.375220954 0.0517791733 0.0490569994
v 0.375220954 0.0517791733 0.0490569994
v 0.378499925 0.0724701732 0.0510959998
v 0.366280943 0.075744167 0.0417190008
v 0.375220954 0.0517791733 0.0490569994
v 0.366280943 0.075744167 0.0417190008
v 0.366280973 0.0607191622 0.0417190008
v 0.366280973 0.0607191622 0.0417190008
v 0.366280943 0.075744167 0.0417190008
v 0.358942956 0.0680571571 0.0327790007
v 0.358942956 0.0680571571 0.0327790007
v 0.366280943 0.075744167 0.0417190008
v 0.35690394 0.0782561526 0.0295000002
v 0.358942956 0.0680571571 0.0327790007
v 0.35690394 0.0782561526 0.0295000002
v 0.353490949 0.0735091493 0.0225779992
v 0.353490949 0.0735091493 0.0225779992
v 0.35690394 0.0782561526 0.0295000002
v 0.351009935 0.079836145 0.0152700003
v 0.353490949 0.0735091493 0.0225779992
v 0.351009935 0.079836145 0.0152700003
v 0.350133955 0.0768661425 0.0115099996
v 0.350133955 0.0768661425 0.0115099996
v 0.351009935 0.079836145 0.0152700003
v 0.348999918 0.080374144 0
v 0.350133955 0.0768661425 0.0115099996
v 0.348999918 0.080374144 0
v 0.348999918 0.0780001432 0
v 0.348999918 0.0780001432 0
v 0.348999918 0.080374144 0
v 0.350133955 0.0768661425 -0.0115099996
v 0.350133955 0.0768661425 -0.0115099996
v 0.348999918 0.080374144 0
v 0.351009935 0.079836145 -0.0152700003
v 0.350133955 0.0768661425 -0.0115099996
v 0.351009935 0.079836145 -0.0152700003
v 0.353490949 0.0735091493 -0.0225779992
v 0.353490949 0.0735091493 -0.0225779992
v 0.351009935 0.079836145 -0.0152700003
v 0.35690394 0.0782561526 -0.0295000002
v 0.353490949 0.0735091493 -0.0225779992
v 0.35690394 0.0782561526 -0.0295000002
v 0.358942956 0.0680571571 -0.0327790007
v 0.358942956 0.0680571571 -0.0327790007
v 0.35690394 0.0782561526 -0.0295000002
v 0.366280943 0.075744167 -0.0417190008
v 0.358942956 0.0680571571 -0.0327790007
v 0.366280943 0.075744167 -0.0417190008
v 0.366280973 0.0607191622 -0.0417190008
v 0.366280973 0.0607191622 -0.0417190008
v 0.366280943 0.075744167 -0.0417190008
v 0.375220954 0.0517791733 -0.0490569994
v 0.375220954 0.0517791733 -0.0490569994
v 0.366280943 0.075744167 -0.0417190008
v 0.378499925 0.0724701732 -0.0510959998
v 0.375220954 0.0517791733 -0.0490569994
v 0.378499925 0.0724701732 -0.0510959998
v 0.385421962 0.0415781811 -0.054508999
v 0.385421962 0.0415781811 -0.054508999
v 0.378499925 0.0724701732 -0.0510959998
v 0.392729938 0.0686571896 -0.0569900014
v 0.385421962 0.0415781811 -0.054508999
v 0.392729938 0.0686571896 -0.0569900014
v 0.396489978 0.0305101909 -0.0578659996
v 0.396489978 0.0305101909 -0.0578659996
v 0.392729938 0.0686571896 -0.0569900014
v 0.407999933 0.0645652041 -0.0590000004
v 0.396489978 0.0305101909 -0.0578659996
v 0.407999933 0.0645652041 -0.0590000004
v 0.407999992 0.0190002043 -0.0590000004
v 0.407999992 0.0190002043 0.0590000004
v 0.396490008 0.00749019254 0.0578659996
v 0.408000052 -0.0442997962 0.0590000004
v 0.408000052 -0.0442997962 0.0590000004
v 0.396490008 0.00749019254 0.0578659996
v 0.392730057 -0.0442998111 0.0569900014
v 0.392730057 -0.0442998111 0.0569900014
v 0.396490008 0.00749019254 0.0578659996
v 0.385422021 -0.00357781909 0.054508999
v 0.392730057 -0.0442998111 0.0569900014
v 0.385422021 -0.00357781909 0.054508999
v 0.378500044 -0.044299826 0.0510959998
v 0.378500044 -0.044299826 0.0510959998
v 0.385422021 -0.00357781909 0.054508999
v 0.375221014 -0.0137788299 0.0490569994
v 0.378500044 -0.044299826 0.0510959998
v 0.375221014 -0.0137788299 0.0490569994
v 0.366281062 -0.0442998335 0.0417190008
v 0.366281062 -0.0442998335 0.0417190008
v 0.375221014 -0.0137788299 0.0490569994
v 0.366281033 -0.0227188375 0.0417190008
v 0.366281062 -0.0442998335 0.0417190008
v 0.366281033 -0.0227188375 0.0417190008
v 0.358943045 -0.0300568435 0.0327790007
v 0.366281062 -0.0442998335 0.0417190008
v 0.358943045 -0.0300568435 0.0327790007
v 0.35690406 -0.0442998409 0.0295000002
v 0.35690406 -0.0442998409 0.0295000002
v 0.358943045 -0.0300568435 0.0327790007
v 0.353491068 -0.0355088487 0.0225779992
v 0.35690406 -0.0442998409 0.0295000002
v 0.353491068 -0.0355088487 0.0225779992
v 0.351010054 -0.0442998484 0.0152700003
v 0.351010054 -0.0442998484 0.0152700003
v 0.353491068 -0.0355088487 0.0225779992
v 0.350134075 -0.0388658568 0.0115099996
v 0.351010054 -0.0442998484 0.0152700003
v 0.350134075 -0.0388658568 0.0115099996
v 0.349000037 -0.0442998558 0
v 0.349000037 -0.0442998558 0
v 0.350134075 -0.0388658568 0.0115099996
v 0.349000037 -0.0399998575 0
v 0.349000037 -0.0442998558 0
v 0.349000037 -0.0399998575 0
v 0.350134075 -0.0388658568 -0.0115099996
v 0.349000037 -0.0442998558 0
v 0.350134075 -0.0388658568 -0.0115099996
v 0.351010054 -0.0442998484 -0.0152700003
v 0.351010054 -0.0442998484 -0.0152700003
v 0.350134075 -0.0388658568 -0.0115099996
v 0.353491068 -0.0355088487 -0.0225779992
v 0.351010054 -0.0442998484 -0.0152700003
v 0.353491068 -0.0355088487 -0.0225779992
v 0.35690406 -0.0442998409 -0.0295000002
v 0.35690406 -0.0442998409 -0.0295000002
v 0.353491068 -0.0355088487 -0.0225779992
v 0.358943045 -0.0300568435 -0.0327790007
v 0.35690406 -0.0442998409 -0.0295000002
v 0.358943045 -0.0300568435 -0.0327790007
v 0.366281062 -0.0442998335 -0.0417190008
v 0.366281062 -0.0442998335 -0.0417190008
v 0.358943045 -0.0300568435 -0.0327790007
v 0.366281033 -0.0227188375 -0.0417190008
v 0.366281062 -0.0442998335 -0.0417190008
v 0.366281033 -0.0227188375 -0.0417190008
v 0.375221014 -0.0137788299 -0.0490569994
v 0.366281062 -0.0442998335 -0.0417190008
v 0.375221014 -0.0137788299 -0.0490569994
v 0.378500044 -0.044299826 -0.0510959998
v 0.378500044 -0.044299826 -0.0510959998
v 0.375221014 -0.0137788299 -0.0490569994
v 0.385422021 -0.00357781909 -0.054508999
v 0.378500044 -0.044299826 -0.0510959998
v 0.385422021 -0.00357781909 -0.054508999
v 0.392730057 -0.0442998111 -0.0569900014
v 0.392730057 -0.0442998111 -0.0569900014
v 0.385422021 -0.00357781909 -0.054508999
v 0.396490008 0.00749019254 -0.0578659996
v 0.392730057 -0.0442998111 -0.0569900014
v 0.396490008 0.00749019254 -0.0578659996
v 0.408000052 -0.0442997962 -0.0590000004
v 0.408000052 -0.0442997962 -0.0590000004
v 0.396490008 0.00749019254 -0.0578659996
v 0.407999992 0.0190002043 -0.0590000004
v -5.96046448e-08 0.0749177933 0.0590000004
v -0.0152700543 0.0708257779 0.0569900014
v 0 0.0189997945 0.0590000004
v 0 0.0189997945 0.0590000004
v -0.0152700543 0.0708257779 0.0569900014
v -0.01526995 -0.0443002135 0.0569900014
v 0 0.0189997945 0.0590000004
v -0.01526995 -0.0443002135 0.0569900014
v 5.96046448e-08 -0.0443001986 0.0590000004
v -0.0152700543 0.0708257779 0.0569900014
v -0.0295000523 0.0670137629 0.0510959998
v -0.01526995 -0.0443002135 0.0569900014
v -0.01526995 -0.0443002135 0.0569900014
v -0.0295000523 0.0670137629 0.0510959998
v -0.029499948 -0.0443002284 0.0510959998
v -0.029499948 -0.0443002284 0.0510959998
v -0.0295000523 0.0670137629 0.0510959998
v -0.0417190492 0.0637387559 0.0417190008
v -0.029499948 -0.0443002284 0.0510959998
v -0.0417190492 0.0637387559 0.0417190008
v -0.0417189449 -0.0443002433 0.0417190008
v -0.0417189449 -0.0443002433 0.0417190008
v -0.0417190492 0.0637387559 0.0417190008
v -0.0510960221 0.0612267479 0.0295000002
v -0.0417189449 -0.0443002433 0.0417190008
v -0.0510960221 0.0612267479 0.0295000002
v -0.0510959327 -0.0443002507 0.0295000002
v -0.0510959327 -0.0443002507 0.0295000002
v -0.0510960221 0.0612267479 0.0295000002
v -0.0569900274 0.0596477389 0.0152700003
v -0.0510959327 -0.0443002507 0.0295000002
v -0.0569900274 0.0596477389 0.0152700003
v -0.056989938 -0.0443002582 0.0152700003
v -0.056989938 -0.0443002582 0.0152700003
v -0.0569900274 0.0596477389 0.0152700003
v -0.0590000451 0.0591087341 0
v -0.056989938 -0.0443002582 0.0152700003
v -0.0590000451 0.0591087341 0
v -0.0589999557 -0.0443002582 0
v -0.0589999557 -0.0443002582 0
v -0.0590000451 0.0591087341 0
v -0.056989938 -0.0443002582 -0.0152700003
v -0.056989938 -0.0443002582 -0.0152700003
v -0.0590000451 0.0591087341 0
v -0.0569900274 0.0596477389 -0.0152700003
v -0.056989938 -0.0443002582 -0.0152700003
v -0.0569900274 0.0596477389 -0.0152700003
v -0.0510959327 -0.0443002507 -0.0295000002
v -0.0510959327 -0.0443002507 -0.0295000002
v -0.0569900274 0.0596477389 -0.0152700003
v -0.0510960221 0.0612267479 -0.0295000002
v -0.0510959327 -0.0443002507 -0.0295000002
v -0.0510960221 0.0612267479 -0.0295000002
v -0.0417189449 -0.0443002433 -0.0417190008
v -0.0417189449 -0.0443002433 -0.0417190008
v -0.0510960221 0.0612267479 -0.0295000002
v -0.0417190492 0.0637387559 -0.0417190008
v -0.0417189449 -0.0443002433 -0.0417190008
v -0.0417190492 0.0637387559 -0.0417190008
v -0.029499948 -0.0443002284 -0.0510959998
v -0.029499948 -0.0443002284 -0.0510959998
v -0.0417190492 0.0637387559 -0.0417190008
v -0.0295000523 0.0670137629 -0.0510959998
v -0.029499948 -0.0443002284 -0.0510959998
v -0.0295000523 0.0670137629 -0.0510959998
v -0.01526995 -0.0443002135 -0.0569900014
v -0.01526995 -0.0443002135 -0.0569900014
v -0.0295000523 0.0670137629 -0.0510959998
v -0.0152700543 0.0708257779 -0.0569900014
v -0.01526995 -0.0443002135 -0.0569900014
v -0.0152700543 0.0708257779 -0.0569900014
v 0 0.0189997945 -0.0590000004
v 0 0.0189997945 -0.0590000004
v -0.0152700543 0.0708257779 -0.0569900014
v -5.96046448e-08 0.0749177933 -0.0590000004
v 0 0.0189997945 -0.0590000004
v 5.96046448e-08 -0.0443001986 -0.0590000004
v -0.01526995 -0.0443002135 -0.0569900014
v 0.0885000378 -0.0255001169 0
v 0.319500029 -0.0254998859 0
v 0.0885000378 -0.0233221147 0.0137510002
v 0.0885000378 -0.0233221147 0.0137510002
v 0.319500029 -0.0254998859 0
v 0.319500029 -0.0233218838 0.0137510002
v 0.0885000378 -0.0233221147 0.0137510002
v 0.319500029 -0.0233218838 0.0137510002
v 0.0885000303 -0.0170011166 0.0261560008
v 0.0885000303 -0.0170011166 0.0261560008
v 0.319500029 -0.0233218838 0.0137510002
v 0.319500029 -0.0170008857 0.0261560008
v 0.0885000303 -0.0170011166 0.0261560008
v 0.319500029 -0.0170008857 0.0261560008
v 0.0885000229 -0.00715611689 0.0360010006
v 0.0885000229 -0.00715611689 0.0360010006
v 0.319500029 -0.0170008857 0.0261560008
v 0.319500029 -0.00715588592 0.0360010006
v 0.0885000229 -0.00715611689 0.0360010006
v 0.319500029 -0.00715588592 0.0360010006
v 0.088500008 0.00524888374 0.0423219986
v 0.088500008 0.00524888374 0.0423219986
v 0.319500029 -0.00715588592 0.0360010006
v 0.319500029 0.00524911471 0.0423219986
v 0.088500008 0.00524888374 0.0423219986
v 0.319500029 0.00524911471 0.0423219986
v 0.0884999931 0.0189998839 0.0445000008
v 0.0884999931 0.0189998839 0.0445000008
v 0.319500029 0.00524911471 0.0423219986
v 0.319499999 0.0190001149 0.0445000008
v 0.0884999931 0.0189998839 0.0445000008
v 0.319499999 0.0190001149 0.0445000008
v 0.0884999782 0.0327508822 0.0423219986
v 0.0884999782 0.0327508822 0.0423219986
v 0.319499999 0.0190001149 0.0445000008
v 0.319499969 0.0327511132 0.0423219986
v 0.0884999782 0.0327508822 0.0423219986
v 0.319499969 0.0327511132 0.0423219986
v 0.0884999633 0.0451558828 0.0360010006
v 0.0884999633 0.0451558828 0.0360010006
v 0.319499969 0.0327511132 0.0423219986
v 0.319499969 0.0451561138 0.0360010006
v 0.0884999633 0.0451558828 0.0360010006
v 0.319499969 0.0451561138 0.0360010006
v 0.0884999558 0.0550008863 0.0261560008
v 0.0884999558 0.0550008863 0.0261560008
v 0.319499969 0.0451561138 0.0360010006
v 0.319499969 0.0550011173 0.0261560008
v 0.0884999558 0.0550008863 0.0261560008
v 0.319499969 0.0550011173 0.0261560008
v 0.0884999484 0.0613218844 0.0137510002
v 0.0884999484 0.0613218844 0.0137510002
v 0.319499969 0.0550011173 0.0261560008
v 0.319499969 0.0613221154 0.0137510002
v 0.0884999484 0.0613218844 0.0137510002
v 0.319499969 0.0613221154 0.0137510002
v 0.0884999484 0.0634998828 0
v 0.0884999484 0.0634998828 0
v 0.319499969 0.0613221154 0.0137510002
v 0.319499969 0.0635001138 0
v 0.349000037 -0.0399998575 0
v 0.350134075 -0.0388658568 0.0115099996
v 0.334000051 -0.0399998724 0
v 0.334000051 -0.0399998724 0
v 0.350134075 -0.0388658568 0.0115099996
v 0.334000051 -0.0379898697 0.0152700003
v 0.334000051 -0.0379898697 0.0152700003
v 0.350134075 -0.0388658568 0.0115099996
v 0.353491068 -0.0355088487 0.0225779992
v 0.334000051 -0.0379898697 0.0152700003
v 0.353491068 -0.0355088487 0.0225779992
v 0.334000051 -0.0320958719 0.0295000002
v 0.334000051 -0.0320958719 0.0295000002
v 0.353491068 -0.0355088487 0.0225779992
v 0.358943045 -0.0300568435 0.0327790007
v 0.334000051 -0.0320958719 0.0295000002
v 0.358943045 -0.0300568435 0.0327790007
v 0.334000051 -0.022718871 0.0417190008
v 0.334000051 -0.022718871 0.0417190008
v 0.358943045 -0.0300568435 0.0327790007
v 0.366281033 -0.0227188375 0.0417190008
v 0.334000051 -0.022718871 0.0417190008
v 0.366281033 -0.0227188375 0.0417190008
v 0.375221014 -0.0137788299 0.0490569994
v 0.334000051 -0.022718871 0.0417190008
v 0.375221014 -0.0137788299 0.0490569994
v 0.334000021 -0.0104998704 0.0510959998
v 0.334000021 -0.0104998704 0.0510959998
v 0.375221014 -0.0137788299 0.0490569994
v 0.385422021 -0.00357781909 0.054508999
v 0.334000021 -0.0104998704 0.0510959998
v 0.385422021 -0.00357781909 0.054508999
v 0.333999991 0.00373012945 0.0569900014
v 0.333999991 0.00373012945 0.0569900014
v 0.385422021 -0.00357781909 0.054508999
v 0.396490008 0.00749019254 0.0578659996
v 0.333999991 0.00373012945 0.0569900014
v 0.396490008 0.00749019254 0.0578659996
v 0.333999991 0.0190001298 0.0590000004
v 0.333999991 0.0190001298 0.0590000004
v 0.396490008 0.00749019254 0.0578659996
v 0.407999992 0.0190002043 0.0590000004
v 0.333999991 0.0190001298 0.0590000004
v 0.407999992 0.0190002043 0.0590000004
v 0.396489978 0.0305101909 0.0578659996
v 0.333999991 0.0190001298 0.0590000004
v 0.396489978 0.0305101909 0.0578659996
v 0.333999991 0.0342701301 0.0569900014
v 0.333999991 0.0342701301 0.0569900014
v 0.396489978 0.0305101909 0.0578659996
v 0.385421962 0.0415781811 0.054508999
v 0.333999991 0.0342701301 0.0569900014
v 0.385421962 0.0415781811 0.054508999
v 0.333999962 0.0485001281 0.0510959998
v 0.333999962 0.0485001281 0.0510959998
v 0.385421962 0.0415781811 0.054508999
v 0.375220954 0.0517791733 0.0490569994
v 0.333999962 0.0485001281 0.0510959998
v 0.375220954 0.0517791733 0.0490569994
v 0.333999932 0.0607191324 0.0417190008
v 0.333999932 0.0607191324 0.0417190008
v 0.375220954 0.0517791733 0.0490569994
v 0.366280973 0.0607191622 0.0417190008
v 0.333999932 0.0607191324 0.0417190008
v 0.366280973 0.0607191622 0.0417190008
v 0.358942956 0.0680571571 0.0327790007
v 0.333999932 0.0607191324 0.0417190008
v 0.358942956 0.0680571571 0.0327790007
v 0.333999932 0.0700961277 0.0295000002
v 0.333999932 0.0700961277 0.0295000002
v 0.358942956 0.0680571571 0.0327790007
v 0.353490949 0.0735091493 0.0225779992
v 0.333999932 0.0700961277 0.0295000002
v 0.353490949 0.0735091493 0.0225779992
v 0.333999932 0.075990133 0.0152700003
v 0.333999932 0.075990133 0.0152700003
v 0.353490949 0.0735091493 0.0225779992
v 0.350133955 0.0768661425 0.0115099996
v 0.333999932 0.075990133 0.0152700003
v 0.350133955 0.0768661425 0.0115099996
v 0.333999932 0.0780001283 0
v 0.333999932 0.0780001283 0
v 0.350133955 0.0768661425 0.0115099996
v 0.348999918 0.0780001432 0
v 0.0589999408 0.0779998526 0
v 0.0578659326 0.0768658519 0.0115099996
v 0.0739999413 0.0779998675 0
v 0.0739999413 0.0779998675 0
v 0.0578659326 0.0768658519 0.0115099996
v 0.0739999413 0.0759898722 0.0152700003
v 0.0739999413 0.0759898722 0.0152700003
v 0.0578659326 0.0768658519 0.0115099996
v 0.0545089394 0.0735088512 0.0225779992
v 0.0739999413 0.0759898722 0.0152700003
v 0.0545089394 0.0735088512 0.0225779992
v 0.0739999563 0.0700958669 0.0295000002
v 0.0739999563 0.0700958669 0.0295000002
v 0.0545089394 0.0735088512 0.0225779992
v 0.0490569472 0.0680568442 0.0327790007
v 0.0739999563 0.0700958669 0.0295000002
v 0.0490569472 0.0680568442 0.0327790007
v 0.0739999563 0.0607188717 0.0417190008
v 0.0739999563 0.0607188717 0.0417190008
v 0.0490569472 0.0680568442 0.0327790007
v 0.0417189449 0.0607188344 0.0417190008
v 0.0739999563 0.0607188717 0.0417190008
v 0.0417189449 0.0607188344 0.0417190008
v 0.0327789634 0.0517788306 0.0490569994
v 0.0739999563 0.0607188717 0.0417190008
v 0.0327789634 0.0517788306 0.0490569994
v 0.0739999712 0.0484998673 0.0510959998
v 0.0739999712 0.0484998673 0.0510959998
v 0.0327789634 0.0517788306 0.0490569994
v 0.0225779712 0.041577816 0.054508999
v 0.0739999712 0.0484998673 0.0510959998
v 0.0225779712 0.041577816 0.054508999
v 0.0739999861 0.0342698693 0.0569900014
v 0.0739999861 0.0342698693 0.0569900014
v 0.0225779712 0.041577816 0.054508999
v 0.0115099847 0.0305098072 0.0578659996
v 0.0739999861 0.0342698693 0.0569900014
v 0.0115099847 0.0305098072 0.0578659996
v 0.074000001 0.018999869 0.0590000004
v 0.074000001 0.018999869 0.0590000004
v 0.0115099847 0.0305098072 0.0578659996
v 0 0.0189997945 0.0590000004
v 0.074000001 0.018999869 0.0590000004
v 0 0.0189997945 0.0590000004
v 0.0115100145 0.00748980697 0.0578659996
v 0.074000001 0.018999869 0.0590000004
v 0.0115100145 0.00748980697 0.0578659996
v 0.0740000159 0.00372986868 0.0569900014
v 0.0740000159 0.00372986868 0.0569900014
v 0.0115100145 0.00748980697 0.0578659996
v 0.0225780308 -0.00357818045 0.054508999
v 0.0740000159 0.00372986868 0.0569900014
v 0.0225780308 -0.00357818045 0.054508999
v 0.0740000308 -0.0105001312 0.0510959998
v 0.0740000308 -0.0105001312 0.0510959998
v 0.0225780308 -0.00357818045 0.054508999
v 0.0327790231 -0.0137791727 0.0490569994
v 0.0740000308 -0.0105001312 0.0510959998
v 0.0327790231 -0.0137791727 0.0490569994
v 0.0740000457 -0.0227191318 0.0417190008
v 0.0740000457 -0.0227191318 0.0417190008
v 0.0327790231 -0.0137791727 0.0490569994
v 0.0417190343 -0.0227191653 0.0417190008
v 0.0740000457 -0.0227191318 0.0417190008
v 0.0417190343 -0.0227191653 0.0417190008
v 0.0490570366 -0.0300571565 0.0327790007
v 0.0740000457 -0.0227191318 0.0417190008
v 0.0490570366 -0.0300571565 0.0327790007
v 0.0740000457 -0.0320961326 0.0295000002
v 0.0740000457 -0.0320961326 0.0295000002
v 0.0490570366 -0.0300571565 0.0327790007
v 0.0545090586 -0.0355091467 0.0225779992
v 0.0740000457 -0.0320961326 0.0295000002
v 0.0545090586 -0.0355091467 0.0225779992
v 0.0740000606 -0.0379901305 0.0152700003
v 0.0740000606 -0.0379901305 0.0152700003
v 0.0545090586 -0.0355091467 0.0225779992
v 0.0578660518 -0.0388661474 0.0115099996
v 0.0740000606 -0.0379901305 0.0152700003
v 0.0578660518 -0.0388661474 0.0115099996
v 0.0740000606 -0.0400001332 0
v 0.0740000606 -0.0400001332 0
v 0.0578660518 -0.0388661474 0.0115099996
v 0.05900006 -0.0400001481 0
v 0.423270047 -0.0442997813 0.0569900014
v 0.408000052 -0.0442997962 0.0590000004
v 0.408000052 -0.0442997962 0.0588000007
v 0.408000052 -0.0442997962 0.0588000007
v 0.408000052 -0.0442997962 0.0590000004
v 0.392730057 -0.0442998111 0.0569900014
v 0.408000052 -0.0442997962 0.0588000007
v 0.392730057 -0.0442998111 0.0569900014
v 0.392781049 -0.0442998111 0.0567959994
v 0.392781049 -0.0442998111 0.0567959994
v 0.392730057 -0.0442998111 0.0569900014
v 0.378500044 -0.044299826 0.0510959998
v 0.392781049 -0.0442998111 0.0567959994
v 0.378500044 -0.044299826 0.0510959998
v 0.378600061 -0.044299826 0.0509219989
v 0.378600061 -0.044299826 0.0509219989
v 0.378500044 -0.044299826 0.0510959998
v 0.366281062 -0.0442998335 0.0417190008
v 0.378600061 -0.044299826 0.0509219989
v 0.366281062 -0.0442998335 0.0417190008
v 0.366422057 -0.0442998335 0.0415779985
v 0.366422057 -0.0442998335 0.0415779985
v 0.366281062 -0.0442998335 0.0417190008
v 0.35690406 -0.0442998409 0.0295000002
v 0.366422057 -0.0442998335 0.0415779985
v 0.35690406 -0.0442998409 0.0295000002
v 0.357078075 -0.0442998409 0.0294000003
v 0.357078075 -0.0442998409 0.0294000003
v 0.35690406 -0.0442998409 0.0295000002
v 0.351010054 -0.0442998484 0.0152700003
v 0.357078075 -0.0442998409 0.0294000003
v 0.351010054 -0.0442998484 0.0152700003
v 0.351204038 -0.0442998484 0.0152190002
v 0.351204038 -0.0442998484 0.0152190002
v 0.351010054 -0.0442998484 0.0152700003
v 0.349000037 -0.0442998558 0
v 0.351204038 -0.0442998484 0.0152190002
v 0.349000037 -0.0442998558 0
v 0.34920007 -0.0442998558 0
v 0.34920007 -0.0442998558 0
v 0.349000037 -0.0442998558 0
v 0.351204038 -0.0442998484 -0.0152190002
v 0.351204038 -0.0442998484 -0.0152190002
v 0.349000037 -0.0442998558 0
v 0.351010054 -0.0442998484 -0.0152700003
v 0.351204038 -0.0442998484 -0.0152190002
v 0.351010054 -0.0442998484 -0.0152700003
v 0.357078075 -0.0442998409 -0.0294000003
v 0.357078075 -0.0442998409 -0.0294000003
v 0.351010054 -0.0442998484 -0.0152700003
v 0.35690406 -0.0442998409 -0.0295000002
v 0.357078075 -0.0442998409 -0.0294000003
v 0.35690406 -0.0442998409 -0.0295000002
v 0.366422057 -0.0442998335 -0.0415779985
v 0.366422057 -0.0442998335 -0.0415779985
v 0.35690406 -0.0442998409 -0.0295000002
v 0.366281062 -0.0442998335 -0.0417190008
v 0.366422057 -0.0442998335 -0.0415779985
v 0.366281062 -0.0442998335 -0.0417190008
v 0.378600061 -0.044299826 -0.0509219989
v 0.378600061 -0.044299826 -0.0509219989
v 0.366281062 -0.0442998335 -0.0417190008
v 0.378500044 -0.044299826 -0.0510959998
v 0.378600061 -0.044299826 -0.0509219989
v 0.378500044 -0.044299826 -0.0510959998
v 0.392781049 -0.0442998111 -0.0567959994
v 0.392781049 -0.0442998111 -0.0567959994
v 0.378500044 -0.044299826 -0.0510959998
v 0.392730057 -0.0442998111 -0.0569900014
v 0.392781049 -0.0442998111 -0.0567959994
v 0.392730057 -0.0442998111 -0.0569900014
v 0.408000052 -0.0442997962 -0.0588000007
v 0.408000052 -0.0442997962 -0.0588000007
v 0.392730057 -0.0442998111 -0.0569900014
v 0.408000052 -0.0442997962 -0.0590000004
v 0.408000052 -0.0442997962 -0.0588000007
v 0.408000052 -0.0442997962 -0.0590000004
v 0.423270047 -0.0442997813 -0.0569900014
v 0.408000052 -0.0442997962 -0.0588000007
v 0.423270047 -0.0442997813 -0.0569900014
v 0.423219055 -0.0442997813 -0.0567959994
v 0.423219055 -0.0442997813 -0.0567959994
v 0.423270047 -0.0442997813 -0.0569900014
v 0.43750006 -0.0442997664 -0.0510959998
v 0.423219055 -0.0442997813 -0.0567959994
v 0.43750006 -0.0442997664 -0.0510959998
v 0.437400043 -0.0442997664 -0.0509219989
v 0.437400043 -0.0442997664 -0.0509219989
v 0.43750006 -0.0442997664 -0.0510959998
v 0.449719071 -0.0442997515 -0.0417190008
v 0.437400043 -0.0442997664 -0.0509219989
v 0.449719071 -0.0442997515 -0.0417190008
v 0.449578047 -0.0442997515 -0.0415779985
v 0.449578047 -0.0442997515 -0.0415779985
v 0.449719071 -0.0442997515 -0.0417190008
v 0.459096044 -0.0442997441 -0.0295000002
v 0.449578047 -0.0442997515 -0.0415779985
v 0.459096044 -0.0442997441 -0.0295000002
v 0.458922058 -0.0442997441 -0.0294000003
v 0.458922058 -0.0442997441 -0.0294000003
v 0.459096044 -0.0442997441 -0.0295000002
v 0.46499005 -0.0442997366 -0.0152700003
v 0.458922058 -0.0442997441 -0.0294000003
v 0.46499005 -0.0442997366 -0.0152700003
v 0.464796066 -0.0442997366 -0.0152190002
v 0.464796066 -0.0442997366 -0.0152190002
v 0.46499005 -0.0442997366 -0.0152700003
v 0.467000067 -0.0442997366 0
v 0.464796066 -0.0442997366 -0.0152190002
v 0.467000067 -0.0442997366 0
v 0.466800064 -0.0442997366 0
v 0.466800064 -0.0442997366 0
v 0.467000067 -0.0442997366 0
v 0.464796066 -0.0442997366 0.0152190002
v 0.464796066 -0.0442997366 0.0152190002
v 0.467000067 -0.0442997366 0
v 0.46499005 -0.0442997366 0.0152700003
v 0.464796066 -0.0442997366 0.0152190002
v 0.46499005 -0.0442997366 0.0152700003
v 0.458922058 -0.0442997441 0.0294000003
v 0.458922058 -0.0442997441 0.0294000003
v 0.46499005 -0.0442997366 0.0152700003
v 0.459096044 -0.0442997441 0.0295000002
v 0.458922058 -0.0442997441 0.0294000003
v 0.459096044 -0.0442997441 0.0295000002
v 0.449578047 -0.0442997515 0.0415779985
v 0.449578047 -0.0442997515 0.0415779985
v 0.459096044 -0.0442997441 0.0295000002
v 0.449719071 -0.0442997515 0.0417190008
v 0.449578047 -0.0442997515 0.0415779985
v 0.449719071 -0.0442997515 0.0417190008
v 0.437400043 -0.0442997664 0.0509219989
v 0.437400043 -0.0442997664 0.0509219989
v 0.449719071 -0.0442997515 0.0417190008
v 0.43750006 -0.0442997664 0.0510959998
v 0.437400043 -0.0442997664 0.0509219989
v 0.43750006 -0.0442997664 0.0510959998
v 0.423219055 -0.0442997813 0.0567959994
v 0.423219055 -0.0442997813 0.0567959994
v 0.43750006 -0.0442997664 0.0510959998
v 0.423270047 -0.0442997813 0.0569900014
v 0.423219055 -0.0442997813 0.0567959994
v 0.423270047 -0.0442997813 0.0569900014
v 0.408000052 -0.0442997962 0.0588000007
v 0.0152700543 -0.0443001837 0.0569900014
v 5.96046448e-08 -0.0443001986 0.0590000004
v 5.96046448e-08 -0.0443001986 0.0588000007
v 5.96046448e-08 -0.0443001986 0.0588000007
v 5.96046448e-08 -0.0443001986 0.0590000004
v -0.01526995 -0.0443002135 0.0569900014
v 5.96046448e-08 -0.0443001986 0.0588000007
v -0.01526995 -0.0443002135 0.0569900014
v -0.0152189434 -0.0443002135 0.0567959994
v -0.0152189434 -0.0443002135 0.0567959994
v -0.01526995 -0.0443002135 0.0569900014
v -0.029499948 -0.0443002284 0.0510959998
v -0.0152189434 -0.0443002135 0.0567959994
v -0.029499948 -0.0443002284 0.0510959998
v -0.0293999463 -0.0443002284 0.0509219989
v -0.0293999463 -0.0443002284 0.0509219989
v -0.029499948 -0.0443002284 0.0510959998
v -0.0417189449 -0.0443002433 0.0417190008
v -0.0293999463 -0.0443002284 0.0509219989
v -0.0417189449 -0.0443002433 0.0417190008
v -0.0415779501 -0.0443002433 0.0415779985
v -0.0415779501 -0.0443002433 0.0415779985
v -0.0417189449 -0.0443002433 0.0417190008
v -0.0510959327 -0.0443002507 0.0295000002
v -0.0415779501 -0.0443002433 0.0415779985
v -0.0510959327 -0.0443002507 0.0295000002
v -0.0509219468 -0.0443002507 0.0294000003
v -0.0509219468 -0.0443002507 0.0294000003
v -0.0510959327 -0.0443002507 0.0295000002
v -0.056989938 -0.0443002582 0.0152700003
v -0.0509219468 -0.0443002507 0.0294000003
v -0.056989938 -0.0443002582 0.0152700003
v -0.0567959547 -0.0443002582 0.0152190002
v -0.0567959547 -0.0443002582 0.0152190002
v -0.056989938 -0.0443002582 0.0152700003
v -0.0589999557 -0.0443002582 0
v -0.0567959547 -0.0443002582 0.0152190002
v -0.0589999557 -0.0443002582 0
v -0.0587999523 -0.0443002582 0
v -0.0587999523 -0.0443002582 0
v -0.0589999557 -0.0443002582 0
v -0.0567959547 -0.0443002582 -0.0152190002
v -0.0567959547 -0.0443002582 -0.0152190002
v -0.0589999557 -0.0443002582 0
v -0.056989938 -0.0443002582 -0.0152700003
v -0.0567959547 -0.0443002582 -0.0152190002
v -0.056989938 -0.0443002582 -0.0152700003
v -0.0509219468 -0.0443002507 -0.0294000003
v -0.0509219468 -0.0443002507 -0.0294000003
v -0.056989938 -0.0443002582 -0.0152700003
v -0.0510959327 -0.0443002507 -0.0295000002
v -0.0509219468 -0.0443002507 -0.0294000003
v -0.0510959327 -0.0443002507 -0.0295000002
v -0.0415779501 -0.0443002433 -0.0415779985
v -0.0415779501 -0.0443002433 -0.0415779985
v -0.0510959327 -0.0443002507 -0.0295000002
v -0.0417189449 -0.0443002433 -0.0417190008
v -0.0415779501 -0.0443002433 -0.0415779985
v -0.0417189449 -0.0443002433 -0.0417190008
v -0.0293999463 -0.0443002284 -0.0509219989
v -0.0293999463 -0.0443002284 -0.0509219989
v -0.0417189449 -0.0443002433 -0.0417190008
v -0.029499948 -0.0443002284 -0.0510959998
v -0.0293999463 -0.0443002284 -0.0509219989
v -0.029499948 -0.0443002284 -0.0510959998
v -0.0152189434 -0.0443002135 -0.0567959994
v -0.0152189434 -0.0443002135 -0.0567959994
v -0.029499948 -0.0443002284 -0.0510959998
v -0.01526995 -0.0443002135 -0.0569900014
v -0.0152189434 -0.0443002135 -0.0567959994
v -0.01526995 -0.0443002135 -0.0569900014
v 5.96046448e-08 -0.0443001986 -0.0588000007
v 5.96046448e-08 -0.0443001986 -0.0588000007
v -0.01526995 -0.0443002135 -0.0569900014
v 5.96046448e-08 -0.0443001986 -0.0590000004
v 5.96046448e-08 -0.0443001986 -0.0588000007
v 5.96046448e-08 -0.0443001986 -0.0590000004
v 0.0152700543 -0.0443001837 -0.0569900014
v 5.96046448e-08 -0.0443001986 -0.0588000007
v 0.0152700543 -0.0443001837 -0.0569900014
v 0.0152190626 -0.0443001837 -0.0567959994
v 0.0152190626 -0.0443001837 -0.0567959994
v 0.0152700543 -0.0443001837 -0.0569900014
v 0.0295000523 -0.0443001688 -0.0510959998
v 0.0152190626 -0.0443001837 -0.0567959994
v 0.0295000523 -0.0443001688 -0.0510959998
v 0.0294000506 -0.0443001688 -0.0509219989
v 0.0294000506 -0.0443001688 -0.0509219989
v 0.0295000523 -0.0443001688 -0.0510959998
v 0.0417190492 -0.0443001613 -0.0417190008
v 0.0294000506 -0.0443001688 -0.0509219989
v 0.0417190492 -0.0443001613 -0.0417190008
v 0.0415780544 -0.0443001613 -0.0415779985
v 0.0415780544 -0.0443001613 -0.0415779985
v 0.0417190492 -0.0443001613 -0.0417190008
v 0.0510960519 -0.0443001539 -0.0295000002
v 0.0415780544 -0.0443001613 -0.0415779985
v 0.0510960519 -0.0443001539 -0.0295000002
v 0.0509220511 -0.0443001539 -0.0294000003
v 0.0509220511 -0.0443001539 -0.0294000003
v 0.0510960519 -0.0443001539 -0.0295000002
v 0.0569900572 -0.0443001464 -0.0152700003
v 0.0509220511 -0.0443001539 -0.0294000003
v 0.0569900572 -0.0443001464 -0.0152700003
v 0.056796059 -0.0443001464 -0.0152190002
v 0.056796059 -0.0443001464 -0.0152190002
v 0.0569900572 -0.0443001464 -0.0152700003
v 0.05900006 -0.044300139 0
v 0.056796059 -0.0443001464 -0.0152190002
v 0.05900006 -0.044300139 0
v 0.0588000566 -0.044300139 0
v 0.0588000566 -0.044300139 0
v 0.05900006 -0.044300139 0
v 0.056796059 -0.0443001464 0.0152190002
v 0.056796059 -0.0443001464 0.0152190002
v 0.05900006 -0.044300139 0
v 0.0569900572 -0.0443001464 0.0152700003
v 0.056796059 -0.0443001464 0.0152190002
v 0.0569900572 -0.0443001464 0.0152700003
v 0.0509220511 -0.0443001539 0.0294000003
v 0.0509220511 -0.0443001539 0.0294000003
v 0.0569900572 -0.0443001464 0.0152700003
v 0.0510960519 -0.0443001539 0.0295000002
v 0.0509220511 -0.0443001539 0.0294000003
v 0.0510960519 -0.0443001539 0.0295000002
v 0.0415780544 -0.0443001613 0.0415779985
v 0.0415780544 -0.0443001613 0.0415779985
v 0.0510960519 -0.0443001539 0.0295000002
v 0.0417190492 -0.0443001613 0.0417190008
v 0.0415780544 -0.0443001613 0.0415779985
v 0.0417190492 -0.0443001613 0.0417190008
v 0.0294000506 -0.0443001688 0.0509219989
v 0.0294000506 -0.0443001688 0.0509219989
v 0.0417190492 -0.0443001613 0.0417190008
v 0.0295000523 -0.0443001688 0.0510959998
v 0.0294000506 -0.0443001688 0.0509219989
v 0.0295000523 -0.0443001688 0.0510959998
v 0.0152190626 -0.0443001837 0.0567959994
v 0.0152190626 -0.0443001837 0.0567959994
v 0.0295000523 -0.0443001688 0.0510959998
v 0.0152700543 -0.0443001837 0.0569900014
v 0.0152190626 -0.0443001837 0.0567959994
v 0.0152700543 -0.0443001837 0.0569900014
v 5.96046448e-08 -0.0443001986 0.0588000007
v 0.392729938 0.0686571896 0.0569900014
v 0.407999933 0.0645652041 0.0590000004
v 0.407999933 0.0645652041 0.0588000007
v 0.407999933 0.0645652041 0.0588000007
v 0.407999933 0.0645652041 0.0590000004
v 0.423269957 0.0604742169 0.0569900014
v 0.407999933 0.0645652041 0.0588000007
v 0.423269957 0.0604742169 0.0569900014
v 0.423218966 0.0604882166 0.0567959994
v 0.423218966 0.0604882166 0.0567959994
v 0.423269957 0.0604742169 0.0569900014
v 0.43749994 0.0566612333 0.0510959998
v 0.423218966 0.0604882166 0.0567959994
v 0.43749994 0.0566612333 0.0510959998
v 0.437399954 0.0566882342 0.0509219989
v 0.437399954 0.0566882342 0.0509219989
v 0.43749994 0.0566612333 0.0510959998
v 0.449718952 0.053387247 0.0417190008
v 0.437399954 0.0566882342 0.0509219989
v 0.449718952 0.053387247 0.0417190008
v 0.449577987 0.053425245 0.0415779985
v 0.449577987 0.053425245 0.0415779985
v 0.449718952 0.053387247 0.0417190008
v 0.459095955 0.0508742556 0.0295000002
v 0.449577987 0.053425245 0.0415779985
v 0.459095955 0.0508742556 0.0295000002
v 0.458921969 0.0509212539 0.0294000003
v 0.458921969 0.0509212539 0.0294000003
v 0.459095955 0.0508742556 0.0295000002
v 0.46498996 0.0492952615 0.0152700003
v 0.458921969 0.0509212539 0.0294000003
v 0.46498996 0.0492952615 0.0152700003
v 0.464795977 0.0493472591 0.0152190002
v 0.464795977 0.0493472591 0.0152190002
v 0.46498996 0.0492952615 0.0152700003
v 0.466999978 0.0487562642 0
v 0.464795977 0.0493472591 0.0152190002
v 0.466999978 0.0487562642 0
v 0.466799974 0.0488102622 0
v 0.466799974 0.0488102622 0
v 0.466999978 0.0487562642 0
v 0.464795977 0.0493472591 -0.0152190002
v 0.464795977 0.0493472591 -0.0152190002
v 0.466999978 0.0487562642 0
v 0.46498996 0.0492952615 -0.0152700003
v 0.464795977 0.0493472591 -0.0152190002
v 0.46498996 0.0492952615 -0.0152700003
v 0.458921969 0.0509212539 -0.0294000003
v 0.458921969 0.0509212539 -0.0294000003
v 0.46498996 0.0492952615 -0.0152700003
v 0.459095955 0.0508742556 -0.0295000002
v 0.458921969 0.0509212539 -0.0294000003
v 0.459095955 0.0508742556 -0.0295000002
v 0.449577987 0.053425245 -0.0415779985
v 0.449577987 0.053425245 -0.0415779985
v 0.459095955 0.0508742556 -0.0295000002
v 0.449718952 0.053387247 -0.0417190008
v 0.449577987 0.053425245 -0.0415779985
v 0.449718952 0.053387247 -0.0417190008
v 0.437399954 0.0566882342 -0.0509219989
v 0.437399954 0.0566882342 -0.0509219989
v 0.449718952 0.053387247 -0.0417190008
v 0.43749994 0.0566612333 -0.0510959998
v 0.437399954 0.0566882342 -0.0509219989
v 0.43749994 0.0566612333 -0.0510959998
v 0.423218966 0.0604882166 -0.0567959994
v 0.423218966 0.0604882166 -0.0567959994
v 0.43749994 0.0566612333 -0.0510959998
v 0.423269957 0.0604742169 -0.0569900014
v 0.423218966 0.0604882166 -0.0567959994
v 0.423269957 0.0604742169 -0.0569900014
v 0.407999933 0.0645652041 -0.0588000007
v 0.407999933 0.0645652041 -0.0588000007
v 0.423269957 0.0604742169 -0.0569900014
v 0.407999933 0.0645652041 -0.0590000004
v 0.407999933 0.0645652041 -0.0588000007
v 0.407999933 0.0645652041 -0.0590000004
v 0.392729938 0.0686571896 -0.0569900014
v 0.407999933 0.0645652041 -0.0588000007
v 0.392729938 0.0686571896 -0.0569900014
v 0.39278096 0.06864319 -0.0567959994
v 0.39278096 0.06864319 -0.0567959994
v 0.392729938 0.0686571896 -0.0569900014
v 0.378499925 0.0724701732 -0.0510959998
v 0.39278096 0.06864319 -0.0567959994
v 0.378499925 0.0724701732 -0.0510959998
v 0.378599942 0.0724431723 -0.0509219989
v 0.378599942 0.0724431723 -0.0509219989
v 0.378499925 0.0724701732 -0.0510959998
v 0.366280943 0.075744167 -0.0417190008
v 0.378599942 0.0724431723 -0.0509219989
v 0.366280943 0.075744167 -0.0417190008
v 0.366421938 0.0757061616 -0.0415779985
v 0.366421938 0.0757061616 -0.0415779985
v 0.366280943 0.075744167 -0.0417190008
v 0.35690394 0.0782561526 -0.0295000002
v 0.366421938 0.0757061616 -0.0415779985
v 0.35690394 0.0782561526 -0.0295000002
v 0.357077956 0.0782101527 -0.0294000003
v 0.357077956 0.0782101527 -0.0294000003
v 0.35690394 0.0782561526 -0.0295000002
v 0.351009935 0.079836145 -0.0152700003
v 0.357077956 0.0782101527 -0.0294000003
v 0.351009935 0.079836145 -0.0152700003
v 0.351203918 0.0797841474 -0.0152190002
v 0.351203918 0.0797841474 -0.0152190002
v 0.351009935 0.079836145 -0.0152700003
v 0.348999918 0.080374144 0
v 0.351203918 0.0797841474 -0.0152190002
v 0.348999918 0.080374144 0
v 0.349199951 0.080321148 0
v 0.349199951 0.080321148 0
v 0.348999918 0.080374144 0
v 0.351203918 0.0797841474 0.0152190002
v 0.351203918 0.0797841474 0.0152190002
v 0.348999918 0.080374144 0
v 0.351009935 0.079836145 0.0152700003
v 0.351203918 0.0797841474 0.0152190002
v 0.351009935 0.079836145 0.0152700003
v 0.357077956 0.0782101527 0.0294000003
v 0.357077956 0.0782101527 0.0294000003
v 0.351009935 0.079836145 0.0152700003
v 0.35690394 0.0782561526 0.0295000002
v 0.357077956 0.0782101527 0.0294000003
v 0.35690394 0.0782561526 0.0295000002
v 0.366421938 0.0757061616 0.0415779985
v 0.366421938 0.0757061616 0.0415779985
v 0.35690394 0.0782561526 0.0295000002
v 0.366280943 0.075744167 0.0417190008
v 0.366421938 0.0757061616 0.0415779985
v 0.366280943 0.075744167 0.0417190008
v 0.378599942 0.0724431723 0.0509219989
v 0.378599942 0.0724431723 0.0509219989
v 0.366280943 0.075744167 0.0417190008
v 0.378499925 0.0724701732 0.0510959998
v 0.378599942 0.0724431723 0.0509219989
v 0.378499925 0.0724701732 0.0510959998
v 0.39278096 0.06864319 0.0567959994
v 0.39278096 0.06864319 0.0567959994
v 0.378499925 0.0724701732 0.0510959998
v 0.392729938 0.0686571896 0.0569900014
v 0.39278096 0.06864319 0.0567959994
v 0.392729938 0.0686571896 0.0569900014
v 0.407999933 0.0645652041 0.0588000007

# 956 UV coordinates
vt 0.628319025 0 0
vt 0.785398006 0 0
vt 0.698131979 0.783151984 0
vt 0.785398006 1.63749897 0
vt 0.698131979 2.34945488 0
vt 0.785398006 3.27499795 0
vt 0.698131979 3.91575909 0
vt 0.785398006 4.91249704 0
vt 0.698131979 5.48206186 0
vt 0.785398006 6.5499959 0
vt 0.698131979 7.04836512 0
vt 0.785398006 8.18749523 0
vt 0.698131979 8.61466885 0
vt 0.785398006 9.82499409 0
vt 0.698131979 10.1809721 0
vt 0.785398006 11.4624929 0
vt 0.698131979 11.7472754 0
vt 0.785398006 13.0999918 0
vt 0.698131979 13.3135786 0
vt 0.785398006 14.7374916 0
vt 0.698131979 14.8798828 0
vt 0.785398006 16.3749905 0
vt 0.698131979 16.4461861 0
vt 0.785398006 18.0124893 0
vt 0.628319025 18.0124893 0
vt 0.523599029 16.4461861 0
vt 0.471239001 18.0124893 0
vt 0.349065989 16.4461861 0
vt 0.314159006 18.0124893 0
vt 0.174532995 16.4461861 0
vt 0.157079995 18.0124893 0
vt -0 16.5114479 0
vt -0 18.0124893 0
vt -0 15.0104074 0
vt 0.174532995 14.8798828 0
vt 0.349065989 14.8798828 0
vt 0.349065989 13.3135786 0
vt 0.523599029 13.3135786 0
vt 0.523599029 11.7472754 0
vt -0 13.509367 0
vt 0.174532995 13.3135786 0
vt 0.349065989 11.7472754 0
vt 0.523599029 10.1809721 0
vt -0 12.0083265 0
vt 0.174532995 11.7472754 0
vt 0.349065989 10.1809721 0
vt 0.523599029 8.61466885 0
vt -0 10.5072851 0
vt 0.174532995 10.1809721 0
vt 0.349065989 8.61466885 0
vt 0.523599029 7.04836512 0
vt -0 9.00624466 0
vt 0.174532995 8.61466885 0
vt 0.349065989 7.04836512 0
vt 0.523599029 5.48206186 0
vt -0 7.5052042 0
vt 0.174532995 7.04836512 0
vt 0.349065989 5.48206186 0
vt 0.523599029 3.91575909 0
vt -0 6.00416279 0
vt 0.174532995 5.48206186 0
vt 0.349065989 3.91575909 0
vt 0.523599029 2.34945488 0
vt -0 4.50312185 0
vt 0.174532995 3.91575909 0
vt 0.349065989 2.34945488 0
vt 0.523599029 0.783151984 0
vt -0 3.00208211 0
vt 0.174532995 2.34945488 0
vt 0.349065989 0.783151984 0
vt 0.471239001 0 0
vt -0 1.50104094 0
vt 0.174532995 0.783151984 0
vt 0.314159006 0 0
vt -0 0 0
vt 0.157079995 0 0
vt 0.523599029 14.8798828 0
vt -24.4229984 0 0
vt -21.2995319 0 0
vt -24.4229984 1.53938007 0
vt -20.8917522 1.53938007 0
vt -24.4229984 3.0787611 0
vt -20.5117626 3.0787611 0
vt -24.4229984 4.61814117 0
vt -20.1854572 4.61814117 0
vt -24.4229984 6.1575222 0
vt -19.9350739 6.1575222 0
vt -24.4229984 7.6969018 0
vt -19.7776756 7.6969018 0
vt -24.4229984 9.23628235 0
vt -19.7239914 9.23628235 0
vt -19.7776756 10.7756624 0
vt -24.4229984 10.7756624 0
vt -19.9350739 12.3150434 0
vt -24.4229984 12.3150434 0
vt -20.1854572 13.8544235 0
vt -24.4229984 13.8544235 0
vt -20.5117626 15.3938036 0
vt -24.4229984 15.3938036 0
vt -20.8917522 16.9331837 0
vt -24.4229984 16.9331837 0
vt -21.2995319 18.4725647 0
vt -24.4229984 18.4725647 0
vt -21.265934 0 0
vt -21.6737137 1.53938007 0
vt -23.3541241 0 0
vt -23.3541241 1.53938007 0
vt -22.0537052 3.0787611 0
vt -23.3541241 3.0787611 0
vt -22.3800106 4.61814117 0
vt -23.3541241 4.61814117 0
vt -22.6303921 6.1575222 0
vt -23.3541241 6.1575222 0
vt -22.7877903 7.6969018 0
vt -23.3541241 7.6969018 0
vt -22.8414745 9.23628235 0
vt -23.3541241 9.23628235 0
vt -23.3541241 10.7756624 0
vt -22.7877903 10.7756624 0
vt -23.3541241 12.3150434 0
vt -22.6303921 12.3150434 0
vt -23.3541241 13.8544235 0
vt -22.3800106 13.8544235 0
vt -23.3541241 15.3938036 0
vt -22.0537052 15.3938036 0
vt -23.3541241 16.9331837 0
vt -21.6737137 16.9331837 0
vt -23.3541241 18.4725647 0
vt -21.265934 18.4725647 0
vt -0 1.46607697 0
vt -0.720000029 0 0
vt -0.720000029 1.46607697 0
vt -0 2.93215299 0
vt -0.720000029 2.93215299 0
vt -0 4.39823008 0
vt -0.720000029 4.39823008 0
vt -0 5.86430597 0
vt -0.720000029 5.86430597 0
vt -0 7.33038282 0
vt -0.720000029 7.33038282 0
vt -0 8.7964592 0
vt -0.720000029 8.7964592 0
vt -0 10.262536 0
vt -0.720000029 10.262536 0
vt -0 11.7286129 0
vt -0.720000029 11.7286129 0
vt -0 13.1946888 0
vt -0.720000029 13.1946888 0
vt -0 14.6607656 0
vt -0.720000029 14.6607656 0
vt -0 16.1268425 0
vt -0.720000029 16.1268425 0
vt -0.720000029 17.5929184 0
vt -0 17.5929184 0
vt -0 1.53938007 0
vt -0.800000012 0 0
vt -0.800000012 1.53938007 0
vt -0 3.0787611 0
vt -0.800000012 3.0787611 0
vt -0 4.61814117 0
vt -0.800000012 4.61814117 0
vt -0 6.1575222 0
vt -0.800000012 6.1575222 0
vt -0 7.6969018 0
vt -0.800000012 7.6969018 0
vt -0 9.23628235 0
vt -0.800000012 9.23628235 0
vt -0 10.7756624 0
vt -0.800000012 10.7756624 0
vt -0 12.3150434 0
vt -0.800000012 12.3150434 0
vt -0 13.8544235 0
vt -0.800000012 13.8544235 0
vt -0 15.3938036 0
vt -0.800000012 15.3938036 0
vt -0 16.9331837 0
vt -0.800000012 16.9331837 0
vt -0.800000012 18.4725647 0
vt -0 18.4725647 0
vt -0.800000012 -18.4725647 0
vt -0 -18.4725647 0
vt -0.800000012 -16.9331837 0
vt -0 -16.9331837 0
vt -0 -15.3938036 0
vt -0.800000012 -15.3938036 0
vt -0 -13.8544235 0
vt -0.800000012 -13.8544235 0
vt -0 -12.3150434 0
vt -0.800000012 -12.3150434 0
vt -0 -10.7756624 0
vt -0.800000012 -10.7756624 0
vt -0 -9.23628235 0
vt -0.800000012 -9.23628235 0
vt -0 -7.6969018 0
vt -0.800000012 -7.6969018 0
vt -0 -6.1575222 0
vt -0.800000012 -6.1575222 0
vt -0 -4.61814117 0
vt -0.800000012 -4.61814117 0
vt -0 -3.0787611 0
vt -0.800000012 -3.0787611 0
vt -0 -1.53938007 0
vt -0.800000012 -1.53938007 0
vt 5.40918398 1.44938707 0
vt -5.40918398 1.44938707 0
vt 5.5999999 0 0
vt -5.5999999 0 0
vt 5.40918398 -1.44938707 0
vt -5.40918398 -1.44938707 0
vt 4.84974194 -2.79999995 0
vt -4.84974194 -2.79999995 0
vt 3.95979786 -3.95979786 0
vt -3.95979786 -3.95979786 0
vt 2.79999995 -4.84974194 0
vt -2.79999995 -4.84974194 0
vt 1.44938707 -5.40918398 0
vt -1.44938707 -5.40918398 0
vt 0 -5.5999999 0
vt -4.84974194 2.79999995 0
vt 4.84974194 2.79999995 0
vt -3.95979786 3.95979786 0
vt 3.95979786 3.95979786 0
vt -2.79999995 4.84974194 0
vt 2.79999995 4.84974194 0
vt -1.44938707 5.40918398 0
vt 1.44938707 5.40918398 0
vt 0 5.5999999 0
vt -0.720000029 -17.5929184 0
vt -0 -17.5929184 0
vt -0.720000029 -16.1268425 0
vt -0 -16.1268425 0
vt -0 -14.6607656 0
vt -0.720000029 -14.6607656 0
vt -0 -13.1946888 0
vt -0.720000029 -13.1946888 0
vt -0 -11.7286129 0
vt -0.720000029 -11.7286129 0
vt -0 -10.262536 0
vt -0.720000029 -10.262536 0
vt -0 -8.7964592 0
vt -0.720000029 -8.7964592 0
vt -0 -7.33038282 0
vt -0.720000029 -7.33038282 0
vt -0 -5.86430597 0
vt -0.720000029 -5.86430597 0
vt -0 -4.39823008 0
vt -0.720000029 -4.39823008 0
vt -0 -2.93215299 0
vt -0.720000029 -2.93215299 0
vt -0 -1.46607697 0
vt -0.720000029 -1.46607697 0
vt 5.67964411 18.8781433 0
vt 5.88000011 20.3999996 0
vt 5.5999999 20.3999996 0
vt 5.67964411 21.9218559 0
vt 5.40918398 21.8493862 0
vt 5.09222889 23.3400002 0
vt 4.84974194 23.2000008 0
vt 4.1577878 24.5577869 0
vt 3.95979786 24.3597984 0
vt 2.94000006 25.4922295 0
vt 2.79999995 25.2497425 0
vt 1.52185607 26.0796432 0
vt 1.44938707 25.809185 0
vt 0 26.2800007 0
vt 0 26 0
vt -1.44938707 25.809185 0
vt -1.52185607 26.0796432 0
vt -2.79999995 25.2497425 0
vt -2.94000006 25.4922295 0
vt -3.95979786 24.3597984 0
vt -4.1577878 24.5577869 0
vt -4.84974194 23.2000008 0
vt -5.09222889 23.3400002 0
vt -5.40918398 21.8493862 0
vt -5.67964411 21.9218559 0
vt -5.5999999 20.3999996 0
vt -5.88000011 20.3999996 0
vt -5.67964411 18.8781433 0
vt -5.40918398 18.950613 0
vt -5.09222889 17.4599991 0
vt -4.84974194 17.6000004 0
vt -4.1577878 16.2422123 0
vt -3.95979786 16.4402027 0
vt -2.94000006 15.3077707 0
vt -2.79999995 15.5502577 0
vt -1.52185607 14.720356 0
vt -1.44938707 14.9908152 0
vt 0 14.5200005 0
vt 0 14.8000002 0
vt 1.44938707 14.9908152 0
vt 1.52185607 14.720356 0
vt 2.79999995 15.5502577 0
vt 2.94000006 15.3077707 0
vt 3.95979786 16.4402027 0
vt 4.1577878 16.2422123 0
vt 4.84974194 17.6000004 0
vt 5.09222889 17.4599991 0
vt 5.40918398 18.950613 0
vt 5.67964411 -21.9218559 0
vt 5.88000011 -20.3999996 0
vt 5.5999999 -20.3999996 0
vt 5.67964411 -18.8781433 0
vt 5.40918398 -18.950613 0
vt 5.09222889 -17.4599991 0
vt 4.84974194 -17.6000004 0
vt 4.1577878 -16.2422123 0
vt 3.95979786 -16.4402027 0
vt 2.94000006 -15.3077707 0
vt 2.79999995 -15.5502577 0
vt 1.52185607 -14.720356 0
vt 1.44938707 -14.9908152 0
vt 0 -14.5200005 0
vt 0 -14.8000002 0
vt -1.44938707 -14.9908152 0
vt -1.52185607 -14.720356 0
vt -2.79999995 -15.5502577 0
vt -2.94000006 -15.3077707 0
vt -3.95979786 -16.4402027 0
vt -4.1577878 -16.2422123 0
vt -4.84974194 -17.6000004 0
vt -5.09222889 -17.4599991 0
vt -5.40918398 -18.950613 0
vt -5.67964411 -18.8781433 0
vt -5.5999999 -20.3999996 0
vt -5.88000011 -20.3999996 0
vt -5.67964411 -21.9218559 0
vt -5.40918398 -21.8493862 0
vt -5.09222889 -23.3400002 0
vt -4.84974194 -23.2000008 0
vt -4.1577878 -24.5577869 0
vt -3.95979786 -24.3597984 0
vt -2.94000006 -25.4922295 0
vt -2.79999995 -25.2497425 0
vt -1.52185607 -26.0796432 0
vt -1.44938707 -25.809185 0
vt 0 -26.2800007 0
vt 0 -26 0
vt 1.44938707 -25.809185 0
vt 1.52185607 -26.0796432 0
vt 2.79999995 -25.2497425 0
vt 2.94000006 -25.4922295 0
vt 3.95979786 -24.3597984 0
vt 4.1577878 -24.5577869 0
vt 4.84974194 -23.2000008 0
vt 5.09222889 -23.3400002 0
vt 5.40918398 -21.8493862 0
vt -23.3541241 -18.4725647 0
vt -21.265934 -18.4725647 0
vt -23.3541241 -16.9331837 0
vt -20.8581543 -16.9331837 0
vt -23.3541241 -15.3938036 0
vt -20.4781628 -15.3938036 0
vt -23.3541241 -13.8544235 0
vt -20.1518574 -13.8544235 0
vt -23.3541241 -12.3150434 0
vt -19.9014759 -12.3150434 0
vt -23.3541241 -10.7756624 0
vt -19.7440777 -10.7756624 0
vt -23.3541241 -9.23628235 0
vt -19.6903934 -9.23628235 0
vt -19.7440777 -7.6969018 0
vt -23.3541241 -7.6969018 0
vt -19.9014759 -6.1575222 0
vt -23.3541241 -6.1575222 0
vt -20.1518574 -4.61814117 0
vt -23.3541241 -4.61814117 0
vt -20.4781628 -3.0787611 0
vt -23.3541241 -3.0787611 0
vt -20.8581543 -1.53938007 0
vt -23.3541241 -1.53938007 0
vt 19.8385201 5.69896221 0
vt 18.2576199 5.9000001 0
vt 18.2576199 5.88000011 0
vt 16.6767197 5.69896221 0
vt 16.6820793 5.67964411 0
vt 15.2035551 5.10955 0
vt 15.2139082 5.09222889 0
vt 13.9385204 4.17192984 0
vt 13.9531612 4.1577878 0
vt 12.9678249 2.95000005 0
vt 12.9857559 2.94000006 0
vt 12.3576202 1.52703202 0
vt 12.3776197 1.52185607 0
vt 12.1494904 -0 0
vt 12.1701965 0 0
vt 12.3776197 -1.52185607 0
vt 12.3576202 -1.52703202 0
vt 12.9857559 -2.94000006 0
vt 12.9678249 -2.95000005 0
vt 13.9531612 -4.1577878 0
vt 13.9385204 -4.17192984 0
vt 15.2139082 -5.09222889 0
vt 15.2035551 -5.10955 0
vt 16.6820793 -5.67964411 0
vt 16.6767197 -5.69896221 0
vt 18.2576199 -5.88000011 0
vt 18.2576199 -5.9000001 0
vt 19.8385201 -5.69896221 0
vt 19.8331604 -5.67964411 0
vt 21.3116856 -5.10955 0
vt 21.3013325 -5.09222889 0
vt 22.5767193 -4.17192984 0
vt 22.5620785 -4.1577878 0
vt 23.5474148 -2.95000005 0
vt 23.5294838 -2.94000006 0
vt 24.1576195 -1.52703202 0
vt 24.1376209 -1.52185607 0
vt 24.3657494 0 0
vt 24.3450432 -0 0
vt 24.1376209 1.52185607 0
vt 24.1576195 1.52703202 0
vt 23.5294838 2.94000006 0
vt 23.5474148 2.95000005 0
vt 22.5620785 4.1577878 0
vt 22.5767193 4.17192984 0
vt 21.3013325 5.09222889 0
vt 21.3116856 5.10955 0
vt 19.8331604 5.67964411 0
vt -5.16207218 -1.51572108 0
vt 5.16207218 -1.51572108 0
vt -5.38000011 0 0
vt 5.38000011 0 0
vt -5.16207218 1.51572108 0
vt 5.16207218 1.51572108 0
vt -4.52594376 2.90864801 0
vt 4.52594376 2.90864801 0
vt -3.52315092 4.06593323 0
vt 3.52315092 4.06593323 0
vt -2.2349329 4.89381981 0
vt 2.2349329 4.89381981 0
vt -0.765654027 5.32523918 0
vt 0.765654027 5.32523918 0
vt 4.52594376 -2.90864801 0
vt -4.52594376 -2.90864801 0
vt 3.52315092 -4.06593323 0
vt -3.52315092 -4.06593323 0
vt 2.2349329 -4.89381981 0
vt -2.2349329 -4.89381981 0
vt 0.765654027 -5.32523918 0
vt -0.765654027 -5.32523918 0
vt -0 -18.0124893 0
vt 0.157079995 -18.0124893 0
vt -0 -16.5114479 0
vt 0.174532995 -16.4461861 0
vt -0 -15.0104074 0
vt 0.174532995 -14.8798828 0
vt -0 -13.509367 0
vt 0.174532995 -13.3135786 0
vt -0 -12.0083265 0
vt 0.174532995 -11.7472754 0
vt -0 -10.5072851 0
vt 0.174532995 -10.1809721 0
vt -0 -9.00624466 0
vt 0.174532995 -8.61466885 0
vt -0 -7.5052042 0
vt 0.174532995 -7.04836512 0
vt -0 -6.00416279 0
vt 0.174532995 -5.48206186 0
vt -0 -4.50312185 0
vt 0.174532995 -3.91575909 0
vt -0 -3.00208211 0
vt 0.174532995 -2.34945488 0
vt -0 -1.50104094 0
vt 0.174532995 -0.783151984 0
vt 0.349065989 -0.783151984 0
vt 0.523599029 -0.783151984 0
vt 0.698131979 -0.783151984 0
vt 0.785398006 -1.63749897 0
vt 0.698131979 -2.34945488 0
vt 0.785398006 -3.27499795 0
vt 0.698131979 -3.91575909 0
vt 0.785398006 -4.91249704 0
vt 0.698131979 -5.48206186 0
vt 0.785398006 -6.5499959 0
vt 0.698131979 -7.04836512 0
vt 0.785398006 -8.18749523 0
vt 0.698131979 -8.61466885 0
vt 0.785398006 -9.82499409 0
vt 0.698131979 -10.1809721 0
vt 0.785398006 -11.4624929 0
vt 0.698131979 -11.7472754 0
vt 0.785398006 -13.0999918 0
vt 0.698131979 -13.3135786 0
vt 0.785398006 -14.7374916 0
vt 0.698131979 -14.8798828 0
vt 0.785398006 -16.3749905 0
vt 0.698131979 -16.4461861 0
vt 0.785398006 -18.0124893 0
vt 0.628319025 -18.0124893 0
vt 0.523599029 -16.4461861 0
vt 0.471239001 -18.0124893 0
vt 0.349065989 -16.4461861 0
vt 0.314159006 -18.0124893 0
vt 0.523599029 -14.8798828 0
vt 0.523599029 -13.3135786 0
vt 0.523599029 -11.7472754 0
vt 0.523599029 -10.1809721 0
vt 0.523599029 -8.61466885 0
vt 0.523599029 -7.04836512 0
vt 0.523599029 -5.48206186 0
vt 0.523599029 -3.91575909 0
vt 0.523599029 -2.34945488 0
vt 0.349065989 -14.8798828 0
vt 0.349065989 -13.3135786 0
vt 0.349065989 -11.7472754 0
vt 0.349065989 -10.1809721 0
vt 0.349065989 -8.61466885 0
vt 0.349065989 -7.04836512 0
vt 0.349065989 -5.48206186 0
vt 0.349065989 -3.91575909 0
vt 0.349065989 -2.34945488 0
vt -21.2995319 -18.4725647 0
vt -21.7073116 -16.9331837 0
vt -24.4229984 -18.4725647 0
vt -24.4229984 -16.9331837 0
vt -22.0873032 -15.3938036 0
vt -24.4229984 -15.3938036 0
vt -22.4136086 -13.8544235 0
vt -24.4229984 -13.8544235 0
vt -22.6639919 -12.3150434 0
vt -24.4229984 -12.3150434 0
vt -22.8213882 -10.7756624 0
vt -24.4229984 -10.7756624 0
vt -22.8750744 -9.23628235 0
vt -24.4229984 -9.23628235 0
vt -24.4229984 -7.6969018 0
vt -22.8213882 -7.6969018 0
vt -24.4229984 -6.1575222 0
vt -22.6639919 -6.1575222 0
vt -24.4229984 -4.61814117 0
vt -22.4136086 -4.61814117 0
vt -24.4229984 -3.0787611 0
vt -22.0873032 -3.0787611 0
vt -24.4229984 -1.53938007 0
vt -21.7073116 -1.53938007 0
vt 2.05061007 0 0
vt -0 1.35481203 0
vt 2.05061007 1.62577403 0
vt -0 2.70962405 0
vt 2.05061007 3.25154805 0
vt -0 4.06443501 0
vt 2.05061007 4.87732315 0
vt -0 5.41924715 0
vt 2.05061007 6.50309706 0
vt -0 6.77405882 0
vt 2.05061007 8.12887096 0
vt -0 8.12887096 0
vt -0 9.48368263 0
vt 2.05061007 9.75464535 0
vt -0 10.8384943 0
vt 2.05061007 11.3804197 0
vt -0 12.1933069 0
vt 2.05061007 13.0061932 0
vt -0 13.5481186 0
vt 2.05061007 14.6319675 0
vt -0 14.9029303 0
vt 2.05061007 16.2577419 0
vt -0 16.2577419 0
vt -2.05061007 0 0
vt -2.05061007 1.35481203 0
vt -0 1.62577403 0
vt -2.05061007 2.70962405 0
vt -0 3.25154805 0
vt -2.05061007 4.06443501 0
vt -0 4.87732315 0
vt -2.05061007 5.41924715 0
vt -0 6.50309706 0
vt -2.05061007 6.77405882 0
vt -2.05061007 8.12887096 0
vt -2.05061007 9.48368263 0
vt -0 9.75464535 0
vt -2.05061007 10.8384943 0
vt -0 11.3804197 0
vt -2.05061007 12.1933069 0
vt -0 13.0061932 0
vt -2.05061007 13.5481186 0
vt -0 14.6319675 0
vt -2.05061007 14.9029303 0
vt -2.05061007 16.2577419 0
vt -2.05061007 -16.2577419 0
vt -0 -16.2577419 0
vt -2.05061007 -14.9029303 0
vt -0 -14.6319675 0
vt -2.05061007 -13.5481186 0
vt -0 -13.0061932 0
vt -2.05061007 -12.1933069 0
vt -0 -11.3804197 0
vt -2.05061007 -10.8384943 0
vt -0 -9.75464535 0
vt -2.05061007 -9.48368263 0
vt -0 -8.12887096 0
vt -2.05061007 -8.12887096 0
vt -2.05061007 -6.77405882 0
vt -0 -6.50309706 0
vt -2.05061007 -5.41924715 0
vt 0 -4.87732315 0
vt -2.05061007 -4.06443501 0
vt 0 -3.25154805 0
vt -2.05061007 -2.70962405 0
vt 0 -1.62577403 0
vt -2.05061007 -1.35481203 0
vt 2.05061007 -16.2577419 0
vt -0 -14.9029303 0
vt 2.05061007 -14.6319675 0
vt -0 -13.5481186 0
vt 2.05061007 -13.0061932 0
vt -0 -12.1933069 0
vt 2.05061007 -11.3804197 0
vt -0 -10.8384943 0
vt 2.05061007 -9.75464535 0
vt -0 -9.48368263 0
vt 2.05061007 -8.12887096 0
vt -0 -6.77405882 0
vt 2.05061007 -6.50309706 0
vt -0 -5.41924715 0
vt 2.05061007 -4.87732315 0
vt -0 -4.06443501 0
vt 2.05061007 -3.25154805 0
vt -0 -2.70962405 0
vt 2.05061007 -1.62577403 0
vt -0 -1.35481203 0
vt -7.05113316 8.10923576 0
vt -5.90009975 9.26769829 0
vt -13.3001003 9.26769829 0
vt -7.05113316 10.4261608 0
vt -13.3001003 10.812315 0
vt -8.15793228 11.5846233 0
vt -13.3001003 12.3569307 0
vt -9.17796421 12.7430849 0
vt -13.3001003 13.9015474 0
vt -10.0720301 13.9015474 0
vt -10.8057709 15.06001 0
vt -13.3001003 15.4461641 0
vt -11.3509893 16.2184715 0
vt -13.3001003 16.9907799 0
vt -11.6867332 17.3769341 0
vt -13.3001003 18.5353966 0
vt -11.8001003 18.5353966 0
vt -13.3001003 7.72308207 0
vt -8.15793228 6.95077419 0
vt -13.3001003 6.17846489 0
vt -9.17796421 5.79231215 0
vt -13.3001003 4.63384914 0
vt -10.0720301 4.63384914 0
vt -10.8057709 3.4753871 0
vt -13.3001003 3.08923292 0
vt -11.3509893 2.31692505 0
vt -13.3001003 1.54461598 0
vt -11.6867332 1.15846205 0
vt -13.3001003 0 0
vt -11.8001003 0 0
vt -27.0499992 0 0
vt -3.95000005 0 0
vt -27.0499992 1.39800906 0
vt -3.95000005 1.39800906 0
vt -27.0499992 2.79601693 0
vt -3.95000005 2.79601693 0
vt -27.0499992 4.19402599 0
vt -3.95000005 4.19402599 0
vt -27.0499992 5.59203482 0
vt -3.95000005 5.59203482 0
vt -27.0499992 6.99004412 0
vt -3.95000005 6.99004412 0
vt -27.0499992 8.38805199 0
vt -3.95000005 8.38805199 0
vt -27.0499992 9.78606129 0
vt -3.95000005 9.78606129 0
vt -27.0499992 11.1840696 0
vt -3.95000005 11.1840696 0
vt -27.0499992 12.5820789 0
vt -3.95000005 12.5820789 0
vt -27.0499992 13.9800873 0
vt -3.95000005 13.9800873 0
vt -8.18000031 0 0
vt -2.58819103 0 0
vt -7.0289669 1.15846205 0
vt -2.17902303 1.54461598 0
vt -5.92216778 2.31692505 0
vt -1.79773998 3.08923292 0
vt -4.90213585 3.4753871 0
vt -1.47032499 4.63384914 0
vt -4.00806999 4.63384914 0
vt -3.27432895 5.79231215 0
vt -1.21909094 6.17846489 0
vt -2.72911096 6.95077419 0
vt -1.06115794 7.72308207 0
vt -2.39336705 8.10923576 0
vt -1.00729001 9.26769829 0
vt -2.27999997 9.26769829 0
vt -2.39336705 10.4261608 0
vt -1.06115794 10.812315 0
vt -2.72911096 11.5846233 0
vt -1.21909094 12.3569307 0
vt -3.27432895 12.7430849 0
vt -1.47032499 13.9015474 0
vt -4.00806999 13.9015474 0
vt -4.90213585 15.06001 0
vt -1.79773998 15.4461641 0
vt -5.92216778 16.2184715 0
vt -2.17902303 16.9907799 0
vt -7.0289669 17.3769341 0
vt -2.58819103 18.5353966 0
vt -8.18000031 18.5353966 0
vt -9.33103275 1.15846205 0
vt -14.5100002 0 0
vt -14.5100002 1.54461598 0
vt -10.4378319 2.31692505 0
vt -14.5100002 3.08923292 0
vt -11.4578648 3.4753871 0
vt -14.5100002 4.63384914 0
vt -12.3519297 4.63384914 0
vt -13.0856705 5.79231215 0
vt -14.5100002 6.17846489 0
vt -13.6308889 6.95077419 0
vt -14.5100002 7.72308207 0
vt -13.9666328 8.10923576 0
vt -14.5100002 9.26769829 0
vt -14.0799999 9.26769829 0
vt -13.9666328 10.4261608 0
vt -14.5100002 10.812315 0
vt -13.6308889 11.5846233 0
vt -14.5100002 12.3569307 0
vt -13.0856705 12.7430849 0
vt -14.5100002 13.9015474 0
vt -12.3519297 13.9015474 0
vt -11.4578648 15.06001 0
vt -14.5100002 15.4461641 0
vt -10.4378319 16.2184715 0
vt -14.5100002 16.9907799 0
vt -9.33103275 17.3769341 0
vt -14.5100002 18.5353966 0
vt -3.62346697 0 0
vt -4.03263378 1.54461598 0
vt -4.41391706 3.08923292 0
vt -4.74133205 4.63384914 0
vt -4.99256706 6.17846489 0
vt -5.15049887 7.72308207 0
vt -5.20436716 9.26769829 0
vt -5.15049887 10.812315 0
vt -4.99256706 12.3569307 0
vt -4.74133205 13.9015474 0
vt -4.41391706 15.4461641 0
vt -4.03263378 16.9907799 0
vt -3.62346697 18.5353966 0
vt -8.18000031 -18.5353966 0
vt -3.62346697 -18.5353966 0
vt -7.0289669 -17.3769341 0
vt -3.21429896 -16.9907799 0
vt -5.92216778 -16.2184715 0
vt -2.83301592 -15.4461641 0
vt -4.90213585 -15.06001 0
vt -2.50560093 -13.9015474 0
vt -4.00806999 -13.9015474 0
vt -3.27432895 -12.7430849 0
vt -2.25436687 -12.3569307 0
vt -2.72911096 -11.5846233 0
vt -2.09643412 -10.812315 0
vt -2.39336705 -10.4261608 0
vt -2.04256606 -9.26769829 0
vt -2.27999997 -9.26769829 0
vt -2.39336705 -8.10923576 0
vt -2.09643412 -7.72308207 0
vt -2.72911096 -6.95077419 0
vt -2.25436687 -6.17846489 0
vt -3.27432895 -5.79231215 0
vt -2.50560093 -4.63384914 0
vt -4.00806999 -4.63384914 0
vt -4.90213585 -3.4753871 0
vt -2.83301592 -3.08923292 0
vt -5.92216778 -2.31692505 0
vt -3.21429896 -1.54461598 0
vt -7.0289669 -1.15846205 0
vt -9.33103275 -17.3769341 0
vt -14.5100002 -18.5353966 0
vt -14.5100002 -16.9907799 0
vt -10.4378319 -16.2184715 0
vt -14.5100002 -15.4461641 0
vt -11.4578648 -15.06001 0
vt -14.5100002 -13.9015474 0
vt -12.3519297 -13.9015474 0
vt -13.0856705 -12.7430849 0
vt -14.5100002 -12.3569307 0
vt -13.6308889 -11.5846233 0
vt -14.5100002 -10.812315 0
vt -13.9666328 -10.4261608 0
vt -14.5100002 -9.26769829 0
vt -14.0799999 -9.26769829 0
vt -13.9666328 -8.10923576 0
vt -14.5100002 -7.72308207 0
vt -13.6308889 -6.95077419 0
vt -14.5100002 -6.17846489 0
vt -13.0856705 -5.79231215 0
vt -14.5100002 -4.63384914 0
vt -12.3519297 -4.63384914 0
vt -11.4578648 -3.4753871 0
vt -14.5100002 -3.08923292 0
vt -10.4378319 -2.31692505 0
vt -14.5100002 -1.54461598 0
vt -9.33103275 -1.15846205 0
vt -2.58819103 -18.5353966 0
vt -2.99735808 -16.9907799 0
vt -3.37864113 -15.4461641 0
vt -3.70605612 -13.9015474 0
vt -3.95728993 -12.3569307 0
vt -4.11522293 -10.812315 0
vt -4.16909122 -9.26769829 0
vt -4.11522293 -7.72308207 0
vt -3.95728993 -6.17846489 0
vt -3.70605612 -4.63384914 0
vt -3.37864113 -3.08923292 0
vt -2.99735808 -1.54461598 0
vt -27.0499992 -13.9800873 0
vt -3.95000005 -13.9800873 0
vt -27.0499992 -12.5820789 0
vt -3.95000005 -12.5820789 0
vt -27.0499992 -11.1840696 0
vt -3.95000005 -11.1840696 0
vt -27.0499992 -9.78606129 0
vt -3.95000005 -9.78606129 0
vt -27.0499992 -8.38805199 0
vt -3.95000005 -8.38805199 0
vt -27.0499992 -6.99004412 0
vt -3.95000005 -6.99004412 0
vt -27.0499992 -5.59203482 0
vt -3.95000005 -5.59203482 0
vt -27.0499992 -4.19402599 0
vt -3.95000005 -4.19402599 0
vt -27.0499992 -2.79601693 0
vt -3.95000005 -2.79601693 0
vt -27.0499992 -1.39800906 0
vt -3.95000005 -1.39800906 0
vt -11.8001003 -18.5353966 0
vt -11.6867332 -17.3769341 0
vt -13.3001003 -18.5353966 0
vt -13.3001003 -16.9907799 0
vt -11.3509893 -16.2184715 0
vt -13.3001003 -15.4461641 0
vt -10.8057709 -15.06001 0
vt -13.3001003 -13.9015474 0
vt -10.0720301 -13.9015474 0
vt -9.17796421 -12.7430849 0
vt -13.3001003 -12.3569307 0
vt -8.15793228 -11.5846233 0
vt -13.3001003 -10.812315 0
vt -7.05113316 -10.4261608 0
vt -13.3001003 -9.26769829 0
vt -5.90009975 -9.26769829 0
vt -7.05113316 -8.10923576 0
vt -13.3001003 -7.72308207 0
vt -8.15793228 -6.95077419 0
vt -13.3001003 -6.17846489 0
vt -9.17796421 -5.79231215 0
vt -13.3001003 -4.63384914 0
vt -10.0720301 -4.63384914 0
vt -10.8057709 -3.4753871 0
vt -13.3001003 -3.08923292 0
vt -11.3509893 -2.31692505 0
vt -13.3001003 -1.54461598 0
vt -11.6867332 -1.15846205 0
vt -5.69896221 21.9270325 0
vt -5.9000001 20.3999996 0
vt -5.69896221 18.8729668 0
vt -5.10955 17.4500008 0
vt -4.17192984 16.2280693 0
vt -2.95000005 15.2904501 0
vt -1.52703202 14.7010374 0
vt 0 14.5 0
vt 1.52703202 14.7010374 0
vt 2.95000005 15.2904501 0
vt 4.17192984 16.2280693 0
vt 5.10955 17.4500008 0
vt 5.69896221 18.8729668 0
vt 5.9000001 20.3999996 0
vt 5.69896221 21.9270325 0
vt 5.10955 23.3500004 0
vt 4.17192984 24.5719299 0
vt 2.95000005 25.5095501 0
vt 1.52703202 26.0989628 0
vt 0 26.2999992 0
vt -1.52703202 26.0989628 0
vt -2.95000005 25.5095501 0
vt -4.17192984 24.5719299 0
vt -5.10955 23.3500004 0
vt -5.69896221 -18.8729668 0
vt -5.9000001 -20.3999996 0
vt -5.69896221 -21.9270325 0
vt -5.10955 -23.3500004 0
vt -4.17192984 -24.5719299 0
vt -2.95000005 -25.5095501 0
vt -1.52703202 -26.0989628 0
vt 0 -26.2999992 0
vt 1.52703202 -26.0989628 0
vt 2.95000005 -25.5095501 0
vt 4.17192984 -24.5719299 0
vt 5.10955 -23.3500004 0
vt 5.69896221 -21.9270325 0
vt 5.9000001 -20.3999996 0
vt 5.69896221 -18.8729668 0
vt 5.10955 -17.4500008 0
vt 4.17192984 -16.2280693 0
vt 2.95000005 -15.2904501 0
vt 1.52703202 -14.7010374 0
vt 0 -14.5 0
vt -1.52703202 -14.7010374 0
vt -2.95000005 -15.2904501 0
vt -4.17192984 -16.2280693 0
vt -5.10955 -17.4500008 0
vt 5.69896221 16.9446697 0
vt 5.9000001 18.5255699 0
vt 5.88000011 18.5255699 0
vt 5.69896221 20.1064701 0
vt 5.67964411 20.1011105 0
vt 5.10955 21.5796337 0
vt 5.09222889 21.5692806 0
vt 4.17192984 22.8446693 0
vt 4.1577878 22.8300285 0
vt 2.95000005 23.8153648 0
vt 2.94000006 23.7974339 0
vt 1.52703202 24.4255695 0
vt 1.52185607 24.4055691 0
vt -0 24.6336994 0
vt 0 24.6129932 0
vt -1.52185607 24.4055691 0
vt -1.52703202 24.4255695 0
vt -2.94000006 23.7974339 0
vt -2.95000005 23.8153648 0
vt -4.1577878 22.8300285 0
vt -4.17192984 22.8446693 0
vt -5.09222889 21.5692806 0
vt -5.10955 21.5796337 0
vt -5.67964411 20.1011105 0
vt -5.69896221 20.1064701 0
vt -5.88000011 18.5255699 0
vt -5.9000001 18.5255699 0
vt -5.69896221 16.9446697 0
vt -5.67964411 16.9500275 0
vt -5.10955 15.4715042 0
vt -5.09222889 15.4818573 0
vt -4.17192984 14.2064695 0
vt -4.1577878 14.2211103 0
vt -2.95000005 13.235774 0
vt -2.94000006 13.253705 0
vt -1.52703202 12.6255693 0
vt -1.52185607 12.6455688 0
vt 0 12.4174395 0
vt 0 12.4381456 0
vt 1.52185607 12.6455688 0
vt 1.52703202 12.6255693 0
vt 2.94000006 13.253705 0
vt 2.95000005 13.235774 0
vt 4.1577878 14.2211103 0
vt 4.17192984 14.2064695 0
vt 5.09222889 15.4818573 0
vt 5.10955 15.4715042 0
vt 5.67964411 16.9500275 0

# 276 vertex normals
vn -9.510565e-05 95.1056519 -30.9016991
vn -9.99999975e-05 100 0
vn 2.36441064 98.4807739 -17.2030811
vn 6.91806316 98.4807816 -15.927207
vn 10.9586287 98.4807816 -13.4700851
vn 14.1864347 98.4807892 -10.0139484
vn 16.3620892 98.4807892 -5.81512403
vn 17.3242378 98.4807892 -1.18501699
vn 17.0015182 98.4807892 3.5329771
vn 15.4178667 98.4807892 7.98894501
vn 12.6907349 98.4807892 11.8524113
vn 9.02238274 98.4807816 14.8368368
vn 4.6848731 98.4807816 16.7208824
vn -9.510565e-05 95.1056519 30.9016991
vn 13.4897518 86.6025543 48.1458626
vn -8.09017001e-05 80.9017029 58.7785263
vn 20.6675663 64.2787857 73.7637405
vn -5.87785253e-05 58.7785263 80.9017029
vn 25.3525696 34.2020416 90.4846268
vn -3.09016978e-05 30.9016991 95.1056519
vn 25.8819046 2.58819036e-05 96.5925827
vn 0 0 100
vn 50 4.99999987e-05 86.6025391
vn 48.8248863 34.2020645 80.2891617
vn 39.8023758 64.278801 65.4523239
vn 55.985218 64.2788162 52.2866058
vn 36.5417099 86.6025772 34.1276588
vn 44.3941727 86.6025848 23.003252
vn 70.7106781 7.0710681e-05 70.7106781
vn 68.6760864 34.2020836 64.1390152
vn 68.015892 64.2788315 35.2430267
vn 48.9541168 86.6025848 10.172801
vn 86.6025391 8.66025366e-05 50
vn 83.4338913 34.2020988 43.2319717
vn 75.0021286 64.2788391 15.5856352
vn 49.8833504 86.6025925 -3.41212106
vn 96.5925827 9.65925792e-05 25.8819046
vn 92.0037766 34.2021065 19.1186123
vn 76.4258041 64.2788391 -5.2276721
vn 47.112957 86.6025848 -16.7439804
vn 100 9.99999975e-05 0
vn 93.7501678 34.2021103 -6.41268921
vn 72.1813126 64.2788315 -25.6532669
vn 40.8484077 86.6025772 -28.8340168
vn 96.5925827 9.65925792e-05 -25.8819046
vn 88.5435333 34.2021027 -31.4683895
vn 62.5834579 64.2788239 -44.1762772
vn 31.5543118 86.6025696 -38.7855644
vn 86.6025391 8.66025366e-05 -50
vn 76.7700272 34.2020912 -54.1902237
vn 48.3440781 64.2788086 -59.4229317
vn 19.9199696 86.602562 -45.8605652
vn 70.7106781 7.0710681e-05 -70.7106781
vn 59.3028336 34.202076 -72.8930206
vn 30.5192299 64.2787933 -70.2624588
vn 6.80824518 86.6025467 -49.5342979
vn 50 4.99999987e-05 -86.6025391
vn 37.4374237 34.2020531 -86.1896667
vn 10.4309063 64.2787704 -75.8909454
vn -8.09017001e-05 80.9017029 -58.7785263
vn 25.8819046 2.58819036e-05 -96.5925827
vn 12.7954454 34.2020264 -93.0940247
vn -5.87785253e-05 58.7785263 -80.9017029
vn 0 0 -100
vn -3.09016978e-05 30.9016991 -95.1056519
vn 25.9791107 86.602562 42.7209702
vn -25.8819046 -2.58819036e-05 96.5925827
vn -50 -4.99999987e-05 86.6025391
vn -70.7106781 -7.0710681e-05 70.7106781
vn -86.6025391 -8.66025366e-05 50
vn -96.5925827 -9.65925792e-05 25.8819046
vn -100 -9.99999975e-05 0
vn -96.5925827 -9.65925792e-05 -25.8819046
vn -86.6025391 -8.66025366e-05 -50
vn -70.7106781 -7.0710681e-05 -70.7106781
vn -50 -4.99999987e-05 -86.6025391
vn -25.8819046 -2.58819036e-05 -96.5925827
vn 9.99999975e-05 -100 0
vn -25.8820019 96.5925598 -0
vn -25.3526382 34.2019882 90.4846268
vn -48.824955 34.2019653 80.2891617
vn -68.6761475 34.2019463 64.1390152
vn -83.4339523 34.201931 43.2319717
vn -92.0038376 34.2019234 19.1186123
vn -93.7502289 34.2019196 -6.41268921
vn -88.5435944 34.2019272 -31.4683895
vn -76.7700882 34.2019386 -54.1902237
vn -59.3029022 34.2019539 -72.8930206
vn -37.4374924 34.2019768 -86.1896667
vn -12.7955141 34.2020035 -93.0940247
vn -10.4310341 64.2787552 -75.8909454
vn -6.80841875 86.6025314 -49.5342979
vn -2.36460757 98.4807739 -17.2030811
vn -6.91826057 98.4807663 -15.927207
vn -10.9588251 98.4807663 -13.4700851
vn -14.1866312 98.4807587 -10.0139484
vn -16.3622875 98.4807587 -5.81512403
vn -17.3244362 98.4807587 -1.18501699
vn -17.0017166 98.4807587 3.5329771
vn -15.4180632 98.4807587 7.98894501
vn -12.6909313 98.4807587 11.8524113
vn -9.02257919 98.4807663 14.8368368
vn -4.68507051 98.4807663 16.7208824
vn -13.4899254 86.6025238 48.1458626
vn -20.667696 64.2787399 73.7637405
vn -25.9792824 86.6025162 42.7209702
vn -36.5418854 86.6025009 34.1276588
vn -44.3943481 86.6024933 23.003252
vn -48.9542923 86.6024933 10.172801
vn -49.8835258 86.6024857 -3.41212106
vn -47.1131325 86.6024933 -16.7439804
vn -40.8485832 86.6025009 -28.8340168
vn -31.5544834 86.6025085 -38.7855644
vn -19.9201412 86.6025162 -45.8605652
vn -39.8025055 64.2787247 65.4523239
vn -55.9853477 64.2787094 52.2866058
vn -68.0160141 64.2786942 35.2430267
vn -75.0022507 64.2786865 15.5856352
vn -76.4259262 64.2786865 -5.2276721
vn -72.1814346 64.2786942 -25.6532669
vn -62.5835876 64.2787018 -44.1762772
vn -48.3442078 64.278717 -59.4229317
vn -30.5193596 64.2787323 -70.2624588
vn -70.7106094 -70.7107468 0
vn -70.7106094 -68.3013382 -18.3012695
vn -70.7106094 -67.2499161 -21.8508015
vn -70.7106171 -61.2373161 -35.3553391
vn -70.7106247 -57.2062111 -41.5626945
vn -70.7106247 -50.0000725 -50
vn -70.71064 -41.562767 -57.2061386
vn -70.71064 -35.3554115 -61.2372437
vn -70.7106552 -21.850872 -67.2498474
vn -70.7106628 -18.3013401 -68.3012695
vn -70.7106934 18.301199 -68.3012695
vn -70.710701 21.8507309 -67.2498474
vn -70.7107162 35.3552666 -61.2372437
vn -70.7107162 41.5626221 -57.2061386
vn -70.7107315 49.9999275 -50
vn -70.7107315 57.2060661 -41.5626945
vn -70.7107391 61.2371712 -35.3553391
vn -70.7107468 67.2497787 -21.8508015
vn -70.7107468 68.3012009 -18.3012695
vn -70.7107468 70.7106094 -0
vn 70.7106094 70.7107468 0
vn 70.7106094 68.3013382 -18.3012695
vn 70.7106094 67.2499161 -21.8508015
vn 70.7106171 61.2373161 -35.3553391
vn 70.7106247 57.2062111 -41.5626945
vn 70.7106247 50.0000725 -50
vn 70.71064 41.562767 -57.2061386
vn 70.71064 35.3554115 -61.2372437
vn 70.7106552 21.850872 -67.2498474
vn 70.7106628 18.3013401 -68.3012695
vn 70.7106934 -18.301199 -68.3012695
vn 70.710701 -21.8507309 -67.2498474
vn 70.7107162 -35.3552666 -61.2372437
vn 70.7107162 -41.5626221 -57.2061386
vn 70.7107315 -49.9999275 -50
vn 70.7107315 -57.2060661 -41.5626945
vn 70.7107391 -61.2371712 -35.3553391
vn 70.7107468 -67.2497787 -21.8508015
vn 70.7107468 -68.3012009 -18.3012695
vn 70.7107468 -70.7106094 0
vn 70.7107468 -68.3012009 18.3012695
vn 70.7107468 -67.2497787 21.8508015
vn 70.7107391 -61.2371712 35.3553391
vn 70.7107315 -57.2060661 41.5626945
vn 70.7107315 -49.9999275 50
vn 70.7107162 -41.5626221 57.2061386
vn 70.7107162 -35.3552666 61.2372437
vn 70.710701 -21.8507309 67.2498474
vn 70.7106934 -18.301199 68.3012695
vn 70.7106628 18.3013401 68.3012695
vn 70.7106552 21.850872 67.2498474
vn 70.71064 35.3554115 61.2372437
vn 70.71064 41.562767 57.2061386
vn 70.7106247 50.0000725 50
vn 70.7106247 57.2062111 41.5626945
vn 70.7106171 61.2373161 35.3553391
vn 70.7106094 67.2499161 21.8508015
vn 70.7106094 68.3013382 18.3012695
vn -70.7107468 68.3012009 18.3012695
vn -70.7107468 67.2497787 21.8508015
vn -70.7107391 61.2371712 35.3553391
vn -70.7107315 57.2060661 41.5626945
vn -70.7107315 49.9999275 50
vn -70.7107162 41.5626221 57.2061386
vn -70.7107162 35.3552666 61.2372437
vn -70.710701 21.8507309 67.2498474
vn -70.7106934 18.301199 68.3012695
vn -70.7106628 -18.3013401 68.3012695
vn -70.7106552 -21.850872 67.2498474
vn -70.71064 -35.3554115 61.2372437
vn -70.71064 -41.562767 57.2061386
vn -70.7106247 -50.0000725 50
vn -70.7106247 -57.2062111 41.5626945
vn -70.7106171 -61.2373161 35.3553391
vn -70.7106094 -67.2499161 21.8508015
vn -70.7106094 -68.3013382 18.3012695
vn 1.95090306e-05 -19.5090313 -98.0785294
vn -1.95090306e-05 19.5090313 -98.0785294
vn -2.58819036e-05 25.8819046 -96.5925827
vn -3.82683465e-05 38.2683449 -92.3879547
vn -4.99999987e-05 50 -86.6025391
vn -5.55570223e-05 55.5570221 -83.146965
vn -7.0710681e-05 70.7106781 -70.7106781
vn -8.31469661e-05 83.146965 -55.5570221
vn -8.66025366e-05 86.6025391 -50
vn -9.23879561e-05 92.3879547 -38.2683449
vn -9.65925792e-05 96.5925827 -25.8819046
vn -9.80785262e-05 98.0785294 -19.5090313
vn 2.58819036e-05 -25.8819046 -96.5925827
vn 3.82683465e-05 -38.2683449 -92.3879547
vn 4.99999987e-05 -50 -86.6025391
vn 5.55570223e-05 -55.5570221 -83.146965
vn 7.0710681e-05 -70.7106781 -70.7106781
vn 8.31469661e-05 -83.146965 -55.5570221
vn 8.66025366e-05 -86.6025391 -50
vn 9.23879561e-05 -92.3879547 -38.2683449
vn 9.65925792e-05 -96.5925827 -25.8819046
vn 9.80785262e-05 -98.0785294 -19.5090313
vn 3.09016978e-05 -30.9016991 -95.1056519
vn 5.87785253e-05 -58.7785263 -80.9017029
vn 8.09017001e-05 -80.9017029 -58.7785263
vn 9.510565e-05 -95.1056519 -30.9016991
vn 19.5090313 1.95090306e-05 -98.0785294
vn 38.2683449 3.82683465e-05 -92.3879547
vn 55.5570221 5.55570223e-05 -83.146965
vn 83.146965 8.31469661e-05 -55.5570221
vn 92.3879547 9.23879561e-05 -38.2683449
vn 98.0785294 9.80785262e-05 -19.5090313
vn 98.0785294 9.80785262e-05 19.5090313
vn 92.3879547 9.23879561e-05 38.2683449
vn 83.146965 8.31469661e-05 55.5570221
vn 55.5570221 5.55570223e-05 83.146965
vn 38.2683449 3.82683465e-05 92.3879547
vn 19.5090313 1.95090306e-05 98.0785294
vn -19.5090313 -1.95090306e-05 98.0785294
vn -38.2683449 -3.82683465e-05 92.3879547
vn -55.5570221 -5.55570223e-05 83.146965
vn -83.146965 -8.31469661e-05 55.5570221
vn -92.3879547 -9.23879561e-05 38.2683449
vn -98.0785294 -9.80785262e-05 19.5090313
vn -98.0785294 -9.80785262e-05 -19.5090313
vn -92.3879547 -9.23879561e-05 -38.2683449
vn -83.146965 -8.31469661e-05 -55.5570221
vn -55.5570221 -5.55570223e-05 -83.146965
vn -38.2683449 -3.82683465e-05 -92.3879547
vn -19.5090313 -1.95090306e-05 -98.0785294
vn 9.510565e-05 -95.1056519 30.9016991
vn 8.09017001e-05 -80.9017029 58.7785263
vn 5.87785253e-05 -58.7785263 80.9017029
vn 3.09016978e-05 -30.9016991 95.1056519
vn 9.80785262e-05 -98.0785294 19.5090313
vn 9.65925792e-05 -96.5925827 25.8819046
vn 9.23879561e-05 -92.3879547 38.2683449
vn 8.66025366e-05 -86.6025391 50
vn 8.31469661e-05 -83.146965 55.5570221
vn 7.0710681e-05 -70.7106781 70.7106781
vn 5.55570223e-05 -55.5570221 83.146965
vn 4.99999987e-05 -50 86.6025391
vn 3.82683465e-05 -38.2683449 92.3879547
vn 2.58819036e-05 -25.8819046 96.5925827
vn 1.95090306e-05 -19.5090313 98.0785294
vn -1.95090306e-05 19.5090313 98.0785294
vn -2.58819036e-05 25.8819046 96.5925827
vn -3.82683465e-05 38.2683449 92.3879547
vn -4.99999987e-05 50 86.6025391
vn -5.55570223e-05 55.5570221 83.146965
vn -7.0710681e-05 70.7106781 70.7106781
vn -8.31469661e-05 83.146965 55.5570221
vn -8.66025366e-05 86.6025391 50
vn -9.23879561e-05 92.3879547 38.2683449
vn -9.65925792e-05 96.5925827 25.8819046
vn -9.80785262e-05 98.0785294 19.5090313
vn 25.8818073 96.5926056 0

# Mesh 'NONE-lib' with 992 faces
g NONE-lib
usemtl MaterialFBXASC032FBXASC03528
f  1/1/1 2/2/2 3/3/3
f  4/3/3 5/2/2 6/4/2
f  7/3/3 8/4/2 9/5/4
f  10/5/4 11/4/2 12/6/2
f  13/5/4 14/6/2 15/7/5
f  16/7/5 17/6/2 18/8/2
f  19/7/5 20/8/2 21/9/6
f  22/9/6 23/8/2 24/10/2
f  25/9/6 26/10/2 27/11/7
f  28/11/7 29/10/2 30/12/2
f  31/11/7 32/12/2 33/13/8
f  34/13/8 35/12/2 36/14/2
f  37/13/8 38/14/2 39/15/9
f  40/15/9 41/14/2 42/16/2
f  43/15/9 44/16/2 45/17/10
f  46/17/10 47/16/2 48/18/2
f  49/17/10 50/18/2 51/19/11
f  52/19/11 53/18/2 54/20/2
f  55/19/11 56/20/2 57/21/12
f  58/21/12 59/20/2 60/22/2
f  61/21/12 62/22/2 63/23/13
f  64/23/13 65/22/2 66/24/2
f  67/23/13 68/24/2 69/25/14
f  70/23/13 71/25/14 72/26/15
f  73/26/15 74/25/14 75/27/16
f  76/26/15 77/27/16 78/28/17
f  79/28/17 80/27/16 81/29/18
f  82/28/17 83/29/18 84/30/19
f  85/30/19 86/29/18 87/31/20
f  88/30/19 89/31/20 90/32/21
f  91/32/21 92/31/20 93/33/22
f  94/32/21 95/34/23 96/30/19
f  97/30/19 98/34/23 99/35/24
f  100/30/19 101/35/24 102/36/25
f  103/36/25 104/35/24 105/37/26
f  106/36/25 107/37/26 108/38/27
f  109/38/27 110/37/26 111/39/28
f  112/38/27 113/39/28 114/17/10
f  115/17/10 116/39/28 117/15/9
f  118/34/23 119/40/29 120/35/24
f  121/35/24 122/40/29 123/41/30
f  124/35/24 125/41/30 126/37/26
f  127/37/26 128/41/30 129/42/31
f  130/37/26 131/42/31 132/39/28
f  133/39/28 134/42/31 135/43/32
f  136/39/28 137/43/32 138/15/9
f  139/15/9 140/43/32 141/13/8
f  142/40/29 143/44/33 144/41/30
f  145/41/30 146/44/33 147/45/34
f  148/41/30 149/45/34 150/42/31
f  151/42/31 152/45/34 153/46/35
f  154/42/31 155/46/35 156/43/32
f  157/43/32 158/46/35 159/47/36
f  160/43/32 161/47/36 162/13/8
f  163/13/8 164/47/36 165/11/7
f  166/44/33 167/48/37 168/45/34
f  169/45/34 170/48/37 171/49/38
f  172/45/34 173/49/38 174/46/35
f  175/46/35 176/49/38 177/50/39
f  178/46/35 179/50/39 180/47/36
f  181/47/36 182/50/39 183/51/40
f  184/47/36 185/51/40 186/11/7
f  187/11/7 188/51/40 189/9/6
f  190/48/37 191/52/41 192/49/38
f  193/49/38 194/52/41 195/53/42
f  196/49/38 197/53/42 198/50/39
f  199/50/39 200/53/42 201/54/43
f  202/50/39 203/54/43 204/51/40
f  205/51/40 206/54/43 207/55/44
f  208/51/40 209/55/44 210/9/6
f  211/9/6 212/55/44 213/7/5
f  214/52/41 215/56/45 216/53/42
f  217/53/42 218/56/45 219/57/46
f  220/53/42 221/57/46 222/54/43
f  223/54/43 224/57/46 225/58/47
f  226/54/43 227/58/47 228/55/44
f  229/55/44 230/58/47 231/59/48
f  232/55/44 233/59/48 234/7/5
f  235/7/5 236/59/48 237/5/4
f  238/56/45 239/60/49 240/57/46
f  241/57/46 242/60/49 243/61/50
f  244/57/46 245/61/50 246/58/47
f  247/58/47 248/61/50 249/62/51
f  250/58/47 251/62/51 252/59/48
f  253/59/48 254/62/51 255/63/52
f  256/59/48 257/63/52 258/5/4
f  259/5/4 260/63/52 261/3/3
f  262/60/49 263/64/53 264/61/50
f  265/61/50 266/64/53 267/65/54
f  268/61/50 269/65/54 270/62/51
f  271/62/51 272/65/54 273/66/55
f  274/62/51 275/66/55 276/63/52
f  277/63/52 278/66/55 279/67/56
f  280/63/52 281/67/56 282/3/3
f  283/3/3 284/67/56 285/1/1
f  286/64/53 287/68/57 288/65/54
f  289/65/54 290/68/57 291/69/58
f  292/65/54 293/69/58 294/66/55
f  295/66/55 296/69/58 297/70/59
f  298/66/55 299/70/59 300/67/56
f  301/67/56 302/70/59 303/71/60
f  304/67/56 305/71/60 306/1/1
f  307/68/57 308/72/61 309/69/58
f  310/69/58 311/72/61 312/73/62
f  313/69/58 314/73/62 315/70/59
f  316/70/59 317/73/62 318/74/63
f  319/70/59 320/74/63 321/71/60
f  322/72/61 323/75/64 324/73/62
f  325/73/62 326/75/64 327/76/65
f  328/73/62 329/76/65 330/74/63
f  331/17/10 332/19/11 333/38/27
f  334/38/27 335/19/11 336/77/66
f  337/38/27 338/77/66 339/36/25
f  340/36/25 341/77/66 342/28/17
f  343/36/25 344/28/17 345/30/19
f  346/19/11 347/21/12 348/77/66
f  349/77/66 350/21/12 351/26/15
f  352/77/66 353/26/15 354/28/17
f  355/23/13 356/26/15 357/21/12
f  358/78/22 359/79/22 360/80/21
f  361/80/21 362/79/22 363/81/21
f  364/80/21 365/81/21 366/82/23
f  367/82/23 368/81/21 369/83/23
f  370/82/23 371/83/23 372/84/29
f  373/84/29 374/83/23 375/85/29
f  376/84/29 377/85/29 378/86/33
f  379/86/33 380/85/29 381/87/33
f  382/86/33 383/87/33 384/88/37
f  385/88/37 386/87/33 387/89/37
f  388/88/37 389/89/37 390/90/41
f  391/90/41 392/89/37 393/91/41
f  394/90/41 395/91/41 396/92/45
f  397/90/41 398/92/45 399/93/45
f  400/93/45 401/92/45 402/94/49
f  403/93/45 404/94/49 405/95/49
f  406/95/49 407/94/49 408/96/53
f  409/95/49 410/96/53 411/97/53
f  412/97/53 413/96/53 414/98/57
f  415/97/53 416/98/57 417/99/57
f  418/99/57 419/98/57 420/100/61
f  421/99/57 422/100/61 423/101/61
f  424/101/61 425/100/61 426/102/64
f  427/101/61 428/102/64 429/103/64
f  430/1/1 431/2/2 432/3/3
f  433/3/3 434/2/2 435/4/2
f  436/3/3 437/4/2 438/5/4
f  439/5/4 440/4/2 441/6/2
f  442/5/4 443/6/2 444/7/5
f  445/7/5 446/6/2 447/8/2
f  448/7/5 449/8/2 450/9/6
f  451/9/6 452/8/2 453/10/2
f  454/9/6 455/10/2 456/11/7
f  457/11/7 458/10/2 459/12/2
f  460/11/7 461/12/2 462/13/8
f  463/13/8 464/12/2 465/14/2
f  466/13/8 467/14/2 468/15/9
f  469/15/9 470/14/2 471/16/2
f  472/15/9 473/16/2 474/17/10
f  475/17/10 476/16/2 477/18/2
f  478/17/10 479/18/2 480/19/11
f  481/19/11 482/18/2 483/20/2
f  484/19/11 485/20/2 486/21/12
f  487/21/12 488/20/2 489/22/2
f  490/21/12 491/22/2 492/23/13
f  493/23/13 494/22/2 495/24/2
f  496/23/13 497/24/2 498/25/14
f  499/23/13 500/25/14 501/26/15
f  502/26/15 503/25/14 504/27/16
f  505/26/15 506/27/16 507/28/17
f  508/28/17 509/27/16 510/29/18
f  511/28/17 512/29/18 513/30/19
f  514/30/19 515/29/18 516/31/20
f  517/30/19 518/31/20 519/32/21
f  520/32/21 521/31/20 522/33/22
f  523/32/21 524/34/23 525/30/19
f  526/30/19 527/34/23 528/35/24
f  529/30/19 530/35/24 531/36/25
f  532/36/25 533/35/24 534/37/26
f  535/36/25 536/37/26 537/38/27
f  538/38/27 539/37/26 540/39/28
f  541/38/27 542/39/28 543/17/10
f  544/17/10 545/39/28 546/15/9
f  547/34/23 548/40/29 549/35/24
f  550/35/24 551/40/29 552/41/30
f  553/35/24 554/41/30 555/37/26
f  556/37/26 557/41/30 558/42/31
f  559/37/26 560/42/31 561/39/28
f  562/39/28 563/42/31 564/43/32
f  565/39/28 566/43/32 567/15/9
f  568/15/9 569/43/32 570/13/8
f  571/40/29 572/44/33 573/41/30
f  574/41/30 575/44/33 576/45/34
f  577/41/30 578/45/34 579/42/31
f  580/42/31 581/45/34 582/46/35
f  583/42/31 584/46/35 585/43/32
f  586/43/32 587/46/35 588/47/36
f  589/43/32 590/47/36 591/13/8
f  592/13/8 593/47/36 594/11/7
f  595/44/33 596/48/37 597/45/34
f  598/45/34 599/48/37 600/49/38
f  601/45/34 602/49/38 603/46/35
f  604/46/35 605/49/38 606/50/39
f  607/46/35 608/50/39 609/47/36
f  610/47/36 611/50/39 612/51/40
f  613/47/36 614/51/40 615/11/7
f  616/11/7 617/51/40 618/9/6
f  619/48/37 620/52/41 621/49/38
f  622/49/38 623/52/41 624/53/42
f  625/49/38 626/53/42 627/50/39
f  628/50/39 629/53/42 630/54/43
f  631/50/39 632/54/43 633/51/40
f  634/51/40 635/54/43 636/55/44
f  637/51/40 638/55/44 639/9/6
f  640/9/6 641/55/44 642/7/5
f  643/52/41 644/56/45 645/53/42
f  646/53/42 647/56/45 648/57/46
f  649/53/42 650/57/46 651/54/43
f  652/54/43 653/57/46 654/58/47
f  655/54/43 656/58/47 657/55/44
f  658/55/44 659/58/47 660/59/48
f  661/55/44 662/59/48 663/7/5
f  664/7/5 665/59/48 666/5/4
f  667/56/45 668/60/49 669/57/46
f  670/57/46 671/60/49 672/61/50
f  673/57/46 674/61/50 675/58/47
f  676/58/47 677/61/50 678/62/51
f  679/58/47 680/62/51 681/59/48
f  682/59/48 683/62/51 684/63/52
f  685/59/48 686/63/52 687/5/4
f  688/5/4 689/63/52 690/3/3
f  691/60/49 692/64/53 693/61/50
f  694/61/50 695/64/53 696/65/54
f  697/61/50 698/65/54 699/62/51
f  700/62/51 701/65/54 702/66/55
f  703/62/51 704/66/55 705/63/52
f  706/63/52 707/66/55 708/67/56
f  709/63/52 710/67/56 711/3/3
f  712/3/3 713/67/56 714/1/1
f  715/64/53 716/68/57 717/65/54
f  718/65/54 719/68/57 720/69/58
f  721/65/54 722/69/58 723/66/55
f  724/66/55 725/69/58 726/70/59
f  727/66/55 728/70/59 729/67/56
f  730/67/56 731/70/59 732/71/60
f  733/67/56 734/71/60 735/1/1
f  736/68/57 737/72/61 738/69/58
f  739/69/58 740/72/61 741/73/62
f  742/69/58 743/73/62 744/70/59
f  745/70/59 746/73/62 747/74/63
f  748/70/59 749/74/63 750/71/60
f  751/72/61 752/75/64 753/73/62
f  754/73/62 755/75/64 756/76/65
f  757/73/62 758/76/65 759/74/63
f  760/17/10 761/19/11 762/38/27
f  763/38/27 764/19/11 765/77/66
f  766/38/27 767/77/66 768/36/25
f  769/36/25 770/77/66 771/28/17
f  772/36/25 773/28/17 774/30/19
f  775/19/11 776/21/12 777/77/66
f  778/77/66 779/21/12 780/26/15
f  781/77/66 782/26/15 783/28/17
f  784/23/13 785/26/15 786/21/12
f  787/104/22 788/105/21 789/106/22
f  790/106/22 791/105/21 792/107/21
f  793/107/21 794/105/21 795/108/23
f  796/107/21 797/108/23 798/109/23
f  799/109/23 800/108/23 801/110/29
f  802/109/23 803/110/29 804/111/29
f  805/111/29 806/110/29 807/112/33
f  808/111/29 809/112/33 810/113/33
f  811/113/33 812/112/33 813/114/37
f  814/113/33 815/114/37 816/115/37
f  817/115/37 818/114/37 819/116/41
f  820/115/37 821/116/41 822/117/41
f  823/117/41 824/116/41 825/118/45
f  826/118/45 827/116/41 828/119/45
f  829/118/45 830/119/45 831/120/49
f  832/120/49 833/119/45 834/121/49
f  835/120/49 836/121/49 837/122/53
f  838/122/53 839/121/49 840/123/53
f  841/122/53 842/123/53 843/124/57
f  844/124/57 845/123/53 846/125/57
f  847/124/57 848/125/57 849/126/61
f  850/126/61 851/125/57 852/127/61
f  853/126/61 854/127/61 855/128/64
f  856/128/64 857/127/61 858/129/64
f  859/75/64 860/130/61 861/131/64
f  862/131/64 863/130/61 864/132/61
f  865/132/61 866/130/61 867/133/57
f  868/132/61 869/133/57 870/134/57
f  871/134/57 872/133/57 873/135/53
f  874/134/57 875/135/53 876/136/53
f  877/136/53 878/135/53 879/137/49
f  880/136/53 881/137/49 882/138/49
f  883/138/49 884/137/49 885/139/45
f  886/138/49 887/139/45 888/140/45
f  889/140/45 890/139/45 891/141/41
f  892/140/45 893/141/41 894/142/41
f  895/142/41 896/141/41 897/143/37
f  898/142/41 899/143/37 900/144/37
f  901/144/37 902/143/37 903/145/33
f  904/144/37 905/145/33 906/146/33
f  907/146/33 908/145/33 909/147/29
f  910/146/33 911/147/29 912/148/29
f  913/148/29 914/147/29 915/149/23
f  916/148/29 917/149/23 918/150/23
f  919/150/23 920/149/23 921/151/21
f  922/150/23 923/151/21 924/152/21
f  925/152/21 926/151/21 927/153/22
f  928/153/22 929/151/21 930/154/22
f  931/75/64 932/130/61 933/131/64
f  934/131/64 935/130/61 936/132/61
f  937/132/61 938/130/61 939/133/57
f  940/132/61 941/133/57 942/134/57
f  943/134/57 944/133/57 945/135/53
f  946/134/57 947/135/53 948/136/53
f  949/136/53 950/135/53 951/137/49
f  952/136/53 953/137/49 954/138/49
f  955/138/49 956/137/49 957/139/45
f  958/138/49 959/139/45 960/140/45
f  961/140/45 962/139/45 963/141/41
f  964/140/45 965/141/41 966/142/41
f  967/142/41 968/141/41 969/143/37
f  970/142/41 971/143/37 972/144/37
f  973/144/37 974/143/37 975/145/33
f  976/144/37 977/145/33 978/146/33
f  979/146/33 980/145/33 981/147/29
f  982/146/33 983/147/29 984/148/29
f  985/148/29 986/147/29 987/149/23
f  988/148/29 989/149/23 990/150/23
f  991/150/23 992/149/23 993/151/21
f  994/150/23 995/151/21 996/152/21
f  997/152/21 998/151/21 999/153/22
f  1000/153/22 1001/151/21 1002/154/22
f  1003/75/64 1004/155/61 1005/156/64
f  1006/156/64 1007/155/61 1008/157/61
f  1009/157/61 1010/155/61 1011/158/57
f  1012/157/61 1013/158/57 1014/159/57
f  1015/159/57 1016/158/57 1017/160/53
f  1018/159/57 1019/160/53 1020/161/53
f  1021/161/53 1022/160/53 1023/162/49
f  1024/161/53 1025/162/49 1026/163/49
f  1027/163/49 1028/162/49 1029/164/45
f  1030/163/49 1031/164/45 1032/165/45
f  1033/165/45 1034/164/45 1035/166/41
f  1036/165/45 1037/166/41 1038/167/41
f  1039/167/41 1040/166/41 1041/168/37
f  1042/167/41 1043/168/37 1044/169/37
f  1045/169/37 1046/168/37 1047/170/33
f  1048/169/37 1049/170/33 1050/171/33
f  1051/171/33 1052/170/33 1053/172/29
f  1054/171/33 1055/172/29 1056/173/29
f  1057/173/29 1058/172/29 1059/174/23
f  1060/173/29 1061/174/23 1062/175/23
f  1063/175/23 1064/174/23 1065/176/21
f  1066/175/23 1067/176/21 1068/177/21
f  1069/177/21 1070/176/21 1071/178/22
f  1072/178/22 1073/176/21 1074/179/22
f  1075/75/64 1076/155/61 1077/156/64
f  1078/156/64 1079/155/61 1080/157/61
f  1081/157/61 1082/155/61 1083/158/57
f  1084/157/61 1085/158/57 1086/159/57
f  1087/159/57 1088/158/57 1089/160/53
f  1090/159/57 1091/160/53 1092/161/53
f  1093/161/53 1094/160/53 1095/162/49
f  1096/161/53 1097/162/49 1098/163/49
f  1099/163/49 1100/162/49 1101/164/45
f  1102/163/49 1103/164/45 1104/165/45
f  1105/165/45 1106/164/45 1107/166/41
f  1108/165/45 1109/166/41 1110/167/41
f  1111/167/41 1112/166/41 1113/168/37
f  1114/167/41 1115/168/37 1116/169/37
f  1117/169/37 1118/168/37 1119/170/33
f  1120/169/37 1121/170/33 1122/171/33
f  1123/171/33 1124/170/33 1125/172/29
f  1126/171/33 1127/172/29 1128/173/29
f  1129/173/29 1130/172/29 1131/174/23
f  1132/173/29 1133/174/23 1134/175/23
f  1135/175/23 1136/174/23 1137/176/21
f  1138/175/23 1139/176/21 1140/177/21
f  1141/177/21 1142/176/21 1143/178/22
f  1144/178/22 1145/176/21 1146/179/22
f  1147/180/22 1148/181/22 1149/182/67
f  1150/182/67 1151/181/22 1152/183/67
f  1153/182/67 1154/183/67 1155/184/68
f  1156/182/67 1157/184/68 1158/185/68
f  1159/185/68 1160/184/68 1161/186/69
f  1162/185/68 1163/186/69 1164/187/69
f  1165/187/69 1166/186/69 1167/188/70
f  1168/187/69 1169/188/70 1170/189/70
f  1171/189/70 1172/188/70 1173/190/71
f  1174/189/70 1175/190/71 1176/191/71
f  1177/191/71 1178/190/71 1179/192/72
f  1180/191/71 1181/192/72 1182/193/72
f  1183/193/72 1184/192/72 1185/194/73
f  1186/193/72 1187/194/73 1188/195/73
f  1189/195/73 1190/194/73 1191/196/74
f  1192/195/73 1193/196/74 1194/197/74
f  1195/197/74 1196/196/74 1197/198/75
f  1198/197/74 1199/198/75 1200/199/75
f  1201/199/75 1202/198/75 1203/200/76
f  1204/199/75 1205/200/76 1206/201/76
f  1207/201/76 1208/200/76 1209/202/77
f  1210/201/76 1211/202/77 1212/203/77
f  1213/203/77 1214/202/77 1215/75/64
f  1216/203/77 1217/75/64 1218/156/64
f  1219/180/22 1220/181/22 1221/182/67
f  1222/182/67 1223/181/22 1224/183/67
f  1225/182/67 1226/183/67 1227/184/68
f  1228/182/67 1229/184/68 1230/185/68
f  1231/185/68 1232/184/68 1233/186/69
f  1234/185/68 1235/186/69 1236/187/69
f  1237/187/69 1238/186/69 1239/188/70
f  1240/187/69 1241/188/70 1242/189/70
f  1243/189/70 1244/188/70 1245/190/71
f  1246/189/70 1247/190/71 1248/191/71
f  1249/191/71 1250/190/71 1251/192/72
f  1252/191/71 1253/192/72 1254/193/72
f  1255/193/72 1256/192/72 1257/194/73
f  1258/193/72 1259/194/73 1260/195/73
f  1261/195/73 1262/194/73 1263/196/74
f  1264/195/73 1265/196/74 1266/197/74
f  1267/197/74 1268/196/74 1269/198/75
f  1270/197/74 1271/198/75 1272/199/75
f  1273/199/75 1274/198/75 1275/200/76
f  1276/199/75 1277/200/76 1278/201/76
f  1279/201/76 1280/200/76 1281/202/77
f  1282/201/76 1283/202/77 1284/203/77
f  1285/203/77 1286/202/77 1287/75/64
f  1288/203/77 1289/75/64 1290/156/64
f  1291/204/78 1292/205/78 1293/206/78
f  1294/206/78 1295/205/78 1296/207/78
f  1297/206/78 1298/207/78 1299/208/78
f  1300/208/78 1301/207/78 1302/209/78
f  1303/208/78 1304/209/78 1305/210/78
f  1306/210/78 1307/209/78 1308/211/78
f  1309/210/78 1310/211/78 1311/212/78
f  1312/212/78 1313/211/78 1314/213/78
f  1315/212/78 1316/213/78 1317/214/78
f  1318/214/78 1319/213/78 1320/215/78
f  1321/214/78 1322/215/78 1323/216/78
f  1324/216/78 1325/215/78 1326/217/78
f  1327/216/78 1328/217/78 1329/218/78
f  1330/205/78 1331/204/78 1332/219/78
f  1333/219/78 1334/204/78 1335/220/78
f  1336/219/78 1337/220/78 1338/221/78
f  1339/221/78 1340/220/78 1341/222/78
f  1342/221/78 1343/222/78 1344/223/78
f  1345/223/78 1346/222/78 1347/224/78
f  1348/223/78 1349/224/78 1350/225/78
f  1351/225/78 1352/224/78 1353/226/78
f  1354/225/78 1355/226/78 1356/227/78
f  1357/228/22 1358/229/22 1359/230/67
f  1360/230/67 1361/229/22 1362/231/67
f  1363/230/67 1364/231/67 1365/232/68
f  1366/230/67 1367/232/68 1368/233/68
f  1369/233/68 1370/232/68 1371/234/69
f  1372/233/68 1373/234/69 1374/235/69
f  1375/235/69 1376/234/69 1377/236/70
f  1378/235/69 1379/236/70 1380/237/70
f  1381/237/70 1382/236/70 1383/238/71
f  1384/237/70 1385/238/71 1386/239/71
f  1387/239/71 1388/238/71 1389/240/72
f  1390/239/71 1391/240/72 1392/241/72
f  1393/241/72 1394/240/72 1395/242/73
f  1396/241/72 1397/242/73 1398/243/73
f  1399/243/73 1400/242/73 1401/244/74
f  1402/243/73 1403/244/74 1404/245/74
f  1405/245/74 1406/244/74 1407/246/75
f  1408/245/74 1409/246/75 1410/247/75
f  1411/247/75 1412/246/75 1413/248/76
f  1414/247/75 1415/248/76 1416/249/76
f  1417/249/76 1418/248/76 1419/250/77
f  1420/249/76 1421/250/77 1422/251/77
f  1423/251/77 1424/250/77 1425/75/64
f  1426/251/77 1427/75/64 1428/131/64
f  1429/252/78 1430/253/78 1431/254/78
f  1432/254/78 1433/253/78 1434/255/78
f  1435/254/78 1436/255/78 1437/256/78
f  1438/256/78 1439/255/78 1440/257/78
f  1441/256/78 1442/257/78 1443/258/78
f  1444/258/78 1445/257/78 1446/259/78
f  1447/258/78 1448/259/78 1449/260/78
f  1450/260/78 1451/259/78 1452/261/78
f  1453/260/78 1454/261/78 1455/262/78
f  1456/262/78 1457/261/78 1458/263/78
f  1459/262/78 1460/263/78 1461/264/78
f  1462/264/78 1463/263/78 1464/265/78
f  1465/264/78 1466/265/78 1467/266/78
f  1468/266/78 1469/265/78 1470/267/78
f  1471/267/78 1472/265/78 1473/268/78
f  1474/267/78 1475/268/78 1476/269/78
f  1477/269/78 1478/268/78 1479/270/78
f  1480/269/78 1481/270/78 1482/271/78
f  1483/271/78 1484/270/78 1485/272/78
f  1486/271/78 1487/272/78 1488/273/78
f  1489/273/78 1490/272/78 1491/274/78
f  1492/273/78 1493/274/78 1494/275/78
f  1495/275/78 1496/274/78 1497/276/78
f  1498/275/78 1499/276/78 1500/277/78
f  1501/277/78 1502/276/78 1503/278/78
f  1504/277/78 1505/278/78 1506/279/78
f  1507/277/78 1508/279/78 1509/280/78
f  1510/280/78 1511/279/78 1512/281/78
f  1513/280/78 1514/281/78 1515/282/78
f  1516/282/78 1517/281/78 1518/283/78
f  1519/282/78 1520/283/78 1521/284/78
f  1522/284/78 1523/283/78 1524/285/78
f  1525/284/78 1526/285/78 1527/286/78
f  1528/286/78 1529/285/78 1530/287/78
f  1531/286/78 1532/287/78 1533/288/78
f  1534/288/78 1535/287/78 1536/289/78
f  1537/288/78 1538/289/78 1539/290/78
f  1540/290/78 1541/289/78 1542/291/78
f  1543/291/78 1544/289/78 1545/292/78
f  1546/291/78 1547/292/78 1548/293/78
f  1549/293/78 1550/292/78 1551/294/78
f  1552/293/78 1553/294/78 1554/295/78
f  1555/295/78 1556/294/78 1557/296/78
f  1558/295/78 1559/296/78 1560/297/78
f  1561/297/78 1562/296/78 1563/298/78
f  1564/297/78 1565/298/78 1566/299/78
f  1567/299/78 1568/298/78 1569/252/78
f  1570/299/78 1571/252/78 1572/254/78
f  1573/204/78 1574/205/78 1575/206/78
f  1576/206/78 1577/205/78 1578/207/78
f  1579/206/78 1580/207/78 1581/208/78
f  1582/208/78 1583/207/78 1584/209/78
f  1585/208/78 1586/209/78 1587/210/78
f  1588/210/78 1589/209/78 1590/211/78
f  1591/210/78 1592/211/78 1593/212/78
f  1594/212/78 1595/211/78 1596/213/78
f  1597/212/78 1598/213/78 1599/214/78
f  1600/214/78 1601/213/78 1602/215/78
f  1603/214/78 1604/215/78 1605/216/78
f  1606/216/78 1607/215/78 1608/217/78
f  1609/216/78 1610/217/78 1611/218/78
f  1612/205/78 1613/204/78 1614/219/78
f  1615/219/78 1616/204/78 1617/220/78
f  1618/219/78 1619/220/78 1620/221/78
f  1621/221/78 1622/220/78 1623/222/78
f  1624/221/78 1625/222/78 1626/223/78
f  1627/223/78 1628/222/78 1629/224/78
f  1630/223/78 1631/224/78 1632/225/78
f  1633/225/78 1634/224/78 1635/226/78
f  1636/225/78 1637/226/78 1638/227/78
f  1639/228/22 1640/229/22 1641/230/67
f  1642/230/67 1643/229/22 1644/231/67
f  1645/230/67 1646/231/67 1647/232/68
f  1648/230/67 1649/232/68 1650/233/68
f  1651/233/68 1652/232/68 1653/234/69
f  1654/233/68 1655/234/69 1656/235/69
f  1657/235/69 1658/234/69 1659/236/70
f  1660/235/69 1661/236/70 1662/237/70
f  1663/237/70 1664/236/70 1665/238/71
f  1666/237/70 1667/238/71 1668/239/71
f  1669/239/71 1670/238/71 1671/240/72
f  1672/239/71 1673/240/72 1674/241/72
f  1675/241/72 1676/240/72 1677/242/73
f  1678/241/72 1679/242/73 1680/243/73
f  1681/243/73 1682/242/73 1683/244/74
f  1684/243/73 1685/244/74 1686/245/74
f  1687/245/74 1688/244/74 1689/246/75
f  1690/245/74 1691/246/75 1692/247/75
f  1693/247/75 1694/246/75 1695/248/76
f  1696/247/75 1697/248/76 1698/249/76
f  1699/249/76 1700/248/76 1701/250/77
f  1702/249/76 1703/250/77 1704/251/77
f  1705/251/77 1706/250/77 1707/75/64
f  1708/251/77 1709/75/64 1710/131/64
f  1711/300/78 1712/301/78 1713/302/78
f  1714/302/78 1715/301/78 1716/303/78
f  1717/302/78 1718/303/78 1719/304/78
f  1720/304/78 1721/303/78 1722/305/78
f  1723/304/78 1724/305/78 1725/306/78
f  1726/306/78 1727/305/78 1728/307/78
f  1729/306/78 1730/307/78 1731/308/78
f  1732/308/78 1733/307/78 1734/309/78
f  1735/308/78 1736/309/78 1737/310/78
f  1738/310/78 1739/309/78 1740/311/78
f  1741/310/78 1742/311/78 1743/312/78
f  1744/312/78 1745/311/78 1746/313/78
f  1747/312/78 1748/313/78 1749/314/78
f  1750/314/78 1751/313/78 1752/315/78
f  1753/315/78 1754/313/78 1755/316/78
f  1756/315/78 1757/316/78 1758/317/78
f  1759/317/78 1760/316/78 1761/318/78
f  1762/317/78 1763/318/78 1764/319/78
f  1765/319/78 1766/318/78 1767/320/78
f  1768/319/78 1769/320/78 1770/321/78
f  1771/321/78 1772/320/78 1773/322/78
f  1774/321/78 1775/322/78 1776/323/78
f  1777/323/78 1778/322/78 1779/324/78
f  1780/323/78 1781/324/78 1782/325/78
f  1783/325/78 1784/324/78 1785/326/78
f  1786/325/78 1787/326/78 1788/327/78
f  1789/325/78 1790/327/78 1791/328/78
f  1792/328/78 1793/327/78 1794/329/78
f  1795/328/78 1796/329/78 1797/330/78
f  1798/330/78 1799/329/78 1800/331/78
f  1801/330/78 1802/331/78 1803/332/78
f  1804/332/78 1805/331/78 1806/333/78
f  1807/332/78 1808/333/78 1809/334/78
f  1810/334/78 1811/333/78 1812/335/78
f  1813/334/78 1814/335/78 1815/336/78
f  1816/336/78 1817/335/78 1818/337/78
f  1819/336/78 1820/337/78 1821/338/78
f  1822/338/78 1823/337/78 1824/339/78
f  1825/339/78 1826/337/78 1827/340/78
f  1828/339/78 1829/340/78 1830/341/78
f  1831/341/78 1832/340/78 1833/342/78
f  1834/341/78 1835/342/78 1836/343/78
f  1837/343/78 1838/342/78 1839/344/78
f  1840/343/78 1841/344/78 1842/345/78
f  1843/345/78 1844/344/78 1845/346/78
f  1846/345/78 1847/346/78 1848/347/78
f  1849/347/78 1850/346/78 1851/300/78
f  1852/347/78 1853/300/78 1854/302/78
f  1855/348/64 1856/349/64 1857/350/77
f  1858/350/77 1859/349/64 1860/351/77
f  1861/350/77 1862/351/77 1863/352/76
f  1864/352/76 1865/351/77 1866/353/76
f  1867/352/76 1868/353/76 1869/354/75
f  1870/354/75 1871/353/76 1872/355/75
f  1873/354/75 1874/355/75 1875/356/74
f  1876/356/74 1877/355/75 1878/357/74
f  1879/356/74 1880/357/74 1881/358/73
f  1882/358/73 1883/357/74 1884/359/73
f  1885/358/73 1886/359/73 1887/360/72
f  1888/360/72 1889/359/73 1890/361/72
f  1891/360/72 1892/361/72 1893/362/71
f  1894/360/72 1895/362/71 1896/363/71
f  1897/363/71 1898/362/71 1899/364/70
f  1900/363/71 1901/364/70 1902/365/70
f  1903/365/70 1904/364/70 1905/366/69
f  1906/365/70 1907/366/69 1908/367/69
f  1909/367/69 1910/366/69 1911/368/68
f  1912/367/69 1913/368/68 1914/369/68
f  1915/369/68 1916/368/68 1917/370/67
f  1918/369/68 1919/370/67 1920/371/67
f  1921/371/67 1922/370/67 1923/104/22
f  1924/371/67 1925/104/22 1926/106/22
f  1927/372/79 1928/373/79 1929/374/79
f  1930/374/79 1931/373/79 1932/375/79
f  1933/374/79 1934/375/79 1935/376/79
f  1936/376/79 1937/375/79 1938/377/79
f  1939/376/79 1940/377/79 1941/378/79
f  1942/378/79 1943/377/79 1944/379/79
f  1945/378/79 1946/379/79 1947/380/79
f  1948/380/79 1949/379/79 1950/381/79
f  1951/380/79 1952/381/79 1953/382/79
f  1954/382/79 1955/381/79 1956/383/79
f  1957/382/79 1958/383/79 1959/384/79
f  1960/384/79 1961/383/79 1962/385/79
f  1963/384/79 1964/385/79 1965/386/79
f  1966/386/79 1967/385/79 1968/387/79
f  1969/387/79 1970/385/79 1971/388/79
f  1972/387/79 1973/388/79 1974/389/79
f  1975/389/79 1976/388/79 1977/390/79
f  1978/389/79 1979/390/79 1980/391/79
f  1981/391/79 1982/390/79 1983/392/79
f  1984/391/79 1985/392/79 1986/393/79
f  1987/393/79 1988/392/79 1989/394/79
f  1990/393/79 1991/394/79 1992/395/79
f  1993/395/79 1994/394/79 1995/396/79
f  1996/395/79 1997/396/79 1998/397/79
f  1999/397/79 2000/396/79 2001/398/79
f  2002/397/79 2003/398/79 2004/399/79
f  2005/397/79 2006/399/79 2007/400/79
f  2008/400/79 2009/399/79 2010/401/79
f  2011/400/79 2012/401/79 2013/402/79
f  2014/402/79 2015/401/79 2016/403/79
f  2017/402/79 2018/403/79 2019/404/79
f  2020/404/79 2021/403/79 2022/405/79
f  2023/404/79 2024/405/79 2025/406/79
f  2026/406/79 2027/405/79 2028/407/79
f  2029/406/79 2030/407/79 2031/408/79
f  2032/408/79 2033/407/79 2034/409/79
f  2035/408/79 2036/409/79 2037/410/79
f  2038/410/79 2039/409/79 2040/411/79
f  2041/411/79 2042/409/79 2043/412/79
f  2044/411/79 2045/412/79 2046/413/79
f  2047/413/79 2048/412/79 2049/414/79
f  2050/413/79 2051/414/79 2052/415/79
f  2053/415/79 2054/414/79 2055/416/79
f  2056/415/79 2057/416/79 2058/417/79
f  2059/417/79 2060/416/79 2061/418/79
f  2062/417/79 2063/418/79 2064/419/79
f  2065/419/79 2066/418/79 2067/372/79
f  2068/419/79 2069/372/79 2070/374/79
f  2071/420/2 2072/421/2 2073/422/2
f  2074/422/2 2075/421/2 2076/423/2
f  2077/422/2 2078/423/2 2079/424/2
f  2080/424/2 2081/423/2 2082/425/2
f  2083/424/2 2084/425/2 2085/426/2
f  2086/426/2 2087/425/2 2088/427/2
f  2089/426/2 2090/427/2 2091/428/2
f  2092/428/2 2093/427/2 2094/429/2
f  2095/428/2 2096/429/2 2097/430/2
f  2098/430/2 2099/429/2 2100/431/2
f  2101/430/2 2102/431/2 2103/432/2
f  2104/432/2 2105/431/2 2106/433/2
f  2107/421/2 2108/420/2 2109/434/2
f  2110/434/2 2111/420/2 2112/435/2
f  2113/434/2 2114/435/2 2115/436/2
f  2116/436/2 2117/435/2 2118/437/2
f  2119/436/2 2120/437/2 2121/438/2
f  2122/438/2 2123/437/2 2124/439/2
f  2125/438/2 2126/439/2 2127/440/2
f  2128/440/2 2129/439/2 2130/441/2
f  2131/442/22 2132/443/20 2133/444/67
f  2134/444/67 2135/443/20 2136/445/80
f  2137/444/67 2138/445/80 2139/446/68
f  2140/446/68 2141/445/80 2142/447/81
f  2143/446/68 2144/447/81 2145/448/69
f  2146/448/69 2147/447/81 2148/449/82
f  2149/448/69 2150/449/82 2151/450/70
f  2152/450/70 2153/449/82 2154/451/83
f  2155/450/70 2156/451/83 2157/452/71
f  2158/452/71 2159/451/83 2160/453/84
f  2161/452/71 2162/453/84 2163/454/72
f  2164/454/72 2165/453/84 2166/455/85
f  2167/454/72 2168/455/85 2169/456/73
f  2170/456/73 2171/455/85 2172/457/86
f  2173/456/73 2174/457/86 2175/458/74
f  2176/458/74 2177/457/86 2178/459/87
f  2179/458/74 2180/459/87 2181/460/75
f  2182/460/75 2183/459/87 2184/461/88
f  2185/460/75 2186/461/88 2187/462/76
f  2188/462/76 2189/461/88 2190/463/89
f  2191/462/76 2192/463/89 2193/464/77
f  2194/464/77 2195/463/89 2196/465/90
f  2197/464/77 2198/465/90 2199/75/64
f  2200/75/64 2201/465/90 2202/76/65
f  2203/76/65 2204/465/90 2205/74/63
f  2206/74/63 2207/465/90 2208/466/91
f  2209/74/63 2210/466/91 2211/71/60
f  2212/71/60 2213/466/91 2214/467/92
f  2215/71/60 2216/467/92 2217/1/1
f  2218/1/1 2219/467/92 2220/468/93
f  2221/1/1 2222/468/93 2223/2/2
f  2224/2/2 2225/468/93 2226/469/2
f  2227/469/2 2228/468/93 2229/470/94
f  2230/469/2 2231/470/94 2232/471/2
f  2233/471/2 2234/470/94 2235/472/95
f  2236/471/2 2237/472/95 2238/473/2
f  2239/473/2 2240/472/95 2241/474/96
f  2242/473/2 2243/474/96 2244/475/2
f  2245/475/2 2246/474/96 2247/476/97
f  2248/475/2 2249/476/97 2250/477/2
f  2251/477/2 2252/476/97 2253/478/98
f  2254/477/2 2255/478/98 2256/479/2
f  2257/479/2 2258/478/98 2259/480/99
f  2260/479/2 2261/480/99 2262/481/2
f  2263/481/2 2264/480/99 2265/482/100
f  2266/481/2 2267/482/100 2268/483/2
f  2269/483/2 2270/482/100 2271/484/101
f  2272/483/2 2273/484/101 2274/485/2
f  2275/485/2 2276/484/101 2277/486/102
f  2278/485/2 2279/486/102 2280/487/2
f  2281/487/2 2282/486/102 2283/488/103
f  2284/487/2 2285/488/103 2286/489/2
f  2287/489/2 2288/488/103 2289/490/14
f  2290/490/14 2291/488/103 2292/491/104
f  2293/490/14 2294/491/104 2295/492/16
f  2296/492/16 2297/491/104 2298/493/105
f  2299/492/16 2300/493/105 2301/494/18
f  2302/494/18 2303/493/105 2304/445/80
f  2305/494/18 2306/445/80 2307/443/20
f  2308/491/104 2309/488/103 2310/495/106
f  2311/495/106 2312/488/103 2313/486/102
f  2314/495/106 2315/486/102 2316/496/107
f  2317/496/107 2318/486/102 2319/484/101
f  2320/496/107 2321/484/101 2322/497/108
f  2323/497/108 2324/484/101 2325/482/100
f  2326/497/108 2327/482/100 2328/498/109
f  2329/498/109 2330/482/100 2331/480/99
f  2332/498/109 2333/480/99 2334/499/110
f  2335/499/110 2336/480/99 2337/478/98
f  2338/499/110 2339/478/98 2340/500/111
f  2341/500/111 2342/478/98 2343/476/97
f  2344/500/111 2345/476/97 2346/501/112
f  2347/501/112 2348/476/97 2349/474/96
f  2350/501/112 2351/474/96 2352/502/113
f  2353/502/113 2354/474/96 2355/472/95
f  2356/502/113 2357/472/95 2358/503/114
f  2359/503/114 2360/472/95 2361/470/94
f  2362/503/114 2363/470/94 2364/467/92
f  2365/467/92 2366/470/94 2367/468/93
f  2368/447/81 2369/445/80 2370/493/105
f  2371/493/105 2372/491/104 2373/504/115
f  2374/504/115 2375/491/104 2376/495/106
f  2377/504/115 2378/495/106 2379/505/116
f  2380/505/116 2381/495/106 2382/496/107
f  2383/505/116 2384/496/107 2385/506/117
f  2386/506/117 2387/496/107 2388/497/108
f  2389/506/117 2390/497/108 2391/507/118
f  2392/507/118 2393/497/108 2394/498/109
f  2395/507/118 2396/498/109 2397/508/119
f  2398/508/119 2399/498/109 2400/499/110
f  2401/508/119 2402/499/110 2403/509/120
f  2404/509/120 2405/499/110 2406/500/111
f  2407/509/120 2408/500/111 2409/510/121
f  2410/510/121 2411/500/111 2412/501/112
f  2413/510/121 2414/501/112 2415/511/122
f  2416/511/122 2417/501/112 2418/502/113
f  2419/511/122 2420/502/113 2421/512/123
f  2422/512/123 2423/502/113 2424/503/114
f  2425/512/123 2426/503/114 2427/466/91
f  2428/466/91 2429/503/114 2430/467/92
f  2431/449/82 2432/447/81 2433/504/115
f  2434/504/115 2435/447/81 2436/493/105
f  2437/449/82 2438/504/115 2439/505/116
f  2440/451/83 2441/449/82 2442/505/116
f  2443/451/83 2444/505/116 2445/506/117
f  2446/453/84 2447/451/83 2448/506/117
f  2449/453/84 2450/506/117 2451/507/118
f  2452/455/85 2453/453/84 2454/507/118
f  2455/455/85 2456/507/118 2457/508/119
f  2458/457/86 2459/455/85 2460/508/119
f  2461/457/86 2462/508/119 2463/509/120
f  2464/459/87 2465/457/86 2466/509/120
f  2467/459/87 2468/509/120 2469/510/121
f  2470/461/88 2471/459/87 2472/510/121
f  2473/461/88 2474/510/121 2475/511/122
f  2476/463/89 2477/461/88 2478/511/122
f  2479/463/89 2480/511/122 2481/512/123
f  2482/465/90 2483/463/89 2484/512/123
f  2485/465/90 2486/512/123 2487/466/91
f  2488/513/64 2489/514/77 2490/515/64
f  2491/515/64 2492/514/77 2493/516/77
f  2494/516/77 2495/514/77 2496/517/76
f  2497/516/77 2498/517/76 2499/518/76
f  2500/518/76 2501/517/76 2502/519/75
f  2503/518/76 2504/519/75 2505/520/75
f  2506/520/75 2507/519/75 2508/521/74
f  2509/520/75 2510/521/74 2511/522/74
f  2512/522/74 2513/521/74 2514/523/73
f  2515/522/74 2516/523/73 2517/524/73
f  2518/524/73 2519/523/73 2520/525/72
f  2521/524/73 2522/525/72 2523/526/72
f  2524/526/72 2525/525/72 2526/527/71
f  2527/527/71 2528/525/72 2529/528/71
f  2530/527/71 2531/528/71 2532/529/70
f  2533/529/70 2534/528/71 2535/530/70
f  2536/529/70 2537/530/70 2538/531/69
f  2539/531/69 2540/530/70 2541/532/69
f  2542/531/69 2543/532/69 2544/533/68
f  2545/533/68 2546/532/69 2547/534/68
f  2548/533/68 2549/534/68 2550/535/67
f  2551/535/67 2552/534/68 2553/536/67
f  2554/535/67 2555/536/67 2556/78/22
f  2557/78/22 2558/536/67 2559/79/22
f  2560/420/2 2561/421/2 2562/422/2
f  2563/422/2 2564/421/2 2565/423/2
f  2566/422/2 2567/423/2 2568/424/2
f  2569/424/2 2570/423/2 2571/425/2
f  2572/424/2 2573/425/2 2574/426/2
f  2575/426/2 2576/425/2 2577/427/2
f  2578/426/2 2579/427/2 2580/428/2
f  2581/428/2 2582/427/2 2583/429/2
f  2584/428/2 2585/429/2 2586/430/2
f  2587/430/2 2588/429/2 2589/431/2
f  2590/430/2 2591/431/2 2592/432/2
f  2593/432/2 2594/431/2 2595/433/2
f  2596/421/2 2597/420/2 2598/434/2
f  2599/434/2 2600/420/2 2601/435/2
f  2602/434/2 2603/435/2 2604/436/2
f  2605/436/2 2606/435/2 2607/437/2
f  2608/436/2 2609/437/2 2610/438/2
f  2611/438/2 2612/437/2 2613/439/2
f  2614/438/2 2615/439/2 2616/440/2
f  2617/440/2 2618/439/2 2619/441/2
f  2620/442/22 2621/443/20 2622/444/67
f  2623/444/67 2624/443/20 2625/445/80
f  2626/444/67 2627/445/80 2628/446/68
f  2629/446/68 2630/445/80 2631/447/81
f  2632/446/68 2633/447/81 2634/448/69
f  2635/448/69 2636/447/81 2637/449/82
f  2638/448/69 2639/449/82 2640/450/70
f  2641/450/70 2642/449/82 2643/451/83
f  2644/450/70 2645/451/83 2646/452/71
f  2647/452/71 2648/451/83 2649/453/84
f  2650/452/71 2651/453/84 2652/454/72
f  2653/454/72 2654/453/84 2655/455/85
f  2656/454/72 2657/455/85 2658/456/73
f  2659/456/73 2660/455/85 2661/457/86
f  2662/456/73 2663/457/86 2664/458/74
f  2665/458/74 2666/457/86 2667/459/87
f  2668/458/74 2669/459/87 2670/460/75
f  2671/460/75 2672/459/87 2673/461/88
f  2674/460/75 2675/461/88 2676/462/76
f  2677/462/76 2678/461/88 2679/463/89
f  2680/462/76 2681/463/89 2682/464/77
f  2683/464/77 2684/463/89 2685/465/90
f  2686/464/77 2687/465/90 2688/75/64
f  2689/75/64 2690/465/90 2691/76/65
f  2692/76/65 2693/465/90 2694/74/63
f  2695/74/63 2696/465/90 2697/466/91
f  2698/74/63 2699/466/91 2700/71/60
f  2701/71/60 2702/466/91 2703/467/92
f  2704/71/60 2705/467/92 2706/1/1
f  2707/1/1 2708/467/92 2709/468/93
f  2710/1/1 2711/468/93 2712/2/2
f  2713/2/2 2714/468/93 2715/469/2
f  2716/469/2 2717/468/93 2718/470/94
f  2719/469/2 2720/470/94 2721/471/2
f  2722/471/2 2723/470/94 2724/472/95
f  2725/471/2 2726/472/95 2727/473/2
f  2728/473/2 2729/472/95 2730/474/96
f  2731/473/2 2732/474/96 2733/475/2
f  2734/475/2 2735/474/96 2736/476/97
f  2737/475/2 2738/476/97 2739/477/2
f  2740/477/2 2741/476/97 2742/478/98
f  2743/477/2 2744/478/98 2745/479/2
f  2746/479/2 2747/478/98 2748/480/99
f  2749/479/2 2750/480/99 2751/481/2
f  2752/481/2 2753/480/99 2754/482/100
f  2755/481/2 2756/482/100 2757/483/2
f  2758/483/2 2759/482/100 2760/484/101
f  2761/483/2 2762/484/101 2763/485/2
f  2764/485/2 2765/484/101 2766/486/102
f  2767/485/2 2768/486/102 2769/487/2
f  2770/487/2 2771/486/102 2772/488/103
f  2773/487/2 2774/488/103 2775/489/2
f  2776/489/2 2777/488/103 2778/490/14
f  2779/490/14 2780/488/103 2781/491/104
f  2782/490/14 2783/491/104 2784/492/16
f  2785/492/16 2786/491/104 2787/493/105
f  2788/492/16 2789/493/105 2790/494/18
f  2791/494/18 2792/493/105 2793/445/80
f  2794/494/18 2795/445/80 2796/443/20
f  2797/491/104 2798/488/103 2799/495/106
f  2800/495/106 2801/488/103 2802/486/102
f  2803/495/106 2804/486/102 2805/496/107
f  2806/496/107 2807/486/102 2808/484/101
f  2809/496/107 2810/484/101 2811/497/108
f  2812/497/108 2813/484/101 2814/482/100
f  2815/497/108 2816/482/100 2817/498/109
f  2818/498/109 2819/482/100 2820/480/99
f  2821/498/109 2822/480/99 2823/499/110
f  2824/499/110 2825/480/99 2826/478/98
f  2827/499/110 2828/478/98 2829/500/111
f  2830/500/111 2831/478/98 2832/476/97
f  2833/500/111 2834/476/97 2835/501/112
f  2836/501/112 2837/476/97 2838/474/96
f  2839/501/112 2840/474/96 2841/502/113
f  2842/502/113 2843/474/96 2844/472/95
f  2845/502/113 2846/472/95 2847/503/114
f  2848/503/114 2849/472/95 2850/470/94
f  2851/503/114 2852/470/94 2853/467/92
f  2854/467/92 2855/470/94 2856/468/93
f  2857/447/81 2858/445/80 2859/493/105
f  2860/493/105 2861/491/104 2862/504/115
f  2863/504/115 2864/491/104 2865/495/106
f  2866/504/115 2867/495/106 2868/505/116
f  2869/505/116 2870/495/106 2871/496/107
f  2872/505/116 2873/496/107 2874/506/117
f  2875/506/117 2876/496/107 2877/497/108
f  2878/506/117 2879/497/108 2880/507/118
f  2881/507/118 2882/497/108 2883/498/109
f  2884/507/118 2885/498/109 2886/508/119
f  2887/508/119 2888/498/109 2889/499/110
f  2890/508/119 2891/499/110 2892/509/120
f  2893/509/120 2894/499/110 2895/500/111
f  2896/509/120 2897/500/111 2898/510/121
f  2899/510/121 2900/500/111 2901/501/112
f  2902/510/121 2903/501/112 2904/511/122
f  2905/511/122 2906/501/112 2907/502/113
f  2908/511/122 2909/502/113 2910/512/123
f  2911/512/123 2912/502/113 2913/503/114
f  2914/512/123 2915/503/114 2916/466/91
f  2917/466/91 2918/503/114 2919/467/92
f  2920/449/82 2921/447/81 2922/504/115
f  2923/504/115 2924/447/81 2925/493/105
f  2926/449/82 2927/504/115 2928/505/116
f  2929/451/83 2930/449/82 2931/505/116
f  2932/451/83 2933/505/116 2934/506/117
f  2935/453/84 2936/451/83 2937/506/117
f  2938/453/84 2939/506/117 2940/507/118
f  2941/455/85 2942/453/84 2943/507/118
f  2944/455/85 2945/507/118 2946/508/119
f  2947/457/86 2948/455/85 2949/508/119
f  2950/457/86 2951/508/119 2952/509/120
f  2953/459/87 2954/457/86 2955/509/120
f  2956/459/87 2957/509/120 2958/510/121
f  2959/461/88 2960/459/87 2961/510/121
f  2962/461/88 2963/510/121 2964/511/122
f  2965/463/89 2966/461/88 2967/511/122
f  2968/463/89 2969/511/122 2970/512/123
f  2971/465/90 2972/463/89 2973/512/123
f  2974/465/90 2975/512/123 2976/466/91

# Mesh 'NONE-lib' with 88 faces
g NONE-lib
usemtl MaterialFBXASC032FBXASC03529
f  2977/75/124 2978/537/124 2979/538/125
f  2980/538/125 2981/537/124 2982/539/126
f  2983/538/125 2984/539/126 2985/540/127
f  2986/540/127 2987/539/126 2988/541/128
f  2989/540/127 2990/541/128 2991/542/129
f  2992/542/129 2993/541/128 2994/543/130
f  2995/542/129 2996/543/130 2997/544/131
f  2998/544/131 2999/543/130 3000/545/132
f  3001/544/131 3002/545/132 3003/546/133
f  3004/546/133 3005/545/132 3006/547/75
f  3007/546/133 3008/547/75 3009/548/75
f  3010/548/75 3011/547/75 3012/549/134
f  3013/549/134 3014/547/75 3015/550/135
f  3016/549/134 3017/550/135 3018/551/136
f  3019/551/136 3020/550/135 3021/552/137
f  3022/551/136 3023/552/137 3024/553/138
f  3025/553/138 3026/552/137 3027/554/139
f  3028/553/138 3029/554/139 3030/555/140
f  3031/555/140 3032/554/139 3033/556/141
f  3034/555/140 3035/556/141 3036/557/142
f  3037/557/142 3038/556/141 3039/558/143
f  3040/557/142 3041/558/143 3042/559/143
f  3043/560/144 3044/75/144 3045/561/145
f  3046/561/145 3047/75/144 3048/562/146
f  3049/561/145 3050/562/146 3051/563/147
f  3052/563/147 3053/562/146 3054/564/148
f  3055/563/147 3056/564/148 3057/565/149
f  3058/565/149 3059/564/148 3060/566/150
f  3061/565/149 3062/566/150 3063/567/151
f  3064/567/151 3065/566/150 3066/568/152
f  3067/567/151 3068/568/152 3069/569/153
f  3070/569/153 3071/568/152 3072/548/53
f  3073/569/153 3074/548/53 3075/570/53
f  3076/570/53 3077/548/53 3078/571/154
f  3079/571/154 3080/548/53 3081/572/155
f  3082/571/154 3083/572/155 3084/573/156
f  3085/573/156 3086/572/155 3087/574/157
f  3088/573/156 3089/574/157 3090/575/158
f  3091/575/158 3092/574/157 3093/576/159
f  3094/575/158 3095/576/159 3096/577/160
f  3097/577/160 3098/576/159 3099/578/161
f  3100/577/160 3101/578/161 3102/579/162
f  3103/579/162 3104/578/161 3105/559/163
f  3106/579/162 3107/559/163 3108/580/163
f  3109/581/163 3110/582/163 3111/583/164
f  3112/583/164 3113/582/163 3114/584/165
f  3115/583/164 3116/584/165 3117/585/166
f  3118/585/166 3119/584/165 3120/586/167
f  3121/585/166 3122/586/167 3123/587/168
f  3124/587/168 3125/586/167 3126/588/169
f  3127/587/168 3128/588/169 3129/589/170
f  3130/589/170 3131/588/169 3132/590/171
f  3133/589/170 3134/590/171 3135/591/172
f  3136/591/172 3137/590/171 3138/592/29
f  3139/591/172 3140/592/29 3141/593/29
f  3142/593/29 3143/592/29 3144/594/173
f  3145/594/173 3146/592/29 3147/595/174
f  3148/594/173 3149/595/174 3150/596/175
f  3151/596/175 3152/595/174 3153/597/176
f  3154/596/175 3155/597/176 3156/598/177
f  3157/598/177 3158/597/176 3159/599/178
f  3160/598/177 3161/599/178 3162/600/179
f  3163/600/179 3164/599/178 3165/601/180
f  3166/600/179 3167/601/180 3168/602/181
f  3169/602/181 3170/601/180 3171/75/144
f  3172/602/181 3173/75/144 3174/560/144
f  3175/582/143 3176/603/143 3177/604/182
f  3178/604/182 3179/603/143 3180/605/183
f  3181/604/182 3182/605/183 3183/606/184
f  3184/606/184 3185/605/183 3186/607/185
f  3187/606/184 3188/607/185 3189/608/186
f  3190/608/186 3191/607/185 3192/609/187
f  3193/608/186 3194/609/187 3195/610/188
f  3196/610/188 3197/609/187 3198/611/189
f  3199/610/188 3200/611/189 3201/612/190
f  3202/612/190 3203/611/189 3204/613/69
f  3205/612/190 3206/613/69 3207/592/69
f  3208/592/69 3209/613/69 3210/614/191
f  3211/614/191 3212/613/69 3213/615/192
f  3214/614/191 3215/615/192 3216/616/193
f  3217/616/193 3218/615/192 3219/617/194
f  3220/616/193 3221/617/194 3222/618/195
f  3223/618/195 3224/617/194 3225/619/196
f  3226/618/195 3227/619/196 3228/620/197
f  3229/620/197 3230/619/196 3231/621/198
f  3232/620/197 3233/621/198 3234/622/199
f  3235/622/199 3236/621/198 3237/537/124
f  3238/622/199 3239/537/124 3240/75/124

# Mesh 'NONE-lib' with 460 faces
g NONE-lib
usemtl MaterialFBXASC032FBXASC03530
f  3241/623/200 3242/624/64 3243/625/64
f  3244/625/64 3245/624/64 3246/626/201
f  3247/625/64 3248/626/201 3249/627/202
f  3250/627/202 3251/626/201 3252/628/203
f  3253/627/202 3254/628/203 3255/629/204
f  3256/629/204 3257/628/203 3258/630/205
f  3259/629/204 3260/630/205 3261/631/206
f  3262/631/206 3263/630/205 3264/632/206
f  3265/631/206 3266/632/206 3267/633/207
f  3268/631/206 3269/633/207 3270/634/208
f  3271/634/208 3272/633/207 3273/635/209
f  3274/634/208 3275/635/209 3276/636/210
f  3277/636/210 3278/635/209 3279/637/211
f  3280/636/210 3281/637/211 3282/638/2
f  3283/638/2 3284/637/211 3285/639/2
f  3286/625/64 3287/640/212 3288/623/200
f  3289/623/200 3290/640/212 3291/641/213
f  3292/641/213 3293/640/212 3294/642/214
f  3295/641/213 3296/642/214 3297/643/215
f  3298/643/215 3299/642/214 3300/644/216
f  3301/643/215 3302/644/216 3303/645/216
f  3304/645/216 3305/644/216 3306/646/217
f  3307/646/217 3308/644/216 3309/647/218
f  3310/646/217 3311/647/218 3312/648/219
f  3313/648/219 3314/647/218 3315/649/220
f  3316/648/219 3317/649/220 3318/650/221
f  3319/650/221 3320/649/220 3321/651/78
f  3322/650/221 3323/651/78 3324/652/78
f  3325/623/201 3326/624/64 3327/625/64
f  3328/625/64 3329/624/64 3330/626/200
f  3331/625/64 3332/626/200 3333/627/212
f  3334/627/212 3335/626/200 3336/628/213
f  3337/627/212 3338/628/213 3339/629/214
f  3340/629/214 3341/628/213 3342/630/215
f  3343/629/214 3344/630/215 3345/631/216
f  3346/631/216 3347/630/215 3348/632/216
f  3349/631/216 3350/632/216 3351/633/217
f  3352/631/216 3353/633/217 3354/634/218
f  3355/634/218 3356/633/217 3357/635/219
f  3358/634/218 3359/635/219 3360/636/220
f  3361/636/220 3362/635/219 3363/637/221
f  3364/636/220 3365/637/221 3366/638/78
f  3367/638/78 3368/637/221 3369/639/78
f  3370/625/64 3371/640/202 3372/623/201
f  3373/623/201 3374/640/202 3375/641/203
f  3376/641/203 3377/640/202 3378/642/204
f  3379/641/203 3380/642/204 3381/643/205
f  3382/643/205 3383/642/204 3384/644/206
f  3385/643/205 3386/644/206 3387/645/206
f  3388/645/206 3389/644/206 3390/646/207
f  3391/646/207 3392/644/206 3393/647/208
f  3394/646/207 3395/647/208 3396/648/209
f  3397/648/209 3398/647/208 3399/649/210
f  3400/648/209 3401/649/210 3402/650/211
f  3403/650/211 3404/649/210 3405/651/2
f  3406/650/211 3407/651/2 3408/652/2
f  3409/653/2 3410/654/2 3411/655/1
f  3412/655/1 3413/654/2 3414/656/1
f  3415/655/1 3416/656/1 3417/657/60
f  3418/657/60 3419/656/1 3420/658/60
f  3421/657/60 3422/658/60 3423/659/63
f  3424/659/63 3425/658/60 3426/660/63
f  3427/659/63 3428/660/63 3429/661/65
f  3430/661/65 3431/660/63 3432/662/65
f  3433/661/65 3434/662/65 3435/663/64
f  3436/663/64 3437/662/65 3438/664/64
f  3439/663/64 3440/664/64 3441/665/222
f  3442/665/222 3443/664/64 3444/666/222
f  3445/665/222 3446/666/222 3447/667/223
f  3448/667/223 3449/666/222 3450/668/223
f  3451/667/223 3452/668/223 3453/669/224
f  3454/669/224 3455/668/223 3456/670/224
f  3457/669/224 3458/670/224 3459/671/225
f  3460/671/225 3461/670/224 3462/672/225
f  3463/671/225 3464/672/225 3465/673/78
f  3466/673/78 3467/672/225 3468/674/78
f  3469/675/64 3470/676/64 3471/677/226
f  3472/677/226 3473/676/64 3474/678/61
f  3475/677/226 3476/678/61 3477/679/227
f  3478/679/227 3479/678/61 3480/680/57
f  3481/679/227 3482/680/57 3483/681/228
f  3484/681/228 3485/680/57 3486/682/53
f  3487/681/228 3488/682/53 3489/683/53
f  3490/683/53 3491/682/53 3492/684/229
f  3493/684/229 3494/682/53 3495/685/49
f  3496/684/229 3497/685/49 3498/686/230
f  3499/686/230 3500/685/49 3501/687/45
f  3502/686/230 3503/687/45 3504/688/231
f  3505/688/231 3506/687/45 3507/689/41
f  3508/688/231 3509/689/41 3510/690/41
f  3511/690/41 3512/689/41 3513/691/232
f  3514/691/232 3515/689/41 3516/692/37
f  3517/691/232 3518/692/37 3519/693/233
f  3520/693/233 3521/692/37 3522/694/33
f  3523/693/233 3524/694/33 3525/695/234
f  3526/695/234 3527/694/33 3528/696/29
f  3529/695/234 3530/696/29 3531/697/29
f  3532/697/29 3533/696/29 3534/698/235
f  3535/698/235 3536/696/29 3537/699/23
f  3538/698/235 3539/699/23 3540/700/236
f  3541/700/236 3542/699/23 3543/701/21
f  3544/700/236 3545/701/21 3546/702/237
f  3547/702/237 3548/701/21 3549/703/22
f  3550/702/237 3551/703/22 3552/704/22
f  3553/675/64 3554/705/226 3555/706/64
f  3556/706/64 3557/705/226 3558/707/61
f  3559/707/61 3560/705/226 3561/708/227
f  3562/707/61 3563/708/227 3564/709/57
f  3565/709/57 3566/708/227 3567/710/228
f  3568/709/57 3569/710/228 3570/711/53
f  3571/711/53 3572/710/228 3573/712/53
f  3574/711/53 3575/712/53 3576/713/229
f  3577/711/53 3578/713/229 3579/714/49
f  3580/714/49 3581/713/229 3582/715/230
f  3583/714/49 3584/715/230 3585/716/45
f  3586/716/45 3587/715/230 3588/717/231
f  3589/716/45 3590/717/231 3591/718/41
f  3592/718/41 3593/717/231 3594/719/41
f  3595/718/41 3596/719/41 3597/720/232
f  3598/718/41 3599/720/232 3600/721/37
f  3601/721/37 3602/720/232 3603/722/233
f  3604/721/37 3605/722/233 3606/723/33
f  3607/723/33 3608/722/233 3609/724/234
f  3610/723/33 3611/724/234 3612/725/29
f  3613/725/29 3614/724/234 3615/726/29
f  3616/725/29 3617/726/29 3618/727/235
f  3619/725/29 3620/727/235 3621/728/23
f  3622/728/23 3623/727/235 3624/729/236
f  3625/728/23 3626/729/236 3627/730/21
f  3628/730/21 3629/729/236 3630/731/237
f  3631/730/21 3632/731/237 3633/732/22
f  3634/732/22 3635/731/237 3636/704/22
f  3637/733/64 3638/734/61 3639/675/64
f  3640/675/64 3641/734/61 3642/707/61
f  3643/675/64 3644/707/61 3645/706/64
f  3646/734/61 3647/735/57 3648/707/61
f  3649/707/61 3650/735/57 3651/709/57
f  3652/709/57 3653/735/57 3654/736/53
f  3655/709/57 3656/736/53 3657/711/53
f  3658/711/53 3659/736/53 3660/737/49
f  3661/711/53 3662/737/49 3663/714/49
f  3664/714/49 3665/737/49 3666/738/45
f  3667/714/49 3668/738/45 3669/716/45
f  3670/716/45 3671/738/45 3672/739/41
f  3673/716/45 3674/739/41 3675/718/41
f  3676/718/41 3677/739/41 3678/721/37
f  3679/721/37 3680/739/41 3681/740/37
f  3682/721/37 3683/740/37 3684/723/33
f  3685/723/33 3686/740/37 3687/741/33
f  3688/723/33 3689/741/33 3690/725/29
f  3691/725/29 3692/741/33 3693/742/29
f  3694/725/29 3695/742/29 3696/728/23
f  3697/728/23 3698/742/29 3699/743/23
f  3700/728/23 3701/743/23 3702/730/21
f  3703/730/21 3704/743/23 3705/744/21
f  3706/730/21 3707/744/21 3708/704/22
f  3709/704/22 3710/744/21 3711/745/22
f  3712/704/22 3713/732/22 3714/730/21
f  3715/746/22 3716/747/22 3717/748/238
f  3718/748/238 3719/747/22 3720/749/67
f  3721/748/238 3722/749/67 3723/750/239
f  3724/750/239 3725/749/67 3726/751/68
f  3727/750/239 3728/751/68 3729/752/240
f  3730/752/240 3731/751/68 3732/753/69
f  3733/752/240 3734/753/69 3735/754/69
f  3736/754/69 3737/753/69 3738/755/241
f  3739/755/241 3740/753/69 3741/756/70
f  3742/755/241 3743/756/70 3744/757/242
f  3745/757/242 3746/756/70 3747/758/71
f  3748/757/242 3749/758/71 3750/759/243
f  3751/759/243 3752/758/71 3753/760/72
f  3754/759/243 3755/760/72 3756/761/72
f  3757/761/72 3758/760/72 3759/762/244
f  3760/762/244 3761/760/72 3762/763/73
f  3763/762/244 3764/763/73 3765/764/245
f  3766/764/245 3767/763/73 3768/765/74
f  3769/764/245 3770/765/74 3771/766/246
f  3772/766/246 3773/765/74 3774/767/75
f  3775/766/246 3776/767/75 3777/768/75
f  3778/768/75 3779/767/75 3780/769/247
f  3781/769/247 3782/767/75 3783/770/76
f  3784/769/247 3785/770/76 3786/771/248
f  3787/771/248 3788/770/76 3789/772/77
f  3790/771/248 3791/772/77 3792/773/249
f  3793/773/249 3794/772/77 3795/733/64
f  3796/773/249 3797/733/64 3798/675/64
f  3799/746/22 3800/774/238 3801/775/22
f  3802/775/22 3803/774/238 3804/776/67
f  3805/776/67 3806/774/238 3807/777/239
f  3808/776/67 3809/777/239 3810/778/68
f  3811/778/68 3812/777/239 3813/779/240
f  3814/778/68 3815/779/240 3816/780/69
f  3817/780/69 3818/779/240 3819/781/69
f  3820/780/69 3821/781/69 3822/782/241
f  3823/780/69 3824/782/241 3825/783/70
f  3826/783/70 3827/782/241 3828/784/242
f  3829/783/70 3830/784/242 3831/785/71
f  3832/785/71 3833/784/242 3834/786/243
f  3835/785/71 3836/786/243 3837/787/72
f  3838/787/72 3839/786/243 3840/788/72
f  3841/787/72 3842/788/72 3843/789/244
f  3844/787/72 3845/789/244 3846/790/73
f  3847/790/73 3848/789/244 3849/791/245
f  3850/790/73 3851/791/245 3852/792/74
f  3853/792/74 3854/791/245 3855/793/246
f  3856/792/74 3857/793/246 3858/794/75
f  3859/794/75 3860/793/246 3861/795/75
f  3862/794/75 3863/795/75 3864/796/247
f  3865/794/75 3866/796/247 3867/797/76
f  3868/797/76 3869/796/247 3870/798/248
f  3871/797/76 3872/798/248 3873/799/77
f  3874/799/77 3875/798/248 3876/800/249
f  3877/799/77 3878/800/249 3879/706/64
f  3880/706/64 3881/800/249 3882/675/64
f  3883/801/22 3884/802/67 3885/746/22
f  3886/746/22 3887/802/67 3888/776/67
f  3889/746/22 3890/776/67 3891/775/22
f  3892/802/67 3893/803/68 3894/776/67
f  3895/776/67 3896/803/68 3897/778/68
f  3898/778/68 3899/803/68 3900/804/69
f  3901/778/68 3902/804/69 3903/780/69
f  3904/780/69 3905/804/69 3906/805/70
f  3907/780/69 3908/805/70 3909/783/70
f  3910/783/70 3911/805/70 3912/806/71
f  3913/783/70 3914/806/71 3915/785/71
f  3916/785/71 3917/806/71 3918/807/72
f  3919/785/71 3920/807/72 3921/787/72
f  3922/787/72 3923/807/72 3924/790/73
f  3925/790/73 3926/807/72 3927/808/73
f  3928/790/73 3929/808/73 3930/792/74
f  3931/792/74 3932/808/73 3933/809/74
f  3934/792/74 3935/809/74 3936/794/75
f  3937/794/75 3938/809/74 3939/810/75
f  3940/794/75 3941/810/75 3942/797/76
f  3943/797/76 3944/810/75 3945/811/76
f  3946/797/76 3947/811/76 3948/799/77
f  3949/799/77 3950/811/76 3951/812/77
f  3952/799/77 3953/812/77 3954/675/64
f  3955/675/64 3956/812/77 3957/676/64
f  3958/675/64 3959/706/64 3960/799/77
f  3961/813/78 3962/814/78 3963/815/250
f  3964/815/250 3965/814/78 3966/816/250
f  3967/815/250 3968/816/250 3969/817/251
f  3970/817/251 3971/816/250 3972/818/251
f  3973/817/251 3974/818/251 3975/819/252
f  3976/819/252 3977/818/251 3978/820/252
f  3979/819/252 3980/820/252 3981/821/253
f  3982/821/253 3983/820/252 3984/822/253
f  3985/821/253 3986/822/253 3987/823/22
f  3988/823/22 3989/822/253 3990/824/22
f  3991/823/22 3992/824/22 3993/825/20
f  3994/825/20 3995/824/22 3996/826/20
f  3997/825/20 3998/826/20 3999/827/18
f  4000/827/18 4001/826/20 4002/828/18
f  4003/827/18 4004/828/18 4005/829/16
f  4006/829/16 4007/828/18 4008/830/16
f  4009/829/16 4010/830/16 4011/831/14
f  4012/831/14 4013/830/16 4014/832/14
f  4015/831/14 4016/832/14 4017/653/2
f  4018/653/2 4019/832/14 4020/654/2
f  4021/833/78 4022/834/254 4023/835/78
f  4024/835/78 4025/834/254 4026/836/255
f  4027/836/255 4028/834/254 4029/837/256
f  4030/836/255 4031/837/256 4032/838/257
f  4033/838/257 4034/837/256 4035/839/258
f  4036/838/257 4037/839/258 4038/840/259
f  4039/840/259 4040/839/258 4041/841/259
f  4042/840/259 4043/841/259 4044/842/260
f  4045/840/259 4046/842/260 4047/843/261
f  4048/843/261 4049/842/260 4050/844/262
f  4051/843/261 4052/844/262 4053/845/263
f  4054/845/263 4055/844/262 4056/846/264
f  4057/845/263 4058/846/264 4059/847/22
f  4060/847/22 4061/846/264 4062/848/22
f  4063/847/22 4064/848/22 4065/849/265
f  4066/847/22 4067/849/265 4068/850/266
f  4069/850/266 4070/849/265 4071/851/267
f  4072/850/266 4073/851/267 4074/852/268
f  4075/852/268 4076/851/267 4077/853/269
f  4078/852/268 4079/853/269 4080/854/270
f  4081/854/270 4082/853/269 4083/855/270
f  4084/854/270 4085/855/270 4086/856/271
f  4087/854/270 4088/856/271 4089/857/272
f  4090/857/272 4091/856/271 4092/858/273
f  4093/857/272 4094/858/273 4095/859/274
f  4096/859/274 4097/858/273 4098/860/275
f  4099/859/274 4100/860/275 4101/651/2
f  4102/651/2 4103/860/275 4104/652/2
f  4105/833/2 4106/834/275 4107/835/2
f  4108/835/2 4109/834/275 4110/836/274
f  4111/836/274 4112/834/275 4113/837/273
f  4114/836/274 4115/837/273 4116/838/272
f  4117/838/272 4118/837/273 4119/839/271
f  4120/838/272 4121/839/271 4122/840/270
f  4123/840/270 4124/839/271 4125/841/270
f  4126/840/270 4127/841/270 4128/842/269
f  4129/840/270 4130/842/269 4131/843/268
f  4132/843/268 4133/842/269 4134/844/267
f  4135/843/268 4136/844/267 4137/845/266
f  4138/845/266 4139/844/267 4140/846/265
f  4141/845/266 4142/846/265 4143/847/22
f  4144/847/22 4145/846/265 4146/848/22
f  4147/847/22 4148/848/22 4149/849/264
f  4150/847/22 4151/849/264 4152/850/263
f  4153/850/263 4154/849/264 4155/851/262
f  4156/850/263 4157/851/262 4158/852/261
f  4159/852/261 4160/851/262 4161/853/260
f  4162/852/261 4163/853/260 4164/854/259
f  4165/854/259 4166/853/260 4167/855/259
f  4168/854/259 4169/855/259 4170/856/258
f  4171/854/259 4172/856/258 4173/857/257
f  4174/857/257 4175/856/258 4176/858/256
f  4177/857/257 4178/858/256 4179/859/255
f  4180/859/255 4181/858/256 4182/860/254
f  4183/859/255 4184/860/254 4185/651/78
f  4186/651/78 4187/860/254 4188/652/78
f  4189/861/78 4190/862/78 4191/278/78
f  4192/278/78 4193/862/78 4194/863/78
f  4195/278/78 4196/863/78 4197/279/78
f  4198/279/78 4199/863/78 4200/864/78
f  4201/279/78 4202/864/78 4203/281/78
f  4204/281/78 4205/864/78 4206/865/78
f  4207/281/78 4208/865/78 4209/283/78
f  4210/283/78 4211/865/78 4212/866/78
f  4213/283/78 4214/866/78 4215/285/78
f  4216/285/78 4217/866/78 4218/867/78
f  4219/285/78 4220/867/78 4221/287/78
f  4222/287/78 4223/867/78 4224/868/78
f  4225/287/78 4226/868/78 4227/289/78
f  4228/289/78 4229/868/78 4230/292/78
f  4231/292/78 4232/868/78 4233/869/78
f  4234/292/78 4235/869/78 4236/294/78
f  4237/294/78 4238/869/78 4239/870/78
f  4240/294/78 4241/870/78 4242/296/78
f  4243/296/78 4244/870/78 4245/871/78
f  4246/296/78 4247/871/78 4248/298/78
f  4249/298/78 4250/871/78 4251/872/78
f  4252/298/78 4253/872/78 4254/252/78
f  4255/252/78 4256/872/78 4257/873/78
f  4258/252/78 4259/873/78 4260/253/78
f  4261/253/78 4262/873/78 4263/874/78
f  4264/253/78 4265/874/78 4266/875/78
f  4267/253/78 4268/875/78 4269/255/78
f  4270/255/78 4271/875/78 4272/876/78
f  4273/255/78 4274/876/78 4275/257/78
f  4276/257/78 4277/876/78 4278/877/78
f  4279/257/78 4280/877/78 4281/259/78
f  4282/259/78 4283/877/78 4284/878/78
f  4285/259/78 4286/878/78 4287/261/78
f  4288/261/78 4289/878/78 4290/879/78
f  4291/261/78 4292/879/78 4293/263/78
f  4294/263/78 4295/879/78 4296/880/78
f  4297/263/78 4298/880/78 4299/265/78
f  4300/265/78 4301/880/78 4302/268/78
f  4303/268/78 4304/880/78 4305/881/78
f  4306/268/78 4307/881/78 4308/270/78
f  4309/270/78 4310/881/78 4311/882/78
f  4312/270/78 4313/882/78 4314/272/78
f  4315/272/78 4316/882/78 4317/883/78
f  4318/272/78 4319/883/78 4320/274/78
f  4321/274/78 4322/883/78 4323/884/78
f  4324/274/78 4325/884/78 4326/276/78
f  4327/276/78 4328/884/78 4329/861/78
f  4330/276/78 4331/861/78 4332/278/78
f  4333/885/78 4334/886/78 4335/326/78
f  4336/326/78 4337/886/78 4338/887/78
f  4339/326/78 4340/887/78 4341/327/78
f  4342/327/78 4343/887/78 4344/888/78
f  4345/327/78 4346/888/78 4347/329/78
f  4348/329/78 4349/888/78 4350/889/78
f  4351/329/78 4352/889/78 4353/331/78
f  4354/331/78 4355/889/78 4356/890/78
f  4357/331/78 4358/890/78 4359/333/78
f  4360/333/78 4361/890/78 4362/891/78
f  4363/333/78 4364/891/78 4365/335/78
f  4366/335/78 4367/891/78 4368/892/78
f  4369/335/78 4370/892/78 4371/337/78
f  4372/337/78 4373/892/78 4374/340/78
f  4375/340/78 4376/892/78 4377/893/78
f  4378/340/78 4379/893/78 4380/342/78
f  4381/342/78 4382/893/78 4383/894/78
f  4384/342/78 4385/894/78 4386/344/78
f  4387/344/78 4388/894/78 4389/895/78
f  4390/344/78 4391/895/78 4392/346/78
f  4393/346/78 4394/895/78 4395/896/78
f  4396/346/78 4397/896/78 4398/300/78
f  4399/300/78 4400/896/78 4401/897/78
f  4402/300/78 4403/897/78 4404/301/78
f  4405/301/78 4406/897/78 4407/898/78
f  4408/301/78 4409/898/78 4410/899/78
f  4411/301/78 4412/899/78 4413/303/78
f  4414/303/78 4415/899/78 4416/900/78
f  4417/303/78 4418/900/78 4419/305/78
f  4420/305/78 4421/900/78 4422/901/78
f  4423/305/78 4424/901/78 4425/307/78
f  4426/307/78 4427/901/78 4428/902/78
f  4429/307/78 4430/902/78 4431/309/78
f  4432/309/78 4433/902/78 4434/903/78
f  4435/309/78 4436/903/78 4437/311/78
f  4438/311/78 4439/903/78 4440/904/78
f  4441/311/78 4442/904/78 4443/313/78
f  4444/313/78 4445/904/78 4446/316/78
f  4447/316/78 4448/904/78 4449/905/78
f  4450/316/78 4451/905/78 4452/318/78
f  4453/318/78 4454/905/78 4455/906/78
f  4456/318/78 4457/906/78 4458/320/78
f  4459/320/78 4460/906/78 4461/907/78
f  4462/320/78 4463/907/78 4464/322/78
f  4465/322/78 4466/907/78 4467/908/78
f  4468/322/78 4469/908/78 4470/324/78
f  4471/324/78 4472/908/78 4473/885/78
f  4474/324/78 4475/885/78 4476/326/78
f  4477/909/276 4478/910/276 4479/911/276
f  4480/911/276 4481/910/276 4482/912/276
f  4483/911/276 4484/912/276 4485/913/276
f  4486/913/276 4487/912/276 4488/914/276
f  4489/913/276 4490/914/276 4491/915/276
f  4492/915/276 4493/914/276 4494/916/276
f  4495/915/276 4496/916/276 4497/917/276
f  4498/917/276 4499/916/276 4500/918/276
f  4501/917/276 4502/918/276 4503/919/276
f  4504/919/276 4505/918/276 4506/920/276
f  4507/919/276 4508/920/276 4509/921/276
f  4510/921/276 4511/920/276 4512/922/276
f  4513/921/276 4514/922/276 4515/923/276
f  4516/923/276 4517/922/276 4518/924/276
f  4519/924/276 4520/922/276 4521/925/276
f  4522/924/276 4523/925/276 4524/926/276
f  4525/926/276 4526/925/276 4527/927/276
f  4528/926/276 4529/927/276 4530/928/276
f  4531/928/276 4532/927/276 4533/929/276
f  4534/928/276 4535/929/276 4536/930/276
f  4537/930/276 4538/929/276 4539/931/276
f  4540/930/276 4541/931/276 4542/932/276
f  4543/932/276 4544/931/276 4545/933/276
f  4546/932/276 4547/933/276 4548/934/276
f  4549/934/276 4550/933/276 4551/935/276
f  4552/934/276 4553/935/276 4554/936/276
f  4555/934/276 4556/936/276 4557/937/276
f  4558/937/276 4559/936/276 4560/938/276
f  4561/937/276 4562/938/276 4563/939/276
f  4564/939/276 4565/938/276 4566/940/276
f  4567/939/276 4568/940/276 4569/941/276
f  4570/941/276 4571/940/276 4572/942/276
f  4573/941/276 4574/942/276 4575/943/276
f  4576/943/276 4577/942/276 4578/944/276
f  4579/943/276 4580/944/276 4581/945/276
f  4582/945/276 4583/944/276 4584/946/276
f  4585/945/276 4586/946/276 4587/947/276
f  4588/947/276 4589/946/276 4590/948/276
f  4591/948/276 4592/946/276 4593/949/276
f  4594/948/276 4595/949/276 4596/950/276
f  4597/950/276 4598/949/276 4599/951/276
f  4600/950/276 4601/951/276 4602/952/276
f  4603/952/276 4604/951/276 4605/953/276
f  4606/952/276 4607/953/276 4608/954/276
f  4609/954/276 4610/953/276 4611/955/276
f  4612/954/276 4613/955/276 4614/956/276
f  4615/956/276 4616/955/276 4617/909/276
f  4618/956/276 4619/909/276 4620/911/276

