# File produced by Open Asset Import Library (http://www.assimp.sf.net)
# (assimp v5.4.3276931299)

mtllib link6.mtl

# 4800 vertex positions
v -0.0355000012 -0.0335000008 0
v -0.0350629985 -0.0335000008 0.00555300014
v -0.0355000012 -0.0395000018 0
v -0.0355000012 -0.0395000018 0
v -0.0350629985 -0.0335000008 0.00555300014
v -0.0350629985 -0.0395000018 0.00555300014
v -0.0350629985 -0.0395000018 0.00555300014
v -0.0350629985 -0.0335000008 0.00555300014
v -0.0337629989 -0.0335000008 0.0109700002
v -0.0350629985 -0.0395000018 0.00555300014
v -0.0337629989 -0.0335000008 0.0109700002
v -0.0337629989 -0.0395000018 0.0109700002
v -0.0337629989 -0.0395000018 0.0109700002
v -0.0337629989 -0.0335000008 0.0109700002
v -0.0316310003 -0.0335000008 0.0161169991
v -0.0337629989 -0.0395000018 0.0109700002
v -0.0316310003 -0.0335000008 0.0161169991
v -0.0316310003 -0.0395000018 0.0161169991
v -0.0316310003 -0.0395000018 0.0161169991
v -0.0316310003 -0.0335000008 0.0161169991
v -0.0287200008 -0.0335000008 0.0208659992
v -0.0316310003 -0.0395000018 0.0161169991
v -0.0287200008 -0.0335000008 0.0208659992
v -0.0287200008 -0.0395000018 0.0208659992
v -0.0287200008 -0.0395000018 0.0208659992
v -0.0287200008 -0.0335000008 0.0208659992
v -0.0251020007 -0.0335000008 0.0251020007
v -0.0287200008 -0.0395000018 0.0208659992
v -0.0251020007 -0.0335000008 0.0251020007
v -0.0251020007 -0.0395000018 0.0251020007
v -0.0251020007 -0.0395000018 0.0251020007
v -0.0251020007 -0.0335000008 0.0251020007
v -0.0208659992 -0.0335000008 0.0287200008
v -0.0251020007 -0.0395000018 0.0251020007
v -0.0208659992 -0.0335000008 0.0287200008
v -0.0208659992 -0.0395000018 0.0287200008
v -0.0208659992 -0.0395000018 0.0287200008
v -0.0208659992 -0.0335000008 0.0287200008
v -0.0161169991 -0.0335000008 0.0316310003
v -0.0208659992 -0.0395000018 0.0287200008
v -0.0161169991 -0.0335000008 0.0316310003
v -0.0161169991 -0.0395000018 0.0316310003
v -0.0161169991 -0.0395000018 0.0316310003
v -0.0161169991 -0.0335000008 0.0316310003
v -0.0109700002 -0.0335000008 0.0337629989
v -0.0161169991 -0.0395000018 0.0316310003
v -0.0109700002 -0.0335000008 0.0337629989
v -0.0109700002 -0.0395000018 0.0337629989
v -0.0109700002 -0.0395000018 0.0337629989
v -0.0109700002 -0.0335000008 0.0337629989
v -0.00555300014 -0.0335000008 0.0350629985
v -0.0109700002 -0.0395000018 0.0337629989
v -0.00555300014 -0.0335000008 0.0350629985
v -0.00555300014 -0.0395000018 0.0350629985
v -0.00555300014 -0.0395000018 0.0350629985
v -0.00555300014 -0.0335000008 0.0350629985
v 0 -0.0335000008 0.0355000012
v -0.00555300014 -0.0395000018 0.0350629985
v 0 -0.0335000008 0.0355000012
v 0 -0.0395000018 0.0355000012
v 0 -0.0395000018 0.0355000012
v 0 -0.0335000008 0.0355000012
v 0.00555300014 -0.0335000008 0.0350629985
v 0 -0.0395000018 0.0355000012
v 0.00555300014 -0.0335000008 0.0350629985
v 0.00555300014 -0.0395000018 0.0350629985
v 0.00555300014 -0.0395000018 0.0350629985
v 0.00555300014 -0.0335000008 0.0350629985
v 0.0109700002 -0.0335000008 0.0337629989
v 0.00555300014 -0.0395000018 0.0350629985
v 0.0109700002 -0.0335000008 0.0337629989
v 0.0109700002 -0.0395000018 0.0337629989
v 0.0109700002 -0.0395000018 0.0337629989
v 0.0109700002 -0.0335000008 0.0337629989
v 0.0161169991 -0.0335000008 0.0316310003
v 0.0109700002 -0.0395000018 0.0337629989
v 0.0161169991 -0.0335000008 0.0316310003
v 0.0161169991 -0.0395000018 0.0316310003
v 0.0161169991 -0.0395000018 0.0316310003
v 0.0161169991 -0.0335000008 0.0316310003
v 0.0208659992 -0.0335000008 0.0287200008
v 0.0161169991 -0.0395000018 0.0316310003
v 0.0208659992 -0.0335000008 0.0287200008
v 0.0208659992 -0.0395000018 0.0287200008
v 0.0208659992 -0.0395000018 0.0287200008
v 0.0208659992 -0.0335000008 0.0287200008
v 0.0251020007 -0.0335000008 0.0251020007
v 0.0208659992 -0.0395000018 0.0287200008
v 0.0251020007 -0.0335000008 0.0251020007
v 0.0251020007 -0.0395000018 0.0251020007
v 0.0251020007 -0.0395000018 0.0251020007
v 0.0251020007 -0.0335000008 0.0251020007
v 0.0287200008 -0.0335000008 0.0208659992
v 0.0251020007 -0.0395000018 0.0251020007
v 0.0287200008 -0.0335000008 0.0208659992
v 0.0287200008 -0.0395000018 0.0208659992
v 0.0287200008 -0.0395000018 0.0208659992
v 0.0287200008 -0.0335000008 0.0208659992
v 0.0316310003 -0.0335000008 0.0161169991
v 0.0287200008 -0.0395000018 0.0208659992
v 0.0316310003 -0.0335000008 0.0161169991
v 0.0316310003 -0.0395000018 0.0161169991
v 0.0316310003 -0.0395000018 0.0161169991
v 0.0316310003 -0.0335000008 0.0161169991
v 0.0337629989 -0.0335000008 0.0109700002
v 0.0316310003 -0.0395000018 0.0161169991
v 0.0337629989 -0.0335000008 0.0109700002
v 0.0337629989 -0.0395000018 0.0109700002
v 0.0337629989 -0.0395000018 0.0109700002
v 0.0337629989 -0.0335000008 0.0109700002
v 0.0350629985 -0.0335000008 0.00555300014
v 0.0337629989 -0.0395000018 0.0109700002
v 0.0350629985 -0.0335000008 0.00555300014
v 0.0350629985 -0.0395000018 0.00555300014
v 0.0350629985 -0.0395000018 0.00555300014
v 0.0350629985 -0.0335000008 0.00555300014
v 0.0355000012 -0.0395000018 0
v 0.0355000012 -0.0395000018 0
v 0.0350629985 -0.0335000008 0.00555300014
v 0.0355000012 -0.0335000008 0
v -0.0141780004 0 -0.017678
v -0.0146779995 -0.000500000024 -0.017678
v -0.0143889999 0 -0.0164810009
v -0.0143889999 0 -0.0164810009
v -0.0146779995 -0.000500000024 -0.017678
v -0.0148590002 -0.000500000024 -0.0166519992
v -0.0143889999 0 -0.0164810009
v -0.0148590002 -0.000500000024 -0.0166519992
v -0.0149969999 0 -0.0154280001
v -0.0149969999 0 -0.0154280001
v -0.0148590002 -0.000500000024 -0.0166519992
v -0.0153799998 -0.000500000024 -0.015749
v -0.0149969999 0 -0.0154280001
v -0.0153799998 -0.000500000024 -0.015749
v -0.0159280002 0 -0.0146469995
v -0.0159280002 0 -0.0146469995
v -0.0153799998 -0.000500000024 -0.015749
v -0.0161780007 -0.000500000024 -0.0150800003
v -0.0159280002 0 -0.0146469995
v -0.0161780007 -0.000500000024 -0.0150800003
v -0.0170699991 0 -0.0142310001
v -0.0170699991 0 -0.0142310001
v -0.0161780007 -0.000500000024 -0.0150800003
v -0.0171569996 -0.000500000024 -0.0147230001
v -0.0170699991 0 -0.0142310001
v -0.0171569996 -0.000500000024 -0.0147230001
v -0.0182850007 0 -0.0142310001
v -0.0182850007 0 -0.0142310001
v -0.0171569996 -0.000500000024 -0.0147230001
v -0.0181990005 -0.000500000024 -0.0147230001
v -0.0182850007 0 -0.0142310001
v -0.0181990005 -0.000500000024 -0.0147230001
v -0.0194279999 0 -0.0146469995
v -0.0194279999 0 -0.0146469995
v -0.0181990005 -0.000500000024 -0.0147230001
v -0.0191779993 -0.000500000024 -0.0150800003
v -0.0194279999 0 -0.0146469995
v -0.0191779993 -0.000500000024 -0.0150800003
v -0.0203590002 0 -0.0154280001
v -0.0203590002 0 -0.0154280001
v -0.0191779993 -0.000500000024 -0.0150800003
v -0.0199759994 -0.000500000024 -0.015749
v -0.0203590002 0 -0.0154280001
v -0.0199759994 -0.000500000024 -0.015749
v -0.0209669992 0 -0.0164810009
v -0.0209669992 0 -0.0164810009
v -0.0199759994 -0.000500000024 -0.015749
v -0.0204969998 -0.000500000024 -0.0166519992
v -0.0209669992 0 -0.0164810009
v -0.0204969998 -0.000500000024 -0.0166519992
v -0.0211779997 0 -0.017678
v -0.0211779997 0 -0.017678
v -0.0204969998 -0.000500000024 -0.0166519992
v -0.0206780005 -0.000500000024 -0.017678
v 0.00350000011 0 -0.0250000004
v 0.00300000003 -0.000500000024 -0.0250000004
v 0.0032889999 0 -0.0238029994
v 0.0032889999 0 -0.0238029994
v 0.00300000003 -0.000500000024 -0.0250000004
v 0.00281900004 -0.000500000024 -0.0239739995
v 0.0032889999 0 -0.0238029994
v 0.00281900004 -0.000500000024 -0.0239739995
v 0.00268099993 0 -0.0227499995
v 0.00268099993 0 -0.0227499995
v 0.00281900004 -0.000500000024 -0.0239739995
v 0.00229800004 -0.000500000024 -0.0230720006
v 0.00268099993 0 -0.0227499995
v 0.00229800004 -0.000500000024 -0.0230720006
v 0.00175000005 0 -0.0219689999
v 0.00175000005 0 -0.0219689999
v 0.00229800004 -0.000500000024 -0.0230720006
v 0.00150000001 -0.000500000024 -0.0224019997
v 0.00175000005 0 -0.0219689999
v 0.00150000001 -0.000500000024 -0.0224019997
v 0.000607999973 0 -0.0215530004
v 0.000607999973 0 -0.0215530004
v 0.00150000001 -0.000500000024 -0.0224019997
v 0.000521000009 -0.000500000024 -0.0220459998
v 0.000607999973 0 -0.0215530004
v 0.000521000009 -0.000500000024 -0.0220459998
v -0.000607999973 0 -0.0215530004
v -0.000607999973 0 -0.0215530004
v 0.000521000009 -0.000500000024 -0.0220459998
v -0.000521000009 -0.000500000024 -0.0220459998
v -0.000607999973 0 -0.0215530004
v -0.000521000009 -0.000500000024 -0.0220459998
v -0.00175000005 0 -0.0219689999
v -0.00175000005 0 -0.0219689999
v -0.000521000009 -0.000500000024 -0.0220459998
v -0.00150000001 -0.000500000024 -0.0224019997
v -0.00175000005 0 -0.0219689999
v -0.00150000001 -0.000500000024 -0.0224019997
v -0.00268099993 0 -0.0227499995
v -0.00268099993 0 -0.0227499995
v -0.00150000001 -0.000500000024 -0.0224019997
v -0.00229800004 -0.000500000024 -0.0230720006
v -0.00268099993 0 -0.0227499995
v -0.00229800004 -0.000500000024 -0.0230720006
v -0.0032889999 0 -0.0238029994
v -0.0032889999 0 -0.0238029994
v -0.00229800004 -0.000500000024 -0.0230720006
v -0.00281900004 -0.000500000024 -0.0239739995
v -0.0032889999 0 -0.0238029994
v -0.00281900004 -0.000500000024 -0.0239739995
v -0.00350000011 0 -0.0250000004
v -0.00350000011 0 -0.0250000004
v -0.00281900004 -0.000500000024 -0.0239739995
v -0.00300000003 -0.000500000024 -0.0250000004
v -0.0141780004 0 0.017678
v -0.0146779995 -0.000500000024 0.017678
v -0.0143889999 0 0.0188749991
v -0.0143889999 0 0.0188749991
v -0.0146779995 -0.000500000024 0.017678
v -0.0148590002 -0.000500000024 0.0187040009
v -0.0143889999 0 0.0188749991
v -0.0148590002 -0.000500000024 0.0187040009
v -0.0149969999 0 0.0199270006
v -0.0149969999 0 0.0199270006
v -0.0148590002 -0.000500000024 0.0187040009
v -0.0153799998 -0.000500000024 0.0196059998
v -0.0149969999 0 0.0199270006
v -0.0153799998 -0.000500000024 0.0196059998
v -0.0159280002 0 0.0207090005
v -0.0159280002 0 0.0207090005
v -0.0153799998 -0.000500000024 0.0196059998
v -0.0161780007 -0.000500000024 0.0202760007
v -0.0159280002 0 0.0207090005
v -0.0161780007 -0.000500000024 0.0202760007
v -0.0170699991 0 0.0211239997
v -0.0170699991 0 0.0211239997
v -0.0161780007 -0.000500000024 0.0202760007
v -0.0171569996 -0.000500000024 0.0206320006
v -0.0170699991 0 0.0211239997
v -0.0171569996 -0.000500000024 0.0206320006
v -0.0182850007 0 0.0211239997
v -0.0182850007 0 0.0211239997
v -0.0171569996 -0.000500000024 0.0206320006
v -0.0181990005 -0.000500000024 0.0206320006
v -0.0182850007 0 0.0211239997
v -0.0181990005 -0.000500000024 0.0206320006
v -0.0194279999 0 0.0207090005
v -0.0194279999 0 0.0207090005
v -0.0181990005 -0.000500000024 0.0206320006
v -0.0191779993 -0.000500000024 0.0202760007
v -0.0194279999 0 0.0207090005
v -0.0191779993 -0.000500000024 0.0202760007
v -0.0203590002 0 0.0199270006
v -0.0203590002 0 0.0199270006
v -0.0191779993 -0.000500000024 0.0202760007
v -0.0199759994 -0.000500000024 0.0196059998
v -0.0203590002 0 0.0199270006
v -0.0199759994 -0.000500000024 0.0196059998
v -0.0209669992 0 0.0188749991
v -0.0209669992 0 0.0188749991
v -0.0199759994 -0.000500000024 0.0196059998
v -0.0204969998 -0.000500000024 0.0187040009
v -0.0209669992 0 0.0188749991
v -0.0204969998 -0.000500000024 0.0187040009
v -0.0211779997 0 0.017678
v -0.0211779997 0 0.017678
v -0.0204969998 -0.000500000024 0.0187040009
v -0.0206780005 -0.000500000024 0.017678
v 0.0211779997 0 -0.017678
v 0.0206780005 -0.000500000024 -0.017678
v 0.0209669992 0 -0.0164810009
v 0.0209669992 0 -0.0164810009
v 0.0206780005 -0.000500000024 -0.017678
v 0.0204969998 -0.000500000024 -0.0166519992
v 0.0209669992 0 -0.0164810009
v 0.0204969998 -0.000500000024 -0.0166519992
v 0.0203590002 0 -0.0154280001
v 0.0203590002 0 -0.0154280001
v 0.0204969998 -0.000500000024 -0.0166519992
v 0.0199759994 -0.000500000024 -0.015749
v 0.0203590002 0 -0.0154280001
v 0.0199759994 -0.000500000024 -0.015749
v 0.0194279999 0 -0.0146469995
v 0.0194279999 0 -0.0146469995
v 0.0199759994 -0.000500000024 -0.015749
v 0.0191779993 -0.000500000024 -0.0150800003
v 0.0194279999 0 -0.0146469995
v 0.0191779993 -0.000500000024 -0.0150800003
v 0.0182850007 0 -0.0142310001
v 0.0182850007 0 -0.0142310001
v 0.0191779993 -0.000500000024 -0.0150800003
v 0.0181990005 -0.000500000024 -0.0147230001
v 0.0182850007 0 -0.0142310001
v 0.0181990005 -0.000500000024 -0.0147230001
v 0.0170699991 0 -0.0142310001
v 0.0170699991 0 -0.0142310001
v 0.0181990005 -0.000500000024 -0.0147230001
v 0.0171569996 -0.000500000024 -0.0147230001
v 0.0170699991 0 -0.0142310001
v 0.0171569996 -0.000500000024 -0.0147230001
v 0.0159280002 0 -0.0146469995
v 0.0159280002 0 -0.0146469995
v 0.0171569996 -0.000500000024 -0.0147230001
v 0.0161780007 -0.000500000024 -0.0150800003
v 0.0159280002 0 -0.0146469995
v 0.0161780007 -0.000500000024 -0.0150800003
v 0.0149969999 0 -0.0154280001
v 0.0149969999 0 -0.0154280001
v 0.0161780007 -0.000500000024 -0.0150800003
v 0.0153799998 -0.000500000024 -0.015749
v 0.0149969999 0 -0.0154280001
v 0.0153799998 -0.000500000024 -0.015749
v 0.0143889999 0 -0.0164810009
v 0.0143889999 0 -0.0164810009
v 0.0153799998 -0.000500000024 -0.015749
v 0.0148590002 -0.000500000024 -0.0166519992
v 0.0143889999 0 -0.0164810009
v 0.0148590002 -0.000500000024 -0.0166519992
v 0.0141780004 0 -0.017678
v 0.0141780004 0 -0.017678
v 0.0148590002 -0.000500000024 -0.0166519992
v 0.0146779995 -0.000500000024 -0.017678
v 0.0211779997 0 0.017678
v 0.0206780005 -0.000500000024 0.017678
v 0.0209669992 0 0.0188749991
v 0.0209669992 0 0.0188749991
v 0.0206780005 -0.000500000024 0.017678
v 0.0204969998 -0.000500000024 0.0187040009
v 0.0209669992 0 0.0188749991
v 0.0204969998 -0.000500000024 0.0187040009
v 0.0203590002 0 0.0199270006
v 0.0203590002 0 0.0199270006
v 0.0204969998 -0.000500000024 0.0187040009
v 0.0199759994 -0.000500000024 0.0196059998
v 0.0203590002 0 0.0199270006
v 0.0199759994 -0.000500000024 0.0196059998
v 0.0194279999 0 0.0207090005
v 0.0194279999 0 0.0207090005
v 0.0199759994 -0.000500000024 0.0196059998
v 0.0191779993 -0.000500000024 0.0202760007
v 0.0194279999 0 0.0207090005
v 0.0191779993 -0.000500000024 0.0202760007
v 0.0182850007 0 0.0211239997
v 0.0182850007 0 0.0211239997
v 0.0191779993 -0.000500000024 0.0202760007
v 0.0181990005 -0.000500000024 0.0206320006
v 0.0182850007 0 0.0211239997
v 0.0181990005 -0.000500000024 0.0206320006
v 0.0170699991 0 0.0211239997
v 0.0170699991 0 0.0211239997
v 0.0181990005 -0.000500000024 0.0206320006
v 0.0171569996 -0.000500000024 0.0206320006
v 0.0170699991 0 0.0211239997
v 0.0171569996 -0.000500000024 0.0206320006
v 0.0159280002 0 0.0207090005
v 0.0159280002 0 0.0207090005
v 0.0171569996 -0.000500000024 0.0206320006
v 0.0161780007 -0.000500000024 0.0202760007
v 0.0159280002 0 0.0207090005
v 0.0161780007 -0.000500000024 0.0202760007
v 0.0149969999 0 0.0199270006
v 0.0149969999 0 0.0199270006
v 0.0161780007 -0.000500000024 0.0202760007
v 0.0153799998 -0.000500000024 0.0196059998
v 0.0149969999 0 0.0199270006
v 0.0153799998 -0.000500000024 0.0196059998
v 0.0143889999 0 0.0188749991
v 0.0143889999 0 0.0188749991
v 0.0153799998 -0.000500000024 0.0196059998
v 0.0148590002 -0.000500000024 0.0187040009
v 0.0143889999 0 0.0188749991
v 0.0148590002 -0.000500000024 0.0187040009
v 0.0141780004 0 0.017678
v 0.0141780004 0 0.017678
v 0.0148590002 -0.000500000024 0.0187040009
v 0.0146779995 -0.000500000024 0.017678
v -0.0146779995 -0.000500000024 -0.017678
v -0.0146779995 -0.00600000005 -0.017678
v -0.0148590002 -0.000500000024 -0.0166519992
v -0.0148590002 -0.000500000024 -0.0166519992
v -0.0146779995 -0.00600000005 -0.017678
v -0.0148590002 -0.00600000005 -0.0166519992
v -0.0148590002 -0.000500000024 -0.0166519992
v -0.0148590002 -0.00600000005 -0.0166519992
v -0.0153799998 -0.000500000024 -0.015749
v -0.0153799998 -0.000500000024 -0.015749
v -0.0148590002 -0.00600000005 -0.0166519992
v -0.0153799998 -0.00600000005 -0.015749
v -0.0153799998 -0.000500000024 -0.015749
v -0.0153799998 -0.00600000005 -0.015749
v -0.0161780007 -0.000500000024 -0.0150800003
v -0.0161780007 -0.000500000024 -0.0150800003
v -0.0153799998 -0.00600000005 -0.015749
v -0.0161780007 -0.00600000005 -0.0150800003
v -0.0161780007 -0.000500000024 -0.0150800003
v -0.0161780007 -0.00600000005 -0.0150800003
v -0.0171569996 -0.000500000024 -0.0147230001
v -0.0171569996 -0.000500000024 -0.0147230001
v -0.0161780007 -0.00600000005 -0.0150800003
v -0.0171569996 -0.00600000005 -0.0147230001
v -0.0171569996 -0.000500000024 -0.0147230001
v -0.0171569996 -0.00600000005 -0.0147230001
v -0.0181990005 -0.000500000024 -0.0147230001
v -0.0181990005 -0.000500000024 -0.0147230001
v -0.0171569996 -0.00600000005 -0.0147230001
v -0.0181990005 -0.00600000005 -0.0147230001
v -0.0181990005 -0.000500000024 -0.0147230001
v -0.0181990005 -0.00600000005 -0.0147230001
v -0.0191779993 -0.000500000024 -0.0150800003
v -0.0191779993 -0.000500000024 -0.0150800003
v -0.0181990005 -0.00600000005 -0.0147230001
v -0.0191779993 -0.00600000005 -0.0150800003
v -0.0191779993 -0.000500000024 -0.0150800003
v -0.0191779993 -0.00600000005 -0.0150800003
v -0.0199759994 -0.000500000024 -0.015749
v -0.0199759994 -0.000500000024 -0.015749
v -0.0191779993 -0.00600000005 -0.0150800003
v -0.0199759994 -0.00600000005 -0.015749
v -0.0199759994 -0.000500000024 -0.015749
v -0.0199759994 -0.00600000005 -0.015749
v -0.0204969998 -0.000500000024 -0.0166519992
v -0.0204969998 -0.000500000024 -0.0166519992
v -0.0199759994 -0.00600000005 -0.015749
v -0.0204969998 -0.00600000005 -0.0166519992
v -0.0204969998 -0.000500000024 -0.0166519992
v -0.0204969998 -0.00600000005 -0.0166519992
v -0.0206780005 -0.000500000024 -0.017678
v -0.0206780005 -0.000500000024 -0.017678
v -0.0204969998 -0.00600000005 -0.0166519992
v -0.0206780005 -0.00600000005 -0.017678
v -0.0146779995 -0.000500000024 0.017678
v -0.0146779995 -0.00600000005 0.017678
v -0.0148590002 -0.000500000024 0.0187040009
v -0.0148590002 -0.000500000024 0.0187040009
v -0.0146779995 -0.00600000005 0.017678
v -0.0148590002 -0.00600000005 0.0187040009
v -0.0148590002 -0.000500000024 0.0187040009
v -0.0148590002 -0.00600000005 0.0187040009
v -0.0153799998 -0.000500000024 0.0196059998
v -0.0153799998 -0.000500000024 0.0196059998
v -0.0148590002 -0.00600000005 0.0187040009
v -0.0153799998 -0.00600000005 0.0196059998
v -0.0153799998 -0.000500000024 0.0196059998
v -0.0153799998 -0.00600000005 0.0196059998
v -0.0161780007 -0.000500000024 0.0202760007
v -0.0161780007 -0.000500000024 0.0202760007
v -0.0153799998 -0.00600000005 0.0196059998
v -0.0161780007 -0.00600000005 0.0202760007
v -0.0161780007 -0.000500000024 0.0202760007
v -0.0161780007 -0.00600000005 0.0202760007
v -0.0171569996 -0.000500000024 0.0206320006
v -0.0171569996 -0.000500000024 0.0206320006
v -0.0161780007 -0.00600000005 0.0202760007
v -0.0171569996 -0.00600000005 0.0206320006
v -0.0171569996 -0.000500000024 0.0206320006
v -0.0171569996 -0.00600000005 0.0206320006
v -0.0181990005 -0.000500000024 0.0206320006
v -0.0181990005 -0.000500000024 0.0206320006
v -0.0171569996 -0.00600000005 0.0206320006
v -0.0181990005 -0.00600000005 0.0206320006
v -0.0181990005 -0.000500000024 0.0206320006
v -0.0181990005 -0.00600000005 0.0206320006
v -0.0191779993 -0.000500000024 0.0202760007
v -0.0191779993 -0.000500000024 0.0202760007
v -0.0181990005 -0.00600000005 0.0206320006
v -0.0191779993 -0.00600000005 0.0202760007
v -0.0191779993 -0.000500000024 0.0202760007
v -0.0191779993 -0.00600000005 0.0202760007
v -0.0199759994 -0.000500000024 0.0196059998
v -0.0199759994 -0.000500000024 0.0196059998
v -0.0191779993 -0.00600000005 0.0202760007
v -0.0199759994 -0.00600000005 0.0196059998
v -0.0199759994 -0.000500000024 0.0196059998
v -0.0199759994 -0.00600000005 0.0196059998
v -0.0204969998 -0.000500000024 0.0187040009
v -0.0204969998 -0.000500000024 0.0187040009
v -0.0199759994 -0.00600000005 0.0196059998
v -0.0204969998 -0.00600000005 0.0187040009
v -0.0204969998 -0.000500000024 0.0187040009
v -0.0204969998 -0.00600000005 0.0187040009
v -0.0206780005 -0.000500000024 0.017678
v -0.0206780005 -0.000500000024 0.017678
v -0.0204969998 -0.00600000005 0.0187040009
v -0.0206780005 -0.00600000005 0.017678
v 0.0206780005 -0.000500000024 0.017678
v 0.0206780005 -0.00600000005 0.017678
v 0.0204969998 -0.000500000024 0.0187040009
v 0.0204969998 -0.000500000024 0.0187040009
v 0.0206780005 -0.00600000005 0.017678
v 0.0204969998 -0.00600000005 0.0187040009
v 0.0204969998 -0.000500000024 0.0187040009
v 0.0204969998 -0.00600000005 0.0187040009
v 0.0199759994 -0.000500000024 0.0196059998
v 0.0199759994 -0.000500000024 0.0196059998
v 0.0204969998 -0.00600000005 0.0187040009
v 0.0199759994 -0.00600000005 0.0196059998
v 0.0199759994 -0.000500000024 0.0196059998
v 0.0199759994 -0.00600000005 0.0196059998
v 0.0191779993 -0.000500000024 0.0202760007
v 0.0191779993 -0.000500000024 0.0202760007
v 0.0199759994 -0.00600000005 0.0196059998
v 0.0191779993 -0.00600000005 0.0202760007
v 0.0191779993 -0.000500000024 0.0202760007
v 0.0191779993 -0.00600000005 0.0202760007
v 0.0181990005 -0.000500000024 0.0206320006
v 0.0181990005 -0.000500000024 0.0206320006
v 0.0191779993 -0.00600000005 0.0202760007
v 0.0181990005 -0.00600000005 0.0206320006
v 0.0181990005 -0.000500000024 0.0206320006
v 0.0181990005 -0.00600000005 0.0206320006
v 0.0171569996 -0.000500000024 0.0206320006
v 0.0171569996 -0.000500000024 0.0206320006
v 0.0181990005 -0.00600000005 0.0206320006
v 0.0171569996 -0.00600000005 0.0206320006
v 0.0171569996 -0.000500000024 0.0206320006
v 0.0171569996 -0.00600000005 0.0206320006
v 0.0161780007 -0.000500000024 0.0202760007
v 0.0161780007 -0.000500000024 0.0202760007
v 0.0171569996 -0.00600000005 0.0206320006
v 0.0161780007 -0.00600000005 0.0202760007
v 0.0161780007 -0.000500000024 0.0202760007
v 0.0161780007 -0.00600000005 0.0202760007
v 0.0153799998 -0.000500000024 0.0196059998
v 0.0153799998 -0.000500000024 0.0196059998
v 0.0161780007 -0.00600000005 0.0202760007
v 0.0153799998 -0.00600000005 0.0196059998
v 0.0153799998 -0.000500000024 0.0196059998
v 0.0153799998 -0.00600000005 0.0196059998
v 0.0148590002 -0.000500000024 0.0187040009
v 0.0148590002 -0.000500000024 0.0187040009
v 0.0153799998 -0.00600000005 0.0196059998
v 0.0148590002 -0.00600000005 0.0187040009
v 0.0148590002 -0.000500000024 0.0187040009
v 0.0148590002 -0.00600000005 0.0187040009
v 0.0146779995 -0.000500000024 0.017678
v 0.0146779995 -0.000500000024 0.017678
v 0.0148590002 -0.00600000005 0.0187040009
v 0.0146779995 -0.00600000005 0.017678
v 0.0206780005 -0.000500000024 -0.017678
v 0.0206780005 -0.00600000005 -0.017678
v 0.0204969998 -0.000500000024 -0.0166519992
v 0.0204969998 -0.000500000024 -0.0166519992
v 0.0206780005 -0.00600000005 -0.017678
v 0.0204969998 -0.00600000005 -0.0166519992
v 0.0204969998 -0.000500000024 -0.0166519992
v 0.0204969998 -0.00600000005 -0.0166519992
v 0.0199759994 -0.000500000024 -0.015749
v 0.0199759994 -0.000500000024 -0.015749
v 0.0204969998 -0.00600000005 -0.0166519992
v 0.0199759994 -0.00600000005 -0.015749
v 0.0199759994 -0.000500000024 -0.015749
v 0.0199759994 -0.00600000005 -0.015749
v 0.0191779993 -0.000500000024 -0.0150800003
v 0.0191779993 -0.000500000024 -0.0150800003
v 0.0199759994 -0.00600000005 -0.015749
v 0.0191779993 -0.00600000005 -0.0150800003
v 0.0191779993 -0.000500000024 -0.0150800003
v 0.0191779993 -0.00600000005 -0.0150800003
v 0.0181990005 -0.000500000024 -0.0147230001
v 0.0181990005 -0.000500000024 -0.0147230001
v 0.0191779993 -0.00600000005 -0.0150800003
v 0.0181990005 -0.00600000005 -0.0147230001
v 0.0181990005 -0.000500000024 -0.0147230001
v 0.0181990005 -0.00600000005 -0.0147230001
v 0.0171569996 -0.000500000024 -0.0147230001
v 0.0171569996 -0.000500000024 -0.0147230001
v 0.0181990005 -0.00600000005 -0.0147230001
v 0.0171569996 -0.00600000005 -0.0147230001
v 0.0171569996 -0.000500000024 -0.0147230001
v 0.0171569996 -0.00600000005 -0.0147230001
v 0.0161780007 -0.000500000024 -0.0150800003
v 0.0161780007 -0.000500000024 -0.0150800003
v 0.0171569996 -0.00600000005 -0.0147230001
v 0.0161780007 -0.00600000005 -0.0150800003
v 0.0161780007 -0.000500000024 -0.0150800003
v 0.0161780007 -0.00600000005 -0.0150800003
v 0.0153799998 -0.000500000024 -0.015749
v 0.0153799998 -0.000500000024 -0.015749
v 0.0161780007 -0.00600000005 -0.0150800003
v 0.0153799998 -0.00600000005 -0.015749
v 0.0153799998 -0.000500000024 -0.015749
v 0.0153799998 -0.00600000005 -0.015749
v 0.0148590002 -0.000500000024 -0.0166519992
v 0.0148590002 -0.000500000024 -0.0166519992
v 0.0153799998 -0.00600000005 -0.015749
v 0.0148590002 -0.00600000005 -0.0166519992
v 0.0148590002 -0.000500000024 -0.0166519992
v 0.0148590002 -0.00600000005 -0.0166519992
v 0.0146779995 -0.000500000024 -0.017678
v 0.0146779995 -0.000500000024 -0.017678
v 0.0148590002 -0.00600000005 -0.0166519992
v 0.0146779995 -0.00600000005 -0.017678
v 0.00300000003 -0.000500000024 -0.0250000004
v 0.00300000003 -0.00600000005 -0.0250000004
v 0.00281900004 -0.000500000024 -0.0239739995
v 0.00281900004 -0.000500000024 -0.0239739995
v 0.00300000003 -0.00600000005 -0.0250000004
v 0.00281900004 -0.00600000005 -0.0239739995
v 0.00281900004 -0.000500000024 -0.0239739995
v 0.00281900004 -0.00600000005 -0.0239739995
v 0.00229800004 -0.000500000024 -0.0230720006
v 0.00229800004 -0.000500000024 -0.0230720006
v 0.00281900004 -0.00600000005 -0.0239739995
v 0.00229800004 -0.00600000005 -0.0230720006
v 0.00229800004 -0.000500000024 -0.0230720006
v 0.00229800004 -0.00600000005 -0.0230720006
v 0.00150000001 -0.000500000024 -0.0224019997
v 0.00150000001 -0.000500000024 -0.0224019997
v 0.00229800004 -0.00600000005 -0.0230720006
v 0.00150000001 -0.00600000005 -0.0224019997
v 0.00150000001 -0.000500000024 -0.0224019997
v 0.00150000001 -0.00600000005 -0.0224019997
v 0.000521000009 -0.000500000024 -0.0220459998
v 0.000521000009 -0.000500000024 -0.0220459998
v 0.00150000001 -0.00600000005 -0.0224019997
v 0.000521000009 -0.00600000005 -0.0220459998
v 0.000521000009 -0.000500000024 -0.0220459998
v 0.000521000009 -0.00600000005 -0.0220459998
v -0.000521000009 -0.000500000024 -0.0220459998
v -0.000521000009 -0.000500000024 -0.0220459998
v 0.000521000009 -0.00600000005 -0.0220459998
v -0.000521000009 -0.00600000005 -0.0220459998
v -0.000521000009 -0.000500000024 -0.0220459998
v -0.000521000009 -0.00600000005 -0.0220459998
v -0.00150000001 -0.000500000024 -0.0224019997
v -0.00150000001 -0.000500000024 -0.0224019997
v -0.000521000009 -0.00600000005 -0.0220459998
v -0.00150000001 -0.00600000005 -0.0224019997
v -0.00150000001 -0.000500000024 -0.0224019997
v -0.00150000001 -0.00600000005 -0.0224019997
v -0.00229800004 -0.000500000024 -0.0230720006
v -0.00229800004 -0.000500000024 -0.0230720006
v -0.00150000001 -0.00600000005 -0.0224019997
v -0.00229800004 -0.00600000005 -0.0230720006
v -0.00229800004 -0.000500000024 -0.0230720006
v -0.00229800004 -0.00600000005 -0.0230720006
v -0.00281900004 -0.000500000024 -0.0239739995
v -0.00281900004 -0.000500000024 -0.0239739995
v -0.00229800004 -0.00600000005 -0.0230720006
v -0.00281900004 -0.00600000005 -0.0239739995
v -0.00281900004 -0.000500000024 -0.0239739995
v -0.00281900004 -0.00600000005 -0.0239739995
v -0.00300000003 -0.000500000024 -0.0250000004
v -0.00300000003 -0.000500000024 -0.0250000004
v -0.00281900004 -0.00600000005 -0.0239739995
v -0.00300000003 -0.00600000005 -0.0250000004
v 0.0167500004 0 0
v 0.0157500003 -0.00100000005 0
v 0.01633 0 0.00372699997
v 0.01633 0 0.00372699997
v 0.0157500003 -0.00100000005 0
v 0.015292 -0.00100000005 0.00376900006
v 0.01633 0 0.00372699997
v 0.015292 -0.00100000005 0.00376900006
v 0.0150910001 0 0.00726799993
v 0.0150910001 0 0.00726799993
v 0.015292 -0.00100000005 0.00376900006
v 0.0139459996 -0.00100000005 0.00731900008
v 0.0150910001 0 0.00726799993
v 0.0139459996 -0.00100000005 0.00731900008
v 0.0130960001 0 0.0104430001
v 0.0130960001 0 0.0104430001
v 0.0139459996 -0.00100000005 0.00731900008
v 0.0117889997 -0.00100000005 0.0104440004
v 0.0130960001 0 0.0104430001
v 0.0117889997 -0.00100000005 0.0104440004
v 0.0104430001 0 0.0130960001
v 0.0104430001 0 0.0130960001
v 0.0117889997 -0.00100000005 0.0104440004
v 0.00894699991 -0.00100000005 0.0129620004
v 0.0104430001 0 0.0130960001
v 0.00894699991 -0.00100000005 0.0129620004
v 0.00726799993 0 0.0150910001
v 0.00726799993 0 0.0150910001
v 0.00894699991 -0.00100000005 0.0129620004
v 0.00558499992 -0.00100000005 0.0147270001
v 0.00726799993 0 0.0150910001
v 0.00558499992 -0.00100000005 0.0147270001
v 0.00372699997 0 0.01633
v 0.00372699997 0 0.01633
v 0.00558499992 -0.00100000005 0.0147270001
v 0.00189800002 -0.00100000005 0.0156350005
v 0.00372699997 0 0.01633
v 0.00189800002 -0.00100000005 0.0156350005
v 0 0 0.0167500004
v 0 0 0.0167500004
v 0.00189800002 -0.00100000005 0.0156350005
v -0.00189800002 -0.00100000005 0.0156350005
v 0 0 0.0167500004
v -0.00189800002 -0.00100000005 0.0156350005
v -0.00372699997 0 0.01633
v -0.00372699997 0 0.01633
v -0.00189800002 -0.00100000005 0.0156350005
v -0.00558499992 -0.00100000005 0.0147270001
v -0.00372699997 0 0.01633
v -0.00558499992 -0.00100000005 0.0147270001
v -0.00726799993 0 0.0150910001
v -0.00726799993 0 0.0150910001
v -0.00558499992 -0.00100000005 0.0147270001
v -0.00894699991 -0.00100000005 0.0129620004
v -0.00726799993 0 0.0150910001
v -0.00894699991 -0.00100000005 0.0129620004
v -0.0104430001 0 0.0130960001
v -0.0104430001 0 0.0130960001
v -0.00894699991 -0.00100000005 0.0129620004
v -0.0117889997 -0.00100000005 0.0104440004
v -0.0104430001 0 0.0130960001
v -0.0117889997 -0.00100000005 0.0104440004
v -0.0130960001 0 0.0104430001
v -0.0130960001 0 0.0104430001
v -0.0117889997 -0.00100000005 0.0104440004
v -0.0139459996 -0.00100000005 0.00731900008
v -0.0130960001 0 0.0104430001
v -0.0139459996 -0.00100000005 0.00731900008
v -0.0150910001 0 0.00726799993
v -0.0150910001 0 0.00726799993
v -0.0139459996 -0.00100000005 0.00731900008
v -0.015292 -0.00100000005 0.00376900006
v -0.0150910001 0 0.00726799993
v -0.015292 -0.00100000005 0.00376900006
v -0.01633 0 0.00372699997
v -0.01633 0 0.00372699997
v -0.015292 -0.00100000005 0.00376900006
v -0.0157500003 -0.00100000005 0
v -0.01633 0 0.00372699997
v -0.0157500003 -0.00100000005 0
v -0.0167500004 0 0
v 0.0157500003 -0.00100000005 0
v 0.0157500003 -0.00600000005 0
v 0.015292 -0.00100000005 0.00376900006
v 0.015292 -0.00100000005 0.00376900006
v 0.0157500003 -0.00600000005 0
v 0.015292 -0.00600000005 0.00376900006
v 0.015292 -0.00100000005 0.00376900006
v 0.015292 -0.00600000005 0.00376900006
v 0.0139459996 -0.00100000005 0.00731900008
v 0.0139459996 -0.00100000005 0.00731900008
v 0.015292 -0.00600000005 0.00376900006
v 0.0139459996 -0.00600000005 0.00731900008
v 0.0139459996 -0.00100000005 0.00731900008
v 0.0139459996 -0.00600000005 0.00731900008
v 0.0117889997 -0.00100000005 0.0104440004
v 0.0117889997 -0.00100000005 0.0104440004
v 0.0139459996 -0.00600000005 0.00731900008
v 0.0117889997 -0.00600000005 0.0104440004
v 0.0117889997 -0.00100000005 0.0104440004
v 0.0117889997 -0.00600000005 0.0104440004
v 0.00894699991 -0.00100000005 0.0129620004
v 0.00894699991 -0.00100000005 0.0129620004
v 0.0117889997 -0.00600000005 0.0104440004
v 0.00894699991 -0.00600000005 0.0129620004
v 0.00894699991 -0.00100000005 0.0129620004
v 0.00894699991 -0.00600000005 0.0129620004
v 0.00558499992 -0.00100000005 0.0147270001
v 0.00558499992 -0.00100000005 0.0147270001
v 0.00894699991 -0.00600000005 0.0129620004
v 0.00558499992 -0.00600000005 0.0147270001
v 0.00558499992 -0.00100000005 0.0147270001
v 0.00558499992 -0.00600000005 0.0147270001
v 0.00189800002 -0.00100000005 0.0156350005
v 0.00189800002 -0.00100000005 0.0156350005
v 0.00558499992 -0.00600000005 0.0147270001
v 0.00189800002 -0.00600000005 0.0156350005
v 0.00189800002 -0.00100000005 0.0156350005
v 0.00189800002 -0.00600000005 0.0156350005
v -0.00189800002 -0.00100000005 0.0156350005
v -0.00189800002 -0.00100000005 0.0156350005
v 0.00189800002 -0.00600000005 0.0156350005
v -0.00189800002 -0.00600000005 0.0156350005
v -0.00189800002 -0.00100000005 0.0156350005
v -0.00189800002 -0.00600000005 0.0156350005
v -0.00558499992 -0.00100000005 0.0147270001
v -0.00558499992 -0.00100000005 0.0147270001
v -0.00189800002 -0.00600000005 0.0156350005
v -0.00558499992 -0.00600000005 0.0147270001
v -0.00558499992 -0.00100000005 0.0147270001
v -0.00558499992 -0.00600000005 0.0147270001
v -0.00894699991 -0.00100000005 0.0129620004
v -0.00894699991 -0.00100000005 0.0129620004
v -0.00558499992 -0.00600000005 0.0147270001
v -0.00894699991 -0.00600000005 0.0129620004
v -0.00894699991 -0.00100000005 0.0129620004
v -0.00894699991 -0.00600000005 0.0129620004
v -0.0117889997 -0.00100000005 0.0104440004
v -0.0117889997 -0.00100000005 0.0104440004
v -0.00894699991 -0.00600000005 0.0129620004
v -0.0117889997 -0.00600000005 0.0104440004
v -0.0117889997 -0.00100000005 0.0104440004
v -0.0117889997 -0.00600000005 0.0104440004
v -0.0139459996 -0.00100000005 0.00731900008
v -0.0139459996 -0.00100000005 0.00731900008
v -0.0117889997 -0.00600000005 0.0104440004
v -0.0139459996 -0.00600000005 0.00731900008
v -0.0139459996 -0.00100000005 0.00731900008
v -0.0139459996 -0.00600000005 0.00731900008
v -0.015292 -0.00100000005 0.00376900006
v -0.015292 -0.00100000005 0.00376900006
v -0.0139459996 -0.00600000005 0.00731900008
v -0.015292 -0.00600000005 0.00376900006
v -0.015292 -0.00100000005 0.00376900006
v -0.015292 -0.00600000005 0.00376900006
v -0.0157500003 -0.00100000005 0
v -0.0157500003 -0.00100000005 0
v -0.015292 -0.00600000005 0.00376900006
v -0.0157500003 -0.00600000005 0
v -0.00688100001 -0.0285950005 -0.0450000018
v -0.00646599988 -0.0262410007 -0.0450000018
v -0.00683199987 -0.0285950005 -0.0453089997
v -0.00683199987 -0.0285950005 -0.0453089997
v -0.00646599988 -0.0262410007 -0.0450000018
v -0.00640999991 -0.0262620002 -0.0453419983
v -0.00683199987 -0.0285950005 -0.0453089997
v -0.00640999991 -0.0262620002 -0.0453419983
v -0.00669000018 -0.0285950005 -0.0455880016
v -0.00669000018 -0.0285950005 -0.0455880016
v -0.00640999991 -0.0262620002 -0.0453419983
v -0.00624699984 -0.0263209995 -0.0456430018
v -0.00669000018 -0.0285950005 -0.0455880016
v -0.00624699984 -0.0263209995 -0.0456430018
v -0.00646900013 -0.0285950005 -0.0458090007
v -0.00646900013 -0.0285950005 -0.0458090007
v -0.00624699984 -0.0263209995 -0.0456430018
v -0.0059969998 -0.0264120009 -0.0458660014
v -0.00646900013 -0.0285950005 -0.0458090007
v -0.0059969998 -0.0264120009 -0.0458660014
v -0.0061900001 -0.0285950005 -0.0459510013
v -0.0061900001 -0.0285950005 -0.0459510013
v -0.0059969998 -0.0264120009 -0.0458660014
v -0.00569000002 -0.0265239999 -0.0459849983
v -0.0061900001 -0.0285950005 -0.0459510013
v -0.00569000002 -0.0265239999 -0.0459849983
v -0.00588099984 -0.0285950005 -0.0460000001
v -0.00588099984 -0.0285950005 -0.0460000001
v -0.00569000002 -0.0265239999 -0.0459849983
v -0.00552699994 -0.0265829992 -0.0460000001
v -0.00552699994 -0.0265829992 -0.0460000001
v -0.00569000002 -0.0265239999 -0.0459849983
v -0.00450500008 -0.0248140004 -0.0460000001
v -0.00450500008 -0.0248140004 -0.0460000001
v -0.00569000002 -0.0265239999 -0.0459849983
v -0.00463799993 -0.0247029997 -0.0459849983
v -0.00450500008 -0.0248140004 -0.0460000001
v -0.00463799993 -0.0247029997 -0.0459849983
v -0.00294100004 -0.0235009994 -0.0460000001
v -0.00294100004 -0.0235009994 -0.0460000001
v -0.00463799993 -0.0247029997 -0.0459849983
v -0.00302800001 -0.0233510006 -0.0459849983
v -0.00294100004 -0.0235009994 -0.0460000001
v -0.00302800001 -0.0233510006 -0.0459849983
v -0.00102099997 -0.0228029992 -0.0460000001
v -0.00102099997 -0.0228029992 -0.0460000001
v -0.00302800001 -0.0233510006 -0.0459849983
v -0.00105099997 -0.0226319991 -0.0459849983
v -0.00102099997 -0.0228029992 -0.0460000001
v -0.00105099997 -0.0226319991 -0.0459849983
v 0.00102099997 -0.0228029992 -0.0460000001
v 0.00102099997 -0.0228029992 -0.0460000001
v -0.00105099997 -0.0226319991 -0.0459849983
v 0.00105099997 -0.0226319991 -0.0459849983
v 0.00102099997 -0.0228029992 -0.0460000001
v 0.00105099997 -0.0226319991 -0.0459849983
v 0.00294100004 -0.0235009994 -0.0460000001
v 0.00294100004 -0.0235009994 -0.0460000001
v 0.00105099997 -0.0226319991 -0.0459849983
v 0.00302800001 -0.0233510006 -0.0459849983
v 0.00294100004 -0.0235009994 -0.0460000001
v 0.00302800001 -0.0233510006 -0.0459849983
v 0.00450500008 -0.0248140004 -0.0460000001
v 0.00450500008 -0.0248140004 -0.0460000001
v 0.00302800001 -0.0233510006 -0.0459849983
v 0.00463799993 -0.0247029997 -0.0459849983
v 0.00450500008 -0.0248140004 -0.0460000001
v 0.00463799993 -0.0247029997 -0.0459849983
v 0.00552699994 -0.0265829992 -0.0460000001
v 0.00552699994 -0.0265829992 -0.0460000001
v 0.00463799993 -0.0247029997 -0.0459849983
v 0.00569000002 -0.0265239999 -0.0459849983
v 0.00552699994 -0.0265829992 -0.0460000001
v 0.00569000002 -0.0265239999 -0.0459849983
v 0.00588099984 -0.0285950005 -0.0460000001
v 0.00588099984 -0.0285950005 -0.0460000001
v 0.00569000002 -0.0265239999 -0.0459849983
v 0.0061900001 -0.0285950005 -0.0459510013
v 0.0061900001 -0.0285950005 -0.0459510013
v 0.00569000002 -0.0265239999 -0.0459849983
v 0.0059969998 -0.0264120009 -0.0458660014
v 0.0061900001 -0.0285950005 -0.0459510013
v 0.0059969998 -0.0264120009 -0.0458660014
v 0.00646900013 -0.0285950005 -0.0458090007
v 0.00646900013 -0.0285950005 -0.0458090007
v 0.0059969998 -0.0264120009 -0.0458660014
v 0.00624699984 -0.0263209995 -0.0456430018
v 0.00646900013 -0.0285950005 -0.0458090007
v 0.00624699984 -0.0263209995 -0.0456430018
v 0.00669000018 -0.0285950005 -0.0455880016
v 0.00669000018 -0.0285950005 -0.0455880016
v 0.00624699984 -0.0263209995 -0.0456430018
v 0.00640999991 -0.0262620002 -0.0453419983
v 0.00669000018 -0.0285950005 -0.0455880016
v 0.00640999991 -0.0262620002 -0.0453419983
v 0.00683199987 -0.0285950005 -0.0453089997
v 0.00683199987 -0.0285950005 -0.0453089997
v 0.00640999991 -0.0262620002 -0.0453419983
v 0.00646599988 -0.0262410007 -0.0450000018
v 0.00683199987 -0.0285950005 -0.0453089997
v 0.00646599988 -0.0262410007 -0.0450000018
v 0.00688100001 -0.0285950005 -0.0450000018
v -0.00640999991 -0.0262620002 -0.0453419983
v -0.00646599988 -0.0262410007 -0.0450000018
v -0.00522499997 -0.0242100004 -0.0453419983
v -0.00522499997 -0.0242100004 -0.0453419983
v -0.00646599988 -0.0262410007 -0.0450000018
v -0.00527099986 -0.0241710003 -0.0450000018
v -0.00522499997 -0.0242100004 -0.0453419983
v -0.00527099986 -0.0241710003 -0.0450000018
v -0.0034109999 -0.0226869993 -0.0453419983
v -0.0034109999 -0.0226869993 -0.0453419983
v -0.00527099986 -0.0241710003 -0.0450000018
v -0.00344099989 -0.0226349998 -0.0450000018
v -0.0034109999 -0.0226869993 -0.0453419983
v -0.00344099989 -0.0226349998 -0.0450000018
v -0.00118400005 -0.0218770001 -0.0453419983
v -0.00118400005 -0.0218770001 -0.0453419983
v -0.00344099989 -0.0226349998 -0.0450000018
v -0.00119500002 -0.0218180008 -0.0450000018
v -0.00118400005 -0.0218770001 -0.0453419983
v -0.00119500002 -0.0218180008 -0.0450000018
v 0.00118400005 -0.0218770001 -0.0453419983
v 0.00118400005 -0.0218770001 -0.0453419983
v -0.00119500002 -0.0218180008 -0.0450000018
v 0.00119500002 -0.0218180008 -0.0450000018
v 0.00118400005 -0.0218770001 -0.0453419983
v 0.00119500002 -0.0218180008 -0.0450000018
v 0.0034109999 -0.0226869993 -0.0453419983
v 0.0034109999 -0.0226869993 -0.0453419983
v 0.00119500002 -0.0218180008 -0.0450000018
v 0.00344099989 -0.0226349998 -0.0450000018
v 0.0034109999 -0.0226869993 -0.0453419983
v 0.00344099989 -0.0226349998 -0.0450000018
v 0.00522499997 -0.0242100004 -0.0453419983
v 0.00522499997 -0.0242100004 -0.0453419983
v 0.00344099989 -0.0226349998 -0.0450000018
v 0.00527099986 -0.0241710003 -0.0450000018
v 0.00522499997 -0.0242100004 -0.0453419983
v 0.00527099986 -0.0241710003 -0.0450000018
v 0.00640999991 -0.0262620002 -0.0453419983
v 0.00640999991 -0.0262620002 -0.0453419983
v 0.00527099986 -0.0241710003 -0.0450000018
v 0.00646599988 -0.0262410007 -0.0450000018
v -0.00624699984 -0.0263209995 -0.0456430018
v -0.00640999991 -0.0262620002 -0.0453419983
v -0.00509200012 -0.0243219994 -0.0456430018
v -0.00509200012 -0.0243219994 -0.0456430018
v -0.00640999991 -0.0262620002 -0.0453419983
v -0.00522499997 -0.0242100004 -0.0453419983
v -0.00509200012 -0.0243219994 -0.0456430018
v -0.00522499997 -0.0242100004 -0.0453419983
v -0.00332399993 -0.0228380002 -0.0456430018
v -0.00332399993 -0.0228380002 -0.0456430018
v -0.00522499997 -0.0242100004 -0.0453419983
v -0.0034109999 -0.0226869993 -0.0453419983
v -0.00332399993 -0.0228380002 -0.0456430018
v -0.0034109999 -0.0226869993 -0.0453419983
v -0.00115400006 -0.0220480002 -0.0456430018
v -0.00115400006 -0.0220480002 -0.0456430018
v -0.0034109999 -0.0226869993 -0.0453419983
v -0.00118400005 -0.0218770001 -0.0453419983
v -0.00115400006 -0.0220480002 -0.0456430018
v -0.00118400005 -0.0218770001 -0.0453419983
v 0.00115400006 -0.0220480002 -0.0456430018
v 0.00115400006 -0.0220480002 -0.0456430018
v -0.00118400005 -0.0218770001 -0.0453419983
v 0.00118400005 -0.0218770001 -0.0453419983
v 0.00115400006 -0.0220480002 -0.0456430018
v 0.00118400005 -0.0218770001 -0.0453419983
v 0.00332399993 -0.0228380002 -0.0456430018
v 0.00332399993 -0.0228380002 -0.0456430018
v 0.00118400005 -0.0218770001 -0.0453419983
v 0.0034109999 -0.0226869993 -0.0453419983
v 0.00332399993 -0.0228380002 -0.0456430018
v 0.0034109999 -0.0226869993 -0.0453419983
v 0.00509200012 -0.0243219994 -0.0456430018
v 0.00509200012 -0.0243219994 -0.0456430018
v 0.0034109999 -0.0226869993 -0.0453419983
v 0.00522499997 -0.0242100004 -0.0453419983
v 0.00509200012 -0.0243219994 -0.0456430018
v 0.00522499997 -0.0242100004 -0.0453419983
v 0.00624699984 -0.0263209995 -0.0456430018
v 0.00624699984 -0.0263209995 -0.0456430018
v 0.00522499997 -0.0242100004 -0.0453419983
v 0.00640999991 -0.0262620002 -0.0453419983
v -0.00463799993 -0.0247029997 -0.0459849983
v -0.00569000002 -0.0265239999 -0.0459849983
v -0.0059969998 -0.0264120009 -0.0458660014
v -0.0059969998 -0.0264120009 -0.0458660014
v -0.00624699984 -0.0263209995 -0.0456430018
v -0.00488799997 -0.0244929995 -0.0458660014
v -0.00488799997 -0.0244929995 -0.0458660014
v -0.00624699984 -0.0263209995 -0.0456430018
v -0.00509200012 -0.0243219994 -0.0456430018
v -0.00488799997 -0.0244929995 -0.0458660014
v -0.00509200012 -0.0243219994 -0.0456430018
v -0.00319100008 -0.0230679996 -0.0458660014
v -0.00319100008 -0.0230679996 -0.0458660014
v -0.00509200012 -0.0243219994 -0.0456430018
v -0.00332399993 -0.0228380002 -0.0456430018
v -0.00319100008 -0.0230679996 -0.0458660014
v -0.00332399993 -0.0228380002 -0.0456430018
v -0.00110800005 -0.0223099999 -0.0458660014
v -0.00110800005 -0.0223099999 -0.0458660014
v -0.00332399993 -0.0228380002 -0.0456430018
v -0.00115400006 -0.0220480002 -0.0456430018
v -0.00110800005 -0.0223099999 -0.0458660014
v -0.00115400006 -0.0220480002 -0.0456430018
v 0.00110800005 -0.0223099999 -0.0458660014
v 0.00110800005 -0.0223099999 -0.0458660014
v -0.00115400006 -0.0220480002 -0.0456430018
v 0.00115400006 -0.0220480002 -0.0456430018
v 0.00110800005 -0.0223099999 -0.0458660014
v 0.00115400006 -0.0220480002 -0.0456430018
v 0.00319100008 -0.0230679996 -0.0458660014
v 0.00319100008 -0.0230679996 -0.0458660014
v 0.00115400006 -0.0220480002 -0.0456430018
v 0.00332399993 -0.0228380002 -0.0456430018
v 0.00319100008 -0.0230679996 -0.0458660014
v 0.00332399993 -0.0228380002 -0.0456430018
v 0.00488799997 -0.0244929995 -0.0458660014
v 0.00488799997 -0.0244929995 -0.0458660014
v 0.00332399993 -0.0228380002 -0.0456430018
v 0.00509200012 -0.0243219994 -0.0456430018
v 0.00488799997 -0.0244929995 -0.0458660014
v 0.00509200012 -0.0243219994 -0.0456430018
v 0.0059969998 -0.0264120009 -0.0458660014
v 0.0059969998 -0.0264120009 -0.0458660014
v 0.00509200012 -0.0243219994 -0.0456430018
v 0.00624699984 -0.0263209995 -0.0456430018
v -0.00302800001 -0.0233510006 -0.0459849983
v -0.00463799993 -0.0247029997 -0.0459849983
v -0.00488799997 -0.0244929995 -0.0458660014
v -0.00488799997 -0.0244929995 -0.0458660014
v -0.00463799993 -0.0247029997 -0.0459849983
v -0.0059969998 -0.0264120009 -0.0458660014
v -0.00302800001 -0.0233510006 -0.0459849983
v -0.00488799997 -0.0244929995 -0.0458660014
v -0.00319100008 -0.0230679996 -0.0458660014
v -0.00105099997 -0.0226319991 -0.0459849983
v -0.00302800001 -0.0233510006 -0.0459849983
v -0.00319100008 -0.0230679996 -0.0458660014
v -0.00105099997 -0.0226319991 -0.0459849983
v -0.00319100008 -0.0230679996 -0.0458660014
v -0.00110800005 -0.0223099999 -0.0458660014
v 0.00105099997 -0.0226319991 -0.0459849983
v -0.00105099997 -0.0226319991 -0.0459849983
v -0.00110800005 -0.0223099999 -0.0458660014
v 0.00105099997 -0.0226319991 -0.0459849983
v -0.00110800005 -0.0223099999 -0.0458660014
v 0.00110800005 -0.0223099999 -0.0458660014
v 0.00302800001 -0.0233510006 -0.0459849983
v 0.00105099997 -0.0226319991 -0.0459849983
v 0.00110800005 -0.0223099999 -0.0458660014
v 0.00302800001 -0.0233510006 -0.0459849983
v 0.00110800005 -0.0223099999 -0.0458660014
v 0.00319100008 -0.0230679996 -0.0458660014
v 0.00463799993 -0.0247029997 -0.0459849983
v 0.00302800001 -0.0233510006 -0.0459849983
v 0.00319100008 -0.0230679996 -0.0458660014
v 0.00463799993 -0.0247029997 -0.0459849983
v 0.00319100008 -0.0230679996 -0.0458660014
v 0.00488799997 -0.0244929995 -0.0458660014
v 0.00569000002 -0.0265239999 -0.0459849983
v 0.00463799993 -0.0247029997 -0.0459849983
v 0.00488799997 -0.0244929995 -0.0458660014
v 0.00569000002 -0.0265239999 -0.0459849983
v 0.00488799997 -0.0244929995 -0.0458660014
v 0.0059969998 -0.0264120009 -0.0458660014
v 0.00688100001 -0.0285950005 -0.0368629992
v 0.00688100001 -0.0285950005 -0.0450000018
v 0.00675099995 -0.0272700004 -0.0368879996
v 0.00675099995 -0.0272700004 -0.0368879996
v 0.00688100001 -0.0285950005 -0.0450000018
v 0.00646599988 -0.0262410007 -0.0450000018
v 0.00675099995 -0.0272700004 -0.0368879996
v 0.00646599988 -0.0262410007 -0.0450000018
v 0.00635599997 -0.025959 -0.0369569995
v 0.00635599997 -0.025959 -0.0369569995
v 0.00646599988 -0.0262410007 -0.0450000018
v 0.00570800016 -0.0247549992 -0.0370629989
v 0.00570800016 -0.0247549992 -0.0370629989
v 0.00646599988 -0.0262410007 -0.0450000018
v 0.00527099986 -0.0241710003 -0.0450000018
v 0.00570800016 -0.0247549992 -0.0370629989
v 0.00527099986 -0.0241710003 -0.0450000018
v 0.0048659998 -0.0237290002 -0.0371830016
v 0.0048659998 -0.0237290002 -0.0371830016
v 0.00527099986 -0.0241710003 -0.0450000018
v 0.00344099989 -0.0226349998 -0.0450000018
v 0.0048659998 -0.0237290002 -0.0371830016
v 0.00344099989 -0.0226349998 -0.0450000018
v 0.0038399999 -0.0228870008 -0.0373030007
v 0.0038399999 -0.0228870008 -0.0373030007
v 0.00344099989 -0.0226349998 -0.0450000018
v 0.00263600005 -0.0222379994 -0.0374069996
v 0.00263600005 -0.0222379994 -0.0374069996
v 0.00344099989 -0.0226349998 -0.0450000018
v 0.00119500002 -0.0218180008 -0.0450000018
v 0.00263600005 -0.0222379994 -0.0374069996
v 0.00119500002 -0.0218180008 -0.0450000018
v 0.00132499996 -0.0218439996 -0.0374759994
v 0.00132499996 -0.0218439996 -0.0374759994
v 0.00119500002 -0.0218180008 -0.0450000018
v 0 -0.0217129998 -0.0375000015
v 0 -0.0217129998 -0.0375000015
v 0.00119500002 -0.0218180008 -0.0450000018
v -0.00119500002 -0.0218180008 -0.0450000018
v 0 -0.0217129998 -0.0375000015
v -0.00119500002 -0.0218180008 -0.0450000018
v -0.00132499996 -0.0218439996 -0.0374759994
v -0.00132499996 -0.0218439996 -0.0374759994
v -0.00119500002 -0.0218180008 -0.0450000018
v -0.00263600005 -0.0222379994 -0.0374069996
v -0.00263600005 -0.0222379994 -0.0374069996
v -0.00119500002 -0.0218180008 -0.0450000018
v -0.00344099989 -0.0226349998 -0.0450000018
v -0.00263600005 -0.0222379994 -0.0374069996
v -0.00344099989 -0.0226349998 -0.0450000018
v -0.0038399999 -0.0228870008 -0.0373030007
v -0.0038399999 -0.0228870008 -0.0373030007
v -0.00344099989 -0.0226349998 -0.0450000018
v -0.0048659998 -0.0237290002 -0.0371830016
v -0.0048659998 -0.0237290002 -0.0371830016
v -0.00344099989 -0.0226349998 -0.0450000018
v -0.00527099986 -0.0241710003 -0.0450000018
v -0.0048659998 -0.0237290002 -0.0371830016
v -0.00527099986 -0.0241710003 -0.0450000018
v -0.00570800016 -0.0247549992 -0.0370629989
v -0.00570800016 -0.0247549992 -0.0370629989
v -0.00527099986 -0.0241710003 -0.0450000018
v -0.00646599988 -0.0262410007 -0.0450000018
v -0.00570800016 -0.0247549992 -0.0370629989
v -0.00646599988 -0.0262410007 -0.0450000018
v -0.00635599997 -0.025959 -0.0369569995
v -0.00635599997 -0.025959 -0.0369569995
v -0.00646599988 -0.0262410007 -0.0450000018
v -0.00675099995 -0.0272700004 -0.0368879996
v -0.00675099995 -0.0272700004 -0.0368879996
v -0.00646599988 -0.0262410007 -0.0450000018
v -0.00688100001 -0.0285950005 -0.0450000018
v -0.00675099995 -0.0272700004 -0.0368879996
v -0.00688100001 -0.0285950005 -0.0450000018
v -0.00688100001 -0.0285950005 -0.0368629992
v -0.0315000005 -0.00100000005 0
v -0.0305000003 0 0
v -0.0310699996 -0.00100000005 -0.00518500013
v -0.0310699996 -0.00100000005 -0.00518500013
v -0.0305000003 0 0
v -0.0300370008 0 -0.00529599981
v -0.0310699996 -0.00100000005 -0.00518500013
v -0.0300370008 0 -0.00529599981
v -0.0297929998 -0.00100000005 -0.0102279996
v -0.0297929998 -0.00100000005 -0.0102279996
v -0.0300370008 0 -0.00529599981
v -0.0286609996 0 -0.0104320003
v -0.0297929998 -0.00100000005 -0.0102279996
v -0.0286609996 0 -0.0104320003
v -0.0277030002 -0.00100000005 -0.0149919996
v -0.0277030002 -0.00100000005 -0.0149919996
v -0.0286609996 0 -0.0104320003
v -0.0264139995 0 -0.0152500002
v -0.0277030002 -0.00100000005 -0.0149919996
v -0.0264139995 0 -0.0152500002
v -0.0248579998 -0.00100000005 -0.0193479992
v -0.0248579998 -0.00100000005 -0.0193479992
v -0.0264139995 0 -0.0152500002
v -0.023364 0 -0.0196049996
v -0.0248579998 -0.00100000005 -0.0193479992
v -0.023364 0 -0.0196049996
v -0.0213339999 -0.00100000005 -0.0231749993
v -0.0213339999 -0.00100000005 -0.0231749993
v -0.023364 0 -0.0196049996
v -0.0196049996 0 -0.023364
v -0.0213339999 -0.00100000005 -0.0231749993
v -0.0196049996 0 -0.023364
v -0.0172290001 -0.00100000005 -0.0263710003
v -0.0172290001 -0.00100000005 -0.0263710003
v -0.0196049996 0 -0.023364
v -0.0152500002 0 -0.0264139995
v -0.0172290001 -0.00100000005 -0.0263710003
v -0.0152500002 0 -0.0264139995
v -0.0126529997 -0.00100000005 -0.0288469996
v -0.0126529997 -0.00100000005 -0.0288469996
v -0.0152500002 0 -0.0264139995
v -0.0104320003 0 -0.0286609996
v -0.0126529997 -0.00100000005 -0.0288469996
v -0.0104320003 0 -0.0286609996
v -0.00773299998 -0.00100000005 -0.0305359997
v -0.00773299998 -0.00100000005 -0.0305359997
v -0.0104320003 0 -0.0286609996
v -0.00529599981 0 -0.0300370008
v -0.00773299998 -0.00100000005 -0.0305359997
v -0.00529599981 0 -0.0300370008
v -0.00260100001 -0.00100000005 -0.0313920006
v -0.00260100001 -0.00100000005 -0.0313920006
v -0.00529599981 0 -0.0300370008
v 0 0 -0.0305000003
v -0.00260100001 -0.00100000005 -0.0313920006
v 0 0 -0.0305000003
v 0.00260100001 -0.00100000005 -0.0313920006
v 0.00260100001 -0.00100000005 -0.0313920006
v 0 0 -0.0305000003
v 0.00529599981 0 -0.0300370008
v 0.00260100001 -0.00100000005 -0.0313920006
v 0.00529599981 0 -0.0300370008
v 0.00773299998 -0.00100000005 -0.0305359997
v 0.00773299998 -0.00100000005 -0.0305359997
v 0.00529599981 0 -0.0300370008
v 0.0104320003 0 -0.0286609996
v 0.00773299998 -0.00100000005 -0.0305359997
v 0.0104320003 0 -0.0286609996
v 0.0126529997 -0.00100000005 -0.0288469996
v 0.0126529997 -0.00100000005 -0.0288469996
v 0.0104320003 0 -0.0286609996
v 0.0152500002 0 -0.0264139995
v 0.0126529997 -0.00100000005 -0.0288469996
v 0.0152500002 0 -0.0264139995
v 0.0172290001 -0.00100000005 -0.0263710003
v 0.0172290001 -0.00100000005 -0.0263710003
v 0.0152500002 0 -0.0264139995
v 0.0196049996 0 -0.023364
v 0.0172290001 -0.00100000005 -0.0263710003
v 0.0196049996 0 -0.023364
v 0.0213339999 -0.00100000005 -0.0231749993
v 0.0213339999 -0.00100000005 -0.0231749993
v 0.0196049996 0 -0.023364
v 0.023364 0 -0.0196049996
v 0.0213339999 -0.00100000005 -0.0231749993
v 0.023364 0 -0.0196049996
v 0.0248579998 -0.00100000005 -0.0193479992
v 0.0248579998 -0.00100000005 -0.0193479992
v 0.023364 0 -0.0196049996
v 0.0264139995 0 -0.0152500002
v 0.0248579998 -0.00100000005 -0.0193479992
v 0.0264139995 0 -0.0152500002
v 0.0277030002 -0.00100000005 -0.0149919996
v 0.0277030002 -0.00100000005 -0.0149919996
v 0.0264139995 0 -0.0152500002
v 0.0286609996 0 -0.0104320003
v 0.0277030002 -0.00100000005 -0.0149919996
v 0.0286609996 0 -0.0104320003
v 0.0297929998 -0.00100000005 -0.0102279996
v 0.0297929998 -0.00100000005 -0.0102279996
v 0.0286609996 0 -0.0104320003
v 0.0300370008 0 -0.00529599981
v 0.0297929998 -0.00100000005 -0.0102279996
v 0.0300370008 0 -0.00529599981
v 0.0310699996 -0.00100000005 -0.00518500013
v 0.0310699996 -0.00100000005 -0.00518500013
v 0.0300370008 0 -0.00529599981
v 0.0305000003 0 0
v 0.0310699996 -0.00100000005 -0.00518500013
v 0.0305000003 0 0
v 0.0315000005 -0.00100000005 0
v -0.0375000015 -0.00800000038 0
v -0.0364999995 -0.00700000022 0
v -0.0370379984 -0.00800000038 -0.00586599996
v -0.0370379984 -0.00800000038 -0.00586599996
v -0.0364999995 -0.00700000022 0
v -0.0360510014 -0.00700000022 -0.00571000017
v -0.0370379984 -0.00800000038 -0.00586599996
v -0.0360510014 -0.00700000022 -0.00571000017
v -0.0356650017 -0.00800000038 -0.0115879998
v -0.0356650017 -0.00800000038 -0.0115879998
v -0.0360510014 -0.00700000022 -0.00571000017
v -0.0347139984 -0.00700000022 -0.011279
v -0.0356650017 -0.00800000038 -0.0115879998
v -0.0347139984 -0.00700000022 -0.011279
v -0.0334130004 -0.00800000038 -0.0170249995
v -0.0334130004 -0.00800000038 -0.0170249995
v -0.0347139984 -0.00700000022 -0.011279
v -0.0325220004 -0.00700000022 -0.0165710002
v -0.0334130004 -0.00800000038 -0.0170249995
v -0.0325220004 -0.00700000022 -0.0165710002
v -0.0303380005 -0.00800000038 -0.0220420007
v -0.0303380005 -0.00800000038 -0.0220420007
v -0.0325220004 -0.00700000022 -0.0165710002
v -0.0295289997 -0.00700000022 -0.0214540008
v -0.0303380005 -0.00800000038 -0.0220420007
v -0.0295289997 -0.00700000022 -0.0214540008
v -0.026517 -0.00800000038 -0.026517
v -0.026517 -0.00800000038 -0.026517
v -0.0295289997 -0.00700000022 -0.0214540008
v -0.0258089993 -0.00700000022 -0.0258089993
v -0.026517 -0.00800000038 -0.026517
v -0.0258089993 -0.00700000022 -0.0258089993
v -0.0220420007 -0.00800000038 -0.0303380005
v -0.0220420007 -0.00800000038 -0.0303380005
v -0.0258089993 -0.00700000022 -0.0258089993
v -0.0214540008 -0.00700000022 -0.0295289997
v -0.0220420007 -0.00800000038 -0.0303380005
v -0.0214540008 -0.00700000022 -0.0295289997
v -0.0170249995 -0.00800000038 -0.0334130004
v -0.0170249995 -0.00800000038 -0.0334130004
v -0.0214540008 -0.00700000022 -0.0295289997
v -0.0165710002 -0.00700000022 -0.0325220004
v -0.0170249995 -0.00800000038 -0.0334130004
v -0.0165710002 -0.00700000022 -0.0325220004
v -0.0115879998 -0.00800000038 -0.0356650017
v -0.0115879998 -0.00800000038 -0.0356650017
v -0.0165710002 -0.00700000022 -0.0325220004
v -0.011279 -0.00700000022 -0.0347139984
v -0.0115879998 -0.00800000038 -0.0356650017
v -0.011279 -0.00700000022 -0.0347139984
v -0.00586599996 -0.00800000038 -0.0370379984
v -0.00586599996 -0.00800000038 -0.0370379984
v -0.011279 -0.00700000022 -0.0347139984
v -0.00571000017 -0.00700000022 -0.0360510014
v -0.00586599996 -0.00800000038 -0.0370379984
v -0.00571000017 -0.00700000022 -0.0360510014
v 0 -0.00800000038 -0.0375000015
v 0 -0.00800000038 -0.0375000015
v -0.00571000017 -0.00700000022 -0.0360510014
v 0 -0.00700000022 -0.0364999995
v 0 -0.00800000038 -0.0375000015
v 0 -0.00700000022 -0.0364999995
v 0.00586599996 -0.00800000038 -0.0370379984
v 0.00586599996 -0.00800000038 -0.0370379984
v 0 -0.00700000022 -0.0364999995
v 0.00571000017 -0.00700000022 -0.0360510014
v 0.00586599996 -0.00800000038 -0.0370379984
v 0.00571000017 -0.00700000022 -0.0360510014
v 0.0115879998 -0.00800000038 -0.0356650017
v 0.0115879998 -0.00800000038 -0.0356650017
v 0.00571000017 -0.00700000022 -0.0360510014
v 0.011279 -0.00700000022 -0.0347139984
v 0.0115879998 -0.00800000038 -0.0356650017
v 0.011279 -0.00700000022 -0.0347139984
v 0.0170249995 -0.00800000038 -0.0334130004
v 0.0170249995 -0.00800000038 -0.0334130004
v 0.011279 -0.00700000022 -0.0347139984
v 0.0165710002 -0.00700000022 -0.0325220004
v 0.0170249995 -0.00800000038 -0.0334130004
v 0.0165710002 -0.00700000022 -0.0325220004
v 0.0220420007 -0.00800000038 -0.0303380005
v 0.0220420007 -0.00800000038 -0.0303380005
v 0.0165710002 -0.00700000022 -0.0325220004
v 0.0214540008 -0.00700000022 -0.0295289997
v 0.0220420007 -0.00800000038 -0.0303380005
v 0.0214540008 -0.00700000022 -0.0295289997
v 0.026517 -0.00800000038 -0.026517
v 0.026517 -0.00800000038 -0.026517
v 0.0214540008 -0.00700000022 -0.0295289997
v 0.0258089993 -0.00700000022 -0.0258089993
v 0.026517 -0.00800000038 -0.026517
v 0.0258089993 -0.00700000022 -0.0258089993
v 0.0303380005 -0.00800000038 -0.0220420007
v 0.0303380005 -0.00800000038 -0.0220420007
v 0.0258089993 -0.00700000022 -0.0258089993
v 0.0295289997 -0.00700000022 -0.0214540008
v 0.0303380005 -0.00800000038 -0.0220420007
v 0.0295289997 -0.00700000022 -0.0214540008
v 0.0334130004 -0.00800000038 -0.0170249995
v 0.0334130004 -0.00800000038 -0.0170249995
v 0.0295289997 -0.00700000022 -0.0214540008
v 0.0325220004 -0.00700000022 -0.0165710002
v 0.0334130004 -0.00800000038 -0.0170249995
v 0.0325220004 -0.00700000022 -0.0165710002
v 0.0356650017 -0.00800000038 -0.0115879998
v 0.0356650017 -0.00800000038 -0.0115879998
v 0.0325220004 -0.00700000022 -0.0165710002
v 0.0347139984 -0.00700000022 -0.011279
v 0.0356650017 -0.00800000038 -0.0115879998
v 0.0347139984 -0.00700000022 -0.011279
v 0.0370379984 -0.00800000038 -0.00586599996
v 0.0370379984 -0.00800000038 -0.00586599996
v 0.0347139984 -0.00700000022 -0.011279
v 0.0360510014 -0.00700000022 -0.00571000017
v 0.0370379984 -0.00800000038 -0.00586599996
v 0.0360510014 -0.00700000022 -0.00571000017
v 0.0375000015 -0.00800000038 0
v 0.0375000015 -0.00800000038 0
v 0.0360510014 -0.00700000022 -0.00571000017
v 0.0364999995 -0.00700000022 0
v -0.0315000005 -0.00100000005 0
v -0.0310699996 -0.00100000005 -0.00518500013
v -0.0315000005 -0.00700000022 0
v -0.0315000005 -0.00700000022 0
v -0.0310699996 -0.00100000005 -0.00518500013
v -0.0310699996 -0.00700000022 -0.00518500013
v -0.0310699996 -0.00700000022 -0.00518500013
v -0.0310699996 -0.00100000005 -0.00518500013
v -0.0297929998 -0.00100000005 -0.0102279996
v -0.0310699996 -0.00700000022 -0.00518500013
v -0.0297929998 -0.00100000005 -0.0102279996
v -0.0297929998 -0.00700000022 -0.0102279996
v -0.0297929998 -0.00700000022 -0.0102279996
v -0.0297929998 -0.00100000005 -0.0102279996
v -0.0277030002 -0.00100000005 -0.0149919996
v -0.0297929998 -0.00700000022 -0.0102279996
v -0.0277030002 -0.00100000005 -0.0149919996
v -0.0277030002 -0.00700000022 -0.0149919996
v -0.0277030002 -0.00700000022 -0.0149919996
v -0.0277030002 -0.00100000005 -0.0149919996
v -0.0248579998 -0.00100000005 -0.0193479992
v -0.0277030002 -0.00700000022 -0.0149919996
v -0.0248579998 -0.00100000005 -0.0193479992
v -0.0248579998 -0.00700000022 -0.0193479992
v -0.0248579998 -0.00700000022 -0.0193479992
v -0.0248579998 -0.00100000005 -0.0193479992
v -0.0213339999 -0.00100000005 -0.0231749993
v -0.0248579998 -0.00700000022 -0.0193479992
v -0.0213339999 -0.00100000005 -0.0231749993
v -0.0213339999 -0.00700000022 -0.0231749993
v -0.0213339999 -0.00700000022 -0.0231749993
v -0.0213339999 -0.00100000005 -0.0231749993
v -0.0172290001 -0.00100000005 -0.0263710003
v -0.0213339999 -0.00700000022 -0.0231749993
v -0.0172290001 -0.00100000005 -0.0263710003
v -0.0172290001 -0.00700000022 -0.0263710003
v -0.0172290001 -0.00700000022 -0.0263710003
v -0.0172290001 -0.00100000005 -0.0263710003
v -0.0126529997 -0.00100000005 -0.0288469996
v -0.0172290001 -0.00700000022 -0.0263710003
v -0.0126529997 -0.00100000005 -0.0288469996
v -0.0126529997 -0.00700000022 -0.0288469996
v -0.0126529997 -0.00700000022 -0.0288469996
v -0.0126529997 -0.00100000005 -0.0288469996
v -0.00773299998 -0.00100000005 -0.0305359997
v -0.0126529997 -0.00700000022 -0.0288469996
v -0.00773299998 -0.00100000005 -0.0305359997
v -0.00773299998 -0.00700000022 -0.0305359997
v -0.00773299998 -0.00700000022 -0.0305359997
v -0.00773299998 -0.00100000005 -0.0305359997
v -0.00260100001 -0.00100000005 -0.0313920006
v -0.00773299998 -0.00700000022 -0.0305359997
v -0.00260100001 -0.00100000005 -0.0313920006
v -0.00260100001 -0.00700000022 -0.0313920006
v -0.00260100001 -0.00700000022 -0.0313920006
v -0.00260100001 -0.00100000005 -0.0313920006
v 0.00260100001 -0.00100000005 -0.0313920006
v -0.00260100001 -0.00700000022 -0.0313920006
v 0.00260100001 -0.00100000005 -0.0313920006
v 0.00260100001 -0.00700000022 -0.0313920006
v 0.00260100001 -0.00700000022 -0.0313920006
v 0.00260100001 -0.00100000005 -0.0313920006
v 0.00773299998 -0.00100000005 -0.0305359997
v 0.00260100001 -0.00700000022 -0.0313920006
v 0.00773299998 -0.00100000005 -0.0305359997
v 0.00773299998 -0.00700000022 -0.0305359997
v 0.00773299998 -0.00700000022 -0.0305359997
v 0.00773299998 -0.00100000005 -0.0305359997
v 0.0126529997 -0.00100000005 -0.0288469996
v 0.00773299998 -0.00700000022 -0.0305359997
v 0.0126529997 -0.00100000005 -0.0288469996
v 0.0126529997 -0.00700000022 -0.0288469996
v 0.0126529997 -0.00700000022 -0.0288469996
v 0.0126529997 -0.00100000005 -0.0288469996
v 0.0172290001 -0.00100000005 -0.0263710003
v 0.0126529997 -0.00700000022 -0.0288469996
v 0.0172290001 -0.00100000005 -0.0263710003
v 0.0172290001 -0.00700000022 -0.0263710003
v 0.0172290001 -0.00700000022 -0.0263710003
v 0.0172290001 -0.00100000005 -0.0263710003
v 0.0213339999 -0.00100000005 -0.0231749993
v 0.0172290001 -0.00700000022 -0.0263710003
v 0.0213339999 -0.00100000005 -0.0231749993
v 0.0213339999 -0.00700000022 -0.0231749993
v 0.0213339999 -0.00700000022 -0.0231749993
v 0.0213339999 -0.00100000005 -0.0231749993
v 0.0248579998 -0.00100000005 -0.0193479992
v 0.0213339999 -0.00700000022 -0.0231749993
v 0.0248579998 -0.00100000005 -0.0193479992
v 0.0248579998 -0.00700000022 -0.0193479992
v 0.0248579998 -0.00700000022 -0.0193479992
v 0.0248579998 -0.00100000005 -0.0193479992
v 0.0277030002 -0.00100000005 -0.0149919996
v 0.0248579998 -0.00700000022 -0.0193479992
v 0.0277030002 -0.00100000005 -0.0149919996
v 0.0277030002 -0.00700000022 -0.0149919996
v 0.0277030002 -0.00700000022 -0.0149919996
v 0.0277030002 -0.00100000005 -0.0149919996
v 0.0297929998 -0.00100000005 -0.0102279996
v 0.0277030002 -0.00700000022 -0.0149919996
v 0.0297929998 -0.00100000005 -0.0102279996
v 0.0297929998 -0.00700000022 -0.0102279996
v 0.0297929998 -0.00700000022 -0.0102279996
v 0.0297929998 -0.00100000005 -0.0102279996
v 0.0310699996 -0.00100000005 -0.00518500013
v 0.0297929998 -0.00700000022 -0.0102279996
v 0.0310699996 -0.00100000005 -0.00518500013
v 0.0310699996 -0.00700000022 -0.00518500013
v 0.0310699996 -0.00700000022 -0.00518500013
v 0.0310699996 -0.00100000005 -0.00518500013
v 0.0315000005 -0.00700000022 0
v 0.0315000005 -0.00700000022 0
v 0.0310699996 -0.00100000005 -0.00518500013
v 0.0315000005 -0.00100000005 0
v -0.0375000015 -0.0395000018 0
v -0.0375000015 -0.00800000038 0
v -0.0370379984 -0.0395000018 -0.00586599996
v -0.0370379984 -0.0395000018 -0.00586599996
v -0.0375000015 -0.00800000038 0
v -0.0370379984 -0.00800000038 -0.00586599996
v -0.0370379984 -0.0395000018 -0.00586599996
v -0.0370379984 -0.00800000038 -0.00586599996
v -0.0356650017 -0.0395000018 -0.0115879998
v -0.0356650017 -0.0395000018 -0.0115879998
v -0.0370379984 -0.00800000038 -0.00586599996
v -0.0356650017 -0.00800000038 -0.0115879998
v -0.0356650017 -0.0395000018 -0.0115879998
v -0.0356650017 -0.00800000038 -0.0115879998
v -0.0334130004 -0.0395000018 -0.0170249995
v -0.0334130004 -0.0395000018 -0.0170249995
v -0.0356650017 -0.00800000038 -0.0115879998
v -0.0334130004 -0.00800000038 -0.0170249995
v -0.0334130004 -0.0395000018 -0.0170249995
v -0.0334130004 -0.00800000038 -0.0170249995
v -0.0303380005 -0.0395000018 -0.0220420007
v -0.0303380005 -0.0395000018 -0.0220420007
v -0.0334130004 -0.00800000038 -0.0170249995
v -0.0303380005 -0.00800000038 -0.0220420007
v -0.0303380005 -0.0395000018 -0.0220420007
v -0.0303380005 -0.00800000038 -0.0220420007
v -0.026517 -0.0395000018 -0.026517
v -0.026517 -0.0395000018 -0.026517
v -0.0303380005 -0.00800000038 -0.0220420007
v -0.026517 -0.00800000038 -0.026517
v -0.026517 -0.0395000018 -0.026517
v -0.026517 -0.00800000038 -0.026517
v -0.0220420007 -0.0395000018 -0.0303380005
v -0.0220420007 -0.0395000018 -0.0303380005
v -0.026517 -0.00800000038 -0.026517
v -0.0220420007 -0.00800000038 -0.0303380005
v -0.0220420007 -0.0395000018 -0.0303380005
v -0.0220420007 -0.00800000038 -0.0303380005
v -0.0170249995 -0.0395000018 -0.0334130004
v -0.0170249995 -0.0395000018 -0.0334130004
v -0.0220420007 -0.00800000038 -0.0303380005
v -0.0170249995 -0.00800000038 -0.0334130004
v -0.0170249995 -0.0395000018 -0.0334130004
v -0.0170249995 -0.00800000038 -0.0334130004
v -0.0115879998 -0.0395000018 -0.0356650017
v -0.0115879998 -0.0395000018 -0.0356650017
v -0.0170249995 -0.00800000038 -0.0334130004
v -0.0115879998 -0.00800000038 -0.0356650017
v -0.0115879998 -0.0395000018 -0.0356650017
v -0.0115879998 -0.00800000038 -0.0356650017
v -0.00688100001 -0.0285950005 -0.0368629992
v -0.00688100001 -0.0285950005 -0.0368629992
v -0.0115879998 -0.00800000038 -0.0356650017
v -0.00675099995 -0.0272700004 -0.0368879996
v -0.00675099995 -0.0272700004 -0.0368879996
v -0.0115879998 -0.00800000038 -0.0356650017
v -0.00586599996 -0.00800000038 -0.0370379984
v -0.00675099995 -0.0272700004 -0.0368879996
v -0.00586599996 -0.00800000038 -0.0370379984
v -0.00635599997 -0.025959 -0.0369569995
v -0.00635599997 -0.025959 -0.0369569995
v -0.00586599996 -0.00800000038 -0.0370379984
v -0.00570800016 -0.0247549992 -0.0370629989
v -0.00570800016 -0.0247549992 -0.0370629989
v -0.00586599996 -0.00800000038 -0.0370379984
v -0.0048659998 -0.0237290002 -0.0371830016
v -0.0048659998 -0.0237290002 -0.0371830016
v -0.00586599996 -0.00800000038 -0.0370379984
v -0.0038399999 -0.0228870008 -0.0373030007
v -0.0038399999 -0.0228870008 -0.0373030007
v -0.00586599996 -0.00800000038 -0.0370379984
v -0.00263600005 -0.0222379994 -0.0374069996
v -0.00263600005 -0.0222379994 -0.0374069996
v -0.00586599996 -0.00800000038 -0.0370379984
v 0 -0.00800000038 -0.0375000015
v -0.00263600005 -0.0222379994 -0.0374069996
v 0 -0.00800000038 -0.0375000015
v -0.00132499996 -0.0218439996 -0.0374759994
v -0.00132499996 -0.0218439996 -0.0374759994
v 0 -0.00800000038 -0.0375000015
v 0 -0.0217129998 -0.0375000015
v 0 -0.0217129998 -0.0375000015
v 0 -0.00800000038 -0.0375000015
v 0.00132499996 -0.0218439996 -0.0374759994
v 0.00132499996 -0.0218439996 -0.0374759994
v 0 -0.00800000038 -0.0375000015
v 0.00263600005 -0.0222379994 -0.0374069996
v 0.00263600005 -0.0222379994 -0.0374069996
v 0 -0.00800000038 -0.0375000015
v 0.00586599996 -0.00800000038 -0.0370379984
v 0.00263600005 -0.0222379994 -0.0374069996
v 0.00586599996 -0.00800000038 -0.0370379984
v 0.0038399999 -0.0228870008 -0.0373030007
v 0.0038399999 -0.0228870008 -0.0373030007
v 0.00586599996 -0.00800000038 -0.0370379984
v 0.0048659998 -0.0237290002 -0.0371830016
v 0.0048659998 -0.0237290002 -0.0371830016
v 0.00586599996 -0.00800000038 -0.0370379984
v 0.00570800016 -0.0247549992 -0.0370629989
v 0.00570800016 -0.0247549992 -0.0370629989
v 0.00586599996 -0.00800000038 -0.0370379984
v 0.00635599997 -0.025959 -0.0369569995
v 0.00635599997 -0.025959 -0.0369569995
v 0.00586599996 -0.00800000038 -0.0370379984
v 0.00675099995 -0.0272700004 -0.0368879996
v 0.00675099995 -0.0272700004 -0.0368879996
v 0.00586599996 -0.00800000038 -0.0370379984
v 0.00688100001 -0.0285950005 -0.0368629992
v 0.00688100001 -0.0285950005 -0.0368629992
v 0.00586599996 -0.00800000038 -0.0370379984
v 0.0115879998 -0.00800000038 -0.0356650017
v 0.00688100001 -0.0285950005 -0.0368629992
v 0.0115879998 -0.00800000038 -0.0356650017
v 0.0115879998 -0.0395000018 -0.0356650017
v 0.0115879998 -0.0395000018 -0.0356650017
v 0.0115879998 -0.00800000038 -0.0356650017
v 0.0170249995 -0.0395000018 -0.0334130004
v 0.0170249995 -0.0395000018 -0.0334130004
v 0.0115879998 -0.00800000038 -0.0356650017
v 0.0170249995 -0.00800000038 -0.0334130004
v 0.0170249995 -0.0395000018 -0.0334130004
v 0.0170249995 -0.00800000038 -0.0334130004
v 0.0220420007 -0.0395000018 -0.0303380005
v 0.0220420007 -0.0395000018 -0.0303380005
v 0.0170249995 -0.00800000038 -0.0334130004
v 0.0220420007 -0.00800000038 -0.0303380005
v 0.0220420007 -0.0395000018 -0.0303380005
v 0.0220420007 -0.00800000038 -0.0303380005
v 0.026517 -0.0395000018 -0.026517
v 0.026517 -0.0395000018 -0.026517
v 0.0220420007 -0.00800000038 -0.0303380005
v 0.026517 -0.00800000038 -0.026517
v 0.026517 -0.0395000018 -0.026517
v 0.026517 -0.00800000038 -0.026517
v 0.0303380005 -0.0395000018 -0.0220420007
v 0.0303380005 -0.0395000018 -0.0220420007
v 0.026517 -0.00800000038 -0.026517
v 0.0303380005 -0.00800000038 -0.0220420007
v 0.0303380005 -0.0395000018 -0.0220420007
v 0.0303380005 -0.00800000038 -0.0220420007
v 0.0334130004 -0.0395000018 -0.0170249995
v 0.0334130004 -0.0395000018 -0.0170249995
v 0.0303380005 -0.00800000038 -0.0220420007
v 0.0334130004 -0.00800000038 -0.0170249995
v 0.0334130004 -0.0395000018 -0.0170249995
v 0.0334130004 -0.00800000038 -0.0170249995
v 0.0356650017 -0.0395000018 -0.0115879998
v 0.0356650017 -0.0395000018 -0.0115879998
v 0.0334130004 -0.00800000038 -0.0170249995
v 0.0356650017 -0.00800000038 -0.0115879998
v 0.0356650017 -0.0395000018 -0.0115879998
v 0.0356650017 -0.00800000038 -0.0115879998
v 0.0370379984 -0.0395000018 -0.00586599996
v 0.0370379984 -0.0395000018 -0.00586599996
v 0.0356650017 -0.00800000038 -0.0115879998
v 0.0370379984 -0.00800000038 -0.00586599996
v 0.0370379984 -0.0395000018 -0.00586599996
v 0.0370379984 -0.00800000038 -0.00586599996
v 0.0375000015 -0.0395000018 0
v 0.0375000015 -0.0395000018 0
v 0.0370379984 -0.00800000038 -0.00586599996
v 0.0375000015 -0.00800000038 0
v 0.0115879998 -0.0395000018 -0.0356650017
v 0.00586599996 -0.0395000018 -0.0370379984
v 0.00688100001 -0.0285950005 -0.0368629992
v 0.00688100001 -0.0285950005 -0.0368629992
v 0.00586599996 -0.0395000018 -0.0370379984
v 0.00675099995 -0.0299200006 -0.0368879996
v 0.00675099995 -0.0299200006 -0.0368879996
v 0.00586599996 -0.0395000018 -0.0370379984
v 0.00635599997 -0.0312309992 -0.0369569995
v 0.00635599997 -0.0312309992 -0.0369569995
v 0.00586599996 -0.0395000018 -0.0370379984
v 0.00570800016 -0.0324349999 -0.0370629989
v 0.00570800016 -0.0324349999 -0.0370629989
v 0.00586599996 -0.0395000018 -0.0370379984
v 0.0048659998 -0.0334599987 -0.0371830016
v 0.0048659998 -0.0334599987 -0.0371830016
v 0.00586599996 -0.0395000018 -0.0370379984
v 0.0038399999 -0.0343029983 -0.0373030007
v 0.0038399999 -0.0343029983 -0.0373030007
v 0.00586599996 -0.0395000018 -0.0370379984
v 0.00263600005 -0.0349510014 -0.0374069996
v 0.00263600005 -0.0349510014 -0.0374069996
v 0.00586599996 -0.0395000018 -0.0370379984
v 0 -0.0395000018 -0.0375000015
v 0.00263600005 -0.0349510014 -0.0374069996
v 0 -0.0395000018 -0.0375000015
v 0.00132499996 -0.0353449993 -0.0374759994
v 0.00132499996 -0.0353449993 -0.0374759994
v 0 -0.0395000018 -0.0375000015
v 0 -0.0354759991 -0.0375000015
v 0 -0.0354759991 -0.0375000015
v 0 -0.0395000018 -0.0375000015
v -0.00132499996 -0.0353449993 -0.0374759994
v -0.00132499996 -0.0353449993 -0.0374759994
v 0 -0.0395000018 -0.0375000015
v -0.00263600005 -0.0349510014 -0.0374069996
v -0.00263600005 -0.0349510014 -0.0374069996
v 0 -0.0395000018 -0.0375000015
v -0.00586599996 -0.0395000018 -0.0370379984
v -0.00263600005 -0.0349510014 -0.0374069996
v -0.00586599996 -0.0395000018 -0.0370379984
v -0.0038399999 -0.0343029983 -0.0373030007
v -0.0038399999 -0.0343029983 -0.0373030007
v -0.00586599996 -0.0395000018 -0.0370379984
v -0.0048659998 -0.0334599987 -0.0371830016
v -0.0048659998 -0.0334599987 -0.0371830016
v -0.00586599996 -0.0395000018 -0.0370379984
v -0.00570800016 -0.0324349999 -0.0370629989
v -0.00570800016 -0.0324349999 -0.0370629989
v -0.00586599996 -0.0395000018 -0.0370379984
v -0.00635599997 -0.0312309992 -0.0369569995
v -0.00635599997 -0.0312309992 -0.0369569995
v -0.00586599996 -0.0395000018 -0.0370379984
v -0.00675099995 -0.0299200006 -0.0368879996
v -0.00675099995 -0.0299200006 -0.0368879996
v -0.00586599996 -0.0395000018 -0.0370379984
v -0.0115879998 -0.0395000018 -0.0356650017
v -0.00675099995 -0.0299200006 -0.0368879996
v -0.0115879998 -0.0395000018 -0.0356650017
v -0.00688100001 -0.0285950005 -0.0368629992
v 0.0375000015 -0.0395000018 0
v 0.0375000015 -0.00800000038 0
v 0.0370379984 -0.0395000018 0.00586599996
v 0.0370379984 -0.0395000018 0.00586599996
v 0.0375000015 -0.00800000038 0
v 0.0370379984 -0.00800000038 0.00586599996
v 0.0370379984 -0.0395000018 0.00586599996
v 0.0370379984 -0.00800000038 0.00586599996
v 0.0356650017 -0.0395000018 0.0115879998
v 0.0356650017 -0.0395000018 0.0115879998
v 0.0370379984 -0.00800000038 0.00586599996
v 0.0356650017 -0.00800000038 0.0115879998
v 0.0356650017 -0.0395000018 0.0115879998
v 0.0356650017 -0.00800000038 0.0115879998
v 0.0334130004 -0.0395000018 0.0170249995
v 0.0334130004 -0.0395000018 0.0170249995
v 0.0356650017 -0.00800000038 0.0115879998
v 0.0334130004 -0.00800000038 0.0170249995
v 0.0334130004 -0.0395000018 0.0170249995
v 0.0334130004 -0.00800000038 0.0170249995
v 0.0303380005 -0.0395000018 0.0220420007
v 0.0303380005 -0.0395000018 0.0220420007
v 0.0334130004 -0.00800000038 0.0170249995
v 0.0303380005 -0.00800000038 0.0220420007
v 0.0303380005 -0.0395000018 0.0220420007
v 0.0303380005 -0.00800000038 0.0220420007
v 0.026517 -0.0395000018 0.026517
v 0.026517 -0.0395000018 0.026517
v 0.0303380005 -0.00800000038 0.0220420007
v 0.026517 -0.00800000038 0.026517
v 0.026517 -0.0395000018 0.026517
v 0.026517 -0.00800000038 0.026517
v 0.0220420007 -0.0395000018 0.0303380005
v 0.0220420007 -0.0395000018 0.0303380005
v 0.026517 -0.00800000038 0.026517
v 0.0220420007 -0.00800000038 0.0303380005
v 0.0220420007 -0.0395000018 0.0303380005
v 0.0220420007 -0.00800000038 0.0303380005
v 0.0170249995 -0.0395000018 0.0334130004
v 0.0170249995 -0.0395000018 0.0334130004
v 0.0220420007 -0.00800000038 0.0303380005
v 0.0170249995 -0.00800000038 0.0334130004
v 0.0170249995 -0.0395000018 0.0334130004
v 0.0170249995 -0.00800000038 0.0334130004
v 0.0115879998 -0.0395000018 0.0356650017
v 0.0115879998 -0.0395000018 0.0356650017
v 0.0170249995 -0.00800000038 0.0334130004
v 0.0115879998 -0.00800000038 0.0356650017
v 0.0115879998 -0.0395000018 0.0356650017
v 0.0115879998 -0.00800000038 0.0356650017
v 0.00586599996 -0.0395000018 0.0370379984
v 0.00586599996 -0.0395000018 0.0370379984
v 0.0115879998 -0.00800000038 0.0356650017
v 0.00586599996 -0.00800000038 0.0370379984
v 0.00586599996 -0.0395000018 0.0370379984
v 0.00586599996 -0.00800000038 0.0370379984
v 0 -0.0395000018 0.0375000015
v 0 -0.0395000018 0.0375000015
v 0.00586599996 -0.00800000038 0.0370379984
v 0 -0.00800000038 0.0375000015
v 0 -0.0395000018 0.0375000015
v 0 -0.00800000038 0.0375000015
v -0.00586599996 -0.0395000018 0.0370379984
v -0.00586599996 -0.0395000018 0.0370379984
v 0 -0.00800000038 0.0375000015
v -0.00586599996 -0.00800000038 0.0370379984
v -0.00586599996 -0.0395000018 0.0370379984
v -0.00586599996 -0.00800000038 0.0370379984
v -0.0115879998 -0.0395000018 0.0356650017
v -0.0115879998 -0.0395000018 0.0356650017
v -0.00586599996 -0.00800000038 0.0370379984
v -0.0115879998 -0.00800000038 0.0356650017
v -0.0115879998 -0.0395000018 0.0356650017
v -0.0115879998 -0.00800000038 0.0356650017
v -0.0170249995 -0.0395000018 0.0334130004
v -0.0170249995 -0.0395000018 0.0334130004
v -0.0115879998 -0.00800000038 0.0356650017
v -0.0170249995 -0.00800000038 0.0334130004
v -0.0170249995 -0.0395000018 0.0334130004
v -0.0170249995 -0.00800000038 0.0334130004
v -0.0220420007 -0.0395000018 0.0303380005
v -0.0220420007 -0.0395000018 0.0303380005
v -0.0170249995 -0.00800000038 0.0334130004
v -0.0220420007 -0.00800000038 0.0303380005
v -0.0220420007 -0.0395000018 0.0303380005
v -0.0220420007 -0.00800000038 0.0303380005
v -0.026517 -0.0395000018 0.026517
v -0.026517 -0.0395000018 0.026517
v -0.0220420007 -0.00800000038 0.0303380005
v -0.026517 -0.00800000038 0.026517
v -0.026517 -0.0395000018 0.026517
v -0.026517 -0.00800000038 0.026517
v -0.0303380005 -0.0395000018 0.0220420007
v -0.0303380005 -0.0395000018 0.0220420007
v -0.026517 -0.00800000038 0.026517
v -0.0303380005 -0.00800000038 0.0220420007
v -0.0303380005 -0.0395000018 0.0220420007
v -0.0303380005 -0.00800000038 0.0220420007
v -0.0334130004 -0.0395000018 0.0170249995
v -0.0334130004 -0.0395000018 0.0170249995
v -0.0303380005 -0.00800000038 0.0220420007
v -0.0334130004 -0.00800000038 0.0170249995
v -0.0334130004 -0.0395000018 0.0170249995
v -0.0334130004 -0.00800000038 0.0170249995
v -0.0356650017 -0.0395000018 0.0115879998
v -0.0356650017 -0.0395000018 0.0115879998
v -0.0334130004 -0.00800000038 0.0170249995
v -0.0356650017 -0.00800000038 0.0115879998
v -0.0356650017 -0.0395000018 0.0115879998
v -0.0356650017 -0.00800000038 0.0115879998
v -0.0370379984 -0.0395000018 0.00586599996
v -0.0370379984 -0.0395000018 0.00586599996
v -0.0356650017 -0.00800000038 0.0115879998
v -0.0370379984 -0.00800000038 0.00586599996
v -0.0370379984 -0.0395000018 0.00586599996
v -0.0370379984 -0.00800000038 0.00586599996
v -0.0375000015 -0.0395000018 0
v -0.0375000015 -0.0395000018 0
v -0.0370379984 -0.00800000038 0.00586599996
v -0.0375000015 -0.00800000038 0
v -0.0300370008 0 -0.00529599981
v -0.0305000003 0 0
v -0.0167500004 0 0
v -0.0167500004 0 0
v -0.0305000003 0 0
v -0.0300370008 0 0.00529599981
v -0.0167500004 0 0
v -0.0300370008 0 0.00529599981
v -0.01633 0 0.00372699997
v -0.01633 0 0.00372699997
v -0.0300370008 0 0.00529599981
v -0.0286609996 0 0.0104320003
v -0.01633 0 0.00372699997
v -0.0286609996 0 0.0104320003
v -0.0150910001 0 0.00726799993
v -0.0150910001 0 0.00726799993
v -0.0286609996 0 0.0104320003
v -0.0194279999 0 0.0146469995
v -0.0150910001 0 0.00726799993
v -0.0194279999 0 0.0146469995
v -0.0182850007 0 0.0142310001
v -0.0194279999 0 0.0146469995
v -0.0286609996 0 0.0104320003
v -0.0203590002 0 0.0154280001
v -0.0203590002 0 0.0154280001
v -0.0286609996 0 0.0104320003
v -0.0264139995 0 0.0152500002
v -0.0203590002 0 0.0154280001
v -0.0264139995 0 0.0152500002
v -0.0209669992 0 0.0164810009
v -0.0209669992 0 0.0164810009
v -0.0264139995 0 0.0152500002
v -0.0211779997 0 0.017678
v -0.0211779997 0 0.017678
v -0.0264139995 0 0.0152500002
v -0.023364 0 0.0196049996
v -0.0211779997 0 0.017678
v -0.023364 0 0.0196049996
v -0.0209669992 0 0.0188749991
v -0.0209669992 0 0.0188749991
v -0.023364 0 0.0196049996
v -0.0203590002 0 0.0199270006
v -0.0203590002 0 0.0199270006
v -0.023364 0 0.0196049996
v -0.0196049996 0 0.023364
v -0.0203590002 0 0.0199270006
v -0.0196049996 0 0.023364
v -0.0194279999 0 0.0207090005
v -0.0194279999 0 0.0207090005
v -0.0196049996 0 0.023364
v -0.0182850007 0 0.0211239997
v -0.0182850007 0 0.0211239997
v -0.0196049996 0 0.023364
v -0.0170699991 0 0.0211239997
v -0.0170699991 0 0.0211239997
v -0.0196049996 0 0.023364
v -0.0152500002 0 0.0264139995
v -0.0170699991 0 0.0211239997
v -0.0152500002 0 0.0264139995
v -0.0159280002 0 0.0207090005
v -0.0159280002 0 0.0207090005
v -0.0152500002 0 0.0264139995
v -0.0149969999 0 0.0199270006
v -0.0149969999 0 0.0199270006
v -0.0152500002 0 0.0264139995
v -0.0104320003 0 0.0286609996
v -0.0149969999 0 0.0199270006
v -0.0104320003 0 0.0286609996
v -0.0143889999 0 0.0188749991
v -0.0143889999 0 0.0188749991
v -0.0104320003 0 0.0286609996
v -0.00726799993 0 0.0150910001
v -0.0143889999 0 0.0188749991
v -0.00726799993 0 0.0150910001
v -0.0141780004 0 0.017678
v -0.0141780004 0 0.017678
v -0.00726799993 0 0.0150910001
v -0.0104430001 0 0.0130960001
v -0.0141780004 0 0.017678
v -0.0104430001 0 0.0130960001
v -0.0143889999 0 0.0164810009
v -0.0143889999 0 0.0164810009
v -0.0104430001 0 0.0130960001
v -0.0149969999 0 0.0154280001
v -0.0149969999 0 0.0154280001
v -0.0104430001 0 0.0130960001
v -0.0130960001 0 0.0104430001
v -0.0149969999 0 0.0154280001
v -0.0130960001 0 0.0104430001
v -0.0159280002 0 0.0146469995
v -0.0159280002 0 0.0146469995
v -0.0130960001 0 0.0104430001
v -0.0170699991 0 0.0142310001
v -0.0170699991 0 0.0142310001
v -0.0130960001 0 0.0104430001
v -0.0150910001 0 0.00726799993
v -0.0170699991 0 0.0142310001
v -0.0150910001 0 0.00726799993
v -0.0182850007 0 0.0142310001
v -0.00726799993 0 0.0150910001
v -0.0104320003 0 0.0286609996
v -0.00372699997 0 0.01633
v -0.00372699997 0 0.01633
v -0.0104320003 0 0.0286609996
v -0.00529599981 0 0.0300370008
v -0.00372699997 0 0.01633
v -0.00529599981 0 0.0300370008
v 0 0 0.0167500004
v 0 0 0.0167500004
v -0.00529599981 0 0.0300370008
v 0 0 0.0305000003
v 0 0 0.0167500004
v 0 0 0.0305000003
v 0.00529599981 0 0.0300370008
v 0 0 0.0167500004
v 0.00529599981 0 0.0300370008
v 0.00372699997 0 0.01633
v 0.00372699997 0 0.01633
v 0.00529599981 0 0.0300370008
v 0.0104320003 0 0.0286609996
v 0.00372699997 0 0.01633
v 0.0104320003 0 0.0286609996
v 0.00726799993 0 0.0150910001
v 0.00726799993 0 0.0150910001
v 0.0104320003 0 0.0286609996
v 0.0143889999 0 0.0188749991
v 0.00726799993 0 0.0150910001
v 0.0143889999 0 0.0188749991
v 0.0141780004 0 0.017678
v 0.0143889999 0 0.0188749991
v 0.0104320003 0 0.0286609996
v 0.0149969999 0 0.0199270006
v 0.0149969999 0 0.0199270006
v 0.0104320003 0 0.0286609996
v 0.0152500002 0 0.0264139995
v 0.0149969999 0 0.0199270006
v 0.0152500002 0 0.0264139995
v 0.0159280002 0 0.0207090005
v 0.0159280002 0 0.0207090005
v 0.0152500002 0 0.0264139995
v 0.0170699991 0 0.0211239997
v 0.0170699991 0 0.0211239997
v 0.0152500002 0 0.0264139995
v 0.0196049996 0 0.023364
v 0.0170699991 0 0.0211239997
v 0.0196049996 0 0.023364
v 0.0182850007 0 0.0211239997
v 0.0182850007 0 0.0211239997
v 0.0196049996 0 0.023364
v 0.0194279999 0 0.0207090005
v 0.0194279999 0 0.0207090005
v 0.0196049996 0 0.023364
v 0.0203590002 0 0.0199270006
v 0.0203590002 0 0.0199270006
v 0.0196049996 0 0.023364
v 0.023364 0 0.0196049996
v 0.0203590002 0 0.0199270006
v 0.023364 0 0.0196049996
v 0.0209669992 0 0.0188749991
v 0.0209669992 0 0.0188749991
v 0.023364 0 0.0196049996
v 0.0211779997 0 0.017678
v 0.0211779997 0 0.017678
v 0.023364 0 0.0196049996
v 0.0264139995 0 0.0152500002
v 0.0211779997 0 0.017678
v 0.0264139995 0 0.0152500002
v 0.0209669992 0 0.0164810009
v 0.0209669992 0 0.0164810009
v 0.0264139995 0 0.0152500002
v 0.0203590002 0 0.0154280001
v 0.0203590002 0 0.0154280001
v 0.0264139995 0 0.0152500002
v 0.0286609996 0 0.0104320003
v 0.0203590002 0 0.0154280001
v 0.0286609996 0 0.0104320003
v 0.0194279999 0 0.0146469995
v 0.0194279999 0 0.0146469995
v 0.0286609996 0 0.0104320003
v 0.0150910001 0 0.00726799993
v 0.0194279999 0 0.0146469995
v 0.0150910001 0 0.00726799993
v 0.0182850007 0 0.0142310001
v 0.0182850007 0 0.0142310001
v 0.0150910001 0 0.00726799993
v 0.0170699991 0 0.0142310001
v 0.0170699991 0 0.0142310001
v 0.0150910001 0 0.00726799993
v 0.0130960001 0 0.0104430001
v 0.0170699991 0 0.0142310001
v 0.0130960001 0 0.0104430001
v 0.0159280002 0 0.0146469995
v 0.0159280002 0 0.0146469995
v 0.0130960001 0 0.0104430001
v 0.0149969999 0 0.0154280001
v 0.0149969999 0 0.0154280001
v 0.0130960001 0 0.0104430001
v 0.0104430001 0 0.0130960001
v 0.0149969999 0 0.0154280001
v 0.0104430001 0 0.0130960001
v 0.0143889999 0 0.0164810009
v 0.0143889999 0 0.0164810009
v 0.0104430001 0 0.0130960001
v 0.0141780004 0 0.017678
v 0.0141780004 0 0.017678
v 0.0104430001 0 0.0130960001
v 0.00726799993 0 0.0150910001
v 0.0150910001 0 0.00726799993
v 0.0286609996 0 0.0104320003
v 0.01633 0 0.00372699997
v 0.01633 0 0.00372699997
v 0.0286609996 0 0.0104320003
v 0.0300370008 0 0.00529599981
v 0.01633 0 0.00372699997
v 0.0300370008 0 0.00529599981
v 0.0167500004 0 0
v 0.0167500004 0 0
v 0.0300370008 0 0.00529599981
v 0.0305000003 0 0
v 0.0167500004 0 0
v 0.0305000003 0 0
v 0.0300370008 0 -0.00529599981
v 0.0167500004 0 0
v 0.0300370008 0 -0.00529599981
v 0.01633 0 -0.00372699997
v 0.01633 0 -0.00372699997
v 0.0300370008 0 -0.00529599981
v 0.0286609996 0 -0.0104320003
v 0.01633 0 -0.00372699997
v 0.0286609996 0 -0.0104320003
v 0.0150910001 0 -0.00726799993
v 0.0150910001 0 -0.00726799993
v 0.0286609996 0 -0.0104320003
v 0.0194279999 0 -0.0146469995
v 0.0150910001 0 -0.00726799993
v 0.0194279999 0 -0.0146469995
v 0.0182850007 0 -0.0142310001
v 0.0194279999 0 -0.0146469995
v 0.0286609996 0 -0.0104320003
v 0.0203590002 0 -0.0154280001
v 0.0203590002 0 -0.0154280001
v 0.0286609996 0 -0.0104320003
v 0.0264139995 0 -0.0152500002
v 0.0203590002 0 -0.0154280001
v 0.0264139995 0 -0.0152500002
v 0.0209669992 0 -0.0164810009
v 0.0209669992 0 -0.0164810009
v 0.0264139995 0 -0.0152500002
v 0.0211779997 0 -0.017678
v 0.0211779997 0 -0.017678
v 0.0264139995 0 -0.0152500002
v 0.023364 0 -0.0196049996
v 0.0211779997 0 -0.017678
v 0.023364 0 -0.0196049996
v 0.0209669992 0 -0.0188749991
v 0.0209669992 0 -0.0188749991
v 0.023364 0 -0.0196049996
v 0.0203590002 0 -0.0199270006
v 0.0203590002 0 -0.0199270006
v 0.023364 0 -0.0196049996
v 0.0196049996 0 -0.023364
v 0.0203590002 0 -0.0199270006
v 0.0196049996 0 -0.023364
v 0.0194279999 0 -0.0207090005
v 0.0194279999 0 -0.0207090005
v 0.0196049996 0 -0.023364
v 0.0182850007 0 -0.0211239997
v 0.0182850007 0 -0.0211239997
v 0.0196049996 0 -0.023364
v 0.0170699991 0 -0.0211239997
v 0.0170699991 0 -0.0211239997
v 0.0196049996 0 -0.023364
v 0.0152500002 0 -0.0264139995
v 0.0170699991 0 -0.0211239997
v 0.0152500002 0 -0.0264139995
v 0.0159280002 0 -0.0207090005
v 0.0159280002 0 -0.0207090005
v 0.0152500002 0 -0.0264139995
v 0.0149969999 0 -0.0199270006
v 0.0149969999 0 -0.0199270006
v 0.0152500002 0 -0.0264139995
v 0.0104320003 0 -0.0286609996
v 0.0149969999 0 -0.0199270006
v 0.0104320003 0 -0.0286609996
v 0.0032889999 0 -0.0238029994
v 0.0032889999 0 -0.0238029994
v 0.0104320003 0 -0.0286609996
v 0.00350000011 0 -0.0250000004
v 0.00350000011 0 -0.0250000004
v 0.0104320003 0 -0.0286609996
v 0.0032889999 0 -0.0261969995
v 0.0032889999 0 -0.0261969995
v 0.0104320003 0 -0.0286609996
v 0.00529599981 0 -0.0300370008
v 0.0032889999 0 -0.0261969995
v 0.00529599981 0 -0.0300370008
v 0.00268099993 0 -0.0272499993
v 0.00268099993 0 -0.0272499993
v 0.00529599981 0 -0.0300370008
v 0.00175000005 0 -0.0280310009
v 0.00175000005 0 -0.0280310009
v 0.00529599981 0 -0.0300370008
v 0 0 -0.0305000003
v 0.00175000005 0 -0.0280310009
v 0 0 -0.0305000003
v 0.000607999973 0 -0.0284470003
v 0.000607999973 0 -0.0284470003
v 0 0 -0.0305000003
v -0.000607999973 0 -0.0284470003
v -0.000607999973 0 -0.0284470003
v 0 0 -0.0305000003
v -0.00175000005 0 -0.0280310009
v -0.00175000005 0 -0.0280310009
v 0 0 -0.0305000003
v -0.00529599981 0 -0.0300370008
v -0.00175000005 0 -0.0280310009
v -0.00529599981 0 -0.0300370008
v -0.00268099993 0 -0.0272499993
v -0.00268099993 0 -0.0272499993
v -0.00529599981 0 -0.0300370008
v -0.0032889999 0 -0.0261969995
v -0.0032889999 0 -0.0261969995
v -0.00529599981 0 -0.0300370008
v -0.0104320003 0 -0.0286609996
v -0.0032889999 0 -0.0261969995
v -0.0104320003 0 -0.0286609996
v -0.00350000011 0 -0.0250000004
v -0.00350000011 0 -0.0250000004
v -0.0104320003 0 -0.0286609996
v -0.0032889999 0 -0.0238029994
v -0.0032889999 0 -0.0238029994
v -0.0104320003 0 -0.0286609996
v -0.0149969999 0 -0.0199270006
v -0.0032889999 0 -0.0238029994
v -0.0149969999 0 -0.0199270006
v -0.0143889999 0 -0.0188749991
v -0.0104320003 0 -0.0286609996
v -0.0152500002 0 -0.0264139995
v -0.0149969999 0 -0.0199270006
v -0.0149969999 0 -0.0199270006
v -0.0152500002 0 -0.0264139995
v -0.0159280002 0 -0.0207090005
v -0.0159280002 0 -0.0207090005
v -0.0152500002 0 -0.0264139995
v -0.0170699991 0 -0.0211239997
v -0.0170699991 0 -0.0211239997
v -0.0152500002 0 -0.0264139995
v -0.0196049996 0 -0.023364
v -0.0170699991 0 -0.0211239997
v -0.0196049996 0 -0.023364
v -0.0182850007 0 -0.0211239997
v -0.0182850007 0 -0.0211239997
v -0.0196049996 0 -0.023364
v -0.0194279999 0 -0.0207090005
v -0.0194279999 0 -0.0207090005
v -0.0196049996 0 -0.023364
v -0.0203590002 0 -0.0199270006
v -0.0203590002 0 -0.0199270006
v -0.0196049996 0 -0.023364
v -0.023364 0 -0.0196049996
v -0.0203590002 0 -0.0199270006
v -0.023364 0 -0.0196049996
v -0.0209669992 0 -0.0188749991
v -0.0209669992 0 -0.0188749991
v -0.023364 0 -0.0196049996
v -0.0211779997 0 -0.017678
v -0.0211779997 0 -0.017678
v -0.023364 0 -0.0196049996
v -0.0264139995 0 -0.0152500002
v -0.0211779997 0 -0.017678
v -0.0264139995 0 -0.0152500002
v -0.0209669992 0 -0.0164810009
v -0.0209669992 0 -0.0164810009
v -0.0264139995 0 -0.0152500002
v -0.0203590002 0 -0.0154280001
v -0.0203590002 0 -0.0154280001
v -0.0264139995 0 -0.0152500002
v -0.0286609996 0 -0.0104320003
v -0.0203590002 0 -0.0154280001
v -0.0286609996 0 -0.0104320003
v -0.0194279999 0 -0.0146469995
v -0.0194279999 0 -0.0146469995
v -0.0286609996 0 -0.0104320003
v -0.0150910001 0 -0.00726799993
v -0.0194279999 0 -0.0146469995
v -0.0150910001 0 -0.00726799993
v -0.0182850007 0 -0.0142310001
v -0.0182850007 0 -0.0142310001
v -0.0150910001 0 -0.00726799993
v -0.0170699991 0 -0.0142310001
v -0.0170699991 0 -0.0142310001
v -0.0150910001 0 -0.00726799993
v -0.0130960001 0 -0.0104430001
v -0.0170699991 0 -0.0142310001
v -0.0130960001 0 -0.0104430001
v -0.0159280002 0 -0.0146469995
v -0.0159280002 0 -0.0146469995
v -0.0130960001 0 -0.0104430001
v -0.0149969999 0 -0.0154280001
v -0.0149969999 0 -0.0154280001
v -0.0130960001 0 -0.0104430001
v -0.0104430001 0 -0.0130960001
v -0.0149969999 0 -0.0154280001
v -0.0104430001 0 -0.0130960001
v -0.0143889999 0 -0.0164810009
v -0.0143889999 0 -0.0164810009
v -0.0104430001 0 -0.0130960001
v -0.0141780004 0 -0.017678
v -0.0141780004 0 -0.017678
v -0.0104430001 0 -0.0130960001
v -0.00726799993 0 -0.0150910001
v -0.0141780004 0 -0.017678
v -0.00726799993 0 -0.0150910001
v -0.0143889999 0 -0.0188749991
v -0.0143889999 0 -0.0188749991
v -0.00726799993 0 -0.0150910001
v -0.0032889999 0 -0.0238029994
v -0.0150910001 0 -0.00726799993
v -0.0286609996 0 -0.0104320003
v -0.01633 0 -0.00372699997
v -0.01633 0 -0.00372699997
v -0.0286609996 0 -0.0104320003
v -0.0300370008 0 -0.00529599981
v -0.01633 0 -0.00372699997
v -0.0300370008 0 -0.00529599981
v -0.0167500004 0 0
v 0.0182850007 0 -0.0142310001
v 0.0170699991 0 -0.0142310001
v 0.0150910001 0 -0.00726799993
v 0.0150910001 0 -0.00726799993
v 0.0170699991 0 -0.0142310001
v 0.0130960001 0 -0.0104430001
v 0.0130960001 0 -0.0104430001
v 0.0170699991 0 -0.0142310001
v 0.0159280002 0 -0.0146469995
v 0.0130960001 0 -0.0104430001
v 0.0159280002 0 -0.0146469995
v 0.0149969999 0 -0.0154280001
v 0.0130960001 0 -0.0104430001
v 0.0149969999 0 -0.0154280001
v 0.0104430001 0 -0.0130960001
v 0.0104430001 0 -0.0130960001
v 0.0149969999 0 -0.0154280001
v 0.0143889999 0 -0.0164810009
v 0.0104430001 0 -0.0130960001
v 0.0143889999 0 -0.0164810009
v 0.0141780004 0 -0.017678
v 0.0104430001 0 -0.0130960001
v 0.0141780004 0 -0.017678
v 0.00726799993 0 -0.0150910001
v 0.00726799993 0 -0.0150910001
v 0.0141780004 0 -0.017678
v 0.0143889999 0 -0.0188749991
v 0.00726799993 0 -0.0150910001
v 0.0143889999 0 -0.0188749991
v 0.0032889999 0 -0.0238029994
v 0.0032889999 0 -0.0238029994
v 0.0143889999 0 -0.0188749991
v 0.0149969999 0 -0.0199270006
v 0.0032889999 0 -0.0238029994
v 0.00268099993 0 -0.0227499995
v 0.00726799993 0 -0.0150910001
v 0.00726799993 0 -0.0150910001
v 0.00268099993 0 -0.0227499995
v 0.00372699997 0 -0.01633
v 0.00372699997 0 -0.01633
v 0.00268099993 0 -0.0227499995
v 0.00175000005 0 -0.0219689999
v 0.00372699997 0 -0.01633
v 0.00175000005 0 -0.0219689999
v 0.000607999973 0 -0.0215530004
v 0.00372699997 0 -0.01633
v 0.000607999973 0 -0.0215530004
v 0 0 -0.0167500004
v 0 0 -0.0167500004
v 0.000607999973 0 -0.0215530004
v -0.000607999973 0 -0.0215530004
v 0 0 -0.0167500004
v -0.000607999973 0 -0.0215530004
v -0.00372699997 0 -0.01633
v -0.00372699997 0 -0.01633
v -0.000607999973 0 -0.0215530004
v -0.00175000005 0 -0.0219689999
v -0.00372699997 0 -0.01633
v -0.00175000005 0 -0.0219689999
v -0.00268099993 0 -0.0227499995
v -0.00372699997 0 -0.01633
v -0.00268099993 0 -0.0227499995
v -0.00726799993 0 -0.0150910001
v -0.00726799993 0 -0.0150910001
v -0.00268099993 0 -0.0227499995
v -0.0032889999 0 -0.0238029994
v 0.0315000005 -0.00700000022 0
v 0.0315000005 -0.00100000005 0
v 0.0310699996 -0.00700000022 0.00518500013
v 0.0310699996 -0.00700000022 0.00518500013
v 0.0315000005 -0.00100000005 0
v 0.0310699996 -0.00100000005 0.00518500013
v 0.0310699996 -0.00700000022 0.00518500013
v 0.0310699996 -0.00100000005 0.00518500013
v 0.0297929998 -0.00100000005 0.0102279996
v 0.0310699996 -0.00700000022 0.00518500013
v 0.0297929998 -0.00100000005 0.0102279996
v 0.0297929998 -0.00700000022 0.0102279996
v 0.0297929998 -0.00700000022 0.0102279996
v 0.0297929998 -0.00100000005 0.0102279996
v 0.0277030002 -0.00100000005 0.0149919996
v 0.0297929998 -0.00700000022 0.0102279996
v 0.0277030002 -0.00100000005 0.0149919996
v 0.0277030002 -0.00700000022 0.0149919996
v 0.0277030002 -0.00700000022 0.0149919996
v 0.0277030002 -0.00100000005 0.0149919996
v 0.0248579998 -0.00100000005 0.0193479992
v 0.0277030002 -0.00700000022 0.0149919996
v 0.0248579998 -0.00100000005 0.0193479992
v 0.0248579998 -0.00700000022 0.0193479992
v 0.0248579998 -0.00700000022 0.0193479992
v 0.0248579998 -0.00100000005 0.0193479992
v 0.0213339999 -0.00100000005 0.0231749993
v 0.0248579998 -0.00700000022 0.0193479992
v 0.0213339999 -0.00100000005 0.0231749993
v 0.0213339999 -0.00700000022 0.0231749993
v 0.0213339999 -0.00700000022 0.0231749993
v 0.0213339999 -0.00100000005 0.0231749993
v 0.0172290001 -0.00100000005 0.0263710003
v 0.0213339999 -0.00700000022 0.0231749993
v 0.0172290001 -0.00100000005 0.0263710003
v 0.0172290001 -0.00700000022 0.0263710003
v 0.0172290001 -0.00700000022 0.0263710003
v 0.0172290001 -0.00100000005 0.0263710003
v 0.0126529997 -0.00100000005 0.0288469996
v 0.0172290001 -0.00700000022 0.0263710003
v 0.0126529997 -0.00100000005 0.0288469996
v 0.0126529997 -0.00700000022 0.0288469996
v 0.0126529997 -0.00700000022 0.0288469996
v 0.0126529997 -0.00100000005 0.0288469996
v 0.00773299998 -0.00100000005 0.0305359997
v 0.0126529997 -0.00700000022 0.0288469996
v 0.00773299998 -0.00100000005 0.0305359997
v 0.00773299998 -0.00700000022 0.0305359997
v 0.00773299998 -0.00700000022 0.0305359997
v 0.00773299998 -0.00100000005 0.0305359997
v 0.00260100001 -0.00100000005 0.0313920006
v 0.00773299998 -0.00700000022 0.0305359997
v 0.00260100001 -0.00100000005 0.0313920006
v 0.00260100001 -0.00700000022 0.0313920006
v 0.00260100001 -0.00700000022 0.0313920006
v 0.00260100001 -0.00100000005 0.0313920006
v -0.00260100001 -0.00100000005 0.0313920006
v 0.00260100001 -0.00700000022 0.0313920006
v -0.00260100001 -0.00100000005 0.0313920006
v -0.00260100001 -0.00700000022 0.0313920006
v -0.00260100001 -0.00700000022 0.0313920006
v -0.00260100001 -0.00100000005 0.0313920006
v -0.00773299998 -0.00100000005 0.0305359997
v -0.00260100001 -0.00700000022 0.0313920006
v -0.00773299998 -0.00100000005 0.0305359997
v -0.00773299998 -0.00700000022 0.0305359997
v -0.00773299998 -0.00700000022 0.0305359997
v -0.00773299998 -0.00100000005 0.0305359997
v -0.0126529997 -0.00100000005 0.0288469996
v -0.00773299998 -0.00700000022 0.0305359997
v -0.0126529997 -0.00100000005 0.0288469996
v -0.0126529997 -0.00700000022 0.0288469996
v -0.0126529997 -0.00700000022 0.0288469996
v -0.0126529997 -0.00100000005 0.0288469996
v -0.0172290001 -0.00100000005 0.0263710003
v -0.0126529997 -0.00700000022 0.0288469996
v -0.0172290001 -0.00100000005 0.0263710003
v -0.0172290001 -0.00700000022 0.0263710003
v -0.0172290001 -0.00700000022 0.0263710003
v -0.0172290001 -0.00100000005 0.0263710003
v -0.0213339999 -0.00100000005 0.0231749993
v -0.0172290001 -0.00700000022 0.0263710003
v -0.0213339999 -0.00100000005 0.0231749993
v -0.0213339999 -0.00700000022 0.0231749993
v -0.0213339999 -0.00700000022 0.0231749993
v -0.0213339999 -0.00100000005 0.0231749993
v -0.0248579998 -0.00100000005 0.0193479992
v -0.0213339999 -0.00700000022 0.0231749993
v -0.0248579998 -0.00100000005 0.0193479992
v -0.0248579998 -0.00700000022 0.0193479992
v -0.0248579998 -0.00700000022 0.0193479992
v -0.0248579998 -0.00100000005 0.0193479992
v -0.0277030002 -0.00100000005 0.0149919996
v -0.0248579998 -0.00700000022 0.0193479992
v -0.0277030002 -0.00100000005 0.0149919996
v -0.0277030002 -0.00700000022 0.0149919996
v -0.0277030002 -0.00700000022 0.0149919996
v -0.0277030002 -0.00100000005 0.0149919996
v -0.0297929998 -0.00100000005 0.0102279996
v -0.0277030002 -0.00700000022 0.0149919996
v -0.0297929998 -0.00100000005 0.0102279996
v -0.0297929998 -0.00700000022 0.0102279996
v -0.0297929998 -0.00700000022 0.0102279996
v -0.0297929998 -0.00100000005 0.0102279996
v -0.0310699996 -0.00100000005 0.00518500013
v -0.0297929998 -0.00700000022 0.0102279996
v -0.0310699996 -0.00100000005 0.00518500013
v -0.0310699996 -0.00700000022 0.00518500013
v -0.0310699996 -0.00700000022 0.00518500013
v -0.0310699996 -0.00100000005 0.00518500013
v -0.0315000005 -0.00100000005 0
v -0.0310699996 -0.00700000022 0.00518500013
v -0.0315000005 -0.00100000005 0
v -0.0315000005 -0.00700000022 0
v -0.0360510014 -0.00700000022 -0.00571000017
v -0.0364999995 -0.00700000022 0
v -0.0315000005 -0.00700000022 0
v -0.0315000005 -0.00700000022 0
v -0.0364999995 -0.00700000022 0
v -0.0360510014 -0.00700000022 0.00571000017
v -0.0315000005 -0.00700000022 0
v -0.0360510014 -0.00700000022 0.00571000017
v -0.0310699996 -0.00700000022 0.00518500013
v -0.0310699996 -0.00700000022 0.00518500013
v -0.0360510014 -0.00700000022 0.00571000017
v -0.0347139984 -0.00700000022 0.011279
v -0.0310699996 -0.00700000022 0.00518500013
v -0.0347139984 -0.00700000022 0.011279
v -0.0297929998 -0.00700000022 0.0102279996
v -0.0297929998 -0.00700000022 0.0102279996
v -0.0347139984 -0.00700000022 0.011279
v -0.0325220004 -0.00700000022 0.0165710002
v -0.0297929998 -0.00700000022 0.0102279996
v -0.0325220004 -0.00700000022 0.0165710002
v -0.0277030002 -0.00700000022 0.0149919996
v -0.0277030002 -0.00700000022 0.0149919996
v -0.0325220004 -0.00700000022 0.0165710002
v -0.0295289997 -0.00700000022 0.0214540008
v -0.0277030002 -0.00700000022 0.0149919996
v -0.0295289997 -0.00700000022 0.0214540008
v -0.0248579998 -0.00700000022 0.0193479992
v -0.0248579998 -0.00700000022 0.0193479992
v -0.0295289997 -0.00700000022 0.0214540008
v -0.0258089993 -0.00700000022 0.0258089993
v -0.0248579998 -0.00700000022 0.0193479992
v -0.0258089993 -0.00700000022 0.0258089993
v -0.0213339999 -0.00700000022 0.0231749993
v -0.0213339999 -0.00700000022 0.0231749993
v -0.0258089993 -0.00700000022 0.0258089993
v -0.0214540008 -0.00700000022 0.0295289997
v -0.0213339999 -0.00700000022 0.0231749993
v -0.0214540008 -0.00700000022 0.0295289997
v -0.0172290001 -0.00700000022 0.0263710003
v -0.0172290001 -0.00700000022 0.0263710003
v -0.0214540008 -0.00700000022 0.0295289997
v -0.0165710002 -0.00700000022 0.0325220004
v -0.0172290001 -0.00700000022 0.0263710003
v -0.0165710002 -0.00700000022 0.0325220004
v -0.0126529997 -0.00700000022 0.0288469996
v -0.0126529997 -0.00700000022 0.0288469996
v -0.0165710002 -0.00700000022 0.0325220004
v -0.011279 -0.00700000022 0.0347139984
v -0.0126529997 -0.00700000022 0.0288469996
v -0.011279 -0.00700000022 0.0347139984
v -0.00773299998 -0.00700000022 0.0305359997
v -0.00773299998 -0.00700000022 0.0305359997
v -0.011279 -0.00700000022 0.0347139984
v -0.00571000017 -0.00700000022 0.0360510014
v -0.00773299998 -0.00700000022 0.0305359997
v -0.00571000017 -0.00700000022 0.0360510014
v -0.00260100001 -0.00700000022 0.0313920006
v -0.00260100001 -0.00700000022 0.0313920006
v -0.00571000017 -0.00700000022 0.0360510014
v 0 -0.00700000022 0.0364999995
v -0.00260100001 -0.00700000022 0.0313920006
v 0 -0.00700000022 0.0364999995
v 0.00260100001 -0.00700000022 0.0313920006
v 0.00260100001 -0.00700000022 0.0313920006
v 0 -0.00700000022 0.0364999995
v 0.00571000017 -0.00700000022 0.0360510014
v 0.00260100001 -0.00700000022 0.0313920006
v 0.00571000017 -0.00700000022 0.0360510014
v 0.00773299998 -0.00700000022 0.0305359997
v 0.00773299998 -0.00700000022 0.0305359997
v 0.00571000017 -0.00700000022 0.0360510014
v 0.011279 -0.00700000022 0.0347139984
v 0.00773299998 -0.00700000022 0.0305359997
v 0.011279 -0.00700000022 0.0347139984
v 0.0126529997 -0.00700000022 0.0288469996
v 0.0126529997 -0.00700000022 0.0288469996
v 0.011279 -0.00700000022 0.0347139984
v 0.0165710002 -0.00700000022 0.0325220004
v 0.0126529997 -0.00700000022 0.0288469996
v 0.0165710002 -0.00700000022 0.0325220004
v 0.0172290001 -0.00700000022 0.0263710003
v 0.0172290001 -0.00700000022 0.0263710003
v 0.0165710002 -0.00700000022 0.0325220004
v 0.0214540008 -0.00700000022 0.0295289997
v 0.0172290001 -0.00700000022 0.0263710003
v 0.0214540008 -0.00700000022 0.0295289997
v 0.0213339999 -0.00700000022 0.0231749993
v 0.0213339999 -0.00700000022 0.0231749993
v 0.0214540008 -0.00700000022 0.0295289997
v 0.0258089993 -0.00700000022 0.0258089993
v 0.0213339999 -0.00700000022 0.0231749993
v 0.0258089993 -0.00700000022 0.0258089993
v 0.0248579998 -0.00700000022 0.0193479992
v 0.0248579998 -0.00700000022 0.0193479992
v 0.0258089993 -0.00700000022 0.0258089993
v 0.0295289997 -0.00700000022 0.0214540008
v 0.0248579998 -0.00700000022 0.0193479992
v 0.0295289997 -0.00700000022 0.0214540008
v 0.0277030002 -0.00700000022 0.0149919996
v 0.0277030002 -0.00700000022 0.0149919996
v 0.0295289997 -0.00700000022 0.0214540008
v 0.0325220004 -0.00700000022 0.0165710002
v 0.0277030002 -0.00700000022 0.0149919996
v 0.0325220004 -0.00700000022 0.0165710002
v 0.0297929998 -0.00700000022 0.0102279996
v 0.0297929998 -0.00700000022 0.0102279996
v 0.0325220004 -0.00700000022 0.0165710002
v 0.0347139984 -0.00700000022 0.011279
v 0.0297929998 -0.00700000022 0.0102279996
v 0.0347139984 -0.00700000022 0.011279
v 0.0310699996 -0.00700000022 0.00518500013
v 0.0310699996 -0.00700000022 0.00518500013
v 0.0347139984 -0.00700000022 0.011279
v 0.0360510014 -0.00700000022 0.00571000017
v 0.0310699996 -0.00700000022 0.00518500013
v 0.0360510014 -0.00700000022 0.00571000017
v 0.0315000005 -0.00700000022 0
v 0.0315000005 -0.00700000022 0
v 0.0360510014 -0.00700000022 0.00571000017
v 0.0364999995 -0.00700000022 0
v 0.0315000005 -0.00700000022 0
v 0.0364999995 -0.00700000022 0
v 0.0360510014 -0.00700000022 -0.00571000017
v 0.0315000005 -0.00700000022 0
v 0.0360510014 -0.00700000022 -0.00571000017
v 0.0310699996 -0.00700000022 -0.00518500013
v 0.0310699996 -0.00700000022 -0.00518500013
v 0.0360510014 -0.00700000022 -0.00571000017
v 0.0347139984 -0.00700000022 -0.011279
v 0.0310699996 -0.00700000022 -0.00518500013
v 0.0347139984 -0.00700000022 -0.011279
v 0.0297929998 -0.00700000022 -0.0102279996
v 0.0297929998 -0.00700000022 -0.0102279996
v 0.0347139984 -0.00700000022 -0.011279
v 0.0325220004 -0.00700000022 -0.0165710002
v 0.0297929998 -0.00700000022 -0.0102279996
v 0.0325220004 -0.00700000022 -0.0165710002
v 0.0277030002 -0.00700000022 -0.0149919996
v 0.0277030002 -0.00700000022 -0.0149919996
v 0.0325220004 -0.00700000022 -0.0165710002
v 0.0295289997 -0.00700000022 -0.0214540008
v 0.0277030002 -0.00700000022 -0.0149919996
v 0.0295289997 -0.00700000022 -0.0214540008
v 0.0248579998 -0.00700000022 -0.0193479992
v 0.0248579998 -0.00700000022 -0.0193479992
v 0.0295289997 -0.00700000022 -0.0214540008
v 0.0258089993 -0.00700000022 -0.0258089993
v 0.0248579998 -0.00700000022 -0.0193479992
v 0.0258089993 -0.00700000022 -0.0258089993
v 0.0213339999 -0.00700000022 -0.0231749993
v 0.0213339999 -0.00700000022 -0.0231749993
v 0.0258089993 -0.00700000022 -0.0258089993
v 0.0214540008 -0.00700000022 -0.0295289997
v 0.0213339999 -0.00700000022 -0.0231749993
v 0.0214540008 -0.00700000022 -0.0295289997
v 0.0172290001 -0.00700000022 -0.0263710003
v 0.0172290001 -0.00700000022 -0.0263710003
v 0.0214540008 -0.00700000022 -0.0295289997
v 0.0165710002 -0.00700000022 -0.0325220004
v 0.0172290001 -0.00700000022 -0.0263710003
v 0.0165710002 -0.00700000022 -0.0325220004
v 0.0126529997 -0.00700000022 -0.0288469996
v 0.0126529997 -0.00700000022 -0.0288469996
v 0.0165710002 -0.00700000022 -0.0325220004
v 0.011279 -0.00700000022 -0.0347139984
v 0.0126529997 -0.00700000022 -0.0288469996
v 0.011279 -0.00700000022 -0.0347139984
v 0.00773299998 -0.00700000022 -0.0305359997
v 0.00773299998 -0.00700000022 -0.0305359997
v 0.011279 -0.00700000022 -0.0347139984
v 0.00571000017 -0.00700000022 -0.0360510014
v 0.00773299998 -0.00700000022 -0.0305359997
v 0.00571000017 -0.00700000022 -0.0360510014
v 0.00260100001 -0.00700000022 -0.0313920006
v 0.00260100001 -0.00700000022 -0.0313920006
v 0.00571000017 -0.00700000022 -0.0360510014
v 0 -0.00700000022 -0.0364999995
v 0.00260100001 -0.00700000022 -0.0313920006
v 0 -0.00700000022 -0.0364999995
v -0.00260100001 -0.00700000022 -0.0313920006
v -0.00260100001 -0.00700000022 -0.0313920006
v 0 -0.00700000022 -0.0364999995
v -0.00571000017 -0.00700000022 -0.0360510014
v -0.00260100001 -0.00700000022 -0.0313920006
v -0.00571000017 -0.00700000022 -0.0360510014
v -0.00773299998 -0.00700000022 -0.0305359997
v -0.00773299998 -0.00700000022 -0.0305359997
v -0.00571000017 -0.00700000022 -0.0360510014
v -0.011279 -0.00700000022 -0.0347139984
v -0.00773299998 -0.00700000022 -0.0305359997
v -0.011279 -0.00700000022 -0.0347139984
v -0.0126529997 -0.00700000022 -0.0288469996
v -0.0126529997 -0.00700000022 -0.0288469996
v -0.011279 -0.00700000022 -0.0347139984
v -0.0165710002 -0.00700000022 -0.0325220004
v -0.0126529997 -0.00700000022 -0.0288469996
v -0.0165710002 -0.00700000022 -0.0325220004
v -0.0172290001 -0.00700000022 -0.0263710003
v -0.0172290001 -0.00700000022 -0.0263710003
v -0.0165710002 -0.00700000022 -0.0325220004
v -0.0214540008 -0.00700000022 -0.0295289997
v -0.0172290001 -0.00700000022 -0.0263710003
v -0.0214540008 -0.00700000022 -0.0295289997
v -0.0213339999 -0.00700000022 -0.0231749993
v -0.0213339999 -0.00700000022 -0.0231749993
v -0.0214540008 -0.00700000022 -0.0295289997
v -0.0258089993 -0.00700000022 -0.0258089993
v -0.0213339999 -0.00700000022 -0.0231749993
v -0.0258089993 -0.00700000022 -0.0258089993
v -0.0248579998 -0.00700000022 -0.0193479992
v -0.0248579998 -0.00700000022 -0.0193479992
v -0.0258089993 -0.00700000022 -0.0258089993
v -0.0295289997 -0.00700000022 -0.0214540008
v -0.0248579998 -0.00700000022 -0.0193479992
v -0.0295289997 -0.00700000022 -0.0214540008
v -0.0277030002 -0.00700000022 -0.0149919996
v -0.0277030002 -0.00700000022 -0.0149919996
v -0.0295289997 -0.00700000022 -0.0214540008
v -0.0325220004 -0.00700000022 -0.0165710002
v -0.0277030002 -0.00700000022 -0.0149919996
v -0.0325220004 -0.00700000022 -0.0165710002
v -0.0297929998 -0.00700000022 -0.0102279996
v -0.0297929998 -0.00700000022 -0.0102279996
v -0.0325220004 -0.00700000022 -0.0165710002
v -0.0347139984 -0.00700000022 -0.011279
v -0.0297929998 -0.00700000022 -0.0102279996
v -0.0347139984 -0.00700000022 -0.011279
v -0.0310699996 -0.00700000022 -0.00518500013
v -0.0310699996 -0.00700000022 -0.00518500013
v -0.0347139984 -0.00700000022 -0.011279
v -0.0360510014 -0.00700000022 -0.00571000017
v -0.0310699996 -0.00700000022 -0.00518500013
v -0.0360510014 -0.00700000022 -0.00571000017
v -0.0315000005 -0.00700000022 0
v -0.0370379984 -0.0395000018 0.00586599996
v -0.0375000015 -0.0395000018 0
v -0.0355000012 -0.0395000018 0
v -0.0355000012 -0.0395000018 0
v -0.0375000015 -0.0395000018 0
v -0.0370379984 -0.0395000018 -0.00586599996
v -0.0355000012 -0.0395000018 0
v -0.0370379984 -0.0395000018 -0.00586599996
v -0.0350629985 -0.0395000018 -0.00555300014
v -0.0350629985 -0.0395000018 -0.00555300014
v -0.0370379984 -0.0395000018 -0.00586599996
v -0.0356650017 -0.0395000018 -0.0115879998
v -0.0350629985 -0.0395000018 -0.00555300014
v -0.0356650017 -0.0395000018 -0.0115879998
v -0.0337629989 -0.0395000018 -0.0109700002
v -0.0337629989 -0.0395000018 -0.0109700002
v -0.0356650017 -0.0395000018 -0.0115879998
v -0.0334130004 -0.0395000018 -0.0170249995
v -0.0337629989 -0.0395000018 -0.0109700002
v -0.0334130004 -0.0395000018 -0.0170249995
v -0.0316310003 -0.0395000018 -0.0161169991
v -0.0316310003 -0.0395000018 -0.0161169991
v -0.0334130004 -0.0395000018 -0.0170249995
v -0.0303380005 -0.0395000018 -0.0220420007
v -0.0316310003 -0.0395000018 -0.0161169991
v -0.0303380005 -0.0395000018 -0.0220420007
v -0.0287200008 -0.0395000018 -0.0208659992
v -0.0287200008 -0.0395000018 -0.0208659992
v -0.0303380005 -0.0395000018 -0.0220420007
v -0.026517 -0.0395000018 -0.026517
v -0.0287200008 -0.0395000018 -0.0208659992
v -0.026517 -0.0395000018 -0.026517
v -0.0251020007 -0.0395000018 -0.0251020007
v -0.0251020007 -0.0395000018 -0.0251020007
v -0.026517 -0.0395000018 -0.026517
v -0.0220420007 -0.0395000018 -0.0303380005
v -0.0251020007 -0.0395000018 -0.0251020007
v -0.0220420007 -0.0395000018 -0.0303380005
v -0.0208659992 -0.0395000018 -0.0287200008
v -0.0208659992 -0.0395000018 -0.0287200008
v -0.0220420007 -0.0395000018 -0.0303380005
v -0.0170249995 -0.0395000018 -0.0334130004
v -0.0208659992 -0.0395000018 -0.0287200008
v -0.0170249995 -0.0395000018 -0.0334130004
v -0.0161169991 -0.0395000018 -0.0316310003
v -0.0161169991 -0.0395000018 -0.0316310003
v -0.0170249995 -0.0395000018 -0.0334130004
v -0.0115879998 -0.0395000018 -0.0356650017
v -0.0161169991 -0.0395000018 -0.0316310003
v -0.0115879998 -0.0395000018 -0.0356650017
v -0.0109700002 -0.0395000018 -0.0337629989
v -0.0109700002 -0.0395000018 -0.0337629989
v -0.0115879998 -0.0395000018 -0.0356650017
v -0.00586599996 -0.0395000018 -0.0370379984
v -0.0109700002 -0.0395000018 -0.0337629989
v -0.00586599996 -0.0395000018 -0.0370379984
v -0.00555300014 -0.0395000018 -0.0350629985
v -0.00555300014 -0.0395000018 -0.0350629985
v -0.00586599996 -0.0395000018 -0.0370379984
v 0 -0.0395000018 -0.0375000015
v -0.00555300014 -0.0395000018 -0.0350629985
v 0 -0.0395000018 -0.0375000015
v 0 -0.0395000018 -0.0355000012
v 0 -0.0395000018 -0.0355000012
v 0 -0.0395000018 -0.0375000015
v 0.00555300014 -0.0395000018 -0.0350629985
v 0.00555300014 -0.0395000018 -0.0350629985
v 0 -0.0395000018 -0.0375000015
v 0.00586599996 -0.0395000018 -0.0370379984
v 0.00555300014 -0.0395000018 -0.0350629985
v 0.00586599996 -0.0395000018 -0.0370379984
v 0.0109700002 -0.0395000018 -0.0337629989
v 0.0109700002 -0.0395000018 -0.0337629989
v 0.00586599996 -0.0395000018 -0.0370379984
v 0.0115879998 -0.0395000018 -0.0356650017
v 0.0109700002 -0.0395000018 -0.0337629989
v 0.0115879998 -0.0395000018 -0.0356650017
v 0.0161169991 -0.0395000018 -0.0316310003
v 0.0161169991 -0.0395000018 -0.0316310003
v 0.0115879998 -0.0395000018 -0.0356650017
v 0.0170249995 -0.0395000018 -0.0334130004
v 0.0161169991 -0.0395000018 -0.0316310003
v 0.0170249995 -0.0395000018 -0.0334130004
v 0.0208659992 -0.0395000018 -0.0287200008
v 0.0208659992 -0.0395000018 -0.0287200008
v 0.0170249995 -0.0395000018 -0.0334130004
v 0.0220420007 -0.0395000018 -0.0303380005
v 0.0208659992 -0.0395000018 -0.0287200008
v 0.0220420007 -0.0395000018 -0.0303380005
v 0.0251020007 -0.0395000018 -0.0251020007
v 0.0251020007 -0.0395000018 -0.0251020007
v 0.0220420007 -0.0395000018 -0.0303380005
v 0.026517 -0.0395000018 -0.026517
v 0.0251020007 -0.0395000018 -0.0251020007
v 0.026517 -0.0395000018 -0.026517
v 0.0287200008 -0.0395000018 -0.0208659992
v 0.0287200008 -0.0395000018 -0.0208659992
v 0.026517 -0.0395000018 -0.026517
v 0.0303380005 -0.0395000018 -0.0220420007
v 0.0287200008 -0.0395000018 -0.0208659992
v 0.0303380005 -0.0395000018 -0.0220420007
v 0.0316310003 -0.0395000018 -0.0161169991
v 0.0316310003 -0.0395000018 -0.0161169991
v 0.0303380005 -0.0395000018 -0.0220420007
v 0.0334130004 -0.0395000018 -0.0170249995
v 0.0316310003 -0.0395000018 -0.0161169991
v 0.0334130004 -0.0395000018 -0.0170249995
v 0.0337629989 -0.0395000018 -0.0109700002
v 0.0337629989 -0.0395000018 -0.0109700002
v 0.0334130004 -0.0395000018 -0.0170249995
v 0.0356650017 -0.0395000018 -0.0115879998
v 0.0337629989 -0.0395000018 -0.0109700002
v 0.0356650017 -0.0395000018 -0.0115879998
v 0.0350629985 -0.0395000018 -0.00555300014
v 0.0350629985 -0.0395000018 -0.00555300014
v 0.0356650017 -0.0395000018 -0.0115879998
v 0.0370379984 -0.0395000018 -0.00586599996
v 0.0350629985 -0.0395000018 -0.00555300014
v 0.0370379984 -0.0395000018 -0.00586599996
v 0.0355000012 -0.0395000018 0
v 0.0355000012 -0.0395000018 0
v 0.0370379984 -0.0395000018 -0.00586599996
v 0.0375000015 -0.0395000018 0
v 0.0355000012 -0.0395000018 0
v 0.0375000015 -0.0395000018 0
v 0.0370379984 -0.0395000018 0.00586599996
v 0.0355000012 -0.0395000018 0
v 0.0370379984 -0.0395000018 0.00586599996
v 0.0350629985 -0.0395000018 0.00555300014
v 0.0350629985 -0.0395000018 0.00555300014
v 0.0370379984 -0.0395000018 0.00586599996
v 0.0356650017 -0.0395000018 0.0115879998
v 0.0350629985 -0.0395000018 0.00555300014
v 0.0356650017 -0.0395000018 0.0115879998
v 0.0337629989 -0.0395000018 0.0109700002
v 0.0337629989 -0.0395000018 0.0109700002
v 0.0356650017 -0.0395000018 0.0115879998
v 0.0334130004 -0.0395000018 0.0170249995
v 0.0337629989 -0.0395000018 0.0109700002
v 0.0334130004 -0.0395000018 0.0170249995
v 0.0316310003 -0.0395000018 0.0161169991
v 0.0316310003 -0.0395000018 0.0161169991
v 0.0334130004 -0.0395000018 0.0170249995
v 0.0303380005 -0.0395000018 0.0220420007
v 0.0316310003 -0.0395000018 0.0161169991
v 0.0303380005 -0.0395000018 0.0220420007
v 0.0287200008 -0.0395000018 0.0208659992
v 0.0287200008 -0.0395000018 0.0208659992
v 0.0303380005 -0.0395000018 0.0220420007
v 0.026517 -0.0395000018 0.026517
v 0.0287200008 -0.0395000018 0.0208659992
v 0.026517 -0.0395000018 0.026517
v 0.0251020007 -0.0395000018 0.0251020007
v 0.0251020007 -0.0395000018 0.0251020007
v 0.026517 -0.0395000018 0.026517
v 0.0220420007 -0.0395000018 0.0303380005
v 0.0251020007 -0.0395000018 0.0251020007
v 0.0220420007 -0.0395000018 0.0303380005
v 0.0208659992 -0.0395000018 0.0287200008
v 0.0208659992 -0.0395000018 0.0287200008
v 0.0220420007 -0.0395000018 0.0303380005
v 0.0170249995 -0.0395000018 0.0334130004
v 0.0208659992 -0.0395000018 0.0287200008
v 0.0170249995 -0.0395000018 0.0334130004
v 0.0161169991 -0.0395000018 0.0316310003
v 0.0161169991 -0.0395000018 0.0316310003
v 0.0170249995 -0.0395000018 0.0334130004
v 0.0115879998 -0.0395000018 0.0356650017
v 0.0161169991 -0.0395000018 0.0316310003
v 0.0115879998 -0.0395000018 0.0356650017
v 0.0109700002 -0.0395000018 0.0337629989
v 0.0109700002 -0.0395000018 0.0337629989
v 0.0115879998 -0.0395000018 0.0356650017
v 0.00586599996 -0.0395000018 0.0370379984
v 0.0109700002 -0.0395000018 0.0337629989
v 0.00586599996 -0.0395000018 0.0370379984
v 0.00555300014 -0.0395000018 0.0350629985
v 0.00555300014 -0.0395000018 0.0350629985
v 0.00586599996 -0.0395000018 0.0370379984
v 0 -0.0395000018 0.0375000015
v 0.00555300014 -0.0395000018 0.0350629985
v 0 -0.0395000018 0.0375000015
v 0 -0.0395000018 0.0355000012
v 0 -0.0395000018 0.0355000012
v 0 -0.0395000018 0.0375000015
v -0.00555300014 -0.0395000018 0.0350629985
v -0.00555300014 -0.0395000018 0.0350629985
v 0 -0.0395000018 0.0375000015
v -0.00586599996 -0.0395000018 0.0370379984
v -0.00555300014 -0.0395000018 0.0350629985
v -0.00586599996 -0.0395000018 0.0370379984
v -0.0109700002 -0.0395000018 0.0337629989
v -0.0109700002 -0.0395000018 0.0337629989
v -0.00586599996 -0.0395000018 0.0370379984
v -0.0115879998 -0.0395000018 0.0356650017
v -0.0109700002 -0.0395000018 0.0337629989
v -0.0115879998 -0.0395000018 0.0356650017
v -0.0161169991 -0.0395000018 0.0316310003
v -0.0161169991 -0.0395000018 0.0316310003
v -0.0115879998 -0.0395000018 0.0356650017
v -0.0170249995 -0.0395000018 0.0334130004
v -0.0161169991 -0.0395000018 0.0316310003
v -0.0170249995 -0.0395000018 0.0334130004
v -0.0208659992 -0.0395000018 0.0287200008
v -0.0208659992 -0.0395000018 0.0287200008
v -0.0170249995 -0.0395000018 0.0334130004
v -0.0220420007 -0.0395000018 0.0303380005
v -0.0208659992 -0.0395000018 0.0287200008
v -0.0220420007 -0.0395000018 0.0303380005
v -0.0251020007 -0.0395000018 0.0251020007
v -0.0251020007 -0.0395000018 0.0251020007
v -0.0220420007 -0.0395000018 0.0303380005
v -0.026517 -0.0395000018 0.026517
v -0.0251020007 -0.0395000018 0.0251020007
v -0.026517 -0.0395000018 0.026517
v -0.0287200008 -0.0395000018 0.0208659992
v -0.0287200008 -0.0395000018 0.0208659992
v -0.026517 -0.0395000018 0.026517
v -0.0303380005 -0.0395000018 0.0220420007
v -0.0287200008 -0.0395000018 0.0208659992
v -0.0303380005 -0.0395000018 0.0220420007
v -0.0316310003 -0.0395000018 0.0161169991
v -0.0316310003 -0.0395000018 0.0161169991
v -0.0303380005 -0.0395000018 0.0220420007
v -0.0334130004 -0.0395000018 0.0170249995
v -0.0316310003 -0.0395000018 0.0161169991
v -0.0334130004 -0.0395000018 0.0170249995
v -0.0337629989 -0.0395000018 0.0109700002
v -0.0337629989 -0.0395000018 0.0109700002
v -0.0334130004 -0.0395000018 0.0170249995
v -0.0356650017 -0.0395000018 0.0115879998
v -0.0337629989 -0.0395000018 0.0109700002
v -0.0356650017 -0.0395000018 0.0115879998
v -0.0350629985 -0.0395000018 0.00555300014
v -0.0350629985 -0.0395000018 0.00555300014
v -0.0356650017 -0.0395000018 0.0115879998
v -0.0370379984 -0.0395000018 0.00586599996
v -0.0350629985 -0.0395000018 0.00555300014
v -0.0370379984 -0.0395000018 0.00586599996
v -0.0355000012 -0.0395000018 0
v 0.0375000015 -0.00800000038 0
v 0.0364999995 -0.00700000022 0
v 0.0370379984 -0.00800000038 0.00586599996
v 0.0370379984 -0.00800000038 0.00586599996
v 0.0364999995 -0.00700000022 0
v 0.0360510014 -0.00700000022 0.00571000017
v 0.0370379984 -0.00800000038 0.00586599996
v 0.0360510014 -0.00700000022 0.00571000017
v 0.0356650017 -0.00800000038 0.0115879998
v 0.0356650017 -0.00800000038 0.0115879998
v 0.0360510014 -0.00700000022 0.00571000017
v 0.0347139984 -0.00700000022 0.011279
v 0.0356650017 -0.00800000038 0.0115879998
v 0.0347139984 -0.00700000022 0.011279
v 0.0334130004 -0.00800000038 0.0170249995
v 0.0334130004 -0.00800000038 0.0170249995
v 0.0347139984 -0.00700000022 0.011279
v 0.0325220004 -0.00700000022 0.0165710002
v 0.0334130004 -0.00800000038 0.0170249995
v 0.0325220004 -0.00700000022 0.0165710002
v 0.0303380005 -0.00800000038 0.0220420007
v 0.0303380005 -0.00800000038 0.0220420007
v 0.0325220004 -0.00700000022 0.0165710002
v 0.0295289997 -0.00700000022 0.0214540008
v 0.0303380005 -0.00800000038 0.0220420007
v 0.0295289997 -0.00700000022 0.0214540008
v 0.026517 -0.00800000038 0.026517
v 0.026517 -0.00800000038 0.026517
v 0.0295289997 -0.00700000022 0.0214540008
v 0.0258089993 -0.00700000022 0.0258089993
v 0.026517 -0.00800000038 0.026517
v 0.0258089993 -0.00700000022 0.0258089993
v 0.0220420007 -0.00800000038 0.0303380005
v 0.0220420007 -0.00800000038 0.0303380005
v 0.0258089993 -0.00700000022 0.0258089993
v 0.0214540008 -0.00700000022 0.0295289997
v 0.0220420007 -0.00800000038 0.0303380005
v 0.0214540008 -0.00700000022 0.0295289997
v 0.0170249995 -0.00800000038 0.0334130004
v 0.0170249995 -0.00800000038 0.0334130004
v 0.0214540008 -0.00700000022 0.0295289997
v 0.0165710002 -0.00700000022 0.0325220004
v 0.0170249995 -0.00800000038 0.0334130004
v 0.0165710002 -0.00700000022 0.0325220004
v 0.0115879998 -0.00800000038 0.0356650017
v 0.0115879998 -0.00800000038 0.0356650017
v 0.0165710002 -0.00700000022 0.0325220004
v 0.011279 -0.00700000022 0.0347139984
v 0.0115879998 -0.00800000038 0.0356650017
v 0.011279 -0.00700000022 0.0347139984
v 0.00586599996 -0.00800000038 0.0370379984
v 0.00586599996 -0.00800000038 0.0370379984
v 0.011279 -0.00700000022 0.0347139984
v 0.00571000017 -0.00700000022 0.0360510014
v 0.00586599996 -0.00800000038 0.0370379984
v 0.00571000017 -0.00700000022 0.0360510014
v 0 -0.00800000038 0.0375000015
v 0 -0.00800000038 0.0375000015
v 0.00571000017 -0.00700000022 0.0360510014
v 0 -0.00700000022 0.0364999995
v 0 -0.00800000038 0.0375000015
v 0 -0.00700000022 0.0364999995
v -0.00586599996 -0.00800000038 0.0370379984
v -0.00586599996 -0.00800000038 0.0370379984
v 0 -0.00700000022 0.0364999995
v -0.00571000017 -0.00700000022 0.0360510014
v -0.00586599996 -0.00800000038 0.0370379984
v -0.00571000017 -0.00700000022 0.0360510014
v -0.0115879998 -0.00800000038 0.0356650017
v -0.0115879998 -0.00800000038 0.0356650017
v -0.00571000017 -0.00700000022 0.0360510014
v -0.011279 -0.00700000022 0.0347139984
v -0.0115879998 -0.00800000038 0.0356650017
v -0.011279 -0.00700000022 0.0347139984
v -0.0170249995 -0.00800000038 0.0334130004
v -0.0170249995 -0.00800000038 0.0334130004
v -0.011279 -0.00700000022 0.0347139984
v -0.0165710002 -0.00700000022 0.0325220004
v -0.0170249995 -0.00800000038 0.0334130004
v -0.0165710002 -0.00700000022 0.0325220004
v -0.0220420007 -0.00800000038 0.0303380005
v -0.0220420007 -0.00800000038 0.0303380005
v -0.0165710002 -0.00700000022 0.0325220004
v -0.0214540008 -0.00700000022 0.0295289997
v -0.0220420007 -0.00800000038 0.0303380005
v -0.0214540008 -0.00700000022 0.0295289997
v -0.026517 -0.00800000038 0.026517
v -0.026517 -0.00800000038 0.026517
v -0.0214540008 -0.00700000022 0.0295289997
v -0.0258089993 -0.00700000022 0.0258089993
v -0.026517 -0.00800000038 0.026517
v -0.0258089993 -0.00700000022 0.0258089993
v -0.0303380005 -0.00800000038 0.0220420007
v -0.0303380005 -0.00800000038 0.0220420007
v -0.0258089993 -0.00700000022 0.0258089993
v -0.0295289997 -0.00700000022 0.0214540008
v -0.0303380005 -0.00800000038 0.0220420007
v -0.0295289997 -0.00700000022 0.0214540008
v -0.0334130004 -0.00800000038 0.0170249995
v -0.0334130004 -0.00800000038 0.0170249995
v -0.0295289997 -0.00700000022 0.0214540008
v -0.0325220004 -0.00700000022 0.0165710002
v -0.0334130004 -0.00800000038 0.0170249995
v -0.0325220004 -0.00700000022 0.0165710002
v -0.0356650017 -0.00800000038 0.0115879998
v -0.0356650017 -0.00800000038 0.0115879998
v -0.0325220004 -0.00700000022 0.0165710002
v -0.0347139984 -0.00700000022 0.011279
v -0.0356650017 -0.00800000038 0.0115879998
v -0.0347139984 -0.00700000022 0.011279
v -0.0370379984 -0.00800000038 0.00586599996
v -0.0370379984 -0.00800000038 0.00586599996
v -0.0347139984 -0.00700000022 0.011279
v -0.0360510014 -0.00700000022 0.00571000017
v -0.0370379984 -0.00800000038 0.00586599996
v -0.0360510014 -0.00700000022 0.00571000017
v -0.0375000015 -0.00800000038 0
v -0.0375000015 -0.00800000038 0
v -0.0360510014 -0.00700000022 0.00571000017
v -0.0364999995 -0.00700000022 0
v 0.0315000005 -0.00100000005 0
v 0.0305000003 0 0
v 0.0310699996 -0.00100000005 0.00518500013
v 0.0310699996 -0.00100000005 0.00518500013
v 0.0305000003 0 0
v 0.0300370008 0 0.00529599981
v 0.0310699996 -0.00100000005 0.00518500013
v 0.0300370008 0 0.00529599981
v 0.0297929998 -0.00100000005 0.0102279996
v 0.0297929998 -0.00100000005 0.0102279996
v 0.0300370008 0 0.00529599981
v 0.0286609996 0 0.0104320003
v 0.0297929998 -0.00100000005 0.0102279996
v 0.0286609996 0 0.0104320003
v 0.0277030002 -0.00100000005 0.0149919996
v 0.0277030002 -0.00100000005 0.0149919996
v 0.0286609996 0 0.0104320003
v 0.0264139995 0 0.0152500002
v 0.0277030002 -0.00100000005 0.0149919996
v 0.0264139995 0 0.0152500002
v 0.0248579998 -0.00100000005 0.0193479992
v 0.0248579998 -0.00100000005 0.0193479992
v 0.0264139995 0 0.0152500002
v 0.023364 0 0.0196049996
v 0.0248579998 -0.00100000005 0.0193479992
v 0.023364 0 0.0196049996
v 0.0213339999 -0.00100000005 0.0231749993
v 0.0213339999 -0.00100000005 0.0231749993
v 0.023364 0 0.0196049996
v 0.0196049996 0 0.023364
v 0.0213339999 -0.00100000005 0.0231749993
v 0.0196049996 0 0.023364
v 0.0172290001 -0.00100000005 0.0263710003
v 0.0172290001 -0.00100000005 0.0263710003
v 0.0196049996 0 0.023364
v 0.0152500002 0 0.0264139995
v 0.0172290001 -0.00100000005 0.0263710003
v 0.0152500002 0 0.0264139995
v 0.0126529997 -0.00100000005 0.0288469996
v 0.0126529997 -0.00100000005 0.0288469996
v 0.0152500002 0 0.0264139995
v 0.0104320003 0 0.0286609996
v 0.0126529997 -0.00100000005 0.0288469996
v 0.0104320003 0 0.0286609996
v 0.00773299998 -0.00100000005 0.0305359997
v 0.00773299998 -0.00100000005 0.0305359997
v 0.0104320003 0 0.0286609996
v 0.00529599981 0 0.0300370008
v 0.00773299998 -0.00100000005 0.0305359997
v 0.00529599981 0 0.0300370008
v 0.00260100001 -0.00100000005 0.0313920006
v 0.00260100001 -0.00100000005 0.0313920006
v 0.00529599981 0 0.0300370008
v 0 0 0.0305000003
v 0.00260100001 -0.00100000005 0.0313920006
v 0 0 0.0305000003
v -0.00260100001 -0.00100000005 0.0313920006
v -0.00260100001 -0.00100000005 0.0313920006
v 0 0 0.0305000003
v -0.00529599981 0 0.0300370008
v -0.00260100001 -0.00100000005 0.0313920006
v -0.00529599981 0 0.0300370008
v -0.00773299998 -0.00100000005 0.0305359997
v -0.00773299998 -0.00100000005 0.0305359997
v -0.00529599981 0 0.0300370008
v -0.0104320003 0 0.0286609996
v -0.00773299998 -0.00100000005 0.0305359997
v -0.0104320003 0 0.0286609996
v -0.0126529997 -0.00100000005 0.0288469996
v -0.0126529997 -0.00100000005 0.0288469996
v -0.0104320003 0 0.0286609996
v -0.0152500002 0 0.0264139995
v -0.0126529997 -0.00100000005 0.0288469996
v -0.0152500002 0 0.0264139995
v -0.0172290001 -0.00100000005 0.0263710003
v -0.0172290001 -0.00100000005 0.0263710003
v -0.0152500002 0 0.0264139995
v -0.0196049996 0 0.023364
v -0.0172290001 -0.00100000005 0.0263710003
v -0.0196049996 0 0.023364
v -0.0213339999 -0.00100000005 0.0231749993
v -0.0213339999 -0.00100000005 0.0231749993
v -0.0196049996 0 0.023364
v -0.023364 0 0.0196049996
v -0.0213339999 -0.00100000005 0.0231749993
v -0.023364 0 0.0196049996
v -0.0248579998 -0.00100000005 0.0193479992
v -0.0248579998 -0.00100000005 0.0193479992
v -0.023364 0 0.0196049996
v -0.0264139995 0 0.0152500002
v -0.0248579998 -0.00100000005 0.0193479992
v -0.0264139995 0 0.0152500002
v -0.0277030002 -0.00100000005 0.0149919996
v -0.0277030002 -0.00100000005 0.0149919996
v -0.0264139995 0 0.0152500002
v -0.0286609996 0 0.0104320003
v -0.0277030002 -0.00100000005 0.0149919996
v -0.0286609996 0 0.0104320003
v -0.0297929998 -0.00100000005 0.0102279996
v -0.0297929998 -0.00100000005 0.0102279996
v -0.0286609996 0 0.0104320003
v -0.0300370008 0 0.00529599981
v -0.0297929998 -0.00100000005 0.0102279996
v -0.0300370008 0 0.00529599981
v -0.0310699996 -0.00100000005 0.00518500013
v -0.0310699996 -0.00100000005 0.00518500013
v -0.0300370008 0 0.00529599981
v -0.0305000003 0 0
v -0.0310699996 -0.00100000005 0.00518500013
v -0.0305000003 0 0
v -0.0315000005 -0.00100000005 0
v -0.00688100001 -0.0285950005 -0.0368629992
v -0.00688100001 -0.0285950005 -0.0450000018
v -0.00675099995 -0.0299200006 -0.0368879996
v -0.00675099995 -0.0299200006 -0.0368879996
v -0.00688100001 -0.0285950005 -0.0450000018
v -0.00646599988 -0.030948 -0.0450000018
v -0.00675099995 -0.0299200006 -0.0368879996
v -0.00646599988 -0.030948 -0.0450000018
v -0.00635599997 -0.0312309992 -0.0369569995
v -0.00635599997 -0.0312309992 -0.0369569995
v -0.00646599988 -0.030948 -0.0450000018
v -0.00570800016 -0.0324349999 -0.0370629989
v -0.00570800016 -0.0324349999 -0.0370629989
v -0.00646599988 -0.030948 -0.0450000018
v -0.00527099986 -0.0330180004 -0.0450000018
v -0.00570800016 -0.0324349999 -0.0370629989
v -0.00527099986 -0.0330180004 -0.0450000018
v -0.0048659998 -0.0334599987 -0.0371830016
v -0.0048659998 -0.0334599987 -0.0371830016
v -0.00527099986 -0.0330180004 -0.0450000018
v -0.00344099989 -0.0345540009 -0.0450000018
v -0.0048659998 -0.0334599987 -0.0371830016
v -0.00344099989 -0.0345540009 -0.0450000018
v -0.0038399999 -0.0343029983 -0.0373030007
v -0.0038399999 -0.0343029983 -0.0373030007
v -0.00344099989 -0.0345540009 -0.0450000018
v -0.00263600005 -0.0349510014 -0.0374069996
v -0.00263600005 -0.0349510014 -0.0374069996
v -0.00344099989 -0.0345540009 -0.0450000018
v -0.00119500002 -0.0353720002 -0.0450000018
v -0.00263600005 -0.0349510014 -0.0374069996
v -0.00119500002 -0.0353720002 -0.0450000018
v -0.00132499996 -0.0353449993 -0.0374759994
v -0.00132499996 -0.0353449993 -0.0374759994
v -0.00119500002 -0.0353720002 -0.0450000018
v 0 -0.0354759991 -0.0375000015
v 0 -0.0354759991 -0.0375000015
v -0.00119500002 -0.0353720002 -0.0450000018
v 0.00119500002 -0.0353720002 -0.0450000018
v 0 -0.0354759991 -0.0375000015
v 0.00119500002 -0.0353720002 -0.0450000018
v 0.00132499996 -0.0353449993 -0.0374759994
v 0.00132499996 -0.0353449993 -0.0374759994
v 0.00119500002 -0.0353720002 -0.0450000018
v 0.00263600005 -0.0349510014 -0.0374069996
v 0.00263600005 -0.0349510014 -0.0374069996
v 0.00119500002 -0.0353720002 -0.0450000018
v 0.00344099989 -0.0345540009 -0.0450000018
v 0.00263600005 -0.0349510014 -0.0374069996
v 0.00344099989 -0.0345540009 -0.0450000018
v 0.0038399999 -0.0343029983 -0.0373030007
v 0.0038399999 -0.0343029983 -0.0373030007
v 0.00344099989 -0.0345540009 -0.0450000018
v 0.0048659998 -0.0334599987 -0.0371830016
v 0.0048659998 -0.0334599987 -0.0371830016
v 0.00344099989 -0.0345540009 -0.0450000018
v 0.00527099986 -0.0330180004 -0.0450000018
v 0.0048659998 -0.0334599987 -0.0371830016
v 0.00527099986 -0.0330180004 -0.0450000018
v 0.00570800016 -0.0324349999 -0.0370629989
v 0.00570800016 -0.0324349999 -0.0370629989
v 0.00527099986 -0.0330180004 -0.0450000018
v 0.00646599988 -0.030948 -0.0450000018
v 0.00570800016 -0.0324349999 -0.0370629989
v 0.00646599988 -0.030948 -0.0450000018
v 0.00635599997 -0.0312309992 -0.0369569995
v 0.00635599997 -0.0312309992 -0.0369569995
v 0.00646599988 -0.030948 -0.0450000018
v 0.00675099995 -0.0299200006 -0.0368879996
v 0.00675099995 -0.0299200006 -0.0368879996
v 0.00646599988 -0.030948 -0.0450000018
v 0.00688100001 -0.0285950005 -0.0450000018
v 0.00675099995 -0.0299200006 -0.0368879996
v 0.00688100001 -0.0285950005 -0.0450000018
v 0.00688100001 -0.0285950005 -0.0368629992
v -0.00552699994 -0.0265829992 -0.0460000001
v 0.00588099984 -0.0285950005 -0.0460000001
v -0.00588099984 -0.0285950005 -0.0460000001
v -0.00588099984 -0.0285950005 -0.0460000001
v 0.00588099984 -0.0285950005 -0.0460000001
v 0.00552699994 -0.0306059998 -0.0460000001
v -0.00588099984 -0.0285950005 -0.0460000001
v 0.00552699994 -0.0306059998 -0.0460000001
v -0.00552699994 -0.0306059998 -0.0460000001
v -0.00552699994 -0.0306059998 -0.0460000001
v 0.00552699994 -0.0306059998 -0.0460000001
v 0.00450500008 -0.0323750004 -0.0460000001
v -0.00552699994 -0.0306059998 -0.0460000001
v 0.00450500008 -0.0323750004 -0.0460000001
v -0.00450500008 -0.0323750004 -0.0460000001
v -0.00450500008 -0.0323750004 -0.0460000001
v 0.00450500008 -0.0323750004 -0.0460000001
v 0.00294100004 -0.0336880013 -0.0460000001
v -0.00450500008 -0.0323750004 -0.0460000001
v 0.00294100004 -0.0336880013 -0.0460000001
v 0.00102099997 -0.0343869999 -0.0460000001
v 0.00588099984 -0.0285950005 -0.0460000001
v -0.00552699994 -0.0265829992 -0.0460000001
v 0.00552699994 -0.0265829992 -0.0460000001
v 0.00552699994 -0.0265829992 -0.0460000001
v -0.00552699994 -0.0265829992 -0.0460000001
v -0.00450500008 -0.0248140004 -0.0460000001
v 0.00552699994 -0.0265829992 -0.0460000001
v -0.00450500008 -0.0248140004 -0.0460000001
v 0.00450500008 -0.0248140004 -0.0460000001
v 0.00450500008 -0.0248140004 -0.0460000001
v -0.00450500008 -0.0248140004 -0.0460000001
v -0.00294100004 -0.0235009994 -0.0460000001
v 0.00450500008 -0.0248140004 -0.0460000001
v -0.00294100004 -0.0235009994 -0.0460000001
v 0.00294100004 -0.0235009994 -0.0460000001
v 0.00294100004 -0.0235009994 -0.0460000001
v -0.00294100004 -0.0235009994 -0.0460000001
v -0.00102099997 -0.0228029992 -0.0460000001
v 0.00294100004 -0.0235009994 -0.0460000001
v -0.00102099997 -0.0228029992 -0.0460000001
v 0.00102099997 -0.0228029992 -0.0460000001
v 0.00102099997 -0.0343869999 -0.0460000001
v -0.00102099997 -0.0343869999 -0.0460000001
v -0.00450500008 -0.0323750004 -0.0460000001
v -0.00450500008 -0.0323750004 -0.0460000001
v -0.00102099997 -0.0343869999 -0.0460000001
v -0.00294100004 -0.0336880013 -0.0460000001
v 0.00552699994 -0.0306059998 -0.0460000001
v 0.00588099984 -0.0285950005 -0.0460000001
v 0.00569000002 -0.0306659993 -0.0459849983
v 0.00569000002 -0.0306659993 -0.0459849983
v 0.00588099984 -0.0285950005 -0.0460000001
v 0.0061900001 -0.0285950005 -0.0459510013
v 0.00569000002 -0.0306659993 -0.0459849983
v 0.0061900001 -0.0285950005 -0.0459510013
v 0.0059969998 -0.0307769999 -0.0458660014
v 0.0059969998 -0.0307769999 -0.0458660014
v 0.0061900001 -0.0285950005 -0.0459510013
v 0.00646900013 -0.0285950005 -0.0458090007
v 0.0059969998 -0.0307769999 -0.0458660014
v 0.00646900013 -0.0285950005 -0.0458090007
v 0.00624699984 -0.0308679994 -0.0456430018
v 0.00624699984 -0.0308679994 -0.0456430018
v 0.00646900013 -0.0285950005 -0.0458090007
v 0.00669000018 -0.0285950005 -0.0455880016
v 0.00624699984 -0.0308679994 -0.0456430018
v 0.00669000018 -0.0285950005 -0.0455880016
v 0.00640999991 -0.0309280008 -0.0453419983
v 0.00640999991 -0.0309280008 -0.0453419983
v 0.00669000018 -0.0285950005 -0.0455880016
v 0.00683199987 -0.0285950005 -0.0453089997
v 0.00640999991 -0.0309280008 -0.0453419983
v 0.00683199987 -0.0285950005 -0.0453089997
v 0.00646599988 -0.030948 -0.0450000018
v 0.00646599988 -0.030948 -0.0450000018
v 0.00683199987 -0.0285950005 -0.0453089997
v 0.00688100001 -0.0285950005 -0.0450000018
v 0.00640999991 -0.0309280008 -0.0453419983
v 0.00646599988 -0.030948 -0.0450000018
v 0.00522499997 -0.0329790004 -0.0453419983
v 0.00522499997 -0.0329790004 -0.0453419983
v 0.00646599988 -0.030948 -0.0450000018
v 0.00527099986 -0.0330180004 -0.0450000018
v 0.00522499997 -0.0329790004 -0.0453419983
v 0.00527099986 -0.0330180004 -0.0450000018
v 0.0034109999 -0.0345019996 -0.0453419983
v 0.0034109999 -0.0345019996 -0.0453419983
v 0.00527099986 -0.0330180004 -0.0450000018
v 0.00344099989 -0.0345540009 -0.0450000018
v 0.0034109999 -0.0345019996 -0.0453419983
v 0.00344099989 -0.0345540009 -0.0450000018
v 0.00118400005 -0.0353120007 -0.0453419983
v 0.00118400005 -0.0353120007 -0.0453419983
v 0.00344099989 -0.0345540009 -0.0450000018
v 0.00119500002 -0.0353720002 -0.0450000018
v 0.00118400005 -0.0353120007 -0.0453419983
v 0.00119500002 -0.0353720002 -0.0450000018
v -0.00118400005 -0.0353120007 -0.0453419983
v -0.00118400005 -0.0353120007 -0.0453419983
v 0.00119500002 -0.0353720002 -0.0450000018
v -0.00119500002 -0.0353720002 -0.0450000018
v -0.00118400005 -0.0353120007 -0.0453419983
v -0.00119500002 -0.0353720002 -0.0450000018
v -0.0034109999 -0.0345019996 -0.0453419983
v -0.0034109999 -0.0345019996 -0.0453419983
v -0.00119500002 -0.0353720002 -0.0450000018
v -0.00344099989 -0.0345540009 -0.0450000018
v -0.0034109999 -0.0345019996 -0.0453419983
v -0.00344099989 -0.0345540009 -0.0450000018
v -0.00522499997 -0.0329790004 -0.0453419983
v -0.00522499997 -0.0329790004 -0.0453419983
v -0.00344099989 -0.0345540009 -0.0450000018
v -0.00527099986 -0.0330180004 -0.0450000018
v -0.00522499997 -0.0329790004 -0.0453419983
v -0.00527099986 -0.0330180004 -0.0450000018
v -0.00640999991 -0.0309280008 -0.0453419983
v -0.00640999991 -0.0309280008 -0.0453419983
v -0.00527099986 -0.0330180004 -0.0450000018
v -0.00646599988 -0.030948 -0.0450000018
v -0.00640999991 -0.0309280008 -0.0453419983
v -0.00646599988 -0.030948 -0.0450000018
v -0.00683199987 -0.0285950005 -0.0453089997
v -0.00683199987 -0.0285950005 -0.0453089997
v -0.00646599988 -0.030948 -0.0450000018
v -0.00688100001 -0.0285950005 -0.0450000018
v -0.00683199987 -0.0285950005 -0.0453089997
v -0.00669000018 -0.0285950005 -0.0455880016
v -0.00640999991 -0.0309280008 -0.0453419983
v -0.00640999991 -0.0309280008 -0.0453419983
v -0.00669000018 -0.0285950005 -0.0455880016
v -0.00624699984 -0.0308679994 -0.0456430018
v -0.00640999991 -0.0309280008 -0.0453419983
v -0.00624699984 -0.0308679994 -0.0456430018
v -0.00522499997 -0.0329790004 -0.0453419983
v -0.00522499997 -0.0329790004 -0.0453419983
v -0.00624699984 -0.0308679994 -0.0456430018
v -0.00509200012 -0.0328680016 -0.0456430018
v -0.00522499997 -0.0329790004 -0.0453419983
v -0.00509200012 -0.0328680016 -0.0456430018
v -0.0034109999 -0.0345019996 -0.0453419983
v -0.0034109999 -0.0345019996 -0.0453419983
v -0.00509200012 -0.0328680016 -0.0456430018
v -0.00332399993 -0.0343520008 -0.0456430018
v -0.0034109999 -0.0345019996 -0.0453419983
v -0.00332399993 -0.0343520008 -0.0456430018
v -0.00118400005 -0.0353120007 -0.0453419983
v -0.00118400005 -0.0353120007 -0.0453419983
v -0.00332399993 -0.0343520008 -0.0456430018
v -0.00115400006 -0.0351409987 -0.0456430018
v -0.00118400005 -0.0353120007 -0.0453419983
v -0.00115400006 -0.0351409987 -0.0456430018
v 0.00118400005 -0.0353120007 -0.0453419983
v 0.00118400005 -0.0353120007 -0.0453419983
v -0.00115400006 -0.0351409987 -0.0456430018
v 0.00115400006 -0.0351409987 -0.0456430018
v 0.00118400005 -0.0353120007 -0.0453419983
v 0.00115400006 -0.0351409987 -0.0456430018
v 0.0034109999 -0.0345019996 -0.0453419983
v 0.0034109999 -0.0345019996 -0.0453419983
v 0.00115400006 -0.0351409987 -0.0456430018
v 0.00332399993 -0.0343520008 -0.0456430018
v 0.0034109999 -0.0345019996 -0.0453419983
v 0.00332399993 -0.0343520008 -0.0456430018
v 0.00522499997 -0.0329790004 -0.0453419983
v 0.00522499997 -0.0329790004 -0.0453419983
v 0.00332399993 -0.0343520008 -0.0456430018
v 0.00509200012 -0.0328680016 -0.0456430018
v 0.00522499997 -0.0329790004 -0.0453419983
v 0.00509200012 -0.0328680016 -0.0456430018
v 0.00640999991 -0.0309280008 -0.0453419983
v 0.00640999991 -0.0309280008 -0.0453419983
v 0.00509200012 -0.0328680016 -0.0456430018
v 0.00624699984 -0.0308679994 -0.0456430018
v -0.00669000018 -0.0285950005 -0.0455880016
v -0.00646900013 -0.0285950005 -0.0458090007
v -0.00624699984 -0.0308679994 -0.0456430018
v -0.00624699984 -0.0308679994 -0.0456430018
v -0.00646900013 -0.0285950005 -0.0458090007
v -0.0059969998 -0.0307769999 -0.0458660014
v -0.00624699984 -0.0308679994 -0.0456430018
v -0.0059969998 -0.0307769999 -0.0458660014
v -0.00509200012 -0.0328680016 -0.0456430018
v -0.00509200012 -0.0328680016 -0.0456430018
v -0.0059969998 -0.0307769999 -0.0458660014
v -0.00488799997 -0.0326969996 -0.0458660014
v -0.00509200012 -0.0328680016 -0.0456430018
v -0.00488799997 -0.0326969996 -0.0458660014
v -0.00332399993 -0.0343520008 -0.0456430018
v -0.00332399993 -0.0343520008 -0.0456430018
v -0.00488799997 -0.0326969996 -0.0458660014
v -0.00319100008 -0.0341209993 -0.0458660014
v -0.00332399993 -0.0343520008 -0.0456430018
v -0.00319100008 -0.0341209993 -0.0458660014
v -0.00115400006 -0.0351409987 -0.0456430018
v -0.00115400006 -0.0351409987 -0.0456430018
v -0.00319100008 -0.0341209993 -0.0458660014
v -0.00110800005 -0.034878999 -0.0458660014
v -0.00115400006 -0.0351409987 -0.0456430018
v -0.00110800005 -0.034878999 -0.0458660014
v 0.00115400006 -0.0351409987 -0.0456430018
v 0.00115400006 -0.0351409987 -0.0456430018
v -0.00110800005 -0.034878999 -0.0458660014
v 0.00110800005 -0.034878999 -0.0458660014
v 0.00115400006 -0.0351409987 -0.0456430018
v 0.00110800005 -0.034878999 -0.0458660014
v 0.00332399993 -0.0343520008 -0.0456430018
v 0.00332399993 -0.0343520008 -0.0456430018
v 0.00110800005 -0.034878999 -0.0458660014
v 0.00319100008 -0.0341209993 -0.0458660014
v 0.00332399993 -0.0343520008 -0.0456430018
v 0.00319100008 -0.0341209993 -0.0458660014
v 0.00509200012 -0.0328680016 -0.0456430018
v 0.00509200012 -0.0328680016 -0.0456430018
v 0.00319100008 -0.0341209993 -0.0458660014
v 0.00488799997 -0.0326969996 -0.0458660014
v 0.00509200012 -0.0328680016 -0.0456430018
v 0.00488799997 -0.0326969996 -0.0458660014
v 0.00624699984 -0.0308679994 -0.0456430018
v 0.00624699984 -0.0308679994 -0.0456430018
v 0.00488799997 -0.0326969996 -0.0458660014
v 0.0059969998 -0.0307769999 -0.0458660014
v -0.00646900013 -0.0285950005 -0.0458090007
v -0.0061900001 -0.0285950005 -0.0459510013
v -0.0059969998 -0.0307769999 -0.0458660014
v -0.0059969998 -0.0307769999 -0.0458660014
v -0.0061900001 -0.0285950005 -0.0459510013
v -0.00569000002 -0.0306659993 -0.0459849983
v -0.0059969998 -0.0307769999 -0.0458660014
v -0.00569000002 -0.0306659993 -0.0459849983
v -0.00488799997 -0.0326969996 -0.0458660014
v -0.00488799997 -0.0326969996 -0.0458660014
v -0.00569000002 -0.0306659993 -0.0459849983
v -0.00463799993 -0.0324870013 -0.0459849983
v -0.00488799997 -0.0326969996 -0.0458660014
v -0.00463799993 -0.0324870013 -0.0459849983
v -0.00319100008 -0.0341209993 -0.0458660014
v -0.00319100008 -0.0341209993 -0.0458660014
v -0.00463799993 -0.0324870013 -0.0459849983
v -0.00302800001 -0.0338380001 -0.0459849983
v -0.00319100008 -0.0341209993 -0.0458660014
v -0.00302800001 -0.0338380001 -0.0459849983
v -0.00110800005 -0.034878999 -0.0458660014
v -0.00110800005 -0.034878999 -0.0458660014
v -0.00302800001 -0.0338380001 -0.0459849983
v -0.00105099997 -0.0345579982 -0.0459849983
v -0.00110800005 -0.034878999 -0.0458660014
v -0.00105099997 -0.0345579982 -0.0459849983
v 0.00110800005 -0.034878999 -0.0458660014
v 0.00110800005 -0.034878999 -0.0458660014
v -0.00105099997 -0.0345579982 -0.0459849983
v 0.00105099997 -0.0345579982 -0.0459849983
v 0.00110800005 -0.034878999 -0.0458660014
v 0.00105099997 -0.0345579982 -0.0459849983
v 0.00319100008 -0.0341209993 -0.0458660014
v 0.00319100008 -0.0341209993 -0.0458660014
v 0.00105099997 -0.0345579982 -0.0459849983
v 0.00302800001 -0.0338380001 -0.0459849983
v 0.00319100008 -0.0341209993 -0.0458660014
v 0.00302800001 -0.0338380001 -0.0459849983
v 0.00488799997 -0.0326969996 -0.0458660014
v 0.00488799997 -0.0326969996 -0.0458660014
v 0.00302800001 -0.0338380001 -0.0459849983
v 0.00463799993 -0.0324870013 -0.0459849983
v 0.00488799997 -0.0326969996 -0.0458660014
v 0.00463799993 -0.0324870013 -0.0459849983
v 0.0059969998 -0.0307769999 -0.0458660014
v 0.0059969998 -0.0307769999 -0.0458660014
v 0.00463799993 -0.0324870013 -0.0459849983
v 0.00569000002 -0.0306659993 -0.0459849983
v -0.0061900001 -0.0285950005 -0.0459510013
v -0.00588099984 -0.0285950005 -0.0460000001
v -0.00569000002 -0.0306659993 -0.0459849983
v -0.00569000002 -0.0306659993 -0.0459849983
v -0.00588099984 -0.0285950005 -0.0460000001
v -0.00552699994 -0.0306059998 -0.0460000001
v -0.00569000002 -0.0306659993 -0.0459849983
v -0.00552699994 -0.0306059998 -0.0460000001
v -0.00463799993 -0.0324870013 -0.0459849983
v -0.00463799993 -0.0324870013 -0.0459849983
v -0.00552699994 -0.0306059998 -0.0460000001
v -0.00450500008 -0.0323750004 -0.0460000001
v -0.00463799993 -0.0324870013 -0.0459849983
v -0.00450500008 -0.0323750004 -0.0460000001
v -0.00302800001 -0.0338380001 -0.0459849983
v -0.00302800001 -0.0338380001 -0.0459849983
v -0.00450500008 -0.0323750004 -0.0460000001
v -0.00294100004 -0.0336880013 -0.0460000001
v -0.00302800001 -0.0338380001 -0.0459849983
v -0.00294100004 -0.0336880013 -0.0460000001
v -0.00105099997 -0.0345579982 -0.0459849983
v -0.00105099997 -0.0345579982 -0.0459849983
v -0.00294100004 -0.0336880013 -0.0460000001
v -0.00102099997 -0.0343869999 -0.0460000001
v -0.00105099997 -0.0345579982 -0.0459849983
v -0.00102099997 -0.0343869999 -0.0460000001
v 0.00105099997 -0.0345579982 -0.0459849983
v 0.00105099997 -0.0345579982 -0.0459849983
v -0.00102099997 -0.0343869999 -0.0460000001
v 0.00102099997 -0.0343869999 -0.0460000001
v 0.00105099997 -0.0345579982 -0.0459849983
v 0.00102099997 -0.0343869999 -0.0460000001
v 0.00302800001 -0.0338380001 -0.0459849983
v 0.00302800001 -0.0338380001 -0.0459849983
v 0.00102099997 -0.0343869999 -0.0460000001
v 0.00294100004 -0.0336880013 -0.0460000001
v 0.00302800001 -0.0338380001 -0.0459849983
v 0.00294100004 -0.0336880013 -0.0460000001
v 0.00463799993 -0.0324870013 -0.0459849983
v 0.00463799993 -0.0324870013 -0.0459849983
v 0.00294100004 -0.0336880013 -0.0460000001
v 0.00450500008 -0.0323750004 -0.0460000001
v 0.00463799993 -0.0324870013 -0.0459849983
v 0.00450500008 -0.0323750004 -0.0460000001
v 0.00569000002 -0.0306659993 -0.0459849983
v 0.00569000002 -0.0306659993 -0.0459849983
v 0.00450500008 -0.0323750004 -0.0460000001
v 0.00552699994 -0.0306059998 -0.0460000001
v -0.0157500003 -0.00100000005 0
v -0.0157500003 -0.00600000005 0
v -0.015292 -0.00100000005 -0.00376900006
v -0.015292 -0.00100000005 -0.00376900006
v -0.0157500003 -0.00600000005 0
v -0.015292 -0.00600000005 -0.00376900006
v -0.015292 -0.00100000005 -0.00376900006
v -0.015292 -0.00600000005 -0.00376900006
v -0.0139459996 -0.00100000005 -0.00731900008
v -0.0139459996 -0.00100000005 -0.00731900008
v -0.015292 -0.00600000005 -0.00376900006
v -0.0139459996 -0.00600000005 -0.00731900008
v -0.0139459996 -0.00100000005 -0.00731900008
v -0.0139459996 -0.00600000005 -0.00731900008
v -0.0117889997 -0.00100000005 -0.0104440004
v -0.0117889997 -0.00100000005 -0.0104440004
v -0.0139459996 -0.00600000005 -0.00731900008
v -0.0117889997 -0.00600000005 -0.0104440004
v -0.0117889997 -0.00100000005 -0.0104440004
v -0.0117889997 -0.00600000005 -0.0104440004
v -0.00894699991 -0.00100000005 -0.0129620004
v -0.00894699991 -0.00100000005 -0.0129620004
v -0.0117889997 -0.00600000005 -0.0104440004
v -0.00894699991 -0.00600000005 -0.0129620004
v -0.00894699991 -0.00100000005 -0.0129620004
v -0.00894699991 -0.00600000005 -0.0129620004
v -0.00558499992 -0.00100000005 -0.0147270001
v -0.00558499992 -0.00100000005 -0.0147270001
v -0.00894699991 -0.00600000005 -0.0129620004
v -0.00558499992 -0.00600000005 -0.0147270001
v -0.00558499992 -0.00100000005 -0.0147270001
v -0.00558499992 -0.00600000005 -0.0147270001
v -0.00189800002 -0.00100000005 -0.0156350005
v -0.00189800002 -0.00100000005 -0.0156350005
v -0.00558499992 -0.00600000005 -0.0147270001
v -0.00189800002 -0.00600000005 -0.0156350005
v -0.00189800002 -0.00100000005 -0.0156350005
v -0.00189800002 -0.00600000005 -0.0156350005
v 0.00189800002 -0.00100000005 -0.0156350005
v 0.00189800002 -0.00100000005 -0.0156350005
v -0.00189800002 -0.00600000005 -0.0156350005
v 0.00189800002 -0.00600000005 -0.0156350005
v 0.00189800002 -0.00100000005 -0.0156350005
v 0.00189800002 -0.00600000005 -0.0156350005
v 0.00558499992 -0.00100000005 -0.0147270001
v 0.00558499992 -0.00100000005 -0.0147270001
v 0.00189800002 -0.00600000005 -0.0156350005
v 0.00558499992 -0.00600000005 -0.0147270001
v 0.00558499992 -0.00100000005 -0.0147270001
v 0.00558499992 -0.00600000005 -0.0147270001
v 0.00894699991 -0.00100000005 -0.0129620004
v 0.00894699991 -0.00100000005 -0.0129620004
v 0.00558499992 -0.00600000005 -0.0147270001
v 0.00894699991 -0.00600000005 -0.0129620004
v 0.00894699991 -0.00100000005 -0.0129620004
v 0.00894699991 -0.00600000005 -0.0129620004
v 0.0117889997 -0.00100000005 -0.0104440004
v 0.0117889997 -0.00100000005 -0.0104440004
v 0.00894699991 -0.00600000005 -0.0129620004
v 0.0117889997 -0.00600000005 -0.0104440004
v 0.0117889997 -0.00100000005 -0.0104440004
v 0.0117889997 -0.00600000005 -0.0104440004
v 0.0139459996 -0.00100000005 -0.00731900008
v 0.0139459996 -0.00100000005 -0.00731900008
v 0.0117889997 -0.00600000005 -0.0104440004
v 0.0139459996 -0.00600000005 -0.00731900008
v 0.0139459996 -0.00100000005 -0.00731900008
v 0.0139459996 -0.00600000005 -0.00731900008
v 0.015292 -0.00100000005 -0.00376900006
v 0.015292 -0.00100000005 -0.00376900006
v 0.0139459996 -0.00600000005 -0.00731900008
v 0.015292 -0.00600000005 -0.00376900006
v 0.015292 -0.00100000005 -0.00376900006
v 0.015292 -0.00600000005 -0.00376900006
v 0.0157500003 -0.00100000005 0
v 0.0157500003 -0.00100000005 0
v 0.015292 -0.00600000005 -0.00376900006
v 0.0157500003 -0.00600000005 0
v 0.0157500003 -0.00600000005 0
v 0.015292 -0.00600000005 -0.00376900006
v 0.015292 -0.00600000005 0.00376900006
v 0.015292 -0.00600000005 0.00376900006
v 0.015292 -0.00600000005 -0.00376900006
v 0.0139459996 -0.00600000005 0.00731900008
v 0.0139459996 -0.00600000005 0.00731900008
v 0.015292 -0.00600000005 -0.00376900006
v 0.0117889997 -0.00600000005 0.0104440004
v 0.0117889997 -0.00600000005 0.0104440004
v 0.015292 -0.00600000005 -0.00376900006
v 0.00894699991 -0.00600000005 0.0129620004
v 0.00894699991 -0.00600000005 0.0129620004
v 0.015292 -0.00600000005 -0.00376900006
v 0.00558499992 -0.00600000005 0.0147270001
v 0.00558499992 -0.00600000005 0.0147270001
v 0.015292 -0.00600000005 -0.00376900006
v 0.0139459996 -0.00600000005 -0.00731900008
v 0.00558499992 -0.00600000005 0.0147270001
v 0.0139459996 -0.00600000005 -0.00731900008
v 0.00189800002 -0.00600000005 0.0156350005
v 0.00189800002 -0.00600000005 0.0156350005
v 0.0139459996 -0.00600000005 -0.00731900008
v -0.00189800002 -0.00600000005 0.0156350005
v -0.00189800002 -0.00600000005 0.0156350005
v 0.0139459996 -0.00600000005 -0.00731900008
v -0.00558499992 -0.00600000005 0.0147270001
v -0.00558499992 -0.00600000005 0.0147270001
v 0.0139459996 -0.00600000005 -0.00731900008
v -0.00894699991 -0.00600000005 0.0129620004
v -0.00894699991 -0.00600000005 0.0129620004
v 0.0139459996 -0.00600000005 -0.00731900008
v -0.0117889997 -0.00600000005 0.0104440004
v -0.0117889997 -0.00600000005 0.0104440004
v 0.0139459996 -0.00600000005 -0.00731900008
v -0.0139459996 -0.00600000005 0.00731900008
v -0.0139459996 -0.00600000005 0.00731900008
v 0.0139459996 -0.00600000005 -0.00731900008
v -0.015292 -0.00600000005 0.00376900006
v -0.015292 -0.00600000005 0.00376900006
v 0.0139459996 -0.00600000005 -0.00731900008
v -0.0157500003 -0.00600000005 0
v -0.0157500003 -0.00600000005 0
v 0.0139459996 -0.00600000005 -0.00731900008
v -0.015292 -0.00600000005 -0.00376900006
v -0.015292 -0.00600000005 -0.00376900006
v 0.0139459996 -0.00600000005 -0.00731900008
v -0.0139459996 -0.00600000005 -0.00731900008
v -0.0139459996 -0.00600000005 -0.00731900008
v 0.0139459996 -0.00600000005 -0.00731900008
v 0.0117889997 -0.00600000005 -0.0104440004
v -0.0139459996 -0.00600000005 -0.00731900008
v 0.0117889997 -0.00600000005 -0.0104440004
v -0.0117889997 -0.00600000005 -0.0104440004
v -0.0117889997 -0.00600000005 -0.0104440004
v 0.0117889997 -0.00600000005 -0.0104440004
v 0.00894699991 -0.00600000005 -0.0129620004
v -0.0117889997 -0.00600000005 -0.0104440004
v 0.00894699991 -0.00600000005 -0.0129620004
v -0.00894699991 -0.00600000005 -0.0129620004
v -0.00894699991 -0.00600000005 -0.0129620004
v 0.00894699991 -0.00600000005 -0.0129620004
v 0.00558499992 -0.00600000005 -0.0147270001
v -0.00894699991 -0.00600000005 -0.0129620004
v 0.00558499992 -0.00600000005 -0.0147270001
v -0.00558499992 -0.00600000005 -0.0147270001
v -0.00558499992 -0.00600000005 -0.0147270001
v 0.00558499992 -0.00600000005 -0.0147270001
v 0.00189800002 -0.00600000005 -0.0156350005
v -0.00558499992 -0.00600000005 -0.0147270001
v 0.00189800002 -0.00600000005 -0.0156350005
v -0.00189800002 -0.00600000005 -0.0156350005
v -0.0167500004 0 0
v -0.0157500003 -0.00100000005 0
v -0.01633 0 -0.00372699997
v -0.01633 0 -0.00372699997
v -0.0157500003 -0.00100000005 0
v -0.015292 -0.00100000005 -0.00376900006
v -0.01633 0 -0.00372699997
v -0.015292 -0.00100000005 -0.00376900006
v -0.0150910001 0 -0.00726799993
v -0.0150910001 0 -0.00726799993
v -0.015292 -0.00100000005 -0.00376900006
v -0.0139459996 -0.00100000005 -0.00731900008
v -0.0150910001 0 -0.00726799993
v -0.0139459996 -0.00100000005 -0.00731900008
v -0.0130960001 0 -0.0104430001
v -0.0130960001 0 -0.0104430001
v -0.0139459996 -0.00100000005 -0.00731900008
v -0.0117889997 -0.00100000005 -0.0104440004
v -0.0130960001 0 -0.0104430001
v -0.0117889997 -0.00100000005 -0.0104440004
v -0.0104430001 0 -0.0130960001
v -0.0104430001 0 -0.0130960001
v -0.0117889997 -0.00100000005 -0.0104440004
v -0.00894699991 -0.00100000005 -0.0129620004
v -0.0104430001 0 -0.0130960001
v -0.00894699991 -0.00100000005 -0.0129620004
v -0.00726799993 0 -0.0150910001
v -0.00726799993 0 -0.0150910001
v -0.00894699991 -0.00100000005 -0.0129620004
v -0.00558499992 -0.00100000005 -0.0147270001
v -0.00726799993 0 -0.0150910001
v -0.00558499992 -0.00100000005 -0.0147270001
v -0.00372699997 0 -0.01633
v -0.00372699997 0 -0.01633
v -0.00558499992 -0.00100000005 -0.0147270001
v -0.00189800002 -0.00100000005 -0.0156350005
v -0.00372699997 0 -0.01633
v -0.00189800002 -0.00100000005 -0.0156350005
v 0 0 -0.0167500004
v 0 0 -0.0167500004
v -0.00189800002 -0.00100000005 -0.0156350005
v 0.00189800002 -0.00100000005 -0.0156350005
v 0 0 -0.0167500004
v 0.00189800002 -0.00100000005 -0.0156350005
v 0.00372699997 0 -0.01633
v 0.00372699997 0 -0.01633
v 0.00189800002 -0.00100000005 -0.0156350005
v 0.00558499992 -0.00100000005 -0.0147270001
v 0.00372699997 0 -0.01633
v 0.00558499992 -0.00100000005 -0.0147270001
v 0.00726799993 0 -0.0150910001
v 0.00726799993 0 -0.0150910001
v 0.00558499992 -0.00100000005 -0.0147270001
v 0.00894699991 -0.00100000005 -0.0129620004
v 0.00726799993 0 -0.0150910001
v 0.00894699991 -0.00100000005 -0.0129620004
v 0.0104430001 0 -0.0130960001
v 0.0104430001 0 -0.0130960001
v 0.00894699991 -0.00100000005 -0.0129620004
v 0.0117889997 -0.00100000005 -0.0104440004
v 0.0104430001 0 -0.0130960001
v 0.0117889997 -0.00100000005 -0.0104440004
v 0.0130960001 0 -0.0104430001
v 0.0130960001 0 -0.0104430001
v 0.0117889997 -0.00100000005 -0.0104440004
v 0.0139459996 -0.00100000005 -0.00731900008
v 0.0130960001 0 -0.0104430001
v 0.0139459996 -0.00100000005 -0.00731900008
v 0.0150910001 0 -0.00726799993
v 0.0150910001 0 -0.00726799993
v 0.0139459996 -0.00100000005 -0.00731900008
v 0.015292 -0.00100000005 -0.00376900006
v 0.0150910001 0 -0.00726799993
v 0.015292 -0.00100000005 -0.00376900006
v 0.01633 0 -0.00372699997
v 0.01633 0 -0.00372699997
v 0.015292 -0.00100000005 -0.00376900006
v 0.0157500003 -0.00100000005 0
v 0.01633 0 -0.00372699997
v 0.0157500003 -0.00100000005 0
v 0.0167500004 0 0
v -0.00300000003 -0.000500000024 -0.0250000004
v -0.00300000003 -0.00600000005 -0.0250000004
v -0.00281900004 -0.000500000024 -0.0260259993
v -0.00281900004 -0.000500000024 -0.0260259993
v -0.00300000003 -0.00600000005 -0.0250000004
v -0.00281900004 -0.00600000005 -0.0260259993
v -0.00281900004 -0.000500000024 -0.0260259993
v -0.00281900004 -0.00600000005 -0.0260259993
v -0.00229800004 -0.000500000024 -0.0269280002
v -0.00229800004 -0.000500000024 -0.0269280002
v -0.00281900004 -0.00600000005 -0.0260259993
v -0.00229800004 -0.00600000005 -0.0269280002
v -0.00229800004 -0.000500000024 -0.0269280002
v -0.00229800004 -0.00600000005 -0.0269280002
v -0.00150000001 -0.000500000024 -0.0275979992
v -0.00150000001 -0.000500000024 -0.0275979992
v -0.00229800004 -0.00600000005 -0.0269280002
v -0.00150000001 -0.00600000005 -0.0275979992
v -0.00150000001 -0.000500000024 -0.0275979992
v -0.00150000001 -0.00600000005 -0.0275979992
v -0.000521000009 -0.000500000024 -0.0279539991
v -0.000521000009 -0.000500000024 -0.0279539991
v -0.00150000001 -0.00600000005 -0.0275979992
v -0.000521000009 -0.00600000005 -0.0279539991
v -0.000521000009 -0.000500000024 -0.0279539991
v -0.000521000009 -0.00600000005 -0.0279539991
v 0.000521000009 -0.000500000024 -0.0279539991
v 0.000521000009 -0.000500000024 -0.0279539991
v -0.000521000009 -0.00600000005 -0.0279539991
v 0.000521000009 -0.00600000005 -0.0279539991
v 0.000521000009 -0.000500000024 -0.0279539991
v 0.000521000009 -0.00600000005 -0.0279539991
v 0.00150000001 -0.000500000024 -0.0275979992
v 0.00150000001 -0.000500000024 -0.0275979992
v 0.000521000009 -0.00600000005 -0.0279539991
v 0.00150000001 -0.00600000005 -0.0275979992
v 0.00150000001 -0.000500000024 -0.0275979992
v 0.00150000001 -0.00600000005 -0.0275979992
v 0.00229800004 -0.000500000024 -0.0269280002
v 0.00229800004 -0.000500000024 -0.0269280002
v 0.00150000001 -0.00600000005 -0.0275979992
v 0.00229800004 -0.00600000005 -0.0269280002
v 0.00229800004 -0.000500000024 -0.0269280002
v 0.00229800004 -0.00600000005 -0.0269280002
v 0.00281900004 -0.000500000024 -0.0260259993
v 0.00281900004 -0.000500000024 -0.0260259993
v 0.00229800004 -0.00600000005 -0.0269280002
v 0.00281900004 -0.00600000005 -0.0260259993
v 0.00281900004 -0.000500000024 -0.0260259993
v 0.00281900004 -0.00600000005 -0.0260259993
v 0.00300000003 -0.000500000024 -0.0250000004
v 0.00300000003 -0.000500000024 -0.0250000004
v 0.00281900004 -0.00600000005 -0.0260259993
v 0.00300000003 -0.00600000005 -0.0250000004
v 0.00281900004 -0.00600000005 -0.0260259993
v -0.00300000003 -0.00600000005 -0.0250000004
v 0.00300000003 -0.00600000005 -0.0250000004
v 0.00300000003 -0.00600000005 -0.0250000004
v -0.00300000003 -0.00600000005 -0.0250000004
v -0.00281900004 -0.00600000005 -0.0239739995
v 0.00300000003 -0.00600000005 -0.0250000004
v -0.00281900004 -0.00600000005 -0.0239739995
v 0.00281900004 -0.00600000005 -0.0239739995
v 0.00281900004 -0.00600000005 -0.0239739995
v -0.00281900004 -0.00600000005 -0.0239739995
v -0.00229800004 -0.00600000005 -0.0230720006
v 0.00281900004 -0.00600000005 -0.0239739995
v -0.00229800004 -0.00600000005 -0.0230720006
v 0.00229800004 -0.00600000005 -0.0230720006
v 0.00229800004 -0.00600000005 -0.0230720006
v -0.00229800004 -0.00600000005 -0.0230720006
v -0.00150000001 -0.00600000005 -0.0224019997
v 0.00229800004 -0.00600000005 -0.0230720006
v -0.00150000001 -0.00600000005 -0.0224019997
v -0.000521000009 -0.00600000005 -0.0220459998
v -0.00300000003 -0.00600000005 -0.0250000004
v 0.00281900004 -0.00600000005 -0.0260259993
v -0.00281900004 -0.00600000005 -0.0260259993
v -0.00281900004 -0.00600000005 -0.0260259993
v 0.00281900004 -0.00600000005 -0.0260259993
v 0.00229800004 -0.00600000005 -0.0269280002
v -0.00281900004 -0.00600000005 -0.0260259993
v 0.00229800004 -0.00600000005 -0.0269280002
v -0.00229800004 -0.00600000005 -0.0269280002
v -0.00229800004 -0.00600000005 -0.0269280002
v 0.00229800004 -0.00600000005 -0.0269280002
v 0.00150000001 -0.00600000005 -0.0275979992
v -0.00229800004 -0.00600000005 -0.0269280002
v 0.00150000001 -0.00600000005 -0.0275979992
v -0.00150000001 -0.00600000005 -0.0275979992
v -0.00150000001 -0.00600000005 -0.0275979992
v 0.00150000001 -0.00600000005 -0.0275979992
v 0.000521000009 -0.00600000005 -0.0279539991
v -0.00150000001 -0.00600000005 -0.0275979992
v 0.000521000009 -0.00600000005 -0.0279539991
v -0.000521000009 -0.00600000005 -0.0279539991
v -0.000521000009 -0.00600000005 -0.0220459998
v 0.000521000009 -0.00600000005 -0.0220459998
v 0.00229800004 -0.00600000005 -0.0230720006
v 0.00229800004 -0.00600000005 -0.0230720006
v 0.000521000009 -0.00600000005 -0.0220459998
v 0.00150000001 -0.00600000005 -0.0224019997
v 0.0146779995 -0.000500000024 -0.017678
v 0.0146779995 -0.00600000005 -0.017678
v 0.0148590002 -0.000500000024 -0.0187040009
v 0.0148590002 -0.000500000024 -0.0187040009
v 0.0146779995 -0.00600000005 -0.017678
v 0.0148590002 -0.00600000005 -0.0187040009
v 0.0148590002 -0.000500000024 -0.0187040009
v 0.0148590002 -0.00600000005 -0.0187040009
v 0.0153799998 -0.000500000024 -0.0196059998
v 0.0153799998 -0.000500000024 -0.0196059998
v 0.0148590002 -0.00600000005 -0.0187040009
v 0.0153799998 -0.00600000005 -0.0196059998
v 0.0153799998 -0.000500000024 -0.0196059998
v 0.0153799998 -0.00600000005 -0.0196059998
v 0.0161780007 -0.000500000024 -0.0202760007
v 0.0161780007 -0.000500000024 -0.0202760007
v 0.0153799998 -0.00600000005 -0.0196059998
v 0.0161780007 -0.00600000005 -0.0202760007
v 0.0161780007 -0.000500000024 -0.0202760007
v 0.0161780007 -0.00600000005 -0.0202760007
v 0.0171569996 -0.000500000024 -0.0206320006
v 0.0171569996 -0.000500000024 -0.0206320006
v 0.0161780007 -0.00600000005 -0.0202760007
v 0.0171569996 -0.00600000005 -0.0206320006
v 0.0171569996 -0.000500000024 -0.0206320006
v 0.0171569996 -0.00600000005 -0.0206320006
v 0.0181990005 -0.000500000024 -0.0206320006
v 0.0181990005 -0.000500000024 -0.0206320006
v 0.0171569996 -0.00600000005 -0.0206320006
v 0.0181990005 -0.00600000005 -0.0206320006
v 0.0181990005 -0.000500000024 -0.0206320006
v 0.0181990005 -0.00600000005 -0.0206320006
v 0.0191779993 -0.000500000024 -0.0202760007
v 0.0191779993 -0.000500000024 -0.0202760007
v 0.0181990005 -0.00600000005 -0.0206320006
v 0.0191779993 -0.00600000005 -0.0202760007
v 0.0191779993 -0.000500000024 -0.0202760007
v 0.0191779993 -0.00600000005 -0.0202760007
v 0.0199759994 -0.000500000024 -0.0196059998
v 0.0199759994 -0.000500000024 -0.0196059998
v 0.0191779993 -0.00600000005 -0.0202760007
v 0.0199759994 -0.00600000005 -0.0196059998
v 0.0199759994 -0.000500000024 -0.0196059998
v 0.0199759994 -0.00600000005 -0.0196059998
v 0.0204969998 -0.000500000024 -0.0187040009
v 0.0204969998 -0.000500000024 -0.0187040009
v 0.0199759994 -0.00600000005 -0.0196059998
v 0.0204969998 -0.00600000005 -0.0187040009
v 0.0204969998 -0.000500000024 -0.0187040009
v 0.0204969998 -0.00600000005 -0.0187040009
v 0.0206780005 -0.000500000024 -0.017678
v 0.0206780005 -0.000500000024 -0.017678
v 0.0204969998 -0.00600000005 -0.0187040009
v 0.0206780005 -0.00600000005 -0.017678
v 0.0204969998 -0.00600000005 -0.0187040009
v 0.0146779995 -0.00600000005 -0.017678
v 0.0206780005 -0.00600000005 -0.017678
v 0.0206780005 -0.00600000005 -0.017678
v 0.0146779995 -0.00600000005 -0.017678
v 0.0148590002 -0.00600000005 -0.0166519992
v 0.0206780005 -0.00600000005 -0.017678
v 0.0148590002 -0.00600000005 -0.0166519992
v 0.0204969998 -0.00600000005 -0.0166519992
v 0.0204969998 -0.00600000005 -0.0166519992
v 0.0148590002 -0.00600000005 -0.0166519992
v 0.0153799998 -0.00600000005 -0.015749
v 0.0204969998 -0.00600000005 -0.0166519992
v 0.0153799998 -0.00600000005 -0.015749
v 0.0199759994 -0.00600000005 -0.015749
v 0.0199759994 -0.00600000005 -0.015749
v 0.0153799998 -0.00600000005 -0.015749
v 0.0161780007 -0.00600000005 -0.0150800003
v 0.0199759994 -0.00600000005 -0.015749
v 0.0161780007 -0.00600000005 -0.0150800003
v 0.0171569996 -0.00600000005 -0.0147230001
v 0.0146779995 -0.00600000005 -0.017678
v 0.0204969998 -0.00600000005 -0.0187040009
v 0.0148590002 -0.00600000005 -0.0187040009
v 0.0148590002 -0.00600000005 -0.0187040009
v 0.0204969998 -0.00600000005 -0.0187040009
v 0.0199759994 -0.00600000005 -0.0196059998
v 0.0148590002 -0.00600000005 -0.0187040009
v 0.0199759994 -0.00600000005 -0.0196059998
v 0.0153799998 -0.00600000005 -0.0196059998
v 0.0153799998 -0.00600000005 -0.0196059998
v 0.0199759994 -0.00600000005 -0.0196059998
v 0.0191779993 -0.00600000005 -0.0202760007
v 0.0153799998 -0.00600000005 -0.0196059998
v 0.0191779993 -0.00600000005 -0.0202760007
v 0.0161780007 -0.00600000005 -0.0202760007
v 0.0161780007 -0.00600000005 -0.0202760007
v 0.0191779993 -0.00600000005 -0.0202760007
v 0.0181990005 -0.00600000005 -0.0206320006
v 0.0161780007 -0.00600000005 -0.0202760007
v 0.0181990005 -0.00600000005 -0.0206320006
v 0.0171569996 -0.00600000005 -0.0206320006
v 0.0171569996 -0.00600000005 -0.0147230001
v 0.0181990005 -0.00600000005 -0.0147230001
v 0.0199759994 -0.00600000005 -0.015749
v 0.0199759994 -0.00600000005 -0.015749
v 0.0181990005 -0.00600000005 -0.0147230001
v 0.0191779993 -0.00600000005 -0.0150800003
v 0.0146779995 -0.000500000024 0.017678
v 0.0146779995 -0.00600000005 0.017678
v 0.0148590002 -0.000500000024 0.0166519992
v 0.0148590002 -0.000500000024 0.0166519992
v 0.0146779995 -0.00600000005 0.017678
v 0.0148590002 -0.00600000005 0.0166519992
v 0.0148590002 -0.000500000024 0.0166519992
v 0.0148590002 -0.00600000005 0.0166519992
v 0.0153799998 -0.000500000024 0.015749
v 0.0153799998 -0.000500000024 0.015749
v 0.0148590002 -0.00600000005 0.0166519992
v 0.0153799998 -0.00600000005 0.015749
v 0.0153799998 -0.000500000024 0.015749
v 0.0153799998 -0.00600000005 0.015749
v 0.0161780007 -0.000500000024 0.0150800003
v 0.0161780007 -0.000500000024 0.0150800003
v 0.0153799998 -0.00600000005 0.015749
v 0.0161780007 -0.00600000005 0.0150800003
v 0.0161780007 -0.000500000024 0.0150800003
v 0.0161780007 -0.00600000005 0.0150800003
v 0.0171569996 -0.000500000024 0.0147230001
v 0.0171569996 -0.000500000024 0.0147230001
v 0.0161780007 -0.00600000005 0.0150800003
v 0.0171569996 -0.00600000005 0.0147230001
v 0.0171569996 -0.000500000024 0.0147230001
v 0.0171569996 -0.00600000005 0.0147230001
v 0.0181990005 -0.000500000024 0.0147230001
v 0.0181990005 -0.000500000024 0.0147230001
v 0.0171569996 -0.00600000005 0.0147230001
v 0.0181990005 -0.00600000005 0.0147230001
v 0.0181990005 -0.000500000024 0.0147230001
v 0.0181990005 -0.00600000005 0.0147230001
v 0.0191779993 -0.000500000024 0.0150800003
v 0.0191779993 -0.000500000024 0.0150800003
v 0.0181990005 -0.00600000005 0.0147230001
v 0.0191779993 -0.00600000005 0.0150800003
v 0.0191779993 -0.000500000024 0.0150800003
v 0.0191779993 -0.00600000005 0.0150800003
v 0.0199759994 -0.000500000024 0.015749
v 0.0199759994 -0.000500000024 0.015749
v 0.0191779993 -0.00600000005 0.0150800003
v 0.0199759994 -0.00600000005 0.015749
v 0.0199759994 -0.000500000024 0.015749
v 0.0199759994 -0.00600000005 0.015749
v 0.0204969998 -0.000500000024 0.0166519992
v 0.0204969998 -0.000500000024 0.0166519992
v 0.0199759994 -0.00600000005 0.015749
v 0.0204969998 -0.00600000005 0.0166519992
v 0.0204969998 -0.000500000024 0.0166519992
v 0.0204969998 -0.00600000005 0.0166519992
v 0.0206780005 -0.000500000024 0.017678
v 0.0206780005 -0.000500000024 0.017678
v 0.0204969998 -0.00600000005 0.0166519992
v 0.0206780005 -0.00600000005 0.017678
v 0.0204969998 -0.00600000005 0.0166519992
v 0.0146779995 -0.00600000005 0.017678
v 0.0206780005 -0.00600000005 0.017678
v 0.0206780005 -0.00600000005 0.017678
v 0.0146779995 -0.00600000005 0.017678
v 0.0148590002 -0.00600000005 0.0187040009
v 0.0206780005 -0.00600000005 0.017678
v 0.0148590002 -0.00600000005 0.0187040009
v 0.0204969998 -0.00600000005 0.0187040009
v 0.0204969998 -0.00600000005 0.0187040009
v 0.0148590002 -0.00600000005 0.0187040009
v 0.0153799998 -0.00600000005 0.0196059998
v 0.0204969998 -0.00600000005 0.0187040009
v 0.0153799998 -0.00600000005 0.0196059998
v 0.0199759994 -0.00600000005 0.0196059998
v 0.0199759994 -0.00600000005 0.0196059998
v 0.0153799998 -0.00600000005 0.0196059998
v 0.0161780007 -0.00600000005 0.0202760007
v 0.0199759994 -0.00600000005 0.0196059998
v 0.0161780007 -0.00600000005 0.0202760007
v 0.0171569996 -0.00600000005 0.0206320006
v 0.0146779995 -0.00600000005 0.017678
v 0.0204969998 -0.00600000005 0.0166519992
v 0.0148590002 -0.00600000005 0.0166519992
v 0.0148590002 -0.00600000005 0.0166519992
v 0.0204969998 -0.00600000005 0.0166519992
v 0.0199759994 -0.00600000005 0.015749
v 0.0148590002 -0.00600000005 0.0166519992
v 0.0199759994 -0.00600000005 0.015749
v 0.0153799998 -0.00600000005 0.015749
v 0.0153799998 -0.00600000005 0.015749
v 0.0199759994 -0.00600000005 0.015749
v 0.0191779993 -0.00600000005 0.0150800003
v 0.0153799998 -0.00600000005 0.015749
v 0.0191779993 -0.00600000005 0.0150800003
v 0.0161780007 -0.00600000005 0.0150800003
v 0.0161780007 -0.00600000005 0.0150800003
v 0.0191779993 -0.00600000005 0.0150800003
v 0.0181990005 -0.00600000005 0.0147230001
v 0.0161780007 -0.00600000005 0.0150800003
v 0.0181990005 -0.00600000005 0.0147230001
v 0.0171569996 -0.00600000005 0.0147230001
v 0.0171569996 -0.00600000005 0.0206320006
v 0.0181990005 -0.00600000005 0.0206320006
v 0.0199759994 -0.00600000005 0.0196059998
v 0.0199759994 -0.00600000005 0.0196059998
v 0.0181990005 -0.00600000005 0.0206320006
v 0.0191779993 -0.00600000005 0.0202760007
v -0.0206780005 -0.000500000024 0.017678
v -0.0206780005 -0.00600000005 0.017678
v -0.0204969998 -0.000500000024 0.0166519992
v -0.0204969998 -0.000500000024 0.0166519992
v -0.0206780005 -0.00600000005 0.017678
v -0.0204969998 -0.00600000005 0.0166519992
v -0.0204969998 -0.000500000024 0.0166519992
v -0.0204969998 -0.00600000005 0.0166519992
v -0.0199759994 -0.000500000024 0.015749
v -0.0199759994 -0.000500000024 0.015749
v -0.0204969998 -0.00600000005 0.0166519992
v -0.0199759994 -0.00600000005 0.015749
v -0.0199759994 -0.000500000024 0.015749
v -0.0199759994 -0.00600000005 0.015749
v -0.0191779993 -0.000500000024 0.0150800003
v -0.0191779993 -0.000500000024 0.0150800003
v -0.0199759994 -0.00600000005 0.015749
v -0.0191779993 -0.00600000005 0.0150800003
v -0.0191779993 -0.000500000024 0.0150800003
v -0.0191779993 -0.00600000005 0.0150800003
v -0.0181990005 -0.000500000024 0.0147230001
v -0.0181990005 -0.000500000024 0.0147230001
v -0.0191779993 -0.00600000005 0.0150800003
v -0.0181990005 -0.00600000005 0.0147230001
v -0.0181990005 -0.000500000024 0.0147230001
v -0.0181990005 -0.00600000005 0.0147230001
v -0.0171569996 -0.000500000024 0.0147230001
v -0.0171569996 -0.000500000024 0.0147230001
v -0.0181990005 -0.00600000005 0.0147230001
v -0.0171569996 -0.00600000005 0.0147230001
v -0.0171569996 -0.000500000024 0.0147230001
v -0.0171569996 -0.00600000005 0.0147230001
v -0.0161780007 -0.000500000024 0.0150800003
v -0.0161780007 -0.000500000024 0.0150800003
v -0.0171569996 -0.00600000005 0.0147230001
v -0.0161780007 -0.00600000005 0.0150800003
v -0.0161780007 -0.000500000024 0.0150800003
v -0.0161780007 -0.00600000005 0.0150800003
v -0.0153799998 -0.000500000024 0.015749
v -0.0153799998 -0.000500000024 0.015749
v -0.0161780007 -0.00600000005 0.0150800003
v -0.0153799998 -0.00600000005 0.015749
v -0.0153799998 -0.000500000024 0.015749
v -0.0153799998 -0.00600000005 0.015749
v -0.0148590002 -0.000500000024 0.0166519992
v -0.0148590002 -0.000500000024 0.0166519992
v -0.0153799998 -0.00600000005 0.015749
v -0.0148590002 -0.00600000005 0.0166519992
v -0.0148590002 -0.000500000024 0.0166519992
v -0.0148590002 -0.00600000005 0.0166519992
v -0.0146779995 -0.000500000024 0.017678
v -0.0146779995 -0.000500000024 0.017678
v -0.0148590002 -0.00600000005 0.0166519992
v -0.0146779995 -0.00600000005 0.017678
v -0.0148590002 -0.00600000005 0.0166519992
v -0.0206780005 -0.00600000005 0.017678
v -0.0146779995 -0.00600000005 0.017678
v -0.0146779995 -0.00600000005 0.017678
v -0.0206780005 -0.00600000005 0.017678
v -0.0204969998 -0.00600000005 0.0187040009
v -0.0146779995 -0.00600000005 0.017678
v -0.0204969998 -0.00600000005 0.0187040009
v -0.0148590002 -0.00600000005 0.0187040009
v -0.0148590002 -0.00600000005 0.0187040009
v -0.0204969998 -0.00600000005 0.0187040009
v -0.0199759994 -0.00600000005 0.0196059998
v -0.0148590002 -0.00600000005 0.0187040009
v -0.0199759994 -0.00600000005 0.0196059998
v -0.0153799998 -0.00600000005 0.0196059998
v -0.0153799998 -0.00600000005 0.0196059998
v -0.0199759994 -0.00600000005 0.0196059998
v -0.0191779993 -0.00600000005 0.0202760007
v -0.0153799998 -0.00600000005 0.0196059998
v -0.0191779993 -0.00600000005 0.0202760007
v -0.0181990005 -0.00600000005 0.0206320006
v -0.0206780005 -0.00600000005 0.017678
v -0.0148590002 -0.00600000005 0.0166519992
v -0.0204969998 -0.00600000005 0.0166519992
v -0.0204969998 -0.00600000005 0.0166519992
v -0.0148590002 -0.00600000005 0.0166519992
v -0.0153799998 -0.00600000005 0.015749
v -0.0204969998 -0.00600000005 0.0166519992
v -0.0153799998 -0.00600000005 0.015749
v -0.0199759994 -0.00600000005 0.015749
v -0.0199759994 -0.00600000005 0.015749
v -0.0153799998 -0.00600000005 0.015749
v -0.0161780007 -0.00600000005 0.0150800003
v -0.0199759994 -0.00600000005 0.015749
v -0.0161780007 -0.00600000005 0.0150800003
v -0.0191779993 -0.00600000005 0.0150800003
v -0.0191779993 -0.00600000005 0.0150800003
v -0.0161780007 -0.00600000005 0.0150800003
v -0.0171569996 -0.00600000005 0.0147230001
v -0.0191779993 -0.00600000005 0.0150800003
v -0.0171569996 -0.00600000005 0.0147230001
v -0.0181990005 -0.00600000005 0.0147230001
v -0.0181990005 -0.00600000005 0.0206320006
v -0.0171569996 -0.00600000005 0.0206320006
v -0.0153799998 -0.00600000005 0.0196059998
v -0.0153799998 -0.00600000005 0.0196059998
v -0.0171569996 -0.00600000005 0.0206320006
v -0.0161780007 -0.00600000005 0.0202760007
v -0.0206780005 -0.000500000024 -0.017678
v -0.0206780005 -0.00600000005 -0.017678
v -0.0204969998 -0.000500000024 -0.0187040009
v -0.0204969998 -0.000500000024 -0.0187040009
v -0.0206780005 -0.00600000005 -0.017678
v -0.0204969998 -0.00600000005 -0.0187040009
v -0.0204969998 -0.000500000024 -0.0187040009
v -0.0204969998 -0.00600000005 -0.0187040009
v -0.0199759994 -0.000500000024 -0.0196059998
v -0.0199759994 -0.000500000024 -0.0196059998
v -0.0204969998 -0.00600000005 -0.0187040009
v -0.0199759994 -0.00600000005 -0.0196059998
v -0.0199759994 -0.000500000024 -0.0196059998
v -0.0199759994 -0.00600000005 -0.0196059998
v -0.0191779993 -0.000500000024 -0.0202760007
v -0.0191779993 -0.000500000024 -0.0202760007
v -0.0199759994 -0.00600000005 -0.0196059998
v -0.0191779993 -0.00600000005 -0.0202760007
v -0.0191779993 -0.000500000024 -0.0202760007
v -0.0191779993 -0.00600000005 -0.0202760007
v -0.0181990005 -0.000500000024 -0.0206320006
v -0.0181990005 -0.000500000024 -0.0206320006
v -0.0191779993 -0.00600000005 -0.0202760007
v -0.0181990005 -0.00600000005 -0.0206320006
v -0.0181990005 -0.000500000024 -0.0206320006
v -0.0181990005 -0.00600000005 -0.0206320006
v -0.0171569996 -0.000500000024 -0.0206320006
v -0.0171569996 -0.000500000024 -0.0206320006
v -0.0181990005 -0.00600000005 -0.0206320006
v -0.0171569996 -0.00600000005 -0.0206320006
v -0.0171569996 -0.000500000024 -0.0206320006
v -0.0171569996 -0.00600000005 -0.0206320006
v -0.0161780007 -0.000500000024 -0.0202760007
v -0.0161780007 -0.000500000024 -0.0202760007
v -0.0171569996 -0.00600000005 -0.0206320006
v -0.0161780007 -0.00600000005 -0.0202760007
v -0.0161780007 -0.000500000024 -0.0202760007
v -0.0161780007 -0.00600000005 -0.0202760007
v -0.0153799998 -0.000500000024 -0.0196059998
v -0.0153799998 -0.000500000024 -0.0196059998
v -0.0161780007 -0.00600000005 -0.0202760007
v -0.0153799998 -0.00600000005 -0.0196059998
v -0.0153799998 -0.000500000024 -0.0196059998
v -0.0153799998 -0.00600000005 -0.0196059998
v -0.0148590002 -0.000500000024 -0.0187040009
v -0.0148590002 -0.000500000024 -0.0187040009
v -0.0153799998 -0.00600000005 -0.0196059998
v -0.0148590002 -0.00600000005 -0.0187040009
v -0.0148590002 -0.000500000024 -0.0187040009
v -0.0148590002 -0.00600000005 -0.0187040009
v -0.0146779995 -0.000500000024 -0.017678
v -0.0146779995 -0.000500000024 -0.017678
v -0.0148590002 -0.00600000005 -0.0187040009
v -0.0146779995 -0.00600000005 -0.017678
v -0.0148590002 -0.00600000005 -0.0187040009
v -0.0206780005 -0.00600000005 -0.017678
v -0.0146779995 -0.00600000005 -0.017678
v -0.0146779995 -0.00600000005 -0.017678
v -0.0206780005 -0.00600000005 -0.017678
v -0.0204969998 -0.00600000005 -0.0166519992
v -0.0146779995 -0.00600000005 -0.017678
v -0.0204969998 -0.00600000005 -0.0166519992
v -0.0148590002 -0.00600000005 -0.0166519992
v -0.0148590002 -0.00600000005 -0.0166519992
v -0.0204969998 -0.00600000005 -0.0166519992
v -0.0199759994 -0.00600000005 -0.015749
v -0.0148590002 -0.00600000005 -0.0166519992
v -0.0199759994 -0.00600000005 -0.015749
v -0.0153799998 -0.00600000005 -0.015749
v -0.0153799998 -0.00600000005 -0.015749
v -0.0199759994 -0.00600000005 -0.015749
v -0.0191779993 -0.00600000005 -0.0150800003
v -0.0153799998 -0.00600000005 -0.015749
v -0.0191779993 -0.00600000005 -0.0150800003
v -0.0181990005 -0.00600000005 -0.0147230001
v -0.0206780005 -0.00600000005 -0.017678
v -0.0148590002 -0.00600000005 -0.0187040009
v -0.0204969998 -0.00600000005 -0.0187040009
v -0.0204969998 -0.00600000005 -0.0187040009
v -0.0148590002 -0.00600000005 -0.0187040009
v -0.0153799998 -0.00600000005 -0.0196059998
v -0.0204969998 -0.00600000005 -0.0187040009
v -0.0153799998 -0.00600000005 -0.0196059998
v -0.0199759994 -0.00600000005 -0.0196059998
v -0.0199759994 -0.00600000005 -0.0196059998
v -0.0153799998 -0.00600000005 -0.0196059998
v -0.0161780007 -0.00600000005 -0.0202760007
v -0.0199759994 -0.00600000005 -0.0196059998
v -0.0161780007 -0.00600000005 -0.0202760007
v -0.0191779993 -0.00600000005 -0.0202760007
v -0.0191779993 -0.00600000005 -0.0202760007
v -0.0161780007 -0.00600000005 -0.0202760007
v -0.0171569996 -0.00600000005 -0.0206320006
v -0.0191779993 -0.00600000005 -0.0202760007
v -0.0171569996 -0.00600000005 -0.0206320006
v -0.0181990005 -0.00600000005 -0.0206320006
v -0.0181990005 -0.00600000005 -0.0147230001
v -0.0171569996 -0.00600000005 -0.0147230001
v -0.0153799998 -0.00600000005 -0.015749
v -0.0153799998 -0.00600000005 -0.015749
v -0.0171569996 -0.00600000005 -0.0147230001
v -0.0161780007 -0.00600000005 -0.0150800003
v 0.0141780004 0 0.017678
v 0.0146779995 -0.000500000024 0.017678
v 0.0143889999 0 0.0164810009
v 0.0143889999 0 0.0164810009
v 0.0146779995 -0.000500000024 0.017678
v 0.0148590002 -0.000500000024 0.0166519992
v 0.0143889999 0 0.0164810009
v 0.0148590002 -0.000500000024 0.0166519992
v 0.0149969999 0 0.0154280001
v 0.0149969999 0 0.0154280001
v 0.0148590002 -0.000500000024 0.0166519992
v 0.0153799998 -0.000500000024 0.015749
v 0.0149969999 0 0.0154280001
v 0.0153799998 -0.000500000024 0.015749
v 0.0159280002 0 0.0146469995
v 0.0159280002 0 0.0146469995
v 0.0153799998 -0.000500000024 0.015749
v 0.0161780007 -0.000500000024 0.0150800003
v 0.0159280002 0 0.0146469995
v 0.0161780007 -0.000500000024 0.0150800003
v 0.0170699991 0 0.0142310001
v 0.0170699991 0 0.0142310001
v 0.0161780007 -0.000500000024 0.0150800003
v 0.0171569996 -0.000500000024 0.0147230001
v 0.0170699991 0 0.0142310001
v 0.0171569996 -0.000500000024 0.0147230001
v 0.0182850007 0 0.0142310001
v 0.0182850007 0 0.0142310001
v 0.0171569996 -0.000500000024 0.0147230001
v 0.0181990005 -0.000500000024 0.0147230001
v 0.0182850007 0 0.0142310001
v 0.0181990005 -0.000500000024 0.0147230001
v 0.0194279999 0 0.0146469995
v 0.0194279999 0 0.0146469995
v 0.0181990005 -0.000500000024 0.0147230001
v 0.0191779993 -0.000500000024 0.0150800003
v 0.0194279999 0 0.0146469995
v 0.0191779993 -0.000500000024 0.0150800003
v 0.0203590002 0 0.0154280001
v 0.0203590002 0 0.0154280001
v 0.0191779993 -0.000500000024 0.0150800003
v 0.0199759994 -0.000500000024 0.015749
v 0.0203590002 0 0.0154280001
v 0.0199759994 -0.000500000024 0.015749
v 0.0209669992 0 0.0164810009
v 0.0209669992 0 0.0164810009
v 0.0199759994 -0.000500000024 0.015749
v 0.0204969998 -0.000500000024 0.0166519992
v 0.0209669992 0 0.0164810009
v 0.0204969998 -0.000500000024 0.0166519992
v 0.0211779997 0 0.017678
v 0.0211779997 0 0.017678
v 0.0204969998 -0.000500000024 0.0166519992
v 0.0206780005 -0.000500000024 0.017678
v 0.0141780004 0 -0.017678
v 0.0146779995 -0.000500000024 -0.017678
v 0.0143889999 0 -0.0188749991
v 0.0143889999 0 -0.0188749991
v 0.0146779995 -0.000500000024 -0.017678
v 0.0148590002 -0.000500000024 -0.0187040009
v 0.0143889999 0 -0.0188749991
v 0.0148590002 -0.000500000024 -0.0187040009
v 0.0149969999 0 -0.0199270006
v 0.0149969999 0 -0.0199270006
v 0.0148590002 -0.000500000024 -0.0187040009
v 0.0153799998 -0.000500000024 -0.0196059998
v 0.0149969999 0 -0.0199270006
v 0.0153799998 -0.000500000024 -0.0196059998
v 0.0159280002 0 -0.0207090005
v 0.0159280002 0 -0.0207090005
v 0.0153799998 -0.000500000024 -0.0196059998
v 0.0161780007 -0.000500000024 -0.0202760007
v 0.0159280002 0 -0.0207090005
v 0.0161780007 -0.000500000024 -0.0202760007
v 0.0170699991 0 -0.0211239997
v 0.0170699991 0 -0.0211239997
v 0.0161780007 -0.000500000024 -0.0202760007
v 0.0171569996 -0.000500000024 -0.0206320006
v 0.0170699991 0 -0.0211239997
v 0.0171569996 -0.000500000024 -0.0206320006
v 0.0182850007 0 -0.0211239997
v 0.0182850007 0 -0.0211239997
v 0.0171569996 -0.000500000024 -0.0206320006
v 0.0181990005 -0.000500000024 -0.0206320006
v 0.0182850007 0 -0.0211239997
v 0.0181990005 -0.000500000024 -0.0206320006
v 0.0194279999 0 -0.0207090005
v 0.0194279999 0 -0.0207090005
v 0.0181990005 -0.000500000024 -0.0206320006
v 0.0191779993 -0.000500000024 -0.0202760007
v 0.0194279999 0 -0.0207090005
v 0.0191779993 -0.000500000024 -0.0202760007
v 0.0203590002 0 -0.0199270006
v 0.0203590002 0 -0.0199270006
v 0.0191779993 -0.000500000024 -0.0202760007
v 0.0199759994 -0.000500000024 -0.0196059998
v 0.0203590002 0 -0.0199270006
v 0.0199759994 -0.000500000024 -0.0196059998
v 0.0209669992 0 -0.0188749991
v 0.0209669992 0 -0.0188749991
v 0.0199759994 -0.000500000024 -0.0196059998
v 0.0204969998 -0.000500000024 -0.0187040009
v 0.0209669992 0 -0.0188749991
v 0.0204969998 -0.000500000024 -0.0187040009
v 0.0211779997 0 -0.017678
v 0.0211779997 0 -0.017678
v 0.0204969998 -0.000500000024 -0.0187040009
v 0.0206780005 -0.000500000024 -0.017678
v -0.0211779997 0 0.017678
v -0.0206780005 -0.000500000024 0.017678
v -0.0209669992 0 0.0164810009
v -0.0209669992 0 0.0164810009
v -0.0206780005 -0.000500000024 0.017678
v -0.0204969998 -0.000500000024 0.0166519992
v -0.0209669992 0 0.0164810009
v -0.0204969998 -0.000500000024 0.0166519992
v -0.0203590002 0 0.0154280001
v -0.0203590002 0 0.0154280001
v -0.0204969998 -0.000500000024 0.0166519992
v -0.0199759994 -0.000500000024 0.015749
v -0.0203590002 0 0.0154280001
v -0.0199759994 -0.000500000024 0.015749
v -0.0194279999 0 0.0146469995
v -0.0194279999 0 0.0146469995
v -0.0199759994 -0.000500000024 0.015749
v -0.0191779993 -0.000500000024 0.0150800003
v -0.0194279999 0 0.0146469995
v -0.0191779993 -0.000500000024 0.0150800003
v -0.0182850007 0 0.0142310001
v -0.0182850007 0 0.0142310001
v -0.0191779993 -0.000500000024 0.0150800003
v -0.0181990005 -0.000500000024 0.0147230001
v -0.0182850007 0 0.0142310001
v -0.0181990005 -0.000500000024 0.0147230001
v -0.0170699991 0 0.0142310001
v -0.0170699991 0 0.0142310001
v -0.0181990005 -0.000500000024 0.0147230001
v -0.0171569996 -0.000500000024 0.0147230001
v -0.0170699991 0 0.0142310001
v -0.0171569996 -0.000500000024 0.0147230001
v -0.0159280002 0 0.0146469995
v -0.0159280002 0 0.0146469995
v -0.0171569996 -0.000500000024 0.0147230001
v -0.0161780007 -0.000500000024 0.0150800003
v -0.0159280002 0 0.0146469995
v -0.0161780007 -0.000500000024 0.0150800003
v -0.0149969999 0 0.0154280001
v -0.0149969999 0 0.0154280001
v -0.0161780007 -0.000500000024 0.0150800003
v -0.0153799998 -0.000500000024 0.015749
v -0.0149969999 0 0.0154280001
v -0.0153799998 -0.000500000024 0.015749
v -0.0143889999 0 0.0164810009
v -0.0143889999 0 0.0164810009
v -0.0153799998 -0.000500000024 0.015749
v -0.0148590002 -0.000500000024 0.0166519992
v -0.0143889999 0 0.0164810009
v -0.0148590002 -0.000500000024 0.0166519992
v -0.0141780004 0 0.017678
v -0.0141780004 0 0.017678
v -0.0148590002 -0.000500000024 0.0166519992
v -0.0146779995 -0.000500000024 0.017678
v -0.00350000011 0 -0.0250000004
v -0.00300000003 -0.000500000024 -0.0250000004
v -0.0032889999 0 -0.0261969995
v -0.0032889999 0 -0.0261969995
v -0.00300000003 -0.000500000024 -0.0250000004
v -0.00281900004 -0.000500000024 -0.0260259993
v -0.0032889999 0 -0.0261969995
v -0.00281900004 -0.000500000024 -0.0260259993
v -0.00268099993 0 -0.0272499993
v -0.00268099993 0 -0.0272499993
v -0.00281900004 -0.000500000024 -0.0260259993
v -0.00229800004 -0.000500000024 -0.0269280002
v -0.00268099993 0 -0.0272499993
v -0.00229800004 -0.000500000024 -0.0269280002
v -0.00175000005 0 -0.0280310009
v -0.00175000005 0 -0.0280310009
v -0.00229800004 -0.000500000024 -0.0269280002
v -0.00150000001 -0.000500000024 -0.0275979992
v -0.00175000005 0 -0.0280310009
v -0.00150000001 -0.000500000024 -0.0275979992
v -0.000607999973 0 -0.0284470003
v -0.000607999973 0 -0.0284470003
v -0.00150000001 -0.000500000024 -0.0275979992
v -0.000521000009 -0.000500000024 -0.0279539991
v -0.000607999973 0 -0.0284470003
v -0.000521000009 -0.000500000024 -0.0279539991
v 0.000607999973 0 -0.0284470003
v 0.000607999973 0 -0.0284470003
v -0.000521000009 -0.000500000024 -0.0279539991
v 0.000521000009 -0.000500000024 -0.0279539991
v 0.000607999973 0 -0.0284470003
v 0.000521000009 -0.000500000024 -0.0279539991
v 0.00175000005 0 -0.0280310009
v 0.00175000005 0 -0.0280310009
v 0.000521000009 -0.000500000024 -0.0279539991
v 0.00150000001 -0.000500000024 -0.0275979992
v 0.00175000005 0 -0.0280310009
v 0.00150000001 -0.000500000024 -0.0275979992
v 0.00268099993 0 -0.0272499993
v 0.00268099993 0 -0.0272499993
v 0.00150000001 -0.000500000024 -0.0275979992
v 0.00229800004 -0.000500000024 -0.0269280002
v 0.00268099993 0 -0.0272499993
v 0.00229800004 -0.000500000024 -0.0269280002
v 0.0032889999 0 -0.0261969995
v 0.0032889999 0 -0.0261969995
v 0.00229800004 -0.000500000024 -0.0269280002
v 0.00281900004 -0.000500000024 -0.0260259993
v 0.0032889999 0 -0.0261969995
v 0.00281900004 -0.000500000024 -0.0260259993
v 0.00350000011 0 -0.0250000004
v 0.00350000011 0 -0.0250000004
v 0.00281900004 -0.000500000024 -0.0260259993
v 0.00300000003 -0.000500000024 -0.0250000004
v -0.0211779997 0 -0.017678
v -0.0206780005 -0.000500000024 -0.017678
v -0.0209669992 0 -0.0188749991
v -0.0209669992 0 -0.0188749991
v -0.0206780005 -0.000500000024 -0.017678
v -0.0204969998 -0.000500000024 -0.0187040009
v -0.0209669992 0 -0.0188749991
v -0.0204969998 -0.000500000024 -0.0187040009
v -0.0203590002 0 -0.0199270006
v -0.0203590002 0 -0.0199270006
v -0.0204969998 -0.000500000024 -0.0187040009
v -0.0199759994 -0.000500000024 -0.0196059998
v -0.0203590002 0 -0.0199270006
v -0.0199759994 -0.000500000024 -0.0196059998
v -0.0194279999 0 -0.0207090005
v -0.0194279999 0 -0.0207090005
v -0.0199759994 -0.000500000024 -0.0196059998
v -0.0191779993 -0.000500000024 -0.0202760007
v -0.0194279999 0 -0.0207090005
v -0.0191779993 -0.000500000024 -0.0202760007
v -0.0182850007 0 -0.0211239997
v -0.0182850007 0 -0.0211239997
v -0.0191779993 -0.000500000024 -0.0202760007
v -0.0181990005 -0.000500000024 -0.0206320006
v -0.0182850007 0 -0.0211239997
v -0.0181990005 -0.000500000024 -0.0206320006
v -0.0170699991 0 -0.0211239997
v -0.0170699991 0 -0.0211239997
v -0.0181990005 -0.000500000024 -0.0206320006
v -0.0171569996 -0.000500000024 -0.0206320006
v -0.0170699991 0 -0.0211239997
v -0.0171569996 -0.000500000024 -0.0206320006
v -0.0159280002 0 -0.0207090005
v -0.0159280002 0 -0.0207090005
v -0.0171569996 -0.000500000024 -0.0206320006
v -0.0161780007 -0.000500000024 -0.0202760007
v -0.0159280002 0 -0.0207090005
v -0.0161780007 -0.000500000024 -0.0202760007
v -0.0149969999 0 -0.0199270006
v -0.0149969999 0 -0.0199270006
v -0.0161780007 -0.000500000024 -0.0202760007
v -0.0153799998 -0.000500000024 -0.0196059998
v -0.0149969999 0 -0.0199270006
v -0.0153799998 -0.000500000024 -0.0196059998
v -0.0143889999 0 -0.0188749991
v -0.0143889999 0 -0.0188749991
v -0.0153799998 -0.000500000024 -0.0196059998
v -0.0148590002 -0.000500000024 -0.0187040009
v -0.0143889999 0 -0.0188749991
v -0.0148590002 -0.000500000024 -0.0187040009
v -0.0141780004 0 -0.017678
v -0.0141780004 0 -0.017678
v -0.0148590002 -0.000500000024 -0.0187040009
v -0.0146779995 -0.000500000024 -0.017678
v 0.0355000012 -0.0395000018 0
v 0.0355000012 -0.0335000008 0
v 0.0350629985 -0.0395000018 -0.00555300014
v 0.0350629985 -0.0395000018 -0.00555300014
v 0.0355000012 -0.0335000008 0
v 0.0350629985 -0.0335000008 -0.00555300014
v 0.0350629985 -0.0395000018 -0.00555300014
v 0.0350629985 -0.0335000008 -0.00555300014
v 0.0337629989 -0.0335000008 -0.0109700002
v 0.0350629985 -0.0395000018 -0.00555300014
v 0.0337629989 -0.0335000008 -0.0109700002
v 0.0337629989 -0.0395000018 -0.0109700002
v 0.0337629989 -0.0395000018 -0.0109700002
v 0.0337629989 -0.0335000008 -0.0109700002
v 0.0316310003 -0.0335000008 -0.0161169991
v 0.0337629989 -0.0395000018 -0.0109700002
v 0.0316310003 -0.0335000008 -0.0161169991
v 0.0316310003 -0.0395000018 -0.0161169991
v 0.0316310003 -0.0395000018 -0.0161169991
v 0.0316310003 -0.0335000008 -0.0161169991
v 0.0287200008 -0.0335000008 -0.0208659992
v 0.0316310003 -0.0395000018 -0.0161169991
v 0.0287200008 -0.0335000008 -0.0208659992
v 0.0287200008 -0.0395000018 -0.0208659992
v 0.0287200008 -0.0395000018 -0.0208659992
v 0.0287200008 -0.0335000008 -0.0208659992
v 0.0251020007 -0.0335000008 -0.0251020007
v 0.0287200008 -0.0395000018 -0.0208659992
v 0.0251020007 -0.0335000008 -0.0251020007
v 0.0251020007 -0.0395000018 -0.0251020007
v 0.0251020007 -0.0395000018 -0.0251020007
v 0.0251020007 -0.0335000008 -0.0251020007
v 0.0208659992 -0.0335000008 -0.0287200008
v 0.0251020007 -0.0395000018 -0.0251020007
v 0.0208659992 -0.0335000008 -0.0287200008
v 0.0208659992 -0.0395000018 -0.0287200008
v 0.0208659992 -0.0395000018 -0.0287200008
v 0.0208659992 -0.0335000008 -0.0287200008
v 0.0161169991 -0.0335000008 -0.0316310003
v 0.0208659992 -0.0395000018 -0.0287200008
v 0.0161169991 -0.0335000008 -0.0316310003
v 0.0161169991 -0.0395000018 -0.0316310003
v 0.0161169991 -0.0395000018 -0.0316310003
v 0.0161169991 -0.0335000008 -0.0316310003
v 0.0109700002 -0.0335000008 -0.0337629989
v 0.0161169991 -0.0395000018 -0.0316310003
v 0.0109700002 -0.0335000008 -0.0337629989
v 0.0109700002 -0.0395000018 -0.0337629989
v 0.0109700002 -0.0395000018 -0.0337629989
v 0.0109700002 -0.0335000008 -0.0337629989
v 0.00555300014 -0.0335000008 -0.0350629985
v 0.0109700002 -0.0395000018 -0.0337629989
v 0.00555300014 -0.0335000008 -0.0350629985
v 0.00555300014 -0.0395000018 -0.0350629985
v 0.00555300014 -0.0395000018 -0.0350629985
v 0.00555300014 -0.0335000008 -0.0350629985
v 0 -0.0335000008 -0.0355000012
v 0.00555300014 -0.0395000018 -0.0350629985
v 0 -0.0335000008 -0.0355000012
v 0 -0.0395000018 -0.0355000012
v 0 -0.0395000018 -0.0355000012
v 0 -0.0335000008 -0.0355000012
v -0.00555300014 -0.0335000008 -0.0350629985
v 0 -0.0395000018 -0.0355000012
v -0.00555300014 -0.0335000008 -0.0350629985
v -0.00555300014 -0.0395000018 -0.0350629985
v -0.00555300014 -0.0395000018 -0.0350629985
v -0.00555300014 -0.0335000008 -0.0350629985
v -0.0109700002 -0.0335000008 -0.0337629989
v -0.00555300014 -0.0395000018 -0.0350629985
v -0.0109700002 -0.0335000008 -0.0337629989
v -0.0109700002 -0.0395000018 -0.0337629989
v -0.0109700002 -0.0395000018 -0.0337629989
v -0.0109700002 -0.0335000008 -0.0337629989
v -0.0161169991 -0.0335000008 -0.0316310003
v -0.0109700002 -0.0395000018 -0.0337629989
v -0.0161169991 -0.0335000008 -0.0316310003
v -0.0161169991 -0.0395000018 -0.0316310003
v -0.0161169991 -0.0395000018 -0.0316310003
v -0.0161169991 -0.0335000008 -0.0316310003
v -0.0208659992 -0.0335000008 -0.0287200008
v -0.0161169991 -0.0395000018 -0.0316310003
v -0.0208659992 -0.0335000008 -0.0287200008
v -0.0208659992 -0.0395000018 -0.0287200008
v -0.0208659992 -0.0395000018 -0.0287200008
v -0.0208659992 -0.0335000008 -0.0287200008
v -0.0251020007 -0.0335000008 -0.0251020007
v -0.0208659992 -0.0395000018 -0.0287200008
v -0.0251020007 -0.0335000008 -0.0251020007
v -0.0251020007 -0.0395000018 -0.0251020007
v -0.0251020007 -0.0395000018 -0.0251020007
v -0.0251020007 -0.0335000008 -0.0251020007
v -0.0287200008 -0.0335000008 -0.0208659992
v -0.0251020007 -0.0395000018 -0.0251020007
v -0.0287200008 -0.0335000008 -0.0208659992
v -0.0287200008 -0.0395000018 -0.0208659992
v -0.0287200008 -0.0395000018 -0.0208659992
v -0.0287200008 -0.0335000008 -0.0208659992
v -0.0316310003 -0.0335000008 -0.0161169991
v -0.0287200008 -0.0395000018 -0.0208659992
v -0.0316310003 -0.0335000008 -0.0161169991
v -0.0316310003 -0.0395000018 -0.0161169991
v -0.0316310003 -0.0395000018 -0.0161169991
v -0.0316310003 -0.0335000008 -0.0161169991
v -0.0337629989 -0.0335000008 -0.0109700002
v -0.0316310003 -0.0395000018 -0.0161169991
v -0.0337629989 -0.0335000008 -0.0109700002
v -0.0337629989 -0.0395000018 -0.0109700002
v -0.0337629989 -0.0395000018 -0.0109700002
v -0.0337629989 -0.0335000008 -0.0109700002
v -0.0350629985 -0.0335000008 -0.00555300014
v -0.0337629989 -0.0395000018 -0.0109700002
v -0.0350629985 -0.0335000008 -0.00555300014
v -0.0350629985 -0.0395000018 -0.00555300014
v -0.0350629985 -0.0395000018 -0.00555300014
v -0.0350629985 -0.0335000008 -0.00555300014
v -0.0355000012 -0.0335000008 0
v -0.0350629985 -0.0395000018 -0.00555300014
v -0.0355000012 -0.0335000008 0
v -0.0355000012 -0.0395000018 0
v -0.0350629985 -0.0335000008 -0.00555300014
v 0.0350629985 -0.0335000008 -0.00555300014
v -0.0355000012 -0.0335000008 0
v -0.0355000012 -0.0335000008 0
v 0.0350629985 -0.0335000008 -0.00555300014
v 0.0355000012 -0.0335000008 0
v -0.0355000012 -0.0335000008 0
v 0.0355000012 -0.0335000008 0
v -0.0350629985 -0.0335000008 0.00555300014
v -0.0350629985 -0.0335000008 0.00555300014
v 0.0355000012 -0.0335000008 0
v 0.0350629985 -0.0335000008 0.00555300014
v -0.0350629985 -0.0335000008 0.00555300014
v 0.0350629985 -0.0335000008 0.00555300014
v -0.0337629989 -0.0335000008 0.0109700002
v -0.0337629989 -0.0335000008 0.0109700002
v 0.0350629985 -0.0335000008 0.00555300014
v 0.0337629989 -0.0335000008 0.0109700002
v -0.0337629989 -0.0335000008 0.0109700002
v 0.0337629989 -0.0335000008 0.0109700002
v -0.0316310003 -0.0335000008 0.0161169991
v -0.0316310003 -0.0335000008 0.0161169991
v 0.0337629989 -0.0335000008 0.0109700002
v 0.0316310003 -0.0335000008 0.0161169991
v -0.0316310003 -0.0335000008 0.0161169991
v 0.0316310003 -0.0335000008 0.0161169991
v -0.0287200008 -0.0335000008 0.0208659992
v -0.0287200008 -0.0335000008 0.0208659992
v 0.0316310003 -0.0335000008 0.0161169991
v 0.0287200008 -0.0335000008 0.0208659992
v -0.0287200008 -0.0335000008 0.0208659992
v 0.0287200008 -0.0335000008 0.0208659992
v -0.0251020007 -0.0335000008 0.0251020007
v -0.0251020007 -0.0335000008 0.0251020007
v 0.0287200008 -0.0335000008 0.0208659992
v 0.0251020007 -0.0335000008 0.0251020007
v -0.0251020007 -0.0335000008 0.0251020007
v 0.0251020007 -0.0335000008 0.0251020007
v -0.0208659992 -0.0335000008 0.0287200008
v -0.0208659992 -0.0335000008 0.0287200008
v 0.0251020007 -0.0335000008 0.0251020007
v 0.0208659992 -0.0335000008 0.0287200008
v -0.0208659992 -0.0335000008 0.0287200008
v 0.0208659992 -0.0335000008 0.0287200008
v -0.0161169991 -0.0335000008 0.0316310003
v -0.0161169991 -0.0335000008 0.0316310003
v 0.0208659992 -0.0335000008 0.0287200008
v 0.0161169991 -0.0335000008 0.0316310003
v -0.0161169991 -0.0335000008 0.0316310003
v 0.0161169991 -0.0335000008 0.0316310003
v -0.0109700002 -0.0335000008 0.0337629989
v -0.0109700002 -0.0335000008 0.0337629989
v 0.0161169991 -0.0335000008 0.0316310003
v 0.0109700002 -0.0335000008 0.0337629989
v -0.0109700002 -0.0335000008 0.0337629989
v 0.0109700002 -0.0335000008 0.0337629989
v -0.00555300014 -0.0335000008 0.0350629985
v -0.00555300014 -0.0335000008 0.0350629985
v 0.0109700002 -0.0335000008 0.0337629989
v 0.00555300014 -0.0335000008 0.0350629985
v -0.00555300014 -0.0335000008 0.0350629985
v 0.00555300014 -0.0335000008 0.0350629985
v 0 -0.0335000008 0.0355000012
v 0.0350629985 -0.0335000008 -0.00555300014
v -0.0350629985 -0.0335000008 -0.00555300014
v 0.0337629989 -0.0335000008 -0.0109700002
v 0.0337629989 -0.0335000008 -0.0109700002
v -0.0350629985 -0.0335000008 -0.00555300014
v -0.0337629989 -0.0335000008 -0.0109700002
v 0.0337629989 -0.0335000008 -0.0109700002
v -0.0337629989 -0.0335000008 -0.0109700002
v 0.0316310003 -0.0335000008 -0.0161169991
v 0.0316310003 -0.0335000008 -0.0161169991
v -0.0337629989 -0.0335000008 -0.0109700002
v -0.0316310003 -0.0335000008 -0.0161169991
v 0.0316310003 -0.0335000008 -0.0161169991
v -0.0316310003 -0.0335000008 -0.0161169991
v 0.0287200008 -0.0335000008 -0.0208659992
v 0.0287200008 -0.0335000008 -0.0208659992
v -0.0316310003 -0.0335000008 -0.0161169991
v -0.0287200008 -0.0335000008 -0.0208659992
v 0.0287200008 -0.0335000008 -0.0208659992
v -0.0287200008 -0.0335000008 -0.0208659992
v 0.0251020007 -0.0335000008 -0.0251020007
v 0.0251020007 -0.0335000008 -0.0251020007
v -0.0287200008 -0.0335000008 -0.0208659992
v -0.0251020007 -0.0335000008 -0.0251020007
v 0.0251020007 -0.0335000008 -0.0251020007
v -0.0251020007 -0.0335000008 -0.0251020007
v 0.0208659992 -0.0335000008 -0.0287200008
v 0.0208659992 -0.0335000008 -0.0287200008
v -0.0251020007 -0.0335000008 -0.0251020007
v -0.0208659992 -0.0335000008 -0.0287200008
v 0.0208659992 -0.0335000008 -0.0287200008
v -0.0208659992 -0.0335000008 -0.0287200008
v 0.0161169991 -0.0335000008 -0.0316310003
v 0.0161169991 -0.0335000008 -0.0316310003
v -0.0208659992 -0.0335000008 -0.0287200008
v -0.0161169991 -0.0335000008 -0.0316310003
v 0.0161169991 -0.0335000008 -0.0316310003
v -0.0161169991 -0.0335000008 -0.0316310003
v 0.0109700002 -0.0335000008 -0.0337629989
v 0.0109700002 -0.0335000008 -0.0337629989
v -0.0161169991 -0.0335000008 -0.0316310003
v -0.0109700002 -0.0335000008 -0.0337629989
v 0.0109700002 -0.0335000008 -0.0337629989
v -0.0109700002 -0.0335000008 -0.0337629989
v 0.00555300014 -0.0335000008 -0.0350629985
v 0.00555300014 -0.0335000008 -0.0350629985
v -0.0109700002 -0.0335000008 -0.0337629989
v -0.00555300014 -0.0335000008 -0.0350629985
v 0.00555300014 -0.0335000008 -0.0350629985
v -0.00555300014 -0.0335000008 -0.0350629985
v 0 -0.0335000008 -0.0355000012

# 1187 UV coordinates
vt 0 0 0
vt 0 -0.557632983 0
vt 0.600000024 0 0
vt 0.600000024 -0.557632983 0
vt 0 -1.11526501 0
vt 0.600000024 -1.11526501 0
vt 0 -1.67289805 0
vt 0.600000024 -1.67289805 0
vt 0 -2.23053098 0
vt 0.600000024 -2.23053098 0
vt 0 -2.78816295 0
vt 0.600000024 -2.78816295 0
vt 0 -3.34579611 0
vt 0.600000024 -3.34579611 0
vt 0 -3.90342903 0
vt 0.600000024 -3.90342903 0
vt 0 -4.461061 0
vt 0.600000024 -4.461061 0
vt 0 -5.01869392 0
vt 0.600000024 -5.01869392 0
vt 0 -5.57632685 0
vt 0.600000024 -5.57632685 0
vt -0 -6.13395977 0
vt 0.600000024 -6.13395977 0
vt 0 -6.69159222 0
vt 0.600000024 -6.69159222 0
vt -0 -7.24922514 0
vt 0.600000024 -7.24922514 0
vt -0 -7.80685806 0
vt 0.600000024 -7.80685806 0
vt -0 -8.36449051 0
vt 0.600000024 -8.36449051 0
vt -0 -8.92212296 0
vt 0.600000024 -8.92212296 0
vt -0 -9.4797554 0
vt 0.600000024 -9.4797554 0
vt -0 -10.0373888 0
vt 0.600000024 -10.0373888 0
vt -0 -10.5950212 0
vt 0.600000024 -10.5950212 0
vt 0.600000024 -11.1526537 0
vt 0 -11.1526537 0
vt 0.0707110018 0 0
vt 0.0707110018 -0.113445997 0
vt 0 -0.113445997 0
vt 0.0707110018 -0.226892993 0
vt -0 -0.226892993 0
vt 0.0707110018 -0.340339005 0
vt -0 -0.340339005 0
vt 0.0707110018 -0.453785986 0
vt -0 -0.453785986 0
vt 0.0707110018 -0.567232013 0
vt -0 -0.567232013 0
vt 0.0707110018 -0.68067801 0
vt -0 -0.68067801 0
vt 0.0707110018 -0.794125021 0
vt -0 -0.794125021 0
vt 0.0707110018 -0.907571018 0
vt 0 -0.907571018 0
vt 0.0707110018 -1.02101803 0
vt 0 -1.02101803 0
vt 0.550000012 0 0
vt 0.550000012 -0.104719996 0
vt 0 -0.104719996 0
vt 0.550000012 -0.209439993 0
vt 0 -0.209439993 0
vt 0.550000012 -0.314159006 0
vt 0 -0.314159006 0
vt 0.550000012 -0.418879002 0
vt 0 -0.418879002 0
vt 0.550000012 -0.523599029 0
vt 0 -0.523599029 0
vt 0.550000012 -0.628319025 0
vt 0 -0.628319025 0
vt 0.550000012 -0.733038008 0
vt 0 -0.733038008 0
vt 0.550000012 -0.837758005 0
vt 0 -0.837758005 0
vt 0.550000012 -0.942478001 0
vt 0 -0.942478001 0
vt 0.141421005 0 0
vt 0.141421005 -0.364648998 0
vt 0 -0.392699003 0
vt 0.141421005 -0.729297996 0
vt 0 -0.785398006 0
vt 0.141421005 -1.09394705 0
vt 0 -1.17809701 0
vt 0.141421005 -1.45859694 0
vt 0 -1.57079601 0
vt 0.141421005 -1.823246 0
vt 0 -1.96349502 0
vt 0.141421005 -2.18789506 0
vt 0 -2.35619402 0
vt 0.141421005 -2.55254412 0
vt 0 -2.74889302 0
vt 0.141421005 -2.91719294 0
vt 0 -3.14159298 0
vt 0.141421005 -3.28184199 0
vt -0 -3.53429198 0
vt 0.141421005 -3.646492 0
vt 0 -3.92699099 0
vt 0.141421005 -4.01114082 0
vt 0 -4.31968975 0
vt 0.141421005 -4.37579012 0
vt 0 -4.71238899 0
vt 0.141421005 -4.74043894 0
vt 0 -5.10508823 0
vt 0.141421005 -5.10508823 0
vt 0.5 0 0
vt 0.5 -0.380616009 0
vt 0 -0.380616009 0
vt 0.5 -0.761232018 0
vt 0 -0.761232018 0
vt 0.5 -1.14184797 0
vt 0 -1.14184797 0
vt 0.5 -1.52246404 0
vt 0 -1.52246404 0
vt 0.5 -1.90307999 0
vt 0 -1.90307999 0
vt 0.5 -2.28369594 0
vt 0 -2.28369594 0
vt 0.5 -2.66431189 0
vt 0 -2.66431189 0
vt 0.5 -3.04492807 0
vt 0 -3.04492807 0
vt 0.5 -3.42554402 0
vt 0 -3.42554402 0
vt 0.5 -3.80615997 0
vt 0 -3.80615997 0
vt 0.5 -4.18677616 0
vt 0 -4.18677616 0
vt 0.5 -4.56739187 0
vt 0 -4.56739187 0
vt 0.5 -4.94800901 0
vt 0 -4.94800901 0
vt -0 0.229982004 0
vt -0.0314159989 0 0
vt -0.0349069983 0.229982004 0
vt -0.0628319979 0 0
vt -0.0698129982 0.229982004 0
vt -0.0942479968 0 0
vt -0.104719996 0.229982004 0
vt -0.125663996 0 0
vt -0.139625996 0.229982004 0
vt -0.157079995 0 0
vt -0.157079995 0.229982004 0
vt -0.157079995 0.459964007 0
vt -0.139625996 0.459964007 0
vt -0.157079995 0.689945996 0
vt -0.139625996 0.689945996 0
vt -0.157079995 0.919927001 0
vt -0.139625996 0.919927001 0
vt -0.157079995 1.14990902 0
vt -0.139625996 1.14990902 0
vt -0.157079995 1.37989104 0
vt -0.139625996 1.37989104 0
vt -0.157079995 1.60987306 0
vt -0.139625996 1.60987306 0
vt -0.157079995 1.83985496 0
vt -0.139625996 1.83985496 0
vt -0.157079995 2.06983709 0
vt -0.125663996 2.06983709 0
vt -0.104719996 1.83985496 0
vt -0.0942479968 2.06983709 0
vt -0.0698129982 1.83985496 0
vt -0.0628319979 2.06983709 0
vt -0.0349069983 1.83985496 0
vt -0.0314159989 2.06983709 0
vt -0 1.83985496 0
vt -0 2.06983709 0
vt -0.0349069983 0.459964007 0
vt -0 0.459964007 0
vt -0.0349069983 0.689945996 0
vt -0 0.689945996 0
vt -0.0349069983 0.919927001 0
vt -0 0.919927001 0
vt -0.0349069983 1.14990902 0
vt -0 1.14990902 0
vt -0.0349069983 1.37989104 0
vt -0 1.37989104 0
vt -0.0349069983 1.60987306 0
vt -0 1.60987306 0
vt -0.0698129982 0.459964007 0
vt -0.0698129982 0.689945996 0
vt -0.0698129982 0.919927001 0
vt -0.0698129982 1.14990902 0
vt -0.0698129982 1.37989104 0
vt -0.0698129982 1.60987306 0
vt -0.104719996 0.459964007 0
vt -0.104719996 0.689945996 0
vt -0.104719996 0.919927001 0
vt -0.104719996 1.14990902 0
vt -0.104719996 1.37989104 0
vt -0.104719996 1.60987306 0
vt -0.913679004 0 0
vt -0.100000001 0 0
vt -0.911239028 0.133376002 0
vt -0.100000001 0.240206003 0
vt -0.904264987 0.270520985 0
vt -0.893710971 0.407507002 0
vt -0.100000001 0.480410993 0
vt -0.881703973 0.540453017 0
vt -0.100000001 0.720616996 0
vt -0.869737029 0.673400998 0
vt -0.85927701 0.810393989 0
vt -0.100000001 0.960822999 0
vt -0.852398992 0.947547019 0
vt -0.850000024 1.08092594 0
vt -0.100000001 1.20102906 0
vt -0.852398992 1.21430504 0
vt -0.85927701 1.351457 0
vt -0.100000001 1.44123399 0
vt -0.869737029 1.48845005 0
vt -0.881703973 1.62139893 0
vt -0.100000001 1.68144 0
vt -0.893710971 1.75434494 0
vt -0.100000001 1.921646 0
vt -0.904264987 1.89133096 0
vt -0.911239028 2.028476 0
vt -0.100000001 2.16185188 0
vt -0.913679004 2.16185188 0
vt -0 0.512575984 0
vt 0.141421005 0.541051984 0
vt -0 1.02515101 0
vt 0.141421005 1.08210397 0
vt -0 1.537727 0
vt 0.141421005 1.62315607 0
vt -0 2.05030298 0
vt 0.141421005 2.16420794 0
vt -0 2.56287813 0
vt 0.141421005 2.70526004 0
vt -0 3.075454 0
vt 0.141421005 3.2463119 0
vt -0 3.58802891 0
vt 0.141421005 3.78736401 0
vt -0 4.10060501 0
vt 0.141421005 4.32841587 0
vt -0 4.61318111 0
vt 0.141421005 4.86946917 0
vt -0 5.12575579 0
vt 0.141421005 5.41052103 0
vt -0 5.63833189 0
vt 0.141421005 5.9515729 0
vt -0 6.15090799 0
vt 0.141421005 6.49262524 0
vt -0 6.66348314 0
vt 0.141421005 7.0336771 0
vt -0 7.17605877 0
vt 0.141421005 7.57472897 0
vt -0 7.68863487 0
vt 0.141421005 8.11578083 0
vt 0 8.20121002 0
vt 0.141421005 8.6568327 0
vt -0 8.71378613 0
vt 0.141421005 9.19788647 0
vt -0 9.22636127 0
vt 0.141421005 9.73893738 0
vt -0 9.73893738 0
vt -0 0.581194997 0
vt 0.141421005 0.581194997 0
vt 0 1.16238904 0
vt 0.141421005 1.16238904 0
vt -0 1.74358392 0
vt 0.141421005 1.74358392 0
vt -0 2.32477903 0
vt 0.141421005 2.32477903 0
vt -0 2.90597296 0
vt 0.141421005 2.90597296 0
vt -0 3.48716807 0
vt 0.141421005 3.48716807 0
vt 0 4.06836319 0
vt 0.141421005 4.06836319 0
vt 0 4.64955711 0
vt 0.141421005 4.64955711 0
vt -0 5.23075199 0
vt 0.141421005 5.23075199 0
vt -0 5.81194592 0
vt 0.141421005 5.81194592 0
vt -0 6.39314079 0
vt 0.141421005 6.39314079 0
vt -0 6.97433615 0
vt 0.141421005 6.97433615 0
vt -0 7.55553102 0
vt 0.141421005 7.55553102 0
vt -0 8.13672543 0
vt 0.141421005 8.13672543 0
vt -0 8.71791935 0
vt 0.141421005 8.71791935 0
vt -0 9.29911423 0
vt 0.141421005 9.29911423 0
vt 0 9.8803091 0
vt 0.141421005 9.8803091 0
vt -0 10.461504 0
vt 0.141421005 10.461504 0
vt 0 11.0426979 0
vt 0.141421005 11.0426979 0
vt -0 11.6238928 0
vt 0.141421005 11.6238928 0
vt -0.100000001 0.520843029 0
vt -0.699999988 0 0
vt -0.699999988 0.520843029 0
vt -0.100000001 1.04168606 0
vt -0.699999988 1.04168606 0
vt -0.100000001 1.56252909 0
vt -0.699999988 1.56252909 0
vt -0.100000001 2.08337212 0
vt -0.699999988 2.08337212 0
vt -0.100000001 2.60421515 0
vt -0.699999988 2.60421515 0
vt -0.100000001 3.12505794 0
vt -0.699999988 3.12505794 0
vt -0.100000001 3.64590096 0
vt -0.699999988 3.64590096 0
vt -0.100000001 4.16674423 0
vt -0.699999988 4.16674423 0
vt -0.100000001 4.68758678 0
vt -0.699999988 4.68758678 0
vt -0.100000001 5.20842981 0
vt -0.699999988 5.20842981 0
vt -0.100000001 5.72927284 0
vt -0.699999988 5.72927284 0
vt -0.100000001 6.25011587 0
vt -0.699999988 6.25011587 0
vt -0.100000001 6.7709589 0
vt -0.699999988 6.7709589 0
vt -0.100000001 7.29180193 0
vt -0.699999988 7.29180193 0
vt -0.100000001 7.81264496 0
vt -0.699999988 7.81264496 0
vt -0.100000001 8.33348846 0
vt -0.699999988 8.33348846 0
vt -0.100000001 8.85433102 0
vt -0.699999988 8.85433102 0
vt -0.100000001 9.37517357 0
vt -0.699999988 9.37517357 0
vt -0.699999988 9.89601707 0
vt -0.100000001 9.89601707 0
vt -3.95000005 0 0
vt -0.800000012 0 0
vt -3.95000005 0.589048982 0
vt -0.800000012 0.589048982 0
vt -3.95000005 1.17809701 0
vt -0.800000012 1.17809701 0
vt -3.95000005 1.76714599 0
vt -0.800000012 1.76714599 0
vt -3.95000005 2.35619402 0
vt -0.800000012 2.35619402 0
vt -3.95000005 2.94524288 0
vt -0.800000012 2.94524288 0
vt -3.95000005 3.53429198 0
vt -0.800000012 3.53429198 0
vt -3.95000005 4.12334013 0
vt -0.800000012 4.12334013 0
vt -3.95000005 4.71238899 0
vt -0.800000012 4.71238899 0
vt -2.85946608 5.19842577 0
vt -2.72695994 5.21171999 0
vt -0.800000012 5.3014369 0
vt -2.59586 5.25175619 0
vt -2.47546601 5.3174448 0
vt -2.37288594 5.40251493 0
vt -2.28866506 5.50579405 0
vt -2.22382402 5.62665176 0
vt -0.800000012 5.89048576 0
vt -2.18439603 5.75794697 0
vt -2.17132807 5.89048576 0
vt -2.18439603 6.02302599 0
vt -2.22382402 6.15431976 0
vt -0.800000012 6.4795351 0
vt -2.28866506 6.27517796 0
vt -2.37288594 6.37845707 0
vt -2.47546601 6.46352816 0
vt -2.59586 6.52921677 0
vt -2.72695994 6.56925297 0
vt -2.85946608 6.58254719 0
vt -0.800000012 7.06858301 0
vt -3.95000005 7.06858301 0
vt -3.95000005 7.65763187 0
vt -0.800000012 7.65763187 0
vt -3.95000005 8.24668026 0
vt -0.800000012 8.24668026 0
vt -3.95000005 8.8357296 0
vt -0.800000012 8.8357296 0
vt -3.95000005 9.42477798 0
vt -0.800000012 9.42477798 0
vt -3.95000005 10.0138264 0
vt -0.800000012 10.0138264 0
vt -3.95000005 10.6028748 0
vt -0.800000012 10.6028748 0
vt -3.95000005 11.1919241 0
vt -0.800000012 11.1919241 0
vt -3.95000005 11.7809715 0
vt -0.800000012 11.7809715 0
vt -3.95000005 6.4795351 0
vt -2.99197292 6.56925297 0
vt -3.1230731 6.52921677 0
vt -3.24346709 6.46352816 0
vt -3.34604692 6.37845707 0
vt -3.43026805 6.27517796 0
vt -3.49510908 6.15431976 0
vt -3.95000005 5.89048576 0
vt -3.53453708 6.02302599 0
vt -3.54760504 5.89048576 0
vt -3.53453708 5.75794697 0
vt -3.49510908 5.62665176 0
vt -3.95000005 5.3014369 0
vt -3.43026805 5.50579405 0
vt -3.34604692 5.40251493 0
vt -3.24346709 5.3174448 0
vt -3.1230731 5.25175619 0
vt -2.99197292 5.21171999 0
vt -3.95000005 -11.7809715 0
vt -0.800000012 -11.7809715 0
vt -3.95000005 -11.1919241 0
vt -0.800000012 -11.1919241 0
vt -3.95000005 -10.6028748 0
vt -0.800000012 -10.6028748 0
vt -3.95000005 -10.0138264 0
vt -0.800000012 -10.0138264 0
vt -3.95000005 -9.42477798 0
vt -0.800000012 -9.42477798 0
vt -3.95000005 -8.8357296 0
vt -0.800000012 -8.8357296 0
vt -3.95000005 -8.24668026 0
vt -0.800000012 -8.24668026 0
vt -3.95000005 -7.65763187 0
vt -0.800000012 -7.65763187 0
vt -3.95000005 -7.06858301 0
vt -0.800000012 -7.06858301 0
vt -3.95000005 -6.4795351 0
vt -0.800000012 -6.4795351 0
vt -3.95000005 -5.89048576 0
vt -0.800000012 -5.89048576 0
vt -3.95000005 -5.3014369 0
vt -0.800000012 -5.3014369 0
vt -3.95000005 -4.71238899 0
vt -0.800000012 -4.71238899 0
vt -3.95000005 -4.12334013 0
vt -0.800000012 -4.12334013 0
vt -3.95000005 -3.53429198 0
vt -0.800000012 -3.53429198 0
vt -3.95000005 -2.94524288 0
vt -0.800000012 -2.94524288 0
vt -3.95000005 -2.35619402 0
vt -0.800000012 -2.35619402 0
vt -3.95000005 -1.76714599 0
vt -0.800000012 -1.76714599 0
vt -3.95000005 -1.17809701 0
vt -0.800000012 -1.17809701 0
vt -3.95000005 -0.589048982 0
vt -0.800000012 -0.589048982 0
vt -3.00366402 0.529627025 0
vt -3.04999995 0 0
vt -1.67499995 0 0
vt -3.00366402 -0.529627025 0
vt -1.63300395 -0.372723013 0
vt -2.86606193 -1.04316103 0
vt -1.50912309 -0.726755023 0
vt -1.94276702 -1.46465802 0
vt -1.82854402 -1.42308402 0
vt -2.035882 -1.54279101 0
vt -2.64137697 -1.52499998 0
vt -2.09665895 -1.64806008 0
vt -2.1177671 -1.76776695 0
vt -2.33643603 -1.96050203 0
vt -2.09665895 -1.88747406 0
vt -2.035882 -1.99274302 0
vt -1.96050203 -2.33643603 0
vt -1.94276702 -2.07087612 0
vt -1.82854402 -2.11245012 0
vt -1.70699 -2.11245012 0
vt -1.52499998 -2.64137697 0
vt -1.592767 -2.07087612 0
vt -1.49965096 -1.99274302 0
vt -1.04316103 -2.86606193 0
vt -1.43887401 -1.88747406 0
vt -0.726755023 -1.50912309 0
vt -1.41776705 -1.76776695 0
vt -1.04434502 -1.30956793 0
vt -1.43887401 -1.64806008 0
vt -1.49965096 -1.54279101 0
vt -1.30956793 -1.04434502 0
vt -1.592767 -1.46465802 0
vt -1.70699 -1.42308402 0
vt -0.372723013 -1.63300395 0
vt -0.529627025 -3.00366402 0
vt -0 -1.67499995 0
vt -0 -3.04999995 0
vt 0.529627025 -3.00366402 0
vt 0.372723013 -1.63300395 0
vt 1.04316103 -2.86606193 0
vt 0.726755023 -1.50912309 0
vt 1.43887401 -1.88747406 0
vt 1.41776705 -1.76776695 0
vt 1.49965096 -1.99274302 0
vt 1.52499998 -2.64137697 0
vt 1.592767 -2.07087612 0
vt 1.70699 -2.11245012 0
vt 1.96050203 -2.33643603 0
vt 1.82854402 -2.11245012 0
vt 1.94276702 -2.07087612 0
vt 2.035882 -1.99274302 0
vt 2.33643603 -1.96050203 0
vt 2.09665895 -1.88747406 0
vt 2.1177671 -1.76776695 0
vt 2.64137697 -1.52499998 0
vt 2.09665895 -1.64806008 0
vt 2.035882 -1.54279101 0
vt 2.86606193 -1.04316103 0
vt 1.94276702 -1.46465802 0
vt 1.50912309 -0.726755023 0
vt 1.82854402 -1.42308402 0
vt 1.70699 -1.42308402 0
vt 1.30956793 -1.04434502 0
vt 1.592767 -1.46465802 0
vt 1.49965096 -1.54279101 0
vt 1.04434502 -1.30956793 0
vt 1.43887401 -1.64806008 0
vt 1.63300395 -0.372723013 0
vt 3.00366402 -0.529627025 0
vt 1.67499995 0 0
vt 3.04999995 0 0
vt 3.00366402 0.529627025 0
vt 1.63300395 0.372723013 0
vt 2.86606193 1.04316103 0
vt 1.50912309 0.726755023 0
vt 1.94276702 1.46465802 0
vt 1.82854402 1.42308402 0
vt 2.035882 1.54279101 0
vt 2.64137697 1.52499998 0
vt 2.09665895 1.64806008 0
vt 2.1177671 1.76776695 0
vt 2.33643603 1.96050203 0
vt 2.09665895 1.88747406 0
vt 2.035882 1.99274302 0
vt 1.96050203 2.33643603 0
vt 1.94276702 2.07087612 0
vt 1.82854402 2.11245012 0
vt 1.70699 2.11245012 0
vt 1.52499998 2.64137697 0
vt 1.592767 2.07087612 0
vt 1.49965096 1.99274302 0
vt 1.04316103 2.86606193 0
vt 0.328891993 2.38029289 0
vt 0.349999994 2.5 0
vt 0.328891993 2.61970711 0
vt 0.529627025 3.00366402 0
vt 0.268115997 2.72497606 0
vt 0.174999997 2.80310893 0
vt -0 3.04999995 0
vt 0.0607770011 2.84468293 0
vt -0.0607770011 2.84468293 0
vt -0.174999997 2.80310893 0
vt -0.529627025 3.00366402 0
vt -0.268115997 2.72497606 0
vt -0.328891993 2.61970711 0
vt -1.04316103 2.86606193 0
vt -0.349999994 2.5 0
vt -0.328891993 2.38029289 0
vt -1.49965096 1.99274302 0
vt -1.43887401 1.88747406 0
vt -1.52499998 2.64137697 0
vt -1.592767 2.07087612 0
vt -1.70699 2.11245012 0
vt -1.96050203 2.33643603 0
vt -1.82854402 2.11245012 0
vt -1.94276702 2.07087612 0
vt -2.035882 1.99274302 0
vt -2.33643603 1.96050203 0
vt -2.09665895 1.88747406 0
vt -2.1177671 1.76776695 0
vt -2.64137697 1.52499998 0
vt -2.09665895 1.64806008 0
vt -2.035882 1.54279101 0
vt -2.86606193 1.04316103 0
vt -1.94276702 1.46465802 0
vt -1.50912309 0.726755023 0
vt -1.82854402 1.42308402 0
vt -1.70699 1.42308402 0
vt -1.30956793 1.04434502 0
vt -1.592767 1.46465802 0
vt -1.49965096 1.54279101 0
vt -1.04434502 1.30956793 0
vt -1.43887401 1.64806008 0
vt -1.41776705 1.76776695 0
vt -0.726755023 1.50912309 0
vt -1.63300395 0.372723013 0
vt 1.70699 1.42308402 0
vt 1.30956793 1.04434502 0
vt 1.592767 1.46465802 0
vt 1.49965096 1.54279101 0
vt 1.04434502 1.30956793 0
vt 1.43887401 1.64806008 0
vt 1.41776705 1.76776695 0
vt 0.726755023 1.50912309 0
vt 1.43887401 1.88747406 0
vt 0.268115997 2.27502394 0
vt 0.372723013 1.63300395 0
vt 0.174999997 2.19689107 0
vt 0.0607770011 2.15531707 0
vt 0 1.67499995 0
vt -0.0607770011 2.15531707 0
vt -0.372723013 1.63300395 0
vt -0.174999997 2.19689107 0
vt -0.268115997 2.27502394 0
vt -0.699999988 -9.89601707 0
vt -0.100000001 -9.89601707 0
vt -0.699999988 -9.37517357 0
vt -0.100000001 -9.37517357 0
vt -0.100000001 -8.85433102 0
vt -0.699999988 -8.85433102 0
vt -0.100000001 -8.33348846 0
vt -0.699999988 -8.33348846 0
vt -0.100000001 -7.81264496 0
vt -0.699999988 -7.81264496 0
vt -0.100000001 -7.29180193 0
vt -0.699999988 -7.29180193 0
vt -0.100000001 -6.7709589 0
vt -0.699999988 -6.7709589 0
vt -0.100000001 -6.25011587 0
vt -0.699999988 -6.25011587 0
vt -0.100000001 -5.72927284 0
vt -0.699999988 -5.72927284 0
vt -0.100000001 -5.20842981 0
vt -0.699999988 -5.20842981 0
vt -0.100000001 -4.68758678 0
vt -0.699999988 -4.68758678 0
vt -0.100000001 -4.16674423 0
vt -0.699999988 -4.16674423 0
vt -0.100000001 -3.64590096 0
vt -0.699999988 -3.64590096 0
vt -0.100000001 -3.12505794 0
vt -0.699999988 -3.12505794 0
vt -0.100000001 -2.60421515 0
vt -0.699999988 -2.60421515 0
vt -0.100000001 -2.08337212 0
vt -0.699999988 -2.08337212 0
vt -0.100000001 -1.56252909 0
vt -0.699999988 -1.56252909 0
vt -0.100000001 -1.04168606 0
vt -0.699999988 -1.04168606 0
vt -0.100000001 -0.520843029 0
vt -0.699999988 -0.520843029 0
vt -3.60506201 -2.57901406 0
vt -3.6500001 -3.1500001 0
vt -3.1500001 -3.1500001 0
vt -3.60506201 -3.72098589 0
vt -3.10703802 -3.66847301 0
vt -3.47135592 -4.27791214 0
vt -2.97932386 -4.17280293 0
vt -3.2521739 -4.80706501 0
vt -2.77034187 -4.64923382 0
vt -2.95291185 -5.29541588 0
vt -2.48579311 -5.0847702 0
vt -2.58094001 -5.73093987 0
vt -2.13343692 -5.46753025 0
vt -2.14541602 -6.10291195 0
vt -1.72288704 -5.78707504 0
vt -1.65706491 -6.402174 0
vt -1.26534104 -6.03468609 0
vt -1.12791204 -6.62135601 0
vt -0.773279011 -6.2036109 0
vt -0.570985973 -6.75506306 0
vt -0.260125011 -6.28924084 0
vt -0 -6.80000019 0
vt 0.260125011 -6.28924084 0
vt 0.570985973 -6.75506306 0
vt 0.773279011 -6.2036109 0
vt 1.12791204 -6.62135601 0
vt 1.26534104 -6.03468609 0
vt 1.65706491 -6.402174 0
vt 1.72288704 -5.78707504 0
vt 2.14541602 -6.10291195 0
vt 2.13343692 -5.46753025 0
vt 2.58094001 -5.73093987 0
vt 2.48579311 -5.0847702 0
vt 2.95291185 -5.29541588 0
vt 2.77034187 -4.64923382 0
vt 3.2521739 -4.80706501 0
vt 2.97932386 -4.17280293 0
vt 3.47135592 -4.27791214 0
vt 3.10703802 -3.66847301 0
vt 3.60506201 -3.72098589 0
vt 3.1500001 -3.1500001 0
vt 3.6500001 -3.1500001 0
vt 3.60506201 -2.57901406 0
vt 3.10703802 -2.63152695 0
vt 3.47135592 -2.02208805 0
vt 2.97932386 -2.12719703 0
vt 3.2521739 -1.49293494 0
vt 2.77034187 -1.65076602 0
vt 2.95291185 -1.00458395 0
vt 2.48579311 -1.21522999 0
vt 2.58094001 -0.569060028 0
vt 2.13343692 -0.83247 0
vt 2.14541602 -0.197088003 0
vt 1.72288704 -0.512925982 0
vt 1.65706491 0.102173999 0
vt 1.26534104 -0.265314013 0
vt 1.12791204 0.321355999 0
vt 0.773279011 -0.0963890031 0
vt 0.570985973 0.455062002 0
vt 0.260125011 -0.0107589997 0
vt -0 0.5 0
vt -0.260125011 -0.0107589997 0
vt -0.570985973 0.455062002 0
vt -0.773279011 -0.0963890031 0
vt -1.12791204 0.321355999 0
vt -1.26534104 -0.265314013 0
vt -1.65706491 0.102173999 0
vt -1.72288704 -0.512925982 0
vt -2.14541602 -0.197088003 0
vt -2.13343692 -0.83247 0
vt -2.58094001 -0.569060028 0
vt -2.48579311 -1.21522999 0
vt -2.95291185 -1.00458395 0
vt -2.77034187 -1.65076602 0
vt -3.2521739 -1.49293494 0
vt -2.97932386 -2.12719703 0
vt -3.47135592 -2.02208805 0
vt -3.10703802 -2.63152695 0
vt 4.33662891 3.70383096 0
vt 3.75 3.75 0
vt 3.75 3.54999995 0
vt 3.16337109 3.70383096 0
vt 3.19465804 3.50629401 0
vt 2.59118605 3.56646204 0
vt 2.65298986 3.37625098 0
vt 2.0475359 3.34127402 0
vt 2.13833404 3.16307306 0
vt 1.54580498 3.03381395 0
vt 1.66336203 2.87200999 0
vt 1.09835005 2.65164995 0
vt 1.23977101 2.51022911 0
vt 0.716185987 2.20419502 0
vt 0.877990007 2.08663797 0
vt 0.408726007 1.70246398 0
vt 0.586926997 1.61166596 0
vt 0.183538005 1.15881395 0
vt 0.373748988 1.09701002 0
vt 0.0461690016 0.586628973 0
vt 0.243706003 0.555342019 0
vt 0.200000003 0 0
vt 0.243706003 -0.555342019 0
vt 0.0461690016 -0.586628973 0
vt 0.373748988 -1.09701002 0
vt 0.183538005 -1.15881395 0
vt 0.586926997 -1.61166596 0
vt 0.408726007 -1.70246398 0
vt 0.877990007 -2.08663797 0
vt 0.716185987 -2.20419502 0
vt 1.23977101 -2.51022911 0
vt 1.09835005 -2.65164995 0
vt 1.66336203 -2.87200999 0
vt 1.54580498 -3.03381395 0
vt 2.13833404 -3.16307306 0
vt 2.0475359 -3.34127402 0
vt 2.65298986 -3.37625098 0
vt 2.59118605 -3.56646204 0
vt 3.19465804 -3.50629401 0
vt 3.16337109 -3.70383096 0
vt 3.75 -3.54999995 0
vt 3.75 -3.75 0
vt 4.33662891 -3.70383096 0
vt 4.3053422 -3.50629401 0
vt 4.90881395 -3.56646204 0
vt 4.84701014 -3.37625098 0
vt 5.45246506 -3.34127402 0
vt 5.3616662 -3.16307306 0
vt 5.95419502 -3.03381395 0
vt 5.83663702 -2.87200999 0
vt 6.40164995 -2.65164995 0
vt 6.26022911 -2.51022911 0
vt 6.78381395 -2.20419502 0
vt 6.62201023 -2.08663797 0
vt 7.09127378 -1.70246398 0
vt 6.91307306 -1.61166596 0
vt 7.31646204 -1.15881395 0
vt 7.12625122 -1.09701002 0
vt 7.4538312 -0.586628973 0
vt 7.25629425 -0.555342019 0
vt 7.5 0 0
vt 7.30000019 0 0
vt 7.25629425 0.555342019 0
vt 7.4538312 0.586628973 0
vt 7.12625122 1.09701002 0
vt 7.31646204 1.15881395 0
vt 6.91307306 1.61166596 0
vt 7.09127378 1.70246398 0
vt 6.62201023 2.08663797 0
vt 6.78381395 2.20419502 0
vt 6.26022911 2.51022911 0
vt 6.40164995 2.65164995 0
vt 5.83663702 2.87200999 0
vt 5.95419502 3.03381395 0
vt 5.3616662 3.16307306 0
vt 5.45246506 3.34127402 0
vt 4.84701014 3.37625098 0
vt 4.90881395 3.56646204 0
vt 4.3053422 3.50629401 0
vt -0 -11.6238928 0
vt 0.141421005 -11.6238928 0
vt 0 -11.0426979 0
vt 0.141421005 -11.0426979 0
vt 0 -10.461504 0
vt 0.141421005 -10.461504 0
vt 0 -9.8803091 0
vt 0.141421005 -9.8803091 0
vt 0 -9.29911423 0
vt 0.141421005 -9.29911423 0
vt 0 -8.71791935 0
vt 0.141421005 -8.71791935 0
vt 0 -8.13672543 0
vt 0.141421005 -8.13672543 0
vt 0 -7.55553102 0
vt 0.141421005 -7.55553102 0
vt -0 -6.97433615 0
vt 0.141421005 -6.97433615 0
vt 0 -6.39314079 0
vt 0.141421005 -6.39314079 0
vt -0 -5.81194592 0
vt 0.141421005 -5.81194592 0
vt -0 -5.23075199 0
vt 0.141421005 -5.23075199 0
vt 0 -4.64955711 0
vt 0.141421005 -4.64955711 0
vt 0 -4.06836319 0
vt 0.141421005 -4.06836319 0
vt -0 -3.48716807 0
vt 0.141421005 -3.48716807 0
vt -0 -2.90597296 0
vt 0.141421005 -2.90597296 0
vt -0 -2.32477903 0
vt 0.141421005 -2.32477903 0
vt -0 -1.74358392 0
vt 0.141421005 -1.74358392 0
vt 0 -1.16238904 0
vt 0.141421005 -1.16238904 0
vt -0 -0.581194997 0
vt 0.141421005 -0.581194997 0
vt -0 -9.73893738 0
vt 0.141421005 -9.73893738 0
vt 0 -9.22636127 0
vt 0.141421005 -9.19788647 0
vt 0 -8.71378613 0
vt 0.141421005 -8.6568327 0
vt 0 -8.20121002 0
vt 0.141421005 -8.11578083 0
vt 0 -7.68863487 0
vt 0.141421005 -7.57472897 0
vt 0 -7.17605877 0
vt 0.141421005 -7.0336771 0
vt 0 -6.66348314 0
vt 0.141421005 -6.49262524 0
vt 0 -6.15090799 0
vt 0.141421005 -5.9515729 0
vt 0 -5.63833189 0
vt 0.141421005 -5.41052103 0
vt 0 -5.12575579 0
vt 0.141421005 -4.86946917 0
vt -0 -4.61318111 0
vt 0.141421005 -4.32841587 0
vt -0 -4.10060501 0
vt 0.141421005 -3.78736401 0
vt -0 -3.58802891 0
vt 0.141421005 -3.2463119 0
vt -0 -3.075454 0
vt 0.141421005 -2.70526004 0
vt -0 -2.56287813 0
vt 0.141421005 -2.16420794 0
vt -0 -2.05030298 0
vt 0.141421005 -1.62315607 0
vt -0 -1.537727 0
vt 0.141421005 -1.08210397 0
vt -0 -1.02515101 0
vt 0.141421005 -0.541051984 0
vt -0 -0.512575984 0
vt -0.913679004 -2.16185188 0
vt -0.100000001 -2.16185188 0
vt -0.911239028 -2.028476 0
vt -0.100000001 -1.921646 0
vt -0.904264987 -1.89133096 0
vt -0.893710971 -1.75434494 0
vt -0.100000001 -1.68144 0
vt -0.881703973 -1.62139893 0
vt -0.100000001 -1.44123399 0
vt -0.869737029 -1.48845005 0
vt -0.85927701 -1.351457 0
vt -0.100000001 -1.20102906 0
vt -0.852398992 -1.21430504 0
vt -0.850000024 -1.08092594 0
vt -0.100000001 -0.960822999 0
vt -0.852398992 -0.947547019 0
vt -0.85927701 -0.810393989 0
vt -0.100000001 -0.720616996 0
vt -0.869737029 -0.673400998 0
vt -0.881703973 -0.540453017 0
vt -0.100000001 -0.480410993 0
vt -0.893710971 -0.407507002 0
vt -0.100000001 -0.240206003 0
vt -0.904264987 -0.270520985 0
vt -0.911239028 -0.133376002 0
vt 0.201155007 -0.552670002 0
vt 0 0.588138998 0
vt 0 -0.588138998 0
vt -0.201155007 0.552670002 0
vt -0.201155007 -0.552670002 0
vt -0.378048003 0.450540006 0
vt -0.378048003 -0.450540006 0
vt -0.509343028 0.294068992 0
vt -0.579204023 0.102128997 0
vt 0.201155007 0.552670002 0
vt 0.378048003 -0.450540006 0
vt 0.378048003 0.450540006 0
vt 0.509343028 -0.294068992 0
vt 0.509343028 0.294068992 0
vt 0.579204023 -0.102128997 0
vt 0.579204023 0.102128997 0
vt -0.579204023 -0.102128997 0
vt -0.509343028 -0.294068992 0
vt -0.157079995 -1.83985496 0
vt -0.157079995 -2.06983709 0
vt -0.139625996 -1.83985496 0
vt -0.125663996 -2.06983709 0
vt -0.104719996 -1.83985496 0
vt -0.0942479968 -2.06983709 0
vt -0.0698129982 -1.83985496 0
vt -0.0628319979 -2.06983709 0
vt -0.0349069983 -1.83985496 0
vt -0.0314159989 -2.06983709 0
vt -0 -1.83985496 0
vt -0 -2.06983709 0
vt -0.0349069983 -1.60987306 0
vt -0 -1.60987306 0
vt -0.0349069983 -1.37989104 0
vt -0 -1.37989104 0
vt -0.0349069983 -1.14990902 0
vt -0 -1.14990902 0
vt -0.0349069983 -0.919927001 0
vt -0 -0.919927001 0
vt -0.0349069983 -0.689945996 0
vt -0 -0.689945996 0
vt -0.0349069983 -0.459964007 0
vt -0 -0.459964007 0
vt -0.0349069983 -0.229982004 0
vt -0 -0.229982004 0
vt -0.0698129982 -0.229982004 0
vt -0.0698129982 -0.459964007 0
vt -0.0698129982 -0.689945996 0
vt -0.0698129982 -0.919927001 0
vt -0.0698129982 -1.14990902 0
vt -0.0698129982 -1.37989104 0
vt -0.0698129982 -1.60987306 0
vt -0.104719996 -0.229982004 0
vt -0.104719996 -0.459964007 0
vt -0.104719996 -0.689945996 0
vt -0.104719996 -0.919927001 0
vt -0.104719996 -1.14990902 0
vt -0.104719996 -1.37989104 0
vt -0.104719996 -1.60987306 0
vt -0.139625996 -0.229982004 0
vt -0.139625996 -0.459964007 0
vt -0.139625996 -0.689945996 0
vt -0.139625996 -0.919927001 0
vt -0.139625996 -1.14990902 0
vt -0.139625996 -1.37989104 0
vt -0.139625996 -1.60987306 0
vt -0.157079995 -0.229982004 0
vt -0.157079995 -0.459964007 0
vt -0.157079995 -0.689945996 0
vt -0.157079995 -0.919927001 0
vt -0.157079995 -1.14990902 0
vt -0.157079995 -1.37989104 0
vt -0.157079995 -1.60987306 0
vt 0.5 4.94800901 0
vt 0 4.94800901 0
vt 0.5 4.56739187 0
vt 0 4.56739187 0
vt 0.5 4.18677616 0
vt 0 4.18677616 0
vt 0.5 3.80615997 0
vt 0 3.80615997 0
vt 0.5 3.42554402 0
vt 0 3.42554402 0
vt 0.5 3.04492807 0
vt 0 3.04492807 0
vt 0.5 2.66431189 0
vt 0 2.66431189 0
vt 0.5 2.28369594 0
vt 0 2.28369594 0
vt 0.5 1.90307999 0
vt 0 1.90307999 0
vt 0.5 1.52246404 0
vt 0 1.52246404 0
vt 0.5 1.14184797 0
vt 0 1.14184797 0
vt 0.5 0.761232018 0
vt 0 0.761232018 0
vt 0.5 0.380616009 0
vt 0 0.380616009 0
vt 0 -1.57500005 0
vt 0.376922011 -1.52923298 0
vt -0.376922011 -1.52923298 0
vt -0.731939018 -1.394593 0
vt -1.04441798 -1.17890406 0
vt -1.29620004 -0.894702017 0
vt -1.472651 -0.558502972 0
vt 0.731939018 -1.394593 0
vt -1.56351602 -0.189844996 0
vt -1.56351602 0.189844996 0
vt -1.472651 0.558502972 0
vt -1.29620004 0.894702017 0
vt -1.04441798 1.17890406 0
vt -0.731939018 1.394593 0
vt -0.376922011 1.52923298 0
vt 0 1.57500005 0
vt 0.376922011 1.52923298 0
vt 0.731939018 1.394593 0
vt 1.04441798 -1.17890406 0
vt 1.04441798 1.17890406 0
vt 1.29620004 -0.894702017 0
vt 1.29620004 0.894702017 0
vt 1.472651 -0.558502972 0
vt 1.472651 0.558502972 0
vt 1.56351602 -0.189844996 0
vt 1.56351602 0.189844996 0
vt 0.141421005 5.10508823 0
vt 0 5.10508823 0
vt 0.141421005 4.74043894 0
vt 0 4.71238899 0
vt 0.141421005 4.37579012 0
vt 0 4.31968975 0
vt 0.141421005 4.01114082 0
vt 0 3.92699099 0
vt 0.141421005 3.646492 0
vt 0 3.53429198 0
vt 0.141421005 3.28184199 0
vt 0 3.14159298 0
vt 0.141421005 2.91719294 0
vt 0 2.74889302 0
vt 0.141421005 2.55254412 0
vt 0 2.35619402 0
vt 0.141421005 2.18789506 0
vt 0 1.96349502 0
vt 0.141421005 1.823246 0
vt 0 1.57079601 0
vt 0.141421005 1.45859694 0
vt 0 1.17809701 0
vt 0.141421005 1.09394705 0
vt 0 0.785398006 0
vt 0.141421005 0.729297996 0
vt 0 0.392699003 0
vt 0.141421005 0.364648998 0
vt 0.550000012 0.942478001 0
vt 0 0.942478001 0
vt 0.550000012 0.837758005 0
vt 0 0.837758005 0
vt 0.550000012 0.733038008 0
vt 0 0.733038008 0
vt 0.550000012 0.628319025 0
vt 0 0.628319025 0
vt 0.550000012 0.523599029 0
vt 0 0.523599029 0
vt 0.550000012 0.418879002 0
vt 0 0.418879002 0
vt 0.550000012 0.314159006 0
vt 0 0.314159006 0
vt 0.550000012 0.209439993 0
vt 0 0.209439993 0
vt 0.550000012 0.104719996 0
vt 0 0.104719996 0
vt 0.102605999 -0.281908005 0
vt 0 0.300000012 0
vt 0 -0.300000012 0
vt -0.102605999 0.281908005 0
vt -0.102605999 -0.281908005 0
vt -0.192836002 0.229812995 0
vt -0.192836002 -0.229812995 0
vt -0.259808004 0.150000006 0
vt -0.295441985 0.0520940013 0
vt 0.102605999 0.281908005 0
vt 0.192836002 -0.229812995 0
vt 0.192836002 0.229812995 0
vt 0.259808004 -0.150000006 0
vt 0.259808004 0.150000006 0
vt 0.295441985 -0.0520940013 0
vt 0.295441985 0.0520940013 0
vt -0.295441985 -0.0520940013 0
vt -0.259808004 -0.150000006 0
vt 0.0707110018 1.02101803 0
vt -0 1.02101803 0
vt 0.0707110018 0.907571018 0
vt 0 0.907571018 0
vt 0.0707110018 0.794125021 0
vt -0 0.794125021 0
vt 0.0707110018 0.68067801 0
vt -0 0.68067801 0
vt 0.0707110018 0.567232013 0
vt -0 0.567232013 0
vt 0.0707110018 0.453785986 0
vt -0 0.453785986 0
vt 0.0707110018 0.340339005 0
vt -0 0.340339005 0
vt 0.0707110018 0.226892993 0
vt -0 0.226892993 0
vt 0.0707110018 0.113445997 0
vt 0 0.113445997 0
vt 0.600000024 11.1526537 0
vt 0 11.1526537 0
vt 0.600000024 10.5950212 0
vt 0 10.5950212 0
vt 0 10.0373888 0
vt 0.600000024 10.0373888 0
vt 0 9.4797554 0
vt 0.600000024 9.4797554 0
vt 0 8.92212296 0
vt 0.600000024 8.92212296 0
vt 0 8.36449051 0
vt 0.600000024 8.36449051 0
vt 0 7.80685806 0
vt 0.600000024 7.80685806 0
vt 0 7.24922514 0
vt 0.600000024 7.24922514 0
vt 0 6.69159222 0
vt 0.600000024 6.69159222 0
vt 0 6.13395977 0
vt 0.600000024 6.13395977 0
vt 0 5.57632685 0
vt 0.600000024 5.57632685 0
vt 0 5.01869392 0
vt 0.600000024 5.01869392 0
vt 0 4.461061 0
vt 0.600000024 4.461061 0
vt 0 3.90342903 0
vt 0.600000024 3.90342903 0
vt 0 3.34579611 0
vt 0.600000024 3.34579611 0
vt 0 2.78816295 0
vt 0.600000024 2.78816295 0
vt 0 2.23053098 0
vt 0.600000024 2.23053098 0
vt 0 1.67289805 0
vt 0.600000024 1.67289805 0
vt 0 1.11526501 0
vt 0.600000024 1.11526501 0
vt 0 0.557632983 0
vt 0.600000024 0.557632983 0
vt 3.50629401 0.555342019 0
vt -3.50629401 0.555342019 0
vt 3.54999995 0 0
vt -3.54999995 0 0
vt 3.50629401 -0.555342019 0
vt -3.50629401 -0.555342019 0
vt 3.37625098 -1.09701002 0
vt -3.37625098 -1.09701002 0
vt 3.16307306 -1.61166596 0
vt -3.16307306 -1.61166596 0
vt 2.87200999 -2.08663797 0
vt -2.87200999 -2.08663797 0
vt 2.51022911 -2.51022911 0
vt -2.51022911 -2.51022911 0
vt 2.08663797 -2.87200999 0
vt -2.08663797 -2.87200999 0
vt 1.61166596 -3.16307306 0
vt -1.61166596 -3.16307306 0
vt 1.09701002 -3.37625098 0
vt -1.09701002 -3.37625098 0
vt 0.555342019 -3.50629401 0
vt -0.555342019 -3.50629401 0
vt 0 -3.54999995 0
vt -3.37625098 1.09701002 0
vt 3.37625098 1.09701002 0
vt -3.16307306 1.61166596 0
vt 3.16307306 1.61166596 0
vt -2.87200999 2.08663797 0
vt 2.87200999 2.08663797 0
vt -2.51022911 2.51022911 0
vt 2.51022911 2.51022911 0
vt -2.08663797 2.87200999 0
vt 2.08663797 2.87200999 0
vt -1.61166596 3.16307306 0
vt 1.61166596 3.16307306 0
vt -1.09701002 3.37625098 0
vt 1.09701002 3.37625098 0
vt -0.555342019 3.50629401 0
vt 0.555342019 3.50629401 0
vt 0 3.54999995 0

# 398 vertex normals
vn 100 0 0
vn 98.768837 0 -15.6434469
vn 95.1056519 0 -30.9016991
vn 89.1006546 0 -45.3990517
vn 80.9017029 0 -58.7785263
vn 70.7106781 0 -70.7106781
vn 58.7785263 0 -80.9017029
vn 45.3990517 0 -89.1006546
vn 30.9016991 0 -95.1056519
vn 15.6434469 0 -98.768837
vn 0 0 -100
vn -15.6434469 0 -98.768837
vn -30.9016991 0 -95.1056519
vn -45.3990517 0 -89.1006546
vn -58.7785263 0 -80.9017029
vn -70.7106781 0 -70.7106781
vn -80.9017029 0 -58.7785263
vn -89.1006546 0 -45.3990517
vn -95.1056519 0 -30.9016991
vn -98.768837 0 -15.6434469
vn -100 0 0
vn -70.7106781 70.7106781 0
vn -66.4463043 70.7106781 -24.1844769
vn -54.1675224 70.7106781 -45.4519463
vn -35.3553391 70.7106781 -61.2372437
vn -12.27878 70.7106781 -69.6364212
vn 12.27878 70.7106781 -69.6364212
vn 35.3553391 70.7106781 -61.2372437
vn 54.1675224 70.7106781 -45.4519463
vn 66.4463043 70.7106781 -24.1844769
vn 70.7106781 70.7106781 0
vn -93.9692612 0 -34.2020149
vn -76.6044464 0 -64.2787628
vn -50 0 -86.6025391
vn -17.3648186 0 -98.4807739
vn 17.3648186 0 -98.4807739
vn 50 0 -86.6025391
vn 76.6044464 0 -64.2787628
vn 93.9692612 0 -34.2020149
vn -68.9378128 70.7106781 -15.7346058
vn -68.6559525 70.7106781 -16.9221725
vn -63.7081184 70.7106781 -30.6802139
vn -62.6111946 70.7106781 -32.8608894
vn -55.2838326 70.7106781 -44.0873871
vn -52.9277039 70.7106781 -46.8898544
vn -44.0873871 70.7106781 -55.2838326
vn -40.1682434 70.7106781 -58.1937485
vn -30.6802139 70.7106781 -63.7081184
vn -25.0743523 70.7106781 -66.1156311
vn -15.7346058 70.7106781 -68.9378128
vn -8.52323151 70.7106781 -70.1951141
vn 0 70.7106781 -70.7106781
vn 8.52323151 70.7106781 -70.1951141
vn 15.7346058 70.7106781 -68.9378128
vn 25.0743523 70.7106781 -66.1156311
vn 30.6802139 70.7106781 -63.7081184
vn 40.1682434 70.7106781 -58.1937485
vn 44.0873871 70.7106781 -55.2838326
vn 52.9277039 70.7106781 -46.8898544
vn 55.2838326 70.7106781 -44.0873871
vn 62.6111946 70.7106781 -32.8608894
vn 63.7081184 70.7106781 -30.6802139
vn 68.6559525 70.7106781 -16.9221725
vn 68.9378128 70.7106781 -15.7346058
vn -97.0941849 0 -23.9315662
vn -88.5456009 0 -46.4723167
vn -74.8510742 0 -66.3122635
vn -56.8064728 0 -82.2983856
vn -35.4604874 0 -93.5016251
vn -12.053668 0 -99.2708893
vn 12.053668 0 -99.2708893
vn 35.4604874 0 -93.5016251
vn 56.8064728 0 -82.2983856
vn 74.8510742 0 -66.3122635
vn 88.5456009 0 -46.4723167
vn 97.0941849 0 -23.9315662
vn -93.9692612 34.2020149 0
vn -88.3022232 32.1393814 -34.2020149
vn -71.9846344 26.2002621 -64.2787628
vn -46.9846306 17.1010075 -86.6025391
vn -16.3175907 5.93911695 -98.4807739
vn -13.3022223 11.16189 -98.4807739
vn -8.68240929 15.038373 -98.4807739
vn -3.01536894 17.1010075 -98.4807739
vn 3.01536894 17.1010075 -98.4807739
vn 8.68240929 15.038373 -98.4807739
vn 13.3022223 11.16189 -98.4807739
vn 16.3175907 5.93911695 -98.4807739
vn 46.9846306 17.1010075 -86.6025391
vn 71.9846344 26.2002621 -64.2787628
vn 88.3022232 32.1393814 -34.2020149
vn 93.9692612 34.2020149 0
vn -71.9846344 60.4022789 -34.2020149
vn -76.6044464 64.2787628 0
vn -46.9846306 81.3797684 -34.2020149
vn -50 86.6025391 0
vn -16.3175907 92.5416565 -34.2020149
vn -17.3648186 98.4807739 0
vn 16.3175907 92.5416565 -34.2020149
vn 17.3648186 98.4807739 0
vn 46.9846306 81.3797684 -34.2020149
vn 50 86.6025391 0
vn 71.9846344 60.4022789 -34.2020149
vn 76.6044464 64.2787628 0
vn -58.6824074 49.240387 -64.2787628
vn -38.3022232 66.3413925 -64.2787628
vn -13.3022223 75.4406509 -64.2787628
vn 13.3022223 75.4406509 -64.2787628
vn 38.3022232 66.3413925 -64.2787628
vn 58.6824074 49.240387 -64.2787628
vn -38.3022232 32.1393814 -86.6025391
vn -25 43.3012695 -86.6025391
vn -8.68240929 49.240387 -86.6025391
vn 8.68240929 49.240387 -86.6025391
vn 25 43.3012695 -86.6025391
vn 38.3022232 32.1393814 -86.6025391
vn 98.127533 19.2610226 0
vn 92.3718414 38.3072128 0
vn 82.9721985 55.8176918 0
vn 70.711731 70.7096252 0
vn 55.8198395 82.9707489 0
vn 38.3086128 92.3712616 0
vn 19.2614784 98.1274414 0
vn 0 100 0
vn -19.2614784 98.1274414 0
vn -38.3086128 92.3712616 0
vn -55.8198395 82.9707489 0
vn -70.711731 70.7096252 0
vn -82.9721985 55.8176918 0
vn -92.3718414 38.3072128 0
vn -98.127533 19.2610226 0
vn -69.7462769 70.7106781 -11.6385946
vn -69.6364212 70.7106781 -12.27878
vn -66.8793793 70.7106781 -22.9597187
vn -62.1881866 70.7106781 -33.6545639
vn -61.2372437 70.7106781 -35.3553391
vn -55.8006592 70.7106781 -43.4313965
vn -47.8910408 70.7106781 -52.0235367
vn -45.4519463 70.7106781 -54.1675224
vn -38.6750755 70.7106781 -59.1966095
vn -28.4041557 70.7106781 -64.7549515
vn -24.1844769 70.7106781 -66.4463043
vn -17.3584461 70.7106781 -68.5469513
vn -5.83924198 70.7106781 -70.469162
vn 5.83924198 70.7106781 -70.469162
vn 17.3584461 70.7106781 -68.5469513
vn 24.1844769 70.7106781 -66.4463043
vn 28.4041557 70.7106781 -64.7549515
vn 38.6750755 70.7106781 -59.1966095
vn 45.4519463 70.7106781 -54.1675224
vn 47.8910408 70.7106781 -52.0235367
vn 55.8006592 70.7106781 -43.4313965
vn 61.2372437 70.7106781 -35.3553391
vn 62.1881866 70.7106781 -33.6545639
vn 66.8793793 70.7106781 -22.9597187
vn 69.6364212 70.7106781 -12.27878
vn 69.7462769 70.7106781 -11.6385946
vn -69.8401108 70.7106781 -11.0615873
vn -67.2498474 70.7106781 -21.8508015
vn -63.0036774 70.7106781 -32.1019745
vn -57.2061386 70.7106781 -41.5626945
vn -50 70.7106781 -50
vn -41.5626945 70.7106781 -57.2061386
vn -32.1019745 70.7106781 -63.0036774
vn -21.8508015 70.7106781 -67.2498474
vn -11.0615873 70.7106781 -69.8401108
vn 11.0615873 70.7106781 -69.8401108
vn 21.8508015 70.7106781 -67.2498474
vn 32.1019745 70.7106781 -63.0036774
vn 41.5626945 70.7106781 -57.2061386
vn 50 70.7106781 -50
vn 57.2061386 70.7106781 -41.5626945
vn 63.0036774 70.7106781 -32.1019745
vn 67.2498474 70.7106781 -21.8508015
vn 69.8401108 70.7106781 -11.0615873
vn -98.6361313 0 -16.4594593
vn -94.5817261 0 -32.4699478
vn -87.9473724 0 -47.594738
vn -78.9140472 0 -61.4212723
vn -67.728157 0 -73.5723877
vn -54.6948166 0 -83.7166443
vn -40.1695442 0 -91.5773315
vn -24.5485497 0 -96.9400253
vn -8.25793457 0 -99.6584473
vn 8.25793457 0 -99.6584473
vn 24.5485497 0 -96.9400253
vn 40.1695442 0 -91.5773315
vn 54.6948166 0 -83.7166443
vn 67.728157 0 -73.5723877
vn 78.9140472 0 -61.4212723
vn 87.9473724 0 -47.594738
vn 94.5817261 0 -32.4699478
vn 98.6361313 0 -16.4594593
vn -18.3503666 0 -98.3019028
vn -18.0017757 0 -98.366333
vn -16.950573 0 -98.5529175
vn -15.2216988 0 -98.8347092
vn -12.9758625 0 -99.1545639
vn -10.2404795 0 -99.4742813
vn -7.02977085 0 -99.7526093
vn -3.53364897 0 -99.9375458
vn 3.53364897 0 -99.9375458
vn 7.02977085 0 -99.7526093
vn 10.2404795 0 -99.4742813
vn 12.9758625 0 -99.1545639
vn 15.2216988 0 -98.8347092
vn 16.950573 0 -98.5529175
vn 18.0017757 0 -98.366333
vn 18.3503666 0 -98.3019028
vn 98.768837 0 15.6434469
vn 95.1056519 0 30.9016991
vn 89.1006546 0 45.3990517
vn 80.9017029 0 58.7785263
vn 70.7106781 0 70.7106781
vn 58.7785263 0 80.9017029
vn 45.3990517 0 89.1006546
vn 30.9016991 0 95.1056519
vn 15.6434469 0 98.768837
vn 0 0 100
vn -15.6434469 0 98.768837
vn -30.9016991 0 95.1056519
vn -45.3990517 0 89.1006546
vn -58.7785263 0 80.9017029
vn -70.7106781 0 70.7106781
vn -80.9017029 0 58.7785263
vn -89.1006546 0 45.3990517
vn -95.1056519 0 30.9016991
vn -98.768837 0 15.6434469
vn 98.6361313 0 16.4594593
vn 94.5817261 0 32.4699478
vn 87.9473724 0 47.594738
vn 78.9140472 0 61.4212723
vn 67.728157 0 73.5723877
vn 54.6948166 0 83.7166443
vn 40.1695442 0 91.5773315
vn 24.5485497 0 96.9400253
vn 8.25793457 0 99.6584473
vn -8.25793457 0 99.6584473
vn -24.5485497 0 96.9400253
vn -40.1695442 0 91.5773315
vn -54.6948166 0 83.7166443
vn -67.728157 0 73.5723877
vn -78.9140472 0 61.4212723
vn -87.9473724 0 47.594738
vn -94.5817261 0 32.4699478
vn -98.6361313 0 16.4594593
vn 0 -100 0
vn 69.8401108 70.7106781 11.0615873
vn 67.2498474 70.7106781 21.8508015
vn 63.0036774 70.7106781 32.1019745
vn 57.2061386 70.7106781 41.5626945
vn 50 70.7106781 50
vn 41.5626945 70.7106781 57.2061386
vn 32.1019745 70.7106781 63.0036774
vn 21.8508015 70.7106781 67.2498474
vn 11.0615873 70.7106781 69.8401108
vn 0 70.7106781 70.7106781
vn -11.0615873 70.7106781 69.8401108
vn -21.8508015 70.7106781 67.2498474
vn -32.1019745 70.7106781 63.0036774
vn -41.5626945 70.7106781 57.2061386
vn -50 70.7106781 50
vn -57.2061386 70.7106781 41.5626945
vn -63.0036774 70.7106781 32.1019745
vn -67.2498474 70.7106781 21.8508015
vn -69.8401108 70.7106781 11.0615873
vn 69.7462769 70.7106781 11.6385946
vn 69.6364212 70.7106781 12.27878
vn 66.8793793 70.7106781 22.9597187
vn 66.4463043 70.7106781 24.1844769
vn 62.1881866 70.7106781 33.6545639
vn 61.2372437 70.7106781 35.3553391
vn 55.8006592 70.7106781 43.4313965
vn 54.1675224 70.7106781 45.4519463
vn 47.8910408 70.7106781 52.0235367
vn 45.4519463 70.7106781 54.1675224
vn 38.6750755 70.7106781 59.1966095
vn 35.3553391 70.7106781 61.2372437
vn 28.4041557 70.7106781 64.7549515
vn 24.1844769 70.7106781 66.4463043
vn 17.3584461 70.7106781 68.5469513
vn 12.27878 70.7106781 69.6364212
vn 5.83924198 70.7106781 70.469162
vn -5.83924198 70.7106781 70.469162
vn -12.27878 70.7106781 69.6364212
vn -17.3584461 70.7106781 68.5469513
vn -24.1844769 70.7106781 66.4463043
vn -28.4041557 70.7106781 64.7549515
vn -35.3553391 70.7106781 61.2372437
vn -38.6750755 70.7106781 59.1966095
vn -45.4519463 70.7106781 54.1675224
vn -47.8910408 70.7106781 52.0235367
vn -54.1675224 70.7106781 45.4519463
vn -55.8006592 70.7106781 43.4313965
vn -61.2372437 70.7106781 35.3553391
vn -62.1881866 70.7106781 33.6545639
vn -66.4463043 70.7106781 24.1844769
vn -66.8793793 70.7106781 22.9597187
vn -69.6364212 70.7106781 12.27878
vn -69.7462769 70.7106781 11.6385946
vn -98.127533 -19.2610226 0
vn -93.9692612 -34.2020149 0
vn -92.3718414 -38.3072128 0
vn -82.9721985 -55.8176918 0
vn -76.6044464 -64.2787628 0
vn -70.711731 -70.7096252 0
vn -50 -86.6025391 0
vn -55.8198395 -82.9707489 0
vn -38.3086128 -92.3712616 0
vn -17.3648186 -98.4807739 0
vn -19.2614784 -98.1274414 0
vn 17.3648186 -98.4807739 -0
vn 19.2614784 -98.1274414 -0
vn 38.3086128 -92.3712616 -0
vn 50 -86.6025391 -0
vn 55.8198395 -82.9707489 -0
vn 70.711731 -70.7096252 -0
vn 76.6044464 -64.2787628 -0
vn 82.9721985 -55.8176918 -0
vn 93.9692612 -34.2020149 -0
vn 92.3718414 -38.3072128 -0
vn 98.127533 -19.2610226 -0
vn 16.3175907 -5.93911695 -98.4807739
vn 46.9846306 -17.1010075 -86.6025391
vn 71.9846344 -26.2002621 -64.2787628
vn 88.3022232 -32.1393814 -34.2020149
vn 71.9846344 -60.4022789 -34.2020149
vn 46.9846306 -81.3797684 -34.2020149
vn 16.3175907 -92.5416565 -34.2020149
vn -16.3175907 -92.5416565 -34.2020149
vn -46.9846306 -81.3797684 -34.2020149
vn -71.9846344 -60.4022789 -34.2020149
vn -88.3022232 -32.1393814 -34.2020149
vn -71.9846344 -26.2002621 -64.2787628
vn -58.6824074 -49.240387 -64.2787628
vn -38.3022232 -66.3413925 -64.2787628
vn -13.3022223 -75.4406509 -64.2787628
vn 13.3022223 -75.4406509 -64.2787628
vn 38.3022232 -66.3413925 -64.2787628
vn 58.6824074 -49.240387 -64.2787628
vn -46.9846306 -17.1010075 -86.6025391
vn -38.3022232 -32.1393814 -86.6025391
vn -25 -43.3012695 -86.6025391
vn -8.68240929 -49.240387 -86.6025391
vn 8.68240929 -49.240387 -86.6025391
vn 25 -43.3012695 -86.6025391
vn 38.3022232 -32.1393814 -86.6025391
vn -16.3175907 -5.93911695 -98.4807739
vn -13.3022223 -11.16189 -98.4807739
vn -8.68240929 -15.038373 -98.4807739
vn -3.01536894 -17.1010075 -98.4807739
vn 3.01536894 -17.1010075 -98.4807739
vn 8.68240929 -15.038373 -98.4807739
vn 13.3022223 -11.16189 -98.4807739
vn 97.0941849 0 23.9315662
vn 88.5456009 0 46.4723167
vn 74.8510742 0 66.3122635
vn 56.8064728 0 82.2983856
vn 35.4604874 0 93.5016251
vn 12.053668 0 99.2708893
vn -12.053668 0 99.2708893
vn -35.4604874 0 93.5016251
vn -56.8064728 0 82.2983856
vn -74.8510742 0 66.3122635
vn -88.5456009 0 46.4723167
vn -97.0941849 0 23.9315662
vn 68.9378128 70.7106781 15.7346058
vn 68.6559525 70.7106781 16.9221725
vn 63.7081184 70.7106781 30.6802139
vn 62.6111946 70.7106781 32.8608894
vn 55.2838326 70.7106781 44.0873871
vn 52.9277039 70.7106781 46.8898544
vn 44.0873871 70.7106781 55.2838326
vn 40.1682434 70.7106781 58.1937485
vn 30.6802139 70.7106781 63.7081184
vn 25.0743523 70.7106781 66.1156311
vn 15.7346058 70.7106781 68.9378128
vn 8.52323151 70.7106781 70.1951141
vn -8.52323151 70.7106781 70.1951141
vn -15.7346058 70.7106781 68.9378128
vn -25.0743523 70.7106781 66.1156311
vn -30.6802139 70.7106781 63.7081184
vn -40.1682434 70.7106781 58.1937485
vn -44.0873871 70.7106781 55.2838326
vn -52.9277039 70.7106781 46.8898544
vn -55.2838326 70.7106781 44.0873871
vn -62.6111946 70.7106781 32.8608894
vn -63.7081184 70.7106781 30.6802139
vn -68.6559525 70.7106781 16.9221725
vn -68.9378128 70.7106781 15.7346058
vn 93.9692612 0 34.2020149
vn 76.6044464 0 64.2787628
vn 50 0 86.6025391
vn 17.3648186 0 98.4807739
vn -17.3648186 0 98.4807739
vn -50 0 86.6025391
vn -76.6044464 0 64.2787628
vn -93.9692612 0 34.2020149

# Mesh 'NONE-lib' with 1600 faces
g NONE-lib
usemtl MaterialFBXASC032FBXASC03525
f  1/1/1 2/2/2 3/3/1
f  4/3/1 5/2/2 6/4/2
f  7/4/2 8/2/2 9/5/3
f  10/4/2 11/5/3 12/6/3
f  13/6/3 14/5/3 15/7/4
f  16/6/3 17/7/4 18/8/4
f  19/8/4 20/7/4 21/9/5
f  22/8/4 23/9/5 24/10/5
f  25/10/5 26/9/5 27/11/6
f  28/10/5 29/11/6 30/12/6
f  31/12/6 32/11/6 33/13/7
f  34/12/6 35/13/7 36/14/7
f  37/14/7 38/13/7 39/15/8
f  40/14/7 41/15/8 42/16/8
f  43/16/8 44/15/8 45/17/9
f  46/16/8 47/17/9 48/18/9
f  49/18/9 50/17/9 51/19/10
f  52/18/9 53/19/10 54/20/10
f  55/20/10 56/19/10 57/21/11
f  58/20/10 59/21/11 60/22/11
f  61/22/11 62/21/11 63/23/12
f  64/22/11 65/23/12 66/24/12
f  67/24/12 68/23/12 69/25/13
f  70/24/12 71/25/13 72/26/13
f  73/26/13 74/25/13 75/27/14
f  76/26/13 77/27/14 78/28/14
f  79/28/14 80/27/14 81/29/15
f  82/28/14 83/29/15 84/30/15
f  85/30/15 86/29/15 87/31/16
f  88/30/15 89/31/16 90/32/16
f  91/32/16 92/31/16 93/33/17
f  94/32/16 95/33/17 96/34/17
f  97/34/17 98/33/17 99/35/18
f  100/34/17 101/35/18 102/36/18
f  103/36/18 104/35/18 105/37/19
f  106/36/18 107/37/19 108/38/19
f  109/38/19 110/37/19 111/39/20
f  112/38/19 113/39/20 114/40/20
f  115/40/20 116/39/20 117/41/21
f  118/41/21 119/39/20 120/42/21
f  121/43/22 122/1/22 123/44/23
f  124/44/23 125/1/22 126/45/23
f  127/44/23 128/45/23 129/46/24
f  130/46/24 131/45/23 132/47/24
f  133/46/24 134/47/24 135/48/25
f  136/48/25 137/47/24 138/49/25
f  139/48/25 140/49/25 141/50/26
f  142/50/26 143/49/25 144/51/26
f  145/50/26 146/51/26 147/52/27
f  148/52/27 149/51/26 150/53/27
f  151/52/27 152/53/27 153/54/28
f  154/54/28 155/53/27 156/55/28
f  157/54/28 158/55/28 159/56/29
f  160/56/29 161/55/28 162/57/29
f  163/56/29 164/57/29 165/58/30
f  166/58/30 167/57/29 168/59/30
f  169/58/30 170/59/30 171/60/31
f  172/60/31 173/59/30 174/61/31
f  175/43/22 176/1/22 177/44/23
f  178/44/23 179/1/22 180/45/23
f  181/44/23 182/45/23 183/46/24
f  184/46/24 185/45/23 186/47/24
f  187/46/24 188/47/24 189/48/25
f  190/48/25 191/47/24 192/49/25
f  193/48/25 194/49/25 195/50/26
f  196/50/26 197/49/25 198/51/26
f  199/50/26 200/51/26 201/52/27
f  202/52/27 203/51/26 204/53/27
f  205/52/27 206/53/27 207/54/28
f  208/54/28 209/53/27 210/55/28
f  211/54/28 212/55/28 213/56/29
f  214/56/29 215/55/28 216/57/29
f  217/56/29 218/57/29 219/58/30
f  220/58/30 221/57/29 222/59/30
f  223/58/30 224/59/30 225/60/31
f  226/60/31 227/59/30 228/61/31
f  229/43/22 230/1/22 231/44/23
f  232/44/23 233/1/22 234/45/23
f  235/44/23 236/45/23 237/46/24
f  238/46/24 239/45/23 240/47/24
f  241/46/24 242/47/24 243/48/25
f  244/48/25 245/47/24 246/49/25
f  247/48/25 248/49/25 249/50/26
f  250/50/26 251/49/25 252/51/26
f  253/50/26 254/51/26 255/52/27
f  256/52/27 257/51/26 258/53/27
f  259/52/27 260/53/27 261/54/28
f  262/54/28 263/53/27 264/55/28
f  265/54/28 266/55/28 267/56/29
f  268/56/29 269/55/28 270/57/29
f  271/56/29 272/57/29 273/58/30
f  274/58/30 275/57/29 276/59/30
f  277/58/30 278/59/30 279/60/31
f  280/60/31 281/59/30 282/61/31
f  283/43/22 284/1/22 285/44/23
f  286/44/23 287/1/22 288/45/23
f  289/44/23 290/45/23 291/46/24
f  292/46/24 293/45/23 294/47/24
f  295/46/24 296/47/24 297/48/25
f  298/48/25 299/47/24 300/49/25
f  301/48/25 302/49/25 303/50/26
f  304/50/26 305/49/25 306/51/26
f  307/50/26 308/51/26 309/52/27
f  310/52/27 311/51/26 312/53/27
f  313/52/27 314/53/27 315/54/28
f  316/54/28 317/53/27 318/55/28
f  319/54/28 320/55/28 321/56/29
f  322/56/29 323/55/28 324/57/29
f  325/56/29 326/57/29 327/58/30
f  328/58/30 329/57/29 330/59/30
f  331/58/30 332/59/30 333/60/31
f  334/60/31 335/59/30 336/61/31
f  337/43/22 338/1/22 339/44/23
f  340/44/23 341/1/22 342/45/23
f  343/44/23 344/45/23 345/46/24
f  346/46/24 347/45/23 348/47/24
f  349/46/24 350/47/24 351/48/25
f  352/48/25 353/47/24 354/49/25
f  355/48/25 356/49/25 357/50/26
f  358/50/26 359/49/25 360/51/26
f  361/50/26 362/51/26 363/52/27
f  364/52/27 365/51/26 366/53/27
f  367/52/27 368/53/27 369/54/28
f  370/54/28 371/53/27 372/55/28
f  373/54/28 374/55/28 375/56/29
f  376/56/29 377/55/28 378/57/29
f  379/56/29 380/57/29 381/58/30
f  382/58/30 383/57/29 384/59/30
f  385/58/30 386/59/30 387/60/31
f  388/60/31 389/59/30 390/61/31
f  391/62/21 392/1/21 393/63/32
f  394/63/32 395/1/21 396/64/32
f  397/63/32 398/64/32 399/65/33
f  400/65/33 401/64/32 402/66/33
f  403/65/33 404/66/33 405/67/34
f  406/67/34 407/66/33 408/68/34
f  409/67/34 410/68/34 411/69/35
f  412/69/35 413/68/34 414/70/35
f  415/69/35 416/70/35 417/71/36
f  418/71/36 419/70/35 420/72/36
f  421/71/36 422/72/36 423/73/37
f  424/73/37 425/72/36 426/74/37
f  427/73/37 428/74/37 429/75/38
f  430/75/38 431/74/37 432/76/38
f  433/75/38 434/76/38 435/77/39
f  436/77/39 437/76/38 438/78/39
f  439/77/39 440/78/39 441/79/1
f  442/79/1 443/78/39 444/80/1
f  445/62/21 446/1/21 447/63/32
f  448/63/32 449/1/21 450/64/32
f  451/63/32 452/64/32 453/65/33
f  454/65/33 455/64/32 456/66/33
f  457/65/33 458/66/33 459/67/34
f  460/67/34 461/66/33 462/68/34
f  463/67/34 464/68/34 465/69/35
f  466/69/35 467/68/34 468/70/35
f  469/69/35 470/70/35 471/71/36
f  472/71/36 473/70/35 474/72/36
f  475/71/36 476/72/36 477/73/37
f  478/73/37 479/72/36 480/74/37
f  481/73/37 482/74/37 483/75/38
f  484/75/38 485/74/37 486/76/38
f  487/75/38 488/76/38 489/77/39
f  490/77/39 491/76/38 492/78/39
f  493/77/39 494/78/39 495/79/1
f  496/79/1 497/78/39 498/80/1
f  499/62/21 500/1/21 501/63/32
f  502/63/32 503/1/21 504/64/32
f  505/63/32 506/64/32 507/65/33
f  508/65/33 509/64/32 510/66/33
f  511/65/33 512/66/33 513/67/34
f  514/67/34 515/66/33 516/68/34
f  517/67/34 518/68/34 519/69/35
f  520/69/35 521/68/34 522/70/35
f  523/69/35 524/70/35 525/71/36
f  526/71/36 527/70/35 528/72/36
f  529/71/36 530/72/36 531/73/37
f  532/73/37 533/72/36 534/74/37
f  535/73/37 536/74/37 537/75/38
f  538/75/38 539/74/37 540/76/38
f  541/75/38 542/76/38 543/77/39
f  544/77/39 545/76/38 546/78/39
f  547/77/39 548/78/39 549/79/1
f  550/79/1 551/78/39 552/80/1
f  553/62/21 554/1/21 555/63/32
f  556/63/32 557/1/21 558/64/32
f  559/63/32 560/64/32 561/65/33
f  562/65/33 563/64/32 564/66/33
f  565/65/33 566/66/33 567/67/34
f  568/67/34 569/66/33 570/68/34
f  571/67/34 572/68/34 573/69/35
f  574/69/35 575/68/34 576/70/35
f  577/69/35 578/70/35 579/71/36
f  580/71/36 581/70/35 582/72/36
f  583/71/36 584/72/36 585/73/37
f  586/73/37 587/72/36 588/74/37
f  589/73/37 590/74/37 591/75/38
f  592/75/38 593/74/37 594/76/38
f  595/75/38 596/76/38 597/77/39
f  598/77/39 599/76/38 600/78/39
f  601/77/39 602/78/39 603/79/1
f  604/79/1 605/78/39 606/80/1
f  607/62/21 608/1/21 609/63/32
f  610/63/32 611/1/21 612/64/32
f  613/63/32 614/64/32 615/65/33
f  616/65/33 617/64/32 618/66/33
f  619/65/33 620/66/33 621/67/34
f  622/67/34 623/66/33 624/68/34
f  625/67/34 626/68/34 627/69/35
f  628/69/35 629/68/34 630/70/35
f  631/69/35 632/70/35 633/71/36
f  634/71/36 635/70/35 636/72/36
f  637/71/36 638/72/36 639/73/37
f  640/73/37 641/72/36 642/74/37
f  643/73/37 644/74/37 645/75/38
f  646/75/38 647/74/37 648/76/38
f  649/75/38 650/76/38 651/77/39
f  652/77/39 653/76/38 654/78/39
f  655/77/39 656/78/39 657/79/1
f  658/79/1 659/78/39 660/80/1
f  661/81/22 662/1/22 663/82/40
f  664/82/40 665/1/22 666/83/41
f  667/82/40 668/83/41 669/84/42
f  670/84/42 671/83/41 672/85/43
f  673/84/42 674/85/43 675/86/44
f  676/86/44 677/85/43 678/87/45
f  679/86/44 680/87/45 681/88/46
f  682/88/46 683/87/45 684/89/47
f  685/88/46 686/89/47 687/90/48
f  688/90/48 689/89/47 690/91/49
f  691/90/48 692/91/49 693/92/50
f  694/92/50 695/91/49 696/93/51
f  697/92/50 698/93/51 699/94/52
f  700/94/52 701/93/51 702/95/53
f  703/94/52 704/95/53 705/96/54
f  706/96/54 707/95/53 708/97/55
f  709/96/54 710/97/55 711/98/56
f  712/98/56 713/97/55 714/99/57
f  715/98/56 716/99/57 717/100/58
f  718/100/58 719/99/57 720/101/59
f  721/100/58 722/101/59 723/102/60
f  724/102/60 725/101/59 726/103/61
f  727/102/60 728/103/61 729/104/62
f  730/104/62 731/103/61 732/105/63
f  733/104/62 734/105/63 735/106/64
f  736/106/64 737/105/63 738/107/31
f  739/106/64 740/107/31 741/108/31
f  742/109/21 743/1/21 744/110/65
f  745/110/65 746/1/21 747/111/65
f  748/110/65 749/111/65 750/112/66
f  751/112/66 752/111/65 753/113/66
f  754/112/66 755/113/66 756/114/67
f  757/114/67 758/113/66 759/115/67
f  760/114/67 761/115/67 762/116/68
f  763/116/68 764/115/67 765/117/68
f  766/116/68 767/117/68 768/118/69
f  769/118/69 770/117/68 771/119/69
f  772/118/69 773/119/69 774/120/70
f  775/120/70 776/119/69 777/121/70
f  778/120/70 779/121/70 780/122/71
f  781/122/71 782/121/70 783/123/71
f  784/122/71 785/123/71 786/124/72
f  787/124/72 788/123/71 789/125/72
f  790/124/72 791/125/72 792/126/73
f  793/126/73 794/125/72 795/127/73
f  796/126/73 797/127/73 798/128/74
f  799/128/74 800/127/73 801/129/74
f  802/128/74 803/129/74 804/130/75
f  805/130/75 806/129/74 807/131/75
f  808/130/75 809/131/75 810/132/76
f  811/132/76 812/131/75 813/133/76
f  814/132/76 815/133/76 816/134/1
f  817/134/1 818/133/76 819/135/1
f  820/1/21 821/136/77 822/137/19
f  823/137/19 824/136/77 825/138/78
f  826/137/19 827/138/78 828/139/17
f  829/139/17 830/138/78 831/140/79
f  832/139/17 833/140/79 834/141/15
f  835/141/15 836/140/79 837/142/80
f  838/141/15 839/142/80 840/143/13
f  841/143/13 842/142/80 843/144/81
f  844/143/13 845/144/81 846/145/11
f  847/145/11 848/144/81 849/146/11
f  850/146/11 851/144/81 852/147/11
f  853/147/11 854/144/81 855/148/82
f  856/147/11 857/148/82 858/149/11
f  859/149/11 860/148/82 861/150/83
f  862/149/11 863/150/83 864/151/11
f  865/151/11 866/150/83 867/152/84
f  868/151/11 869/152/84 870/153/11
f  871/153/11 872/152/84 873/154/85
f  874/153/11 875/154/85 876/155/11
f  877/155/11 878/154/85 879/156/86
f  880/155/11 881/156/86 882/157/11
f  883/157/11 884/156/86 885/158/87
f  886/157/11 887/158/87 888/159/11
f  889/159/11 890/158/87 891/160/88
f  892/159/11 893/160/88 894/161/11
f  895/161/11 896/160/88 897/162/9
f  898/162/9 899/160/88 900/163/89
f  901/162/9 902/163/89 903/164/7
f  904/164/7 905/163/89 906/165/90
f  907/164/7 908/165/90 909/166/5
f  910/166/5 911/165/90 912/167/91
f  913/166/5 914/167/91 915/168/3
f  916/168/3 917/167/91 918/169/92
f  919/168/3 920/169/92 921/170/1
f  922/138/78 923/136/77 924/171/93
f  925/171/93 926/136/77 927/172/94
f  928/171/93 929/172/94 930/173/95
f  931/173/95 932/172/94 933/174/96
f  934/173/95 935/174/96 936/175/97
f  937/175/97 938/174/96 939/176/98
f  940/175/97 941/176/98 942/177/99
f  943/177/99 944/176/98 945/178/100
f  946/177/99 947/178/100 948/179/101
f  949/179/101 950/178/100 951/180/102
f  952/179/101 953/180/102 954/181/103
f  955/181/103 956/180/102 957/182/104
f  958/181/103 959/182/104 960/167/91
f  961/167/91 962/182/104 963/169/92
f  964/140/79 965/138/78 966/183/105
f  967/183/105 968/138/78 969/171/93
f  970/183/105 971/171/93 972/184/106
f  973/184/106 974/171/93 975/173/95
f  976/184/106 977/173/95 978/185/107
f  979/185/107 980/173/95 981/175/97
f  982/185/107 983/175/97 984/186/108
f  985/186/108 986/175/97 987/177/99
f  988/186/108 989/177/99 990/187/109
f  991/187/109 992/177/99 993/179/101
f  994/187/109 995/179/101 996/188/110
f  997/188/110 998/179/101 999/181/103
f  1000/188/110 1001/181/103 1002/165/90
f  1003/165/90 1004/181/103 1005/167/91
f  1006/148/82 1007/144/81 1008/142/80
f  1009/142/80 1010/140/79 1011/189/111
f  1012/189/111 1013/140/79 1014/183/105
f  1015/189/111 1016/183/105 1017/190/112
f  1018/190/112 1019/183/105 1020/184/106
f  1021/190/112 1022/184/106 1023/191/113
f  1024/191/113 1025/184/106 1026/185/107
f  1027/191/113 1028/185/107 1029/192/114
f  1030/192/114 1031/185/107 1032/186/108
f  1033/192/114 1034/186/108 1035/193/115
f  1036/193/115 1037/186/108 1038/187/109
f  1039/193/115 1040/187/109 1041/194/116
f  1042/194/116 1043/187/109 1044/188/110
f  1045/194/116 1046/188/110 1047/163/89
f  1048/163/89 1049/188/110 1050/165/90
f  1051/150/83 1052/148/82 1053/189/111
f  1054/189/111 1055/148/82 1056/142/80
f  1057/150/83 1058/189/111 1059/190/112
f  1060/152/84 1061/150/83 1062/190/112
f  1063/152/84 1064/190/112 1065/191/113
f  1066/154/85 1067/152/84 1068/191/113
f  1069/154/85 1070/191/113 1071/192/114
f  1072/156/86 1073/154/85 1074/192/114
f  1075/156/86 1076/192/114 1077/193/115
f  1078/158/87 1079/156/86 1080/193/115
f  1081/158/87 1082/193/115 1083/194/116
f  1084/160/88 1085/158/87 1086/194/116
f  1087/160/88 1088/194/116 1089/163/89
f  1090/195/1 1091/196/1 1092/197/117
f  1093/197/117 1094/196/1 1095/198/92
f  1096/197/117 1097/198/92 1098/199/118
f  1099/199/118 1100/198/92 1101/200/119
f  1102/200/119 1103/198/92 1104/201/104
f  1105/200/119 1106/201/104 1107/202/120
f  1108/202/120 1109/201/104 1110/203/102
f  1111/202/120 1112/203/102 1113/204/121
f  1114/204/121 1115/203/102 1116/205/122
f  1117/205/122 1118/203/102 1119/206/100
f  1120/205/122 1121/206/100 1122/207/123
f  1123/207/123 1124/206/100 1125/208/124
f  1126/208/124 1127/206/100 1128/209/98
f  1129/208/124 1130/209/98 1131/210/125
f  1132/210/125 1133/209/98 1134/211/126
f  1135/211/126 1136/209/98 1137/212/96
f  1138/211/126 1139/212/96 1140/213/127
f  1141/213/127 1142/212/96 1143/214/128
f  1144/214/128 1145/212/96 1146/215/94
f  1147/214/128 1148/215/94 1149/216/129
f  1150/216/129 1151/215/94 1152/217/77
f  1153/216/129 1154/217/77 1155/218/130
f  1156/218/130 1157/217/77 1158/219/131
f  1159/219/131 1160/217/77 1161/220/21
f  1162/219/131 1163/220/21 1164/221/21
f  1165/1/22 1166/81/22 1167/222/132
f  1168/222/132 1169/81/22 1170/223/133
f  1171/222/132 1172/223/133 1173/224/134
f  1174/224/134 1175/223/133 1176/225/23
f  1177/224/134 1178/225/23 1179/226/135
f  1180/226/135 1181/225/23 1182/227/136
f  1183/226/135 1184/227/136 1185/228/137
f  1186/228/137 1187/227/136 1188/229/24
f  1189/228/137 1190/229/24 1191/230/138
f  1192/230/138 1193/229/24 1194/231/139
f  1195/230/138 1196/231/139 1197/232/140
f  1198/232/140 1199/231/139 1200/233/25
f  1201/232/140 1202/233/25 1203/234/141
f  1204/234/141 1205/233/25 1206/235/142
f  1207/234/141 1208/235/142 1209/236/143
f  1210/236/143 1211/235/142 1212/237/26
f  1213/236/143 1214/237/26 1215/238/144
f  1216/238/144 1217/237/26 1218/239/52
f  1219/238/144 1220/239/52 1221/240/145
f  1222/240/145 1223/239/52 1224/241/27
f  1225/240/145 1226/241/27 1227/242/146
f  1228/242/146 1229/241/27 1230/243/147
f  1231/242/146 1232/243/147 1233/244/148
f  1234/244/148 1235/243/147 1236/245/28
f  1237/244/148 1238/245/28 1239/246/149
f  1240/246/149 1241/245/28 1242/247/150
f  1243/246/149 1244/247/150 1245/248/151
f  1246/248/151 1247/247/150 1248/249/29
f  1249/248/151 1250/249/29 1251/250/152
f  1252/250/152 1253/249/29 1254/251/153
f  1255/250/152 1256/251/153 1257/252/154
f  1258/252/154 1259/251/153 1260/253/30
f  1261/252/154 1262/253/30 1263/254/155
f  1264/254/155 1265/253/30 1266/255/156
f  1267/254/155 1268/255/156 1269/256/157
f  1270/256/157 1271/255/156 1272/257/31
f  1273/256/157 1274/257/31 1275/258/31
f  1276/1/22 1277/81/22 1278/259/158
f  1279/259/158 1280/81/22 1281/260/158
f  1282/259/158 1283/260/158 1284/261/159
f  1285/261/159 1286/260/158 1287/262/159
f  1288/261/159 1289/262/159 1290/263/160
f  1291/263/160 1292/262/159 1293/264/160
f  1294/263/160 1295/264/160 1296/265/161
f  1297/265/161 1298/264/160 1299/266/161
f  1300/265/161 1301/266/161 1302/267/162
f  1303/267/162 1304/266/161 1305/268/162
f  1306/267/162 1307/268/162 1308/269/163
f  1309/269/163 1310/268/162 1311/270/163
f  1312/269/163 1313/270/163 1314/271/164
f  1315/271/164 1316/270/163 1317/272/164
f  1318/271/164 1319/272/164 1320/273/165
f  1321/273/165 1322/272/164 1323/274/165
f  1324/273/165 1325/274/165 1326/275/166
f  1327/275/166 1328/274/165 1329/276/166
f  1330/275/166 1331/276/166 1332/277/52
f  1333/277/52 1334/276/166 1335/278/52
f  1336/277/52 1337/278/52 1338/279/167
f  1339/279/167 1340/278/52 1341/280/167
f  1342/279/167 1343/280/167 1344/281/168
f  1345/281/168 1346/280/167 1347/282/168
f  1348/281/168 1349/282/168 1350/283/169
f  1351/283/169 1352/282/168 1353/284/169
f  1354/283/169 1355/284/169 1356/285/170
f  1357/285/170 1358/284/169 1359/286/170
f  1360/285/170 1361/286/170 1362/287/171
f  1363/287/171 1364/286/170 1365/288/171
f  1366/287/171 1367/288/171 1368/289/172
f  1369/289/172 1370/288/171 1371/290/172
f  1372/289/172 1373/290/172 1374/291/173
f  1375/291/173 1376/290/172 1377/292/173
f  1378/291/173 1379/292/173 1380/293/174
f  1381/293/174 1382/292/173 1383/294/174
f  1384/293/174 1385/294/174 1386/295/175
f  1387/295/175 1388/294/174 1389/296/175
f  1390/295/175 1391/296/175 1392/297/31
f  1393/297/31 1394/296/175 1395/298/31
f  1396/196/21 1397/299/176 1398/300/21
f  1399/300/21 1400/299/176 1401/301/176
f  1402/301/176 1403/299/176 1404/302/177
f  1405/301/176 1406/302/177 1407/303/177
f  1408/303/177 1409/302/177 1410/304/178
f  1411/303/177 1412/304/178 1413/305/178
f  1414/305/178 1415/304/178 1416/306/179
f  1417/305/178 1418/306/179 1419/307/179
f  1420/307/179 1421/306/179 1422/308/180
f  1423/307/179 1424/308/180 1425/309/180
f  1426/309/180 1427/308/180 1428/310/181
f  1429/309/180 1430/310/181 1431/311/181
f  1432/311/181 1433/310/181 1434/312/182
f  1435/311/181 1436/312/182 1437/313/182
f  1438/313/182 1439/312/182 1440/314/183
f  1441/313/182 1442/314/183 1443/315/183
f  1444/315/183 1445/314/183 1446/316/184
f  1447/315/183 1448/316/184 1449/317/184
f  1450/317/184 1451/316/184 1452/318/185
f  1453/317/184 1454/318/185 1455/319/185
f  1456/319/185 1457/318/185 1458/320/186
f  1459/319/185 1460/320/186 1461/321/186
f  1462/321/186 1463/320/186 1464/322/187
f  1465/321/186 1466/322/187 1467/323/187
f  1468/323/187 1469/322/187 1470/324/188
f  1471/323/187 1472/324/188 1473/325/188
f  1474/325/188 1475/324/188 1476/326/189
f  1477/325/188 1478/326/189 1479/327/189
f  1480/327/189 1481/326/189 1482/328/190
f  1483/327/189 1484/328/190 1485/329/190
f  1486/329/190 1487/328/190 1488/330/191
f  1489/329/190 1490/330/191 1491/331/191
f  1492/331/191 1493/330/191 1494/332/192
f  1495/331/191 1496/332/192 1497/333/192
f  1498/333/192 1499/332/192 1500/334/193
f  1501/333/192 1502/334/193 1503/335/193
f  1504/335/193 1505/334/193 1506/336/1
f  1507/336/1 1508/334/193 1509/337/1
f  1510/338/21 1511/339/21 1512/340/20
f  1513/340/20 1514/339/21 1515/341/20
f  1516/340/20 1517/341/20 1518/342/19
f  1519/342/19 1520/341/20 1521/343/19
f  1522/342/19 1523/343/19 1524/344/18
f  1525/344/18 1526/343/19 1527/345/18
f  1528/344/18 1529/345/18 1530/346/17
f  1531/346/17 1532/345/18 1533/347/17
f  1534/346/17 1535/347/17 1536/348/16
f  1537/348/16 1538/347/17 1539/349/16
f  1540/348/16 1541/349/16 1542/350/15
f  1543/350/15 1544/349/16 1545/351/15
f  1546/350/15 1547/351/15 1548/352/14
f  1549/352/14 1550/351/15 1551/353/14
f  1552/352/14 1553/353/14 1554/354/13
f  1555/354/13 1556/353/14 1557/355/13
f  1558/354/13 1559/355/13 1560/356/194
f  1561/356/194 1562/355/13 1563/357/195
f  1564/357/195 1565/355/13 1566/358/12
f  1567/357/195 1568/358/12 1569/359/196
f  1570/359/196 1571/358/12 1572/360/197
f  1573/360/197 1574/358/12 1575/361/198
f  1576/361/198 1577/358/12 1578/362/199
f  1579/362/199 1580/358/12 1581/363/200
f  1582/363/200 1583/358/12 1584/364/11
f  1585/363/200 1586/364/11 1587/365/201
f  1588/365/201 1589/364/11 1590/366/11
f  1591/366/11 1592/364/11 1593/367/202
f  1594/367/202 1595/364/11 1596/368/203
f  1597/368/203 1598/364/11 1599/369/10
f  1600/368/203 1601/369/10 1602/370/204
f  1603/370/204 1604/369/10 1605/371/205
f  1606/371/205 1607/369/10 1608/372/206
f  1609/372/206 1610/369/10 1611/373/207
f  1612/373/207 1613/369/10 1614/374/208
f  1615/374/208 1616/369/10 1617/375/209
f  1618/375/209 1619/369/10 1620/376/9
f  1621/375/209 1622/376/9 1623/377/9
f  1624/377/9 1625/376/9 1626/378/8
f  1627/378/8 1628/376/9 1629/379/8
f  1630/378/8 1631/379/8 1632/380/7
f  1633/380/7 1634/379/8 1635/381/7
f  1636/380/7 1637/381/7 1638/382/6
f  1639/382/6 1640/381/7 1641/383/6
f  1642/382/6 1643/383/6 1644/384/5
f  1645/384/5 1646/383/6 1647/385/5
f  1648/384/5 1649/385/5 1650/386/4
f  1651/386/4 1652/385/5 1653/387/4
f  1654/386/4 1655/387/4 1656/388/3
f  1657/388/3 1658/387/4 1659/389/3
f  1660/388/3 1661/389/3 1662/390/2
f  1663/390/2 1664/389/3 1665/391/2
f  1666/390/2 1667/391/2 1668/392/1
f  1669/392/1 1670/391/2 1671/393/1
f  1672/377/9 1673/394/10 1674/375/209
f  1675/375/209 1676/394/10 1677/395/208
f  1678/395/208 1679/394/10 1680/396/207
f  1681/396/207 1682/394/10 1683/397/206
f  1684/397/206 1685/394/10 1686/398/205
f  1687/398/205 1688/394/10 1689/399/204
f  1690/399/204 1691/394/10 1692/400/203
f  1693/400/203 1694/394/10 1695/401/11
f  1696/400/203 1697/401/11 1698/402/202
f  1699/402/202 1700/401/11 1701/403/11
f  1702/403/11 1703/401/11 1704/404/201
f  1705/404/201 1706/401/11 1707/405/200
f  1708/405/200 1709/401/11 1710/406/12
f  1711/405/200 1712/406/12 1713/407/199
f  1714/407/199 1715/406/12 1716/408/198
f  1717/408/198 1718/406/12 1719/409/197
f  1720/409/197 1721/406/12 1722/410/196
f  1723/410/196 1724/406/12 1725/411/195
f  1726/411/195 1727/406/12 1728/354/13
f  1729/411/195 1730/354/13 1731/356/194
f  1732/412/1 1733/413/1 1734/414/210
f  1735/414/210 1736/413/1 1737/415/210
f  1738/414/210 1739/415/210 1740/416/211
f  1741/416/211 1742/415/210 1743/417/211
f  1744/416/211 1745/417/211 1746/418/212
f  1747/418/212 1748/417/211 1749/419/212
f  1750/418/212 1751/419/212 1752/420/213
f  1753/420/213 1754/419/212 1755/421/213
f  1756/420/213 1757/421/213 1758/422/214
f  1759/422/214 1760/421/213 1761/423/214
f  1762/422/214 1763/423/214 1764/424/215
f  1765/424/215 1766/423/214 1767/425/215
f  1768/424/215 1769/425/215 1770/426/216
f  1771/426/216 1772/425/215 1773/427/216
f  1774/426/216 1775/427/216 1776/428/217
f  1777/428/217 1778/427/216 1779/429/217
f  1780/428/217 1781/429/217 1782/430/218
f  1783/430/218 1784/429/217 1785/431/218
f  1786/430/218 1787/431/218 1788/432/219
f  1789/432/219 1790/431/218 1791/433/219
f  1792/432/219 1793/433/219 1794/434/220
f  1795/434/220 1796/433/219 1797/435/220
f  1798/434/220 1799/435/220 1800/436/221
f  1801/436/221 1802/435/220 1803/437/221
f  1804/436/221 1805/437/221 1806/438/222
f  1807/438/222 1808/437/221 1809/439/222
f  1810/438/222 1811/439/222 1812/440/223
f  1813/440/223 1814/439/222 1815/441/223
f  1816/440/223 1817/441/223 1818/442/224
f  1819/442/224 1820/441/223 1821/443/224
f  1822/442/224 1823/443/224 1824/444/225
f  1825/444/225 1826/443/224 1827/445/225
f  1828/444/225 1829/445/225 1830/446/226
f  1831/446/226 1832/445/225 1833/447/226
f  1834/446/226 1835/447/226 1836/448/227
f  1837/448/227 1838/447/226 1839/449/227
f  1840/448/227 1841/449/227 1842/450/228
f  1843/450/228 1844/449/227 1845/451/228
f  1846/450/228 1847/451/228 1848/338/21
f  1849/338/21 1850/451/228 1851/339/21
f  1852/452/124 1853/453/124 1854/454/124
f  1855/454/124 1856/453/124 1857/455/124
f  1858/454/124 1859/455/124 1860/456/124
f  1861/456/124 1862/455/124 1863/457/124
f  1864/456/124 1865/457/124 1866/458/124
f  1867/458/124 1868/457/124 1869/459/124
f  1870/458/124 1871/459/124 1872/460/124
f  1873/459/124 1874/457/124 1875/461/124
f  1876/461/124 1877/457/124 1878/462/124
f  1879/461/124 1880/462/124 1881/463/124
f  1882/463/124 1883/462/124 1884/464/124
f  1885/464/124 1886/462/124 1887/465/124
f  1888/464/124 1889/465/124 1890/466/124
f  1891/466/124 1892/465/124 1893/467/124
f  1894/467/124 1895/465/124 1896/468/124
f  1897/467/124 1898/468/124 1899/469/124
f  1900/469/124 1901/468/124 1902/470/124
f  1903/470/124 1904/468/124 1905/471/124
f  1906/471/124 1907/468/124 1908/472/124
f  1909/471/124 1910/472/124 1911/473/124
f  1912/473/124 1913/472/124 1914/474/124
f  1915/474/124 1916/472/124 1917/475/124
f  1918/474/124 1919/475/124 1920/476/124
f  1921/476/124 1922/475/124 1923/477/124
f  1924/476/124 1925/477/124 1926/478/124
f  1927/478/124 1928/477/124 1929/479/124
f  1930/478/124 1931/479/124 1932/480/124
f  1933/480/124 1934/479/124 1935/481/124
f  1936/481/124 1937/479/124 1938/482/124
f  1939/481/124 1940/482/124 1941/483/124
f  1942/483/124 1943/482/124 1944/484/124
f  1945/484/124 1946/482/124 1947/458/124
f  1948/484/124 1949/458/124 1950/460/124
f  1951/477/124 1952/475/124 1953/485/124
f  1954/485/124 1955/475/124 1956/486/124
f  1957/485/124 1958/486/124 1959/487/124
f  1960/487/124 1961/486/124 1962/488/124
f  1963/487/124 1964/488/124 1965/489/124
f  1966/487/124 1967/489/124 1968/490/124
f  1969/490/124 1970/489/124 1971/491/124
f  1972/490/124 1973/491/124 1974/492/124
f  1975/492/124 1976/491/124 1977/493/124
f  1978/492/124 1979/493/124 1980/494/124
f  1981/493/124 1982/491/124 1983/495/124
f  1984/495/124 1985/491/124 1986/496/124
f  1987/495/124 1988/496/124 1989/497/124
f  1990/497/124 1991/496/124 1992/498/124
f  1993/498/124 1994/496/124 1995/499/124
f  1996/498/124 1997/499/124 1998/500/124
f  1999/500/124 2000/499/124 2001/501/124
f  2002/501/124 2003/499/124 2004/502/124
f  2005/502/124 2006/499/124 2007/503/124
f  2008/502/124 2009/503/124 2010/504/124
f  2011/504/124 2012/503/124 2013/505/124
f  2014/505/124 2015/503/124 2016/506/124
f  2017/505/124 2018/506/124 2019/507/124
f  2020/507/124 2021/506/124 2022/508/124
f  2023/508/124 2024/506/124 2025/509/124
f  2026/508/124 2027/509/124 2028/510/124
f  2029/510/124 2030/509/124 2031/511/124
f  2032/510/124 2033/511/124 2034/512/124
f  2035/512/124 2036/511/124 2037/513/124
f  2038/513/124 2039/511/124 2040/514/124
f  2041/513/124 2042/514/124 2043/515/124
f  2044/515/124 2045/514/124 2046/516/124
f  2047/516/124 2048/514/124 2049/517/124
f  2050/516/124 2051/517/124 2052/518/124
f  2053/518/124 2054/517/124 2055/494/124
f  2056/494/124 2057/517/124 2058/492/124
f  2059/511/124 2060/509/124 2061/519/124
f  2062/519/124 2063/509/124 2064/520/124
f  2065/519/124 2066/520/124 2067/521/124
f  2068/521/124 2069/520/124 2070/522/124
f  2071/521/124 2072/522/124 2073/523/124
f  2074/521/124 2075/523/124 2076/524/124
f  2077/524/124 2078/523/124 2079/525/124
f  2080/524/124 2081/525/124 2082/526/124
f  2083/526/124 2084/525/124 2085/527/124
f  2086/526/124 2087/527/124 2088/528/124
f  2089/527/124 2090/525/124 2091/529/124
f  2092/529/124 2093/525/124 2094/530/124
f  2095/529/124 2096/530/124 2097/531/124
f  2098/531/124 2099/530/124 2100/532/124
f  2101/532/124 2102/530/124 2103/533/124
f  2104/532/124 2105/533/124 2106/534/124
f  2107/534/124 2108/533/124 2109/535/124
f  2110/535/124 2111/533/124 2112/536/124
f  2113/535/124 2114/536/124 2115/537/124
f  2116/537/124 2117/536/124 2118/538/124
f  2119/538/124 2120/536/124 2121/539/124
f  2122/539/124 2123/536/124 2124/540/124
f  2125/539/124 2126/540/124 2127/541/124
f  2128/541/124 2129/540/124 2130/542/124
f  2131/542/124 2132/540/124 2133/543/124
f  2134/542/124 2135/543/124 2136/544/124
f  2137/544/124 2138/543/124 2139/545/124
f  2140/545/124 2141/543/124 2142/546/124
f  2143/546/124 2144/543/124 2145/547/124
f  2146/546/124 2147/547/124 2148/548/124
f  2149/548/124 2150/547/124 2151/549/124
f  2152/549/124 2153/547/124 2154/550/124
f  2155/549/124 2156/550/124 2157/551/124
f  2158/551/124 2159/550/124 2160/552/124
f  2161/552/124 2162/550/124 2163/553/124
f  2164/553/124 2165/550/124 2166/554/124
f  2167/553/124 2168/554/124 2169/555/124
f  2170/555/124 2171/554/124 2172/556/124
f  2173/556/124 2174/554/124 2175/557/124
f  2176/556/124 2177/557/124 2178/558/124
f  2179/558/124 2180/557/124 2181/559/124
f  2182/559/124 2183/557/124 2184/560/124
f  2185/559/124 2186/560/124 2187/561/124
f  2188/557/124 2189/562/124 2190/560/124
f  2191/560/124 2192/562/124 2193/563/124
f  2194/563/124 2195/562/124 2196/564/124
f  2197/564/124 2198/562/124 2199/565/124
f  2200/564/124 2201/565/124 2202/566/124
f  2203/566/124 2204/565/124 2205/567/124
f  2206/567/124 2207/565/124 2208/568/124
f  2209/568/124 2210/565/124 2211/569/124
f  2212/568/124 2213/569/124 2214/570/124
f  2215/570/124 2216/569/124 2217/571/124
f  2218/571/124 2219/569/124 2220/572/124
f  2221/571/124 2222/572/124 2223/573/124
f  2224/573/124 2225/572/124 2226/574/124
f  2227/574/124 2228/572/124 2229/575/124
f  2230/574/124 2231/575/124 2232/576/124
f  2233/576/124 2234/575/124 2235/577/124
f  2236/576/124 2237/577/124 2238/578/124
f  2239/578/124 2240/577/124 2241/579/124
f  2242/579/124 2243/577/124 2244/580/124
f  2245/579/124 2246/580/124 2247/581/124
f  2248/581/124 2249/580/124 2250/582/124
f  2251/582/124 2252/580/124 2253/583/124
f  2254/582/124 2255/583/124 2256/584/124
f  2257/584/124 2258/583/124 2259/585/124
f  2260/585/124 2261/583/124 2262/586/124
f  2263/585/124 2264/586/124 2265/561/124
f  2266/561/124 2267/586/124 2268/559/124
f  2269/577/124 2270/575/124 2271/587/124
f  2272/587/124 2273/575/124 2274/452/124
f  2275/587/124 2276/452/124 2277/454/124
f  2278/528/124 2279/588/124 2280/526/124
f  2281/526/124 2282/588/124 2283/589/124
f  2284/589/124 2285/588/124 2286/590/124
f  2287/589/124 2288/590/124 2289/591/124
f  2290/589/124 2291/591/124 2292/592/124
f  2293/592/124 2294/591/124 2295/593/124
f  2296/592/124 2297/593/124 2298/594/124
f  2299/592/124 2300/594/124 2301/595/124
f  2302/595/124 2303/594/124 2304/596/124
f  2305/595/124 2306/596/124 2307/544/124
f  2308/544/124 2309/596/124 2310/542/124
f  2311/544/124 2312/597/124 2313/595/124
f  2314/595/124 2315/597/124 2316/598/124
f  2317/598/124 2318/597/124 2319/599/124
f  2320/598/124 2321/599/124 2322/600/124
f  2323/598/124 2324/600/124 2325/601/124
f  2326/601/124 2327/600/124 2328/602/124
f  2329/601/124 2330/602/124 2331/603/124
f  2332/603/124 2333/602/124 2334/604/124
f  2335/603/124 2336/604/124 2337/605/124
f  2338/603/124 2339/605/124 2340/586/124
f  2341/586/124 2342/605/124 2343/559/124
f  2344/606/1 2345/607/1 2346/608/229
f  2347/608/229 2348/607/1 2349/609/229
f  2350/608/229 2351/609/229 2352/610/230
f  2353/608/229 2354/610/230 2355/611/230
f  2356/611/230 2357/610/230 2358/612/231
f  2359/611/230 2360/612/231 2361/613/231
f  2362/613/231 2363/612/231 2364/614/232
f  2365/613/231 2366/614/232 2367/615/232
f  2368/615/232 2369/614/232 2370/616/233
f  2371/615/232 2372/616/233 2373/617/233
f  2374/617/233 2375/616/233 2376/618/234
f  2377/617/233 2378/618/234 2379/619/234
f  2380/619/234 2381/618/234 2382/620/235
f  2383/619/234 2384/620/235 2385/621/235
f  2386/621/235 2387/620/235 2388/622/236
f  2389/621/235 2390/622/236 2391/623/236
f  2392/623/236 2393/622/236 2394/624/237
f  2395/623/236 2396/624/237 2397/625/237
f  2398/625/237 2399/624/237 2400/626/238
f  2401/625/237 2402/626/238 2403/627/238
f  2404/627/238 2405/626/238 2406/628/239
f  2407/627/238 2408/628/239 2409/629/239
f  2410/629/239 2411/628/239 2412/630/240
f  2413/629/239 2414/630/240 2415/631/240
f  2416/631/240 2417/630/240 2418/632/241
f  2419/631/240 2420/632/241 2421/633/241
f  2422/633/241 2423/632/241 2424/634/242
f  2425/633/241 2426/634/242 2427/635/242
f  2428/635/242 2429/634/242 2430/636/243
f  2431/635/242 2432/636/243 2433/637/243
f  2434/637/243 2435/636/243 2436/638/244
f  2437/637/243 2438/638/244 2439/639/244
f  2440/639/244 2441/638/244 2442/640/245
f  2443/639/244 2444/640/245 2445/641/245
f  2446/641/245 2447/640/245 2448/642/246
f  2449/641/245 2450/642/246 2451/643/246
f  2452/643/246 2453/642/246 2454/196/21
f  2455/643/246 2456/196/21 2457/300/21
f  2458/644/124 2459/645/124 2460/646/124
f  2461/646/124 2462/645/124 2463/647/124
f  2464/646/124 2465/647/124 2466/648/124
f  2467/648/124 2468/647/124 2469/649/124
f  2470/648/124 2471/649/124 2472/650/124
f  2473/650/124 2474/649/124 2475/651/124
f  2476/650/124 2477/651/124 2478/652/124
f  2479/652/124 2480/651/124 2481/653/124
f  2482/652/124 2483/653/124 2484/654/124
f  2485/654/124 2486/653/124 2487/655/124
f  2488/654/124 2489/655/124 2490/656/124
f  2491/656/124 2492/655/124 2493/657/124
f  2494/656/124 2495/657/124 2496/658/124
f  2497/658/124 2498/657/124 2499/659/124
f  2500/658/124 2501/659/124 2502/660/124
f  2503/660/124 2504/659/124 2505/661/124
f  2506/660/124 2507/661/124 2508/662/124
f  2509/662/124 2510/661/124 2511/663/124
f  2512/662/124 2513/663/124 2514/664/124
f  2515/664/124 2516/663/124 2517/665/124
f  2518/664/124 2519/665/124 2520/666/124
f  2521/666/124 2522/665/124 2523/667/124
f  2524/666/124 2525/667/124 2526/668/124
f  2527/668/124 2528/667/124 2529/669/124
f  2530/668/124 2531/669/124 2532/670/124
f  2533/670/124 2534/669/124 2535/671/124
f  2536/670/124 2537/671/124 2538/672/124
f  2539/672/124 2540/671/124 2541/673/124
f  2542/672/124 2543/673/124 2544/674/124
f  2545/674/124 2546/673/124 2547/675/124
f  2548/674/124 2549/675/124 2550/676/124
f  2551/676/124 2552/675/124 2553/677/124
f  2554/676/124 2555/677/124 2556/678/124
f  2557/678/124 2558/677/124 2559/679/124
f  2560/678/124 2561/679/124 2562/680/124
f  2563/680/124 2564/679/124 2565/681/124
f  2566/680/124 2567/681/124 2568/682/124
f  2569/682/124 2570/681/124 2571/683/124
f  2572/682/124 2573/683/124 2574/684/124
f  2575/684/124 2576/683/124 2577/685/124
f  2578/684/124 2579/685/124 2580/686/124
f  2581/684/124 2582/686/124 2583/687/124
f  2584/687/124 2585/686/124 2586/688/124
f  2587/687/124 2588/688/124 2589/689/124
f  2590/689/124 2591/688/124 2592/690/124
f  2593/689/124 2594/690/124 2595/691/124
f  2596/691/124 2597/690/124 2598/692/124
f  2599/691/124 2600/692/124 2601/693/124
f  2602/693/124 2603/692/124 2604/694/124
f  2605/693/124 2606/694/124 2607/695/124
f  2608/695/124 2609/694/124 2610/696/124
f  2611/695/124 2612/696/124 2613/697/124
f  2614/697/124 2615/696/124 2616/698/124
f  2617/697/124 2618/698/124 2619/699/124
f  2620/699/124 2621/698/124 2622/700/124
f  2623/699/124 2624/700/124 2625/701/124
f  2626/701/124 2627/700/124 2628/702/124
f  2629/701/124 2630/702/124 2631/703/124
f  2632/703/124 2633/702/124 2634/704/124
f  2635/703/124 2636/704/124 2637/705/124
f  2638/705/124 2639/704/124 2640/706/124
f  2641/705/124 2642/706/124 2643/707/124
f  2644/707/124 2645/706/124 2646/708/124
f  2647/707/124 2648/708/124 2649/709/124
f  2650/709/124 2651/708/124 2652/710/124
f  2653/709/124 2654/710/124 2655/711/124
f  2656/711/124 2657/710/124 2658/712/124
f  2659/711/124 2660/712/124 2661/713/124
f  2662/713/124 2663/712/124 2664/714/124
f  2665/713/124 2666/714/124 2667/715/124
f  2668/715/124 2669/714/124 2670/716/124
f  2671/715/124 2672/716/124 2673/717/124
f  2674/717/124 2675/716/124 2676/718/124
f  2677/717/124 2678/718/124 2679/719/124
f  2680/719/124 2681/718/124 2682/720/124
f  2683/719/124 2684/720/124 2685/721/124
f  2686/721/124 2687/720/124 2688/644/124
f  2689/721/124 2690/644/124 2691/646/124
f  2692/722/247 2693/723/247 2694/724/247
f  2695/724/247 2696/723/247 2697/725/247
f  2698/724/247 2699/725/247 2700/726/247
f  2701/726/247 2702/725/247 2703/727/247
f  2704/726/247 2705/727/247 2706/728/247
f  2707/728/247 2708/727/247 2709/729/247
f  2710/728/247 2711/729/247 2712/730/247
f  2713/730/247 2714/729/247 2715/731/247
f  2716/730/247 2717/731/247 2718/732/247
f  2719/732/247 2720/731/247 2721/733/247
f  2722/732/247 2723/733/247 2724/734/247
f  2725/734/247 2726/733/247 2727/735/247
f  2728/734/247 2729/735/247 2730/736/247
f  2731/736/247 2732/735/247 2733/737/247
f  2734/736/247 2735/737/247 2736/738/247
f  2737/738/247 2738/737/247 2739/739/247
f  2740/738/247 2741/739/247 2742/740/247
f  2743/740/247 2744/739/247 2745/741/247
f  2746/740/247 2747/741/247 2748/742/247
f  2749/742/247 2750/741/247 2751/1/247
f  2752/742/247 2753/1/247 2754/743/247
f  2755/743/247 2756/1/247 2757/744/247
f  2758/744/247 2759/1/247 2760/745/247
f  2761/744/247 2762/745/247 2763/746/247
f  2764/746/247 2765/745/247 2766/747/247
f  2767/746/247 2768/747/247 2769/748/247
f  2770/748/247 2771/747/247 2772/749/247
f  2773/748/247 2774/749/247 2775/750/247
f  2776/750/247 2777/749/247 2778/751/247
f  2779/750/247 2780/751/247 2781/752/247
f  2782/752/247 2783/751/247 2784/753/247
f  2785/752/247 2786/753/247 2787/754/247
f  2788/754/247 2789/753/247 2790/755/247
f  2791/754/247 2792/755/247 2793/756/247
f  2794/756/247 2795/755/247 2796/757/247
f  2797/756/247 2798/757/247 2799/758/247
f  2800/758/247 2801/757/247 2802/759/247
f  2803/758/247 2804/759/247 2805/760/247
f  2806/760/247 2807/759/247 2808/761/247
f  2809/760/247 2810/761/247 2811/762/247
f  2812/762/247 2813/761/247 2814/763/247
f  2815/762/247 2816/763/247 2817/764/247
f  2818/762/247 2819/764/247 2820/765/247
f  2821/765/247 2822/764/247 2823/766/247
f  2824/765/247 2825/766/247 2826/767/247
f  2827/767/247 2828/766/247 2829/768/247
f  2830/767/247 2831/768/247 2832/769/247
f  2833/769/247 2834/768/247 2835/770/247
f  2836/769/247 2837/770/247 2838/771/247
f  2839/771/247 2840/770/247 2841/772/247
f  2842/771/247 2843/772/247 2844/773/247
f  2845/773/247 2846/772/247 2847/774/247
f  2848/773/247 2849/774/247 2850/775/247
f  2851/775/247 2852/774/247 2853/776/247
f  2854/775/247 2855/776/247 2856/777/247
f  2857/777/247 2858/776/247 2859/778/247
f  2860/777/247 2861/778/247 2862/779/247
f  2863/779/247 2864/778/247 2865/780/247
f  2866/779/247 2867/780/247 2868/781/247
f  2869/781/247 2870/780/247 2871/782/247
f  2872/781/247 2873/782/247 2874/783/247
f  2875/783/247 2876/782/247 2877/784/247
f  2878/784/247 2879/782/247 2880/785/247
f  2881/784/247 2882/785/247 2883/786/247
f  2884/786/247 2885/785/247 2886/787/247
f  2887/786/247 2888/787/247 2889/788/247
f  2890/788/247 2891/787/247 2892/789/247
f  2893/788/247 2894/789/247 2895/790/247
f  2896/790/247 2897/789/247 2898/791/247
f  2899/790/247 2900/791/247 2901/792/247
f  2902/792/247 2903/791/247 2904/793/247
f  2905/792/247 2906/793/247 2907/794/247
f  2908/794/247 2909/793/247 2910/795/247
f  2911/794/247 2912/795/247 2913/796/247
f  2914/796/247 2915/795/247 2916/797/247
f  2917/796/247 2918/797/247 2919/798/247
f  2920/798/247 2921/797/247 2922/799/247
f  2923/798/247 2924/799/247 2925/800/247
f  2926/800/247 2927/799/247 2928/722/247
f  2929/800/247 2930/722/247 2931/724/247
f  2932/801/31 2933/802/31 2934/803/248
f  2935/803/248 2936/802/31 2937/804/248
f  2938/803/248 2939/804/248 2940/805/249
f  2941/805/249 2942/804/248 2943/806/249
f  2944/805/249 2945/806/249 2946/807/250
f  2947/807/250 2948/806/249 2949/808/250
f  2950/807/250 2951/808/250 2952/809/251
f  2953/809/251 2954/808/250 2955/810/251
f  2956/809/251 2957/810/251 2958/811/252
f  2959/811/252 2960/810/251 2961/812/252
f  2962/811/252 2963/812/252 2964/813/253
f  2965/813/253 2966/812/252 2967/814/253
f  2968/813/253 2969/814/253 2970/815/254
f  2971/815/254 2972/814/253 2973/816/254
f  2974/815/254 2975/816/254 2976/817/255
f  2977/817/255 2978/816/254 2979/818/255
f  2980/817/255 2981/818/255 2982/819/256
f  2983/819/256 2984/818/255 2985/820/256
f  2986/819/256 2987/820/256 2988/821/257
f  2989/821/257 2990/820/256 2991/822/257
f  2992/821/257 2993/822/257 2994/823/258
f  2995/823/258 2996/822/257 2997/824/258
f  2998/823/258 2999/824/258 3000/825/259
f  3001/825/259 3002/824/258 3003/826/259
f  3004/825/259 3005/826/259 3006/827/260
f  3007/827/260 3008/826/259 3009/828/260
f  3010/827/260 3011/828/260 3012/829/261
f  3013/829/261 3014/828/260 3015/830/261
f  3016/829/261 3017/830/261 3018/831/262
f  3019/831/262 3020/830/261 3021/832/262
f  3022/831/262 3023/832/262 3024/833/263
f  3025/833/263 3026/832/262 3027/834/263
f  3028/833/263 3029/834/263 3030/835/264
f  3031/835/264 3032/834/263 3033/836/264
f  3034/835/264 3035/836/264 3036/837/265
f  3037/837/265 3038/836/264 3039/838/265
f  3040/837/265 3041/838/265 3042/839/266
f  3043/839/266 3044/838/265 3045/840/266
f  3046/839/266 3047/840/266 3048/1/22
f  3049/1/22 3050/840/266 3051/81/22
f  3052/841/31 3053/842/31 3054/843/267
f  3055/843/267 3056/842/31 3057/844/268
f  3058/843/267 3059/844/268 3060/845/269
f  3061/845/269 3062/844/268 3063/846/270
f  3064/845/269 3065/846/270 3066/847/271
f  3067/847/271 3068/846/270 3069/848/272
f  3070/847/271 3071/848/272 3072/849/273
f  3073/849/273 3074/848/272 3075/850/274
f  3076/849/273 3077/850/274 3078/851/275
f  3079/851/275 3080/850/274 3081/852/276
f  3082/851/275 3083/852/276 3084/853/277
f  3085/853/277 3086/852/276 3087/854/278
f  3088/853/277 3089/854/278 3090/855/279
f  3091/855/279 3092/854/278 3093/856/280
f  3094/855/279 3095/856/280 3096/857/281
f  3097/857/281 3098/856/280 3099/858/282
f  3100/857/281 3101/858/282 3102/859/283
f  3103/859/283 3104/858/282 3105/860/257
f  3106/859/283 3107/860/257 3108/861/284
f  3109/861/284 3110/860/257 3111/862/285
f  3112/861/284 3113/862/285 3114/863/286
f  3115/863/286 3116/862/285 3117/864/287
f  3118/863/286 3119/864/287 3120/865/288
f  3121/865/288 3122/864/287 3123/866/289
f  3124/865/288 3125/866/289 3126/867/290
f  3127/867/290 3128/866/289 3129/868/291
f  3130/867/290 3131/868/291 3132/869/292
f  3133/869/292 3134/868/291 3135/870/293
f  3136/869/292 3137/870/293 3138/871/294
f  3139/871/294 3140/870/293 3141/872/295
f  3142/871/294 3143/872/295 3144/873/296
f  3145/873/296 3146/872/295 3147/874/297
f  3148/873/296 3149/874/297 3150/875/298
f  3151/875/298 3152/874/297 3153/876/299
f  3154/875/298 3155/876/299 3156/877/300
f  3157/877/300 3158/876/299 3159/81/22
f  3160/877/300 3161/81/22 3162/1/22
f  3163/878/21 3164/879/21 3165/880/301
f  3166/880/301 3167/879/21 3168/881/302
f  3169/880/301 3170/881/302 3171/882/303
f  3172/882/303 3173/881/302 3174/883/304
f  3175/883/304 3176/881/302 3177/884/305
f  3178/883/304 3179/884/305 3180/885/306
f  3181/885/306 3182/884/305 3183/886/307
f  3184/885/306 3185/886/307 3186/887/308
f  3187/887/308 3188/886/307 3189/888/309
f  3190/888/309 3191/886/307 3192/889/310
f  3193/888/309 3194/889/310 3195/890/311
f  3196/890/311 3197/889/310 3198/891/247
f  3199/891/247 3200/889/310 3201/892/312
f  3202/891/247 3203/892/312 3204/893/313
f  3205/893/313 3206/892/312 3207/894/314
f  3208/894/314 3209/892/312 3210/895/315
f  3211/894/314 3212/895/315 3213/896/316
f  3214/896/316 3215/895/315 3216/897/317
f  3217/897/317 3218/895/315 3219/898/318
f  3220/897/317 3221/898/318 3222/899/319
f  3223/899/319 3224/898/318 3225/900/320
f  3226/899/319 3227/900/320 3228/901/321
f  3229/901/321 3230/900/320 3231/902/322
f  3232/902/322 3233/900/320 3234/196/1
f  3235/902/322 3236/196/1 3237/195/1
f  3238/903/11 3239/904/11 3240/905/11
f  3241/905/11 3242/904/11 3243/906/11
f  3244/905/11 3245/906/11 3246/907/11
f  3247/907/11 3248/906/11 3249/908/11
f  3250/907/11 3251/908/11 3252/909/11
f  3253/909/11 3254/908/11 3255/910/11
f  3256/909/11 3257/910/11 3258/911/11
f  3259/904/11 3260/903/11 3261/912/11
f  3262/912/11 3263/903/11 3264/913/11
f  3265/912/11 3266/913/11 3267/914/11
f  3268/914/11 3269/913/11 3270/915/11
f  3271/914/11 3272/915/11 3273/916/11
f  3274/916/11 3275/915/11 3276/917/11
f  3277/916/11 3278/917/11 3279/918/11
f  3280/911/11 3281/919/11 3282/909/11
f  3283/909/11 3284/919/11 3285/920/11
f  3286/921/11 3287/922/11 3288/923/323
f  3289/923/323 3290/922/11 3291/924/9
f  3292/923/323 3293/924/9 3294/925/324
f  3295/925/324 3296/924/9 3297/926/7
f  3298/925/324 3299/926/7 3300/927/325
f  3301/927/325 3302/926/7 3303/928/5
f  3304/927/325 3305/928/5 3306/929/326
f  3307/929/326 3308/928/5 3309/930/3
f  3310/929/326 3311/930/3 3312/931/320
f  3313/931/320 3314/930/3 3315/932/1
f  3316/929/326 3317/931/320 3318/933/327
f  3319/933/327 3320/931/320 3321/934/318
f  3322/933/327 3323/934/318 3324/935/328
f  3325/935/328 3326/934/318 3327/936/315
f  3328/935/328 3329/936/315 3330/937/329
f  3331/937/329 3332/936/315 3333/938/312
f  3334/937/329 3335/938/312 3336/939/330
f  3337/939/330 3338/938/312 3339/940/310
f  3340/939/330 3341/940/310 3342/941/331
f  3343/941/331 3344/940/310 3345/942/307
f  3346/941/331 3347/942/307 3348/943/332
f  3349/943/332 3350/942/307 3351/944/305
f  3352/943/332 3353/944/305 3354/945/333
f  3355/945/333 3356/944/305 3357/946/302
f  3358/945/333 3359/946/302 3360/137/19
f  3361/137/19 3362/946/302 3363/1/21
f  3364/137/19 3365/139/17 3366/945/333
f  3367/945/333 3368/139/17 3369/947/334
f  3370/945/333 3371/947/334 3372/943/332
f  3373/943/332 3374/947/334 3375/948/335
f  3376/943/332 3377/948/335 3378/941/331
f  3379/941/331 3380/948/335 3381/949/336
f  3382/941/331 3383/949/336 3384/939/330
f  3385/939/330 3386/949/336 3387/950/337
f  3388/939/330 3389/950/337 3390/937/329
f  3391/937/329 3392/950/337 3393/951/338
f  3394/937/329 3395/951/338 3396/935/328
f  3397/935/328 3398/951/338 3399/952/339
f  3400/935/328 3401/952/339 3402/933/327
f  3403/933/327 3404/952/339 3405/953/340
f  3406/933/327 3407/953/340 3408/929/326
f  3409/929/326 3410/953/340 3411/927/325
f  3412/139/17 3413/141/15 3414/947/334
f  3415/947/334 3416/141/15 3417/954/341
f  3418/947/334 3419/954/341 3420/948/335
f  3421/948/335 3422/954/341 3423/955/342
f  3424/948/335 3425/955/342 3426/949/336
f  3427/949/336 3428/955/342 3429/956/343
f  3430/949/336 3431/956/343 3432/950/337
f  3433/950/337 3434/956/343 3435/957/344
f  3436/950/337 3437/957/344 3438/951/338
f  3439/951/338 3440/957/344 3441/958/345
f  3442/951/338 3443/958/345 3444/952/339
f  3445/952/339 3446/958/345 3447/959/346
f  3448/952/339 3449/959/346 3450/953/340
f  3451/953/340 3452/959/346 3453/960/347
f  3454/953/340 3455/960/347 3456/927/325
f  3457/927/325 3458/960/347 3459/925/324
f  3460/141/15 3461/143/13 3462/954/341
f  3463/954/341 3464/143/13 3465/961/348
f  3466/954/341 3467/961/348 3468/955/342
f  3469/955/342 3470/961/348 3471/962/349
f  3472/955/342 3473/962/349 3474/956/343
f  3475/956/343 3476/962/349 3477/963/350
f  3478/956/343 3479/963/350 3480/957/344
f  3481/957/344 3482/963/350 3483/964/351
f  3484/957/344 3485/964/351 3486/958/345
f  3487/958/345 3488/964/351 3489/965/352
f  3490/958/345 3491/965/352 3492/959/346
f  3493/959/346 3494/965/352 3495/966/353
f  3496/959/346 3497/966/353 3498/960/347
f  3499/960/347 3500/966/353 3501/967/354
f  3502/960/347 3503/967/354 3504/925/324
f  3505/925/324 3506/967/354 3507/923/323
f  3508/143/13 3509/145/11 3510/961/348
f  3511/961/348 3512/145/11 3513/968/11
f  3514/961/348 3515/968/11 3516/962/349
f  3517/962/349 3518/968/11 3519/969/11
f  3520/962/349 3521/969/11 3522/963/350
f  3523/963/350 3524/969/11 3525/970/11
f  3526/963/350 3527/970/11 3528/964/351
f  3529/964/351 3530/970/11 3531/971/11
f  3532/964/351 3533/971/11 3534/965/352
f  3535/965/352 3536/971/11 3537/972/11
f  3538/965/352 3539/972/11 3540/966/353
f  3541/966/353 3542/972/11 3543/973/11
f  3544/966/353 3545/973/11 3546/967/354
f  3547/967/354 3548/973/11 3549/974/11
f  3550/967/354 3551/974/11 3552/923/323
f  3553/923/323 3554/974/11 3555/921/11
f  3556/975/1 3557/976/1 3558/977/355
f  3559/977/355 3560/976/1 3561/978/355
f  3562/977/355 3563/978/355 3564/979/356
f  3565/979/356 3566/978/355 3567/980/356
f  3568/979/356 3569/980/356 3570/981/357
f  3571/981/357 3572/980/356 3573/982/357
f  3574/981/357 3575/982/357 3576/983/358
f  3577/983/358 3578/982/357 3579/984/358
f  3580/983/358 3581/984/358 3582/985/359
f  3583/985/359 3584/984/358 3585/986/359
f  3586/985/359 3587/986/359 3588/987/360
f  3589/987/360 3590/986/359 3591/988/360
f  3592/987/360 3593/988/360 3594/989/361
f  3595/989/361 3596/988/360 3597/990/361
f  3598/989/361 3599/990/361 3600/991/362
f  3601/991/362 3602/990/361 3603/992/362
f  3604/991/362 3605/992/362 3606/993/363
f  3607/993/363 3608/992/362 3609/994/363
f  3610/993/363 3611/994/363 3612/995/364
f  3613/995/364 3614/994/363 3615/996/364
f  3616/995/364 3617/996/364 3618/997/365
f  3619/997/365 3620/996/364 3621/998/365
f  3622/997/365 3623/998/365 3624/999/366
f  3625/999/366 3626/998/365 3627/1000/366
f  3628/999/366 3629/1000/366 3630/109/21
f  3631/109/21 3632/1000/366 3633/1/21
f  3634/1001/124 3635/1002/124 3636/1003/124
f  3637/1003/124 3638/1002/124 3639/1004/124
f  3640/1004/124 3641/1002/124 3642/1005/124
f  3643/1005/124 3644/1002/124 3645/1006/124
f  3646/1006/124 3647/1002/124 3648/1007/124
f  3649/1007/124 3650/1002/124 3651/1008/124
f  3652/1007/124 3653/1008/124 3654/1009/124
f  3655/1009/124 3656/1008/124 3657/1010/124
f  3658/1010/124 3659/1008/124 3660/1011/124
f  3661/1011/124 3662/1008/124 3663/1012/124
f  3664/1012/124 3665/1008/124 3666/1013/124
f  3667/1013/124 3668/1008/124 3669/1014/124
f  3670/1014/124 3671/1008/124 3672/1015/124
f  3673/1015/124 3674/1008/124 3675/1016/124
f  3676/1016/124 3677/1008/124 3678/1017/124
f  3679/1017/124 3680/1008/124 3681/1018/124
f  3682/1018/124 3683/1008/124 3684/1019/124
f  3685/1018/124 3686/1019/124 3687/1020/124
f  3688/1020/124 3689/1019/124 3690/1021/124
f  3691/1020/124 3692/1021/124 3693/1022/124
f  3694/1022/124 3695/1021/124 3696/1023/124
f  3697/1022/124 3698/1023/124 3699/1024/124
f  3700/1024/124 3701/1023/124 3702/1025/124
f  3703/1024/124 3704/1025/124 3705/1026/124
f  3706/1027/31 3707/1028/31 3708/1029/367
f  3709/1029/367 3710/1028/31 3711/1030/368
f  3712/1029/367 3713/1030/368 3714/1031/369
f  3715/1031/369 3716/1030/368 3717/1032/370
f  3718/1031/369 3719/1032/370 3720/1033/371
f  3721/1033/371 3722/1032/370 3723/1034/372
f  3724/1033/371 3725/1034/372 3726/1035/373
f  3727/1035/373 3728/1034/372 3729/1036/374
f  3730/1035/373 3731/1036/374 3732/1037/375
f  3733/1037/375 3734/1036/374 3735/1038/376
f  3736/1037/375 3737/1038/376 3738/1039/377
f  3739/1039/377 3740/1038/376 3741/1040/378
f  3742/1039/377 3743/1040/378 3744/1041/257
f  3745/1041/257 3746/1040/378 3747/1042/379
f  3748/1041/257 3749/1042/379 3750/1043/380
f  3751/1043/380 3752/1042/379 3753/1044/381
f  3754/1043/380 3755/1044/381 3756/1045/382
f  3757/1045/382 3758/1044/381 3759/1046/383
f  3760/1045/382 3761/1046/383 3762/1047/384
f  3763/1047/384 3764/1046/383 3765/1048/385
f  3766/1047/384 3767/1048/385 3768/1049/386
f  3769/1049/386 3770/1048/385 3771/1050/387
f  3772/1049/386 3773/1050/387 3774/1051/388
f  3775/1051/388 3776/1050/387 3777/1052/389
f  3778/1051/388 3779/1052/389 3780/1053/390
f  3781/1053/390 3782/1052/389 3783/1/22
f  3784/1053/390 3785/1/22 3786/81/22
f  3787/1054/1 3788/1055/1 3789/1056/391
f  3790/1056/391 3791/1055/1 3792/1057/391
f  3793/1056/391 3794/1057/391 3795/1058/392
f  3796/1058/392 3797/1057/391 3798/1059/392
f  3799/1058/392 3800/1059/392 3801/1060/393
f  3802/1060/393 3803/1059/392 3804/1061/393
f  3805/1060/393 3806/1061/393 3807/1062/394
f  3808/1062/394 3809/1061/393 3810/1063/394
f  3811/1062/394 3812/1063/394 3813/1064/395
f  3814/1064/395 3815/1063/394 3816/1065/395
f  3817/1064/395 3818/1065/395 3819/1066/396
f  3820/1066/396 3821/1065/395 3822/1067/396
f  3823/1066/396 3824/1067/396 3825/1068/397
f  3826/1068/397 3827/1067/396 3828/1069/397
f  3829/1068/397 3830/1069/397 3831/1070/398
f  3832/1070/398 3833/1069/397 3834/1071/398
f  3835/1070/398 3836/1071/398 3837/62/21
f  3838/62/21 3839/1071/398 3840/1/21
f  3841/1072/124 3842/1073/124 3843/1074/124
f  3844/1074/124 3845/1073/124 3846/1075/124
f  3847/1074/124 3848/1075/124 3849/1076/124
f  3850/1076/124 3851/1075/124 3852/1077/124
f  3853/1076/124 3854/1077/124 3855/1078/124
f  3856/1078/124 3857/1077/124 3858/1079/124
f  3859/1078/124 3860/1079/124 3861/1080/124
f  3862/1073/124 3863/1072/124 3864/1081/124
f  3865/1081/124 3866/1072/124 3867/1082/124
f  3868/1081/124 3869/1082/124 3870/1083/124
f  3871/1083/124 3872/1082/124 3873/1084/124
f  3874/1083/124 3875/1084/124 3876/1085/124
f  3877/1085/124 3878/1084/124 3879/1086/124
f  3880/1085/124 3881/1086/124 3882/1087/124
f  3883/1080/124 3884/1088/124 3885/1078/124
f  3886/1078/124 3887/1088/124 3888/1089/124
f  3889/1054/1 3890/1055/1 3891/1056/391
f  3892/1056/391 3893/1055/1 3894/1057/391
f  3895/1056/391 3896/1057/391 3897/1058/392
f  3898/1058/392 3899/1057/391 3900/1059/392
f  3901/1058/392 3902/1059/392 3903/1060/393
f  3904/1060/393 3905/1059/392 3906/1061/393
f  3907/1060/393 3908/1061/393 3909/1062/394
f  3910/1062/394 3911/1061/393 3912/1063/394
f  3913/1062/394 3914/1063/394 3915/1064/395
f  3916/1064/395 3917/1063/394 3918/1065/395
f  3919/1064/395 3920/1065/395 3921/1066/396
f  3922/1066/396 3923/1065/395 3924/1067/396
f  3925/1066/396 3926/1067/396 3927/1068/397
f  3928/1068/397 3929/1067/396 3930/1069/397
f  3931/1068/397 3932/1069/397 3933/1070/398
f  3934/1070/398 3935/1069/397 3936/1071/398
f  3937/1070/398 3938/1071/398 3939/62/21
f  3940/62/21 3941/1071/398 3942/1/21
f  3943/1072/124 3944/1073/124 3945/1074/124
f  3946/1074/124 3947/1073/124 3948/1075/124
f  3949/1074/124 3950/1075/124 3951/1076/124
f  3952/1076/124 3953/1075/124 3954/1077/124
f  3955/1076/124 3956/1077/124 3957/1078/124
f  3958/1078/124 3959/1077/124 3960/1079/124
f  3961/1078/124 3962/1079/124 3963/1080/124
f  3964/1073/124 3965/1072/124 3966/1081/124
f  3967/1081/124 3968/1072/124 3969/1082/124
f  3970/1081/124 3971/1082/124 3972/1083/124
f  3973/1083/124 3974/1082/124 3975/1084/124
f  3976/1083/124 3977/1084/124 3978/1085/124
f  3979/1085/124 3980/1084/124 3981/1086/124
f  3982/1085/124 3983/1086/124 3984/1087/124
f  3985/1080/124 3986/1088/124 3987/1078/124
f  3988/1078/124 3989/1088/124 3990/1089/124
f  3991/1054/1 3992/1055/1 3993/1056/391
f  3994/1056/391 3995/1055/1 3996/1057/391
f  3997/1056/391 3998/1057/391 3999/1058/392
f  4000/1058/392 4001/1057/391 4002/1059/392
f  4003/1058/392 4004/1059/392 4005/1060/393
f  4006/1060/393 4007/1059/392 4008/1061/393
f  4009/1060/393 4010/1061/393 4011/1062/394
f  4012/1062/394 4013/1061/393 4014/1063/394
f  4015/1062/394 4016/1063/394 4017/1064/395
f  4018/1064/395 4019/1063/394 4020/1065/395
f  4021/1064/395 4022/1065/395 4023/1066/396
f  4024/1066/396 4025/1065/395 4026/1067/396
f  4027/1066/396 4028/1067/396 4029/1068/397
f  4030/1068/397 4031/1067/396 4032/1069/397
f  4033/1068/397 4034/1069/397 4035/1070/398
f  4036/1070/398 4037/1069/397 4038/1071/398
f  4039/1070/398 4040/1071/398 4041/62/21
f  4042/62/21 4043/1071/398 4044/1/21
f  4045/1072/124 4046/1073/124 4047/1074/124
f  4048/1074/124 4049/1073/124 4050/1075/124
f  4051/1074/124 4052/1075/124 4053/1076/124
f  4054/1076/124 4055/1075/124 4056/1077/124
f  4057/1076/124 4058/1077/124 4059/1078/124
f  4060/1078/124 4061/1077/124 4062/1079/124
f  4063/1078/124 4064/1079/124 4065/1080/124
f  4066/1073/124 4067/1072/124 4068/1081/124
f  4069/1081/124 4070/1072/124 4071/1082/124
f  4072/1081/124 4073/1082/124 4074/1083/124
f  4075/1083/124 4076/1082/124 4077/1084/124
f  4078/1083/124 4079/1084/124 4080/1085/124
f  4081/1085/124 4082/1084/124 4083/1086/124
f  4084/1085/124 4085/1086/124 4086/1087/124
f  4087/1080/124 4088/1088/124 4089/1078/124
f  4090/1078/124 4091/1088/124 4092/1089/124
f  4093/1054/1 4094/1055/1 4095/1056/391
f  4096/1056/391 4097/1055/1 4098/1057/391
f  4099/1056/391 4100/1057/391 4101/1058/392
f  4102/1058/392 4103/1057/391 4104/1059/392
f  4105/1058/392 4106/1059/392 4107/1060/393
f  4108/1060/393 4109/1059/392 4110/1061/393
f  4111/1060/393 4112/1061/393 4113/1062/394
f  4114/1062/394 4115/1061/393 4116/1063/394
f  4117/1062/394 4118/1063/394 4119/1064/395
f  4120/1064/395 4121/1063/394 4122/1065/395
f  4123/1064/395 4124/1065/395 4125/1066/396
f  4126/1066/396 4127/1065/395 4128/1067/396
f  4129/1066/396 4130/1067/396 4131/1068/397
f  4132/1068/397 4133/1067/396 4134/1069/397
f  4135/1068/397 4136/1069/397 4137/1070/398
f  4138/1070/398 4139/1069/397 4140/1071/398
f  4141/1070/398 4142/1071/398 4143/62/21
f  4144/62/21 4145/1071/398 4146/1/21
f  4147/1072/124 4148/1073/124 4149/1074/124
f  4150/1074/124 4151/1073/124 4152/1075/124
f  4153/1074/124 4154/1075/124 4155/1076/124
f  4156/1076/124 4157/1075/124 4158/1077/124
f  4159/1076/124 4160/1077/124 4161/1078/124
f  4162/1078/124 4163/1077/124 4164/1079/124
f  4165/1078/124 4166/1079/124 4167/1080/124
f  4168/1073/124 4169/1072/124 4170/1081/124
f  4171/1081/124 4172/1072/124 4173/1082/124
f  4174/1081/124 4175/1082/124 4176/1083/124
f  4177/1083/124 4178/1082/124 4179/1084/124
f  4180/1083/124 4181/1084/124 4182/1085/124
f  4183/1085/124 4184/1084/124 4185/1086/124
f  4186/1085/124 4187/1086/124 4188/1087/124
f  4189/1080/124 4190/1088/124 4191/1078/124
f  4192/1078/124 4193/1088/124 4194/1089/124
f  4195/1054/1 4196/1055/1 4197/1056/391
f  4198/1056/391 4199/1055/1 4200/1057/391
f  4201/1056/391 4202/1057/391 4203/1058/392
f  4204/1058/392 4205/1057/391 4206/1059/392
f  4207/1058/392 4208/1059/392 4209/1060/393
f  4210/1060/393 4211/1059/392 4212/1061/393
f  4213/1060/393 4214/1061/393 4215/1062/394
f  4216/1062/394 4217/1061/393 4218/1063/394
f  4219/1062/394 4220/1063/394 4221/1064/395
f  4222/1064/395 4223/1063/394 4224/1065/395
f  4225/1064/395 4226/1065/395 4227/1066/396
f  4228/1066/396 4229/1065/395 4230/1067/396
f  4231/1066/396 4232/1067/396 4233/1068/397
f  4234/1068/397 4235/1067/396 4236/1069/397
f  4237/1068/397 4238/1069/397 4239/1070/398
f  4240/1070/398 4241/1069/397 4242/1071/398
f  4243/1070/398 4244/1071/398 4245/62/21
f  4246/62/21 4247/1071/398 4248/1/21
f  4249/1072/124 4250/1073/124 4251/1074/124
f  4252/1074/124 4253/1073/124 4254/1075/124
f  4255/1074/124 4256/1075/124 4257/1076/124
f  4258/1076/124 4259/1075/124 4260/1077/124
f  4261/1076/124 4262/1077/124 4263/1078/124
f  4264/1078/124 4265/1077/124 4266/1079/124
f  4267/1078/124 4268/1079/124 4269/1080/124
f  4270/1073/124 4271/1072/124 4272/1081/124
f  4273/1081/124 4274/1072/124 4275/1082/124
f  4276/1081/124 4277/1082/124 4278/1083/124
f  4279/1083/124 4280/1082/124 4281/1084/124
f  4282/1083/124 4283/1084/124 4284/1085/124
f  4285/1085/124 4286/1084/124 4287/1086/124
f  4288/1085/124 4289/1086/124 4290/1087/124
f  4291/1080/124 4292/1088/124 4293/1078/124
f  4294/1078/124 4295/1088/124 4296/1089/124
f  4297/1090/31 4298/1091/31 4299/1092/270
f  4300/1092/270 4301/1091/31 4302/1093/270
f  4303/1092/270 4304/1093/270 4305/1094/274
f  4306/1094/274 4307/1093/270 4308/1095/274
f  4309/1094/274 4310/1095/274 4311/1096/278
f  4312/1096/278 4313/1095/274 4314/1097/278
f  4315/1096/278 4316/1097/278 4317/1098/282
f  4318/1098/282 4319/1097/278 4320/1099/282
f  4321/1098/282 4322/1099/282 4323/1100/285
f  4324/1100/285 4325/1099/282 4326/1101/285
f  4327/1100/285 4328/1101/285 4329/1102/289
f  4330/1102/289 4331/1101/285 4332/1103/289
f  4333/1102/289 4334/1103/289 4335/1104/293
f  4336/1104/293 4337/1103/289 4338/1105/293
f  4339/1104/293 4340/1105/293 4341/1106/297
f  4342/1106/297 4343/1105/293 4344/1107/297
f  4345/1106/297 4346/1107/297 4347/43/22
f  4348/43/22 4349/1107/297 4350/1/22
f  4351/1090/31 4352/1091/31 4353/1092/270
f  4354/1092/270 4355/1091/31 4356/1093/270
f  4357/1092/270 4358/1093/270 4359/1094/274
f  4360/1094/274 4361/1093/270 4362/1095/274
f  4363/1094/274 4364/1095/274 4365/1096/278
f  4366/1096/278 4367/1095/274 4368/1097/278
f  4369/1096/278 4370/1097/278 4371/1098/282
f  4372/1098/282 4373/1097/278 4374/1099/282
f  4375/1098/282 4376/1099/282 4377/1100/285
f  4378/1100/285 4379/1099/282 4380/1101/285
f  4381/1100/285 4382/1101/285 4383/1102/289
f  4384/1102/289 4385/1101/285 4386/1103/289
f  4387/1102/289 4388/1103/289 4389/1104/293
f  4390/1104/293 4391/1103/289 4392/1105/293
f  4393/1104/293 4394/1105/293 4395/1106/297
f  4396/1106/297 4397/1105/293 4398/1107/297
f  4399/1106/297 4400/1107/297 4401/43/22
f  4402/43/22 4403/1107/297 4404/1/22
f  4405/1090/31 4406/1091/31 4407/1092/270
f  4408/1092/270 4409/1091/31 4410/1093/270
f  4411/1092/270 4412/1093/270 4413/1094/274
f  4414/1094/274 4415/1093/270 4416/1095/274
f  4417/1094/274 4418/1095/274 4419/1096/278
f  4420/1096/278 4421/1095/274 4422/1097/278
f  4423/1096/278 4424/1097/278 4425/1098/282
f  4426/1098/282 4427/1097/278 4428/1099/282
f  4429/1098/282 4430/1099/282 4431/1100/285
f  4432/1100/285 4433/1099/282 4434/1101/285
f  4435/1100/285 4436/1101/285 4437/1102/289
f  4438/1102/289 4439/1101/285 4440/1103/289
f  4441/1102/289 4442/1103/289 4443/1104/293
f  4444/1104/293 4445/1103/289 4446/1105/293
f  4447/1104/293 4448/1105/293 4449/1106/297
f  4450/1106/297 4451/1105/293 4452/1107/297
f  4453/1106/297 4454/1107/297 4455/43/22
f  4456/43/22 4457/1107/297 4458/1/22
f  4459/1090/31 4460/1091/31 4461/1092/270
f  4462/1092/270 4463/1091/31 4464/1093/270
f  4465/1092/270 4466/1093/270 4467/1094/274
f  4468/1094/274 4469/1093/270 4470/1095/274
f  4471/1094/274 4472/1095/274 4473/1096/278
f  4474/1096/278 4475/1095/274 4476/1097/278
f  4477/1096/278 4478/1097/278 4479/1098/282
f  4480/1098/282 4481/1097/278 4482/1099/282
f  4483/1098/282 4484/1099/282 4485/1100/285
f  4486/1100/285 4487/1099/282 4488/1101/285
f  4489/1100/285 4490/1101/285 4491/1102/289
f  4492/1102/289 4493/1101/285 4494/1103/289
f  4495/1102/289 4496/1103/289 4497/1104/293
f  4498/1104/293 4499/1103/289 4500/1105/293
f  4501/1104/293 4502/1105/293 4503/1106/297
f  4504/1106/297 4505/1105/293 4506/1107/297
f  4507/1106/297 4508/1107/297 4509/43/22
f  4510/43/22 4511/1107/297 4512/1/22
f  4513/1090/31 4514/1091/31 4515/1092/270
f  4516/1092/270 4517/1091/31 4518/1093/270
f  4519/1092/270 4520/1093/270 4521/1094/274
f  4522/1094/274 4523/1093/270 4524/1095/274
f  4525/1094/274 4526/1095/274 4527/1096/278
f  4528/1096/278 4529/1095/274 4530/1097/278
f  4531/1096/278 4532/1097/278 4533/1098/282
f  4534/1098/282 4535/1097/278 4536/1099/282
f  4537/1098/282 4538/1099/282 4539/1100/285
f  4540/1100/285 4541/1099/282 4542/1101/285
f  4543/1100/285 4544/1101/285 4545/1102/289
f  4546/1102/289 4547/1101/285 4548/1103/289
f  4549/1102/289 4550/1103/289 4551/1104/293
f  4552/1104/293 4553/1103/289 4554/1105/293
f  4555/1104/293 4556/1105/293 4557/1106/297
f  4558/1106/297 4559/1105/293 4560/1107/297
f  4561/1106/297 4562/1107/297 4563/43/22
f  4564/43/22 4565/1107/297 4566/1/22
f  4567/1108/21 4568/1109/21 4569/1110/228
f  4570/1110/228 4571/1109/21 4572/1111/228
f  4573/1110/228 4574/1111/228 4575/1112/227
f  4576/1110/228 4577/1112/227 4578/1113/227
f  4579/1113/227 4580/1112/227 4581/1114/226
f  4582/1113/227 4583/1114/226 4584/1115/226
f  4585/1115/226 4586/1114/226 4587/1116/225
f  4588/1115/226 4589/1116/225 4590/1117/225
f  4591/1117/225 4592/1116/225 4593/1118/224
f  4594/1117/225 4595/1118/224 4596/1119/224
f  4597/1119/224 4598/1118/224 4599/1120/223
f  4600/1119/224 4601/1120/223 4602/1121/223
f  4603/1121/223 4604/1120/223 4605/1122/222
f  4606/1121/223 4607/1122/222 4608/1123/222
f  4609/1123/222 4610/1122/222 4611/1124/221
f  4612/1123/222 4613/1124/221 4614/1125/221
f  4615/1125/221 4616/1124/221 4617/1126/220
f  4618/1125/221 4619/1126/220 4620/1127/220
f  4621/1127/220 4622/1126/220 4623/1128/219
f  4624/1127/220 4625/1128/219 4626/1129/219
f  4627/1129/219 4628/1128/219 4629/1130/218
f  4630/1129/219 4631/1130/218 4632/1131/218
f  4633/1131/218 4634/1130/218 4635/1132/217
f  4636/1131/218 4637/1132/217 4638/1133/217
f  4639/1133/217 4640/1132/217 4641/1134/216
f  4642/1133/217 4643/1134/216 4644/1135/216
f  4645/1135/216 4646/1134/216 4647/1136/215
f  4648/1135/216 4649/1136/215 4650/1137/215
f  4651/1137/215 4652/1136/215 4653/1138/214
f  4654/1137/215 4655/1138/214 4656/1139/214
f  4657/1139/214 4658/1138/214 4659/1140/213
f  4660/1139/214 4661/1140/213 4662/1141/213
f  4663/1141/213 4664/1140/213 4665/1142/212
f  4666/1141/213 4667/1142/212 4668/1143/212
f  4669/1143/212 4670/1142/212 4671/1144/211
f  4672/1143/212 4673/1144/211 4674/1145/211
f  4675/1145/211 4676/1144/211 4677/1146/210
f  4678/1145/211 4679/1146/210 4680/1147/210
f  4681/1147/210 4682/1146/210 4683/1/1
f  4684/1147/210 4685/1/1 4686/3/1
f  4687/1148/247 4688/1149/247 4689/1150/247
f  4690/1150/247 4691/1149/247 4692/1151/247
f  4693/1150/247 4694/1151/247 4695/1152/247
f  4696/1152/247 4697/1151/247 4698/1153/247
f  4699/1152/247 4700/1153/247 4701/1154/247
f  4702/1154/247 4703/1153/247 4704/1155/247
f  4705/1154/247 4706/1155/247 4707/1156/247
f  4708/1156/247 4709/1155/247 4710/1157/247
f  4711/1156/247 4712/1157/247 4713/1158/247
f  4714/1158/247 4715/1157/247 4716/1159/247
f  4717/1158/247 4718/1159/247 4719/1160/247
f  4720/1160/247 4721/1159/247 4722/1161/247
f  4723/1160/247 4724/1161/247 4725/1162/247
f  4726/1162/247 4727/1161/247 4728/1163/247
f  4729/1162/247 4730/1163/247 4731/1164/247
f  4732/1164/247 4733/1163/247 4734/1165/247
f  4735/1164/247 4736/1165/247 4737/1166/247
f  4738/1166/247 4739/1165/247 4740/1167/247
f  4741/1166/247 4742/1167/247 4743/1168/247
f  4744/1168/247 4745/1167/247 4746/1169/247
f  4747/1168/247 4748/1169/247 4749/1170/247
f  4750/1149/247 4751/1148/247 4752/1171/247
f  4753/1171/247 4754/1148/247 4755/1172/247
f  4756/1171/247 4757/1172/247 4758/1173/247
f  4759/1173/247 4760/1172/247 4761/1174/247
f  4762/1173/247 4763/1174/247 4764/1175/247
f  4765/1175/247 4766/1174/247 4767/1176/247
f  4768/1175/247 4769/1176/247 4770/1177/247
f  4771/1177/247 4772/1176/247 4773/1178/247
f  4774/1177/247 4775/1178/247 4776/1179/247
f  4777/1179/247 4778/1178/247 4779/1180/247
f  4780/1179/247 4781/1180/247 4782/1181/247
f  4783/1181/247 4784/1180/247 4785/1182/247
f  4786/1181/247 4787/1182/247 4788/1183/247
f  4789/1183/247 4790/1182/247 4791/1184/247
f  4792/1183/247 4793/1184/247 4794/1185/247
f  4795/1185/247 4796/1184/247 4797/1186/247
f  4798/1185/247 4799/1186/247 4800/1187/247

