# File produced by Open Asset Import Library (http://www.assimp.sf.net)
# (assimp v5.4.3276931299)

mtllib link1.mtl

# 3816 vertex positions
v 5.85549991e-08 0.0783450007 -0.0585549995
v 5.88000013e-08 0.0768000036 -0.0588000007
v -0.00524394168 0.0785100013 -0.0582630038
v -0.00524394168 0.0785100013 -0.0582630038
v 5.88000013e-08 0.0768000036 -0.0588000007
v -0.0102109425 0.0768000036 -0.0579070114
v -0.00524394168 0.0785100013 -0.0582630038
v -0.0102109425 0.0768000036 -0.0579070114
v -0.0155629432 0.0785100013 -0.0563900135
v -0.0155629432 0.0785100013 -0.0563900135
v -0.0102109425 0.0768000036 -0.0579070114
v -0.0201109443 0.0768000036 -0.0552540198
v -0.0155629432 0.0785100013 -0.0563900135
v -0.0201109443 0.0768000036 -0.0552540198
v -0.0253819469 0.0785100013 -0.0527050272
v -0.0253819469 0.0785100013 -0.0527050272
v -0.0201109443 0.0768000036 -0.0552540198
v -0.0293999501 0.0768000036 -0.0509220287
v -0.0253819469 0.0785100013 -0.0527050272
v -0.0293999501 0.0768000036 -0.0509220287
v -0.034384951 0.0785100013 -0.0473260321
v -0.034384951 0.0785100013 -0.0473260321
v -0.0293999501 0.0768000036 -0.0509220287
v -0.0377959535 0.0768000036 -0.0450430363
v -0.034384951 0.0785100013 -0.0473260321
v -0.0377959535 0.0768000036 -0.0450430363
v -0.0422819592 0.0785100013 -0.0404260419
v -0.0422819592 0.0785100013 -0.0404260419
v -0.0377959535 0.0768000036 -0.0450430363
v -0.0450429618 0.0768000036 -0.0377960429
v -0.0422819592 0.0785100013 -0.0404260419
v -0.0450429618 0.0768000036 -0.0377960429
v -0.048820965 0.0785100013 -0.0322270468
v -0.048820965 0.0785100013 -0.0322270468
v -0.0450429618 0.0768000036 -0.0377960429
v -0.0509219691 0.0768000036 -0.0294000506
v -0.048820965 0.0785100013 -0.0322270468
v -0.0509219691 0.0768000036 -0.0294000506
v -0.0537909791 0.0785100013 -0.0229910538
v -0.0537909791 0.0785100013 -0.0229910538
v -0.0509219691 0.0768000036 -0.0294000506
v -0.0552539825 0.0768000036 -0.020111056
v -0.0537909791 0.0785100013 -0.0229910538
v -0.0552539825 0.0768000036 -0.020111056
v -0.0570319891 0.0785100013 -0.0130170565
v -0.0570319891 0.0785100013 -0.0130170565
v -0.0552539825 0.0768000036 -0.020111056
v -0.057906989 0.0768000036 -0.010211058
v -0.0570319891 0.0785100013 -0.0130170565
v -0.057906989 0.0768000036 -0.010211058
v -0.0584399961 0.0785100013 -0.00262505841
v -0.0584399961 0.0785100013 -0.00262505841
v -0.057906989 0.0768000036 -0.010211058
v -0.0588000007 0.0768000036 -5.88000013e-08
v -0.0584399961 0.0785100013 -0.00262505841
v -0.0588000007 0.0768000036 -5.88000013e-08
v -0.0579690076 0.0785100013 0.00785194244
v -0.0579690076 0.0785100013 0.00785194244
v -0.0588000007 0.0768000036 -5.88000013e-08
v -0.0579070114 0.0768000036 0.0102109425
v -0.0579690076 0.0785100013 0.00785194244
v -0.0579070114 0.0768000036 0.0102109425
v -0.0556350201 0.0785100013 0.0180769432
v -0.0556350201 0.0785100013 0.0180769432
v -0.0579070114 0.0768000036 0.0102109425
v -0.0552540198 0.0768000036 0.0201109443
v -0.0556350201 0.0785100013 0.0180769432
v -0.0552540198 0.0768000036 0.0201109443
v -0.0515130274 0.0785100013 0.0277209487
v -0.0515130274 0.0785100013 0.0277209487
v -0.0552540198 0.0768000036 0.0201109443
v -0.0509220287 0.0768000036 0.0293999501
v -0.0515130274 0.0785100013 0.0277209487
v -0.0509220287 0.0768000036 0.0293999501
v -0.0457360372 0.0785100013 0.0364729539
v -0.0457360372 0.0785100013 0.0364729539
v -0.0509220287 0.0768000036 0.0293999501
v -0.0450430363 0.0768000036 0.0377959535
v -0.0457360372 0.0785100013 0.0364729539
v -0.0450430363 0.0768000036 0.0377959535
v -0.0384880453 0.0785100013 0.0440539643
v -0.0384880453 0.0785100013 0.0440539643
v -0.0450430363 0.0768000036 0.0377959535
v -0.0377960429 0.0768000036 0.0450429618
v -0.0384880453 0.0785100013 0.0440539643
v -0.0377960429 0.0768000036 0.0450429618
v -0.0300040506 0.0785100013 0.0502179712
v -0.0300040506 0.0785100013 0.0502179712
v -0.0377960429 0.0768000036 0.0450429618
v -0.0294000506 0.0768000036 0.0509219691
v -0.0300040506 0.0785100013 0.0502179712
v -0.0294000506 0.0768000036 0.0509219691
v -0.0205550548 0.0785100013 0.0547679774
v -0.0205550548 0.0785100013 0.0547679774
v -0.0294000506 0.0768000036 0.0509219691
v -0.020111056 0.0768000036 0.0552539825
v -0.0205550548 0.0785100013 0.0547679774
v -0.020111056 0.0768000036 0.0552539825
v -0.0104450574 0.0785100013 0.0575579889
v -0.0104450574 0.0785100013 0.0575579889
v -0.020111056 0.0768000036 0.0552539825
v -0.010211058 0.0768000036 0.057906989
v -0.0104450574 0.0785100013 0.0575579889
v -0.010211058 0.0768000036 0.057906989
v -5.85549991e-08 0.0783450007 0.0585549995
v -5.85549991e-08 0.0783450007 0.0585549995
v -0.010211058 0.0768000036 0.057906989
v -5.88000013e-08 0.0768000036 0.0588000007
v -5.85549991e-08 0.0783450007 0.0585549995
v -5.78449999e-08 0.0797390044 0.0578450002
v -0.0104450574 0.0785100013 0.0575579889
v -0.0104450574 0.0785100013 0.0575579889
v -5.78449999e-08 0.0797390044 0.0578450002
v -0.0102900565 0.0800139904 0.0567039885
v -0.0104450574 0.0785100013 0.0575579889
v -0.0102900565 0.0800139904 0.0567039885
v -0.0205550548 0.0785100013 0.0547679774
v -0.0205550548 0.0785100013 0.0547679774
v -0.0102900565 0.0800139904 0.0567039885
v -0.0202500541 0.0800139904 0.0539549813
v -0.0205550548 0.0785100013 0.0547679774
v -0.0202500541 0.0800139904 0.0539549813
v -0.0300040506 0.0785100013 0.0502179712
v -0.0300040506 0.0785100013 0.0502179712
v -0.0202500541 0.0800139904 0.0539549813
v -0.0295580495 0.0800139904 0.049472969
v -0.0300040506 0.0785100013 0.0502179712
v -0.0295580495 0.0800139904 0.049472969
v -0.0384880453 0.0785100013 0.0440539643
v -0.0384880453 0.0785100013 0.0440539643
v -0.0295580495 0.0800139904 0.049472969
v -0.037917044 0.0800139904 0.0433999635
v -0.0384880453 0.0785100013 0.0440539643
v -0.037917044 0.0800139904 0.0433999635
v -0.0457360372 0.0785100013 0.0364729539
v -0.0457360372 0.0785100013 0.0364729539
v -0.037917044 0.0800139904 0.0433999635
v -0.045057036 0.0800139904 0.035931956
v -0.0457360372 0.0785100013 0.0364729539
v -0.045057036 0.0800139904 0.035931956
v -0.0515130274 0.0785100013 0.0277209487
v -0.0515130274 0.0785100013 0.0277209487
v -0.045057036 0.0800139904 0.035931956
v -0.0507490262 0.0800139904 0.0273089502
v -0.0515130274 0.0785100013 0.0277209487
v -0.0507490262 0.0800139904 0.0273089502
v -0.0556350201 0.0785100013 0.0180769432
v -0.0556350201 0.0785100013 0.0180769432
v -0.0507490262 0.0800139904 0.0273089502
v -0.0548100173 0.0800139904 0.0178089458
v -0.0556350201 0.0785100013 0.0180769432
v -0.0548100173 0.0800139904 0.0178089458
v -0.0579690076 0.0785100013 0.00785194244
v -0.0579690076 0.0785100013 0.00785194244
v -0.0548100173 0.0800139904 0.0178089458
v -0.0571090057 0.0800139904 0.00773594296
v -0.0579690076 0.0785100013 0.00785194244
v -0.0571090057 0.0800139904 0.00773594296
v -0.0584399961 0.0785100013 -0.00262505841
v -0.0584399961 0.0785100013 -0.00262505841
v -0.0571090057 0.0800139904 0.00773594296
v -0.057571996 0.0800139904 -0.00258605741
v -0.0584399961 0.0785100013 -0.00262505841
v -0.057571996 0.0800139904 -0.00258605741
v -0.0570319891 0.0785100013 -0.0130170565
v -0.0570319891 0.0785100013 -0.0130170565
v -0.057571996 0.0800139904 -0.00258605741
v -0.0561849885 0.0800139904 -0.0128240557
v -0.0570319891 0.0785100013 -0.0130170565
v -0.0561849885 0.0800139904 -0.0128240557
v -0.0537909791 0.0785100013 -0.0229910538
v -0.0537909791 0.0785100013 -0.0229910538
v -0.0561849885 0.0800139904 -0.0128240557
v -0.0529929772 0.0800139904 -0.0226500519
v -0.0537909791 0.0785100013 -0.0229910538
v -0.0529929772 0.0800139904 -0.0226500519
v -0.048820965 0.0785100013 -0.0322270468
v -0.048820965 0.0785100013 -0.0322270468
v -0.0529929772 0.0800139904 -0.0226500519
v -0.048096966 0.0800139904 -0.031748049
v -0.048820965 0.0785100013 -0.0322270468
v -0.048096966 0.0800139904 -0.031748049
v -0.0422819592 0.0785100013 -0.0404260419
v -0.0422819592 0.0785100013 -0.0404260419
v -0.048096966 0.0800139904 -0.031748049
v -0.0416549593 0.0800139904 -0.0398260392
v -0.0422819592 0.0785100013 -0.0404260419
v -0.0416549593 0.0800139904 -0.0398260392
v -0.034384951 0.0785100013 -0.0473260321
v -0.034384951 0.0785100013 -0.0473260321
v -0.0416549593 0.0800139904 -0.0398260392
v -0.0338739529 0.0800139904 -0.0466240346
v -0.034384951 0.0785100013 -0.0473260321
v -0.0338739529 0.0800139904 -0.0466240346
v -0.0253819469 0.0785100013 -0.0527050272
v -0.0253819469 0.0785100013 -0.0527050272
v -0.0338739529 0.0800139904 -0.0466240346
v -0.0250049476 0.0800139904 -0.0519230254
v -0.0253819469 0.0785100013 -0.0527050272
v -0.0250049476 0.0800139904 -0.0519230254
v -0.0155629432 0.0785100013 -0.0563900135
v -0.0155629432 0.0785100013 -0.0563900135
v -0.0250049476 0.0800139904 -0.0519230254
v -0.0153319445 0.0800139904 -0.0555530153
v -0.0155629432 0.0785100013 -0.0563900135
v -0.0153319445 0.0800139904 -0.0555530153
v -0.00524394168 0.0785100013 -0.0582630038
v -0.00524394168 0.0785100013 -0.0582630038
v -0.0153319445 0.0800139904 -0.0555530153
v -0.00516594294 0.0800139904 -0.0573980026
v -0.00524394168 0.0785100013 -0.0582630038
v -0.00516594294 0.0800139904 -0.0573980026
v 5.78449999e-08 0.0797390044 -0.0578450002
v 5.78449999e-08 0.0797390044 -0.0578450002
v -0.00516594294 0.0800139904 -0.0573980026
v 5.67389975e-08 0.0808449984 -0.0567389987
v 5.67389975e-08 0.0808449984 -0.0567389987
v -0.00516594294 0.0800139904 -0.0573980026
v -0.00504694413 0.081129998 -0.0560730025
v 5.67389975e-08 0.0808449984 -0.0567389987
v -0.00504694413 0.081129998 -0.0560730025
v 5.53449979e-08 0.081554994 -0.0553449988
v 5.53449979e-08 0.081554994 -0.0553449988
v -0.00504694413 0.081129998 -0.0560730025
v -0.00489994558 0.081724003 -0.0544480048
v 5.53449979e-08 0.081554994 -0.0553449988
v -0.00489994558 0.081724003 -0.0544480048
v 5.38000009e-08 0.0817999989 -0.0538000017
v 5.38000009e-08 0.0817999989 -0.0538000017
v -0.00489994558 0.081724003 -0.0544480048
v -0.00988594722 0.0817999989 -0.0528840125
v -0.00988594722 0.0817999989 -0.0528840125
v -0.00489994558 0.081724003 -0.0544480048
v -0.0145439468 0.081724003 -0.0526980162
v -0.00988594722 0.0817999989 -0.0528840125
v -0.0145439468 0.081724003 -0.0526980162
v -0.0194349494 0.0817999989 -0.0501670204
v -0.0194349494 0.0817999989 -0.0501670204
v -0.0145439468 0.081724003 -0.0526980162
v -0.0237199515 0.081724003 -0.0492540225
v -0.0194349494 0.0817999989 -0.0501670204
v -0.0237199515 0.081724003 -0.0492540225
v -0.0283219535 0.0817999989 -0.0457420312
v -0.0283219535 0.0817999989 -0.0457420312
v -0.0237199515 0.081724003 -0.0492540225
v -0.0321329571 0.081724003 -0.0442280322
v -0.0283219535 0.0817999989 -0.0457420312
v -0.0321329571 0.081724003 -0.0442280322
v -0.0362449586 0.0817999989 -0.0397590362
v -0.0362449586 0.0817999989 -0.0397590362
v -0.0321329571 0.081724003 -0.0442280322
v -0.0395139642 0.081724003 -0.0377790406
v -0.0362449586 0.0817999989 -0.0397590362
v -0.0395139642 0.081724003 -0.0377790406
v -0.0429329649 0.0817999989 -0.0324220434
v -0.0429329649 0.0817999989 -0.0324220434
v -0.0395139642 0.081724003 -0.0377790406
v -0.0456249714 0.081724003 -0.0301170442
v -0.0429329649 0.0817999989 -0.0324220434
v -0.0456249714 0.081724003 -0.0301170442
v -0.0481599793 0.0817999989 -0.0239810478
v -0.0481599793 0.0817999989 -0.0239810478
v -0.0456249714 0.081724003 -0.0301170442
v -0.0502689779 0.081724003 -0.0214860495
v -0.0481599793 0.0817999989 -0.0239810478
v -0.0502689779 0.081724003 -0.0214860495
v -0.0517459847 0.0817999989 -0.0147230523
v -0.0517459847 0.0817999989 -0.0147230523
v -0.0502689779 0.081724003 -0.0214860495
v -0.0532979891 0.081724003 -0.0121650528
v -0.0517459847 0.0817999989 -0.0147230523
v -0.0532979891 0.081724003 -0.0121650528
v -0.0535699949 0.0817999989 -0.00496405363
v -0.0535699949 0.0817999989 -0.00496405363
v -0.0532979891 0.081724003 -0.0121650528
v -0.0546129979 0.081724003 -0.00245305477
v -0.0535699949 0.0817999989 -0.00496405363
v -0.0546129979 0.081724003 -0.00245305477
v -0.0535700023 0.0817999989 0.00496394653
v -0.0535700023 0.0817999989 0.00496394653
v -0.0546129979 0.081724003 -0.00245305477
v -0.0541730076 0.081724003 0.00733794598
v -0.0535700023 0.0817999989 0.00496394653
v -0.0541730076 0.081724003 0.00733794598
v -0.0517460145 0.0817999989 0.014722948
v -0.0517460145 0.0817999989 0.014722948
v -0.0541730076 0.081724003 0.00733794598
v -0.0519930199 0.081724003 0.0168929473
v -0.0517460145 0.0817999989 0.014722948
v -0.0519930199 0.081724003 0.0168929473
v -0.048160024 0.0817999989 0.0239809509
v -0.048160024 0.0817999989 0.0239809509
v -0.0519930199 0.081724003 0.0168929473
v -0.048141025 0.081724003 0.0259059519
v -0.048160024 0.0817999989 0.0239809509
v -0.048141025 0.081724003 0.0259059519
v -0.0429330319 0.0817999989 0.032421954
v -0.0429330319 0.0817999989 0.032421954
v -0.048141025 0.081724003 0.0259059519
v -0.0427410342 0.081724003 0.0340849608
v -0.0429330319 0.0817999989 0.032421954
v -0.0427410342 0.081724003 0.0340849608
v -0.0362450406 0.0817999989 0.0397589616
v -0.0362450406 0.0817999989 0.0397589616
v -0.0427410342 0.081724003 0.0340849608
v -0.0359680392 0.081724003 0.0411689617
v -0.0362450406 0.0817999989 0.0397589616
v -0.0359680392 0.081724003 0.0411689617
v -0.0283220466 0.0817999989 0.0457419716
v -0.0283220466 0.0817999989 0.0457419716
v -0.0359680392 0.081724003 0.0411689617
v -0.0280390475 0.081724003 0.0469299704
v -0.0283220466 0.0817999989 0.0457419716
v -0.0280390475 0.081724003 0.0469299704
v -0.01943505 0.0817999989 0.0501669832
v -0.01943505 0.0817999989 0.0501669832
v -0.0280390475 0.081724003 0.0469299704
v -0.0192090496 0.081724003 0.0511819832
v -0.01943505 0.0817999989 0.0501669832
v -0.0192090496 0.081724003 0.0511819832
v -0.00988605339 0.0817999989 0.0528839901
v -0.00988605339 0.0817999989 0.0528839901
v -0.0192090496 0.081724003 0.0511819832
v -0.00976105407 0.081724003 0.0537899882
v -0.00988605339 0.0817999989 0.0528839901
v -0.00976105407 0.081724003 0.0537899882
v -5.38000009e-08 0.0817999989 0.0538000017
v -5.38000009e-08 0.0817999989 0.0538000017
v -0.00976105407 0.081724003 0.0537899882
v -5.53449979e-08 0.081554994 0.0553449988
v -5.53449979e-08 0.081554994 0.0553449988
v -0.00976105407 0.081724003 0.0537899882
v -0.0100530554 0.081129998 0.0553949885
v -5.53449979e-08 0.081554994 0.0553449988
v -0.0100530554 0.081129998 0.0553949885
v -5.67389975e-08 0.0808449984 0.0567389987
v -5.67389975e-08 0.0808449984 0.0567389987
v -0.0100530554 0.081129998 0.0553949885
v -0.0102900565 0.0800139904 0.0567039885
v -5.67389975e-08 0.0808449984 0.0567389987
v -0.0102900565 0.0800139904 0.0567039885
v -5.78449999e-08 0.0797390044 0.0578450002
v 5.78449999e-08 0.0797390044 -0.0578450002
v 5.85549991e-08 0.0783450007 -0.0585549995
v -0.00524394168 0.0785100013 -0.0582630038
v -0.0145439468 0.081724003 -0.0526980162
v -0.00489994558 0.081724003 -0.0544480048
v -0.00504694413 0.081129998 -0.0560730025
v -0.00504694413 0.081129998 -0.0560730025
v -0.00516594294 0.0800139904 -0.0573980026
v -0.0149779459 0.081129998 -0.0542710163
v -0.0149779459 0.081129998 -0.0542710163
v -0.00516594294 0.0800139904 -0.0573980026
v -0.0153319445 0.0800139904 -0.0555530153
v -0.0149779459 0.081129998 -0.0542710163
v -0.0153319445 0.0800139904 -0.0555530153
v -0.0244279504 0.081129998 -0.0507250279
v -0.0244279504 0.081129998 -0.0507250279
v -0.0153319445 0.0800139904 -0.0555530153
v -0.0250049476 0.0800139904 -0.0519230254
v -0.0244279504 0.081129998 -0.0507250279
v -0.0250049476 0.0800139904 -0.0519230254
v -0.0330919549 0.081129998 -0.045548033
v -0.0330919549 0.081129998 -0.045548033
v -0.0250049476 0.0800139904 -0.0519230254
v -0.0338739529 0.0800139904 -0.0466240346
v -0.0330919549 0.081129998 -0.045548033
v -0.0338739529 0.0800139904 -0.0466240346
v -0.0406929627 0.081129998 -0.0389070399
v -0.0406929627 0.081129998 -0.0389070399
v -0.0338739529 0.0800139904 -0.0466240346
v -0.0416549593 0.0800139904 -0.0398260392
v -0.0406929627 0.081129998 -0.0389070399
v -0.0416549593 0.0800139904 -0.0398260392
v -0.0469859689 0.081129998 -0.0310160462
v -0.0469859689 0.081129998 -0.0310160462
v -0.0416549593 0.0800139904 -0.0398260392
v -0.048096966 0.0800139904 -0.031748049
v -0.0469859689 0.081129998 -0.0310160462
v -0.048096966 0.0800139904 -0.031748049
v -0.0517689772 0.081129998 -0.0221270528
v -0.0517689772 0.081129998 -0.0221270528
v -0.048096966 0.0800139904 -0.031748049
v -0.0529929772 0.0800139904 -0.0226500519
v -0.0517689772 0.081129998 -0.0221270528
v -0.0529929772 0.0800139904 -0.0226500519
v -0.0548879877 0.081129998 -0.0125280553
v -0.0548879877 0.081129998 -0.0125280553
v -0.0529929772 0.0800139904 -0.0226500519
v -0.0561849885 0.0800139904 -0.0128240557
v -0.0548879877 0.081129998 -0.0125280553
v -0.0561849885 0.0800139904 -0.0128240557
v -0.056242995 0.081129998 -0.00252605625
v -0.056242995 0.081129998 -0.00252605625
v -0.0561849885 0.0800139904 -0.0128240557
v -0.057571996 0.0800139904 -0.00258605741
v -0.056242995 0.081129998 -0.00252605625
v -0.057571996 0.0800139904 -0.00258605741
v -0.0557900071 0.081129998 0.00755694415
v -0.0557900071 0.081129998 0.00755694415
v -0.057571996 0.0800139904 -0.00258605741
v -0.0571090057 0.0800139904 0.00773594296
v -0.0557900071 0.081129998 0.00755694415
v -0.0571090057 0.0800139904 0.00773594296
v -0.0535440184 0.081129998 0.0173979457
v -0.0535440184 0.081129998 0.0173979457
v -0.0571090057 0.0800139904 0.00773594296
v -0.0548100173 0.0800139904 0.0178089458
v -0.0535440184 0.081129998 0.0173979457
v -0.0548100173 0.0800139904 0.0178089458
v -0.0495780259 0.081129998 0.0266789496
v -0.0495780259 0.081129998 0.0266789496
v -0.0548100173 0.0800139904 0.0178089458
v -0.0507490262 0.0800139904 0.0273089502
v -0.0495780259 0.081129998 0.0266789496
v -0.0507490262 0.0800139904 0.0273089502
v -0.0440170318 0.081129998 0.0351019539
v -0.0440170318 0.081129998 0.0351019539
v -0.0507490262 0.0800139904 0.0273089502
v -0.045057036 0.0800139904 0.035931956
v -0.0440170318 0.081129998 0.0351019539
v -0.045057036 0.0800139904 0.035931956
v -0.0370420404 0.081129998 0.042397961
v -0.0370420404 0.081129998 0.042397961
v -0.045057036 0.0800139904 0.035931956
v -0.037917044 0.0800139904 0.0433999635
v -0.0370420404 0.081129998 0.042397961
v -0.037917044 0.0800139904 0.0433999635
v -0.0288760476 0.081129998 0.0483309701
v -0.0288760476 0.081129998 0.0483309701
v -0.037917044 0.0800139904 0.0433999635
v -0.0295580495 0.0800139904 0.049472969
v -0.0288760476 0.081129998 0.0483309701
v -0.0295580495 0.0800139904 0.049472969
v -0.0197820514 0.081129998 0.0527099818
v -0.0197820514 0.081129998 0.0527099818
v -0.0295580495 0.0800139904 0.049472969
v -0.0202500541 0.0800139904 0.0539549813
v -0.0197820514 0.081129998 0.0527099818
v -0.0202500541 0.0800139904 0.0539549813
v -0.0100530554 0.081129998 0.0553949885
v -0.0100530554 0.081129998 0.0553949885
v -0.0202500541 0.0800139904 0.0539549813
v -0.0102900565 0.0800139904 0.0567039885
v -0.0237199515 0.081724003 -0.0492540225
v -0.0145439468 0.081724003 -0.0526980162
v -0.0149779459 0.081129998 -0.0542710163
v -0.0149779459 0.081129998 -0.0542710163
v -0.0145439468 0.081724003 -0.0526980162
v -0.00504694413 0.081129998 -0.0560730025
v -0.0237199515 0.081724003 -0.0492540225
v -0.0149779459 0.081129998 -0.0542710163
v -0.0244279504 0.081129998 -0.0507250279
v -0.0321329571 0.081724003 -0.0442280322
v -0.0237199515 0.081724003 -0.0492540225
v -0.0244279504 0.081129998 -0.0507250279
v -0.0321329571 0.081724003 -0.0442280322
v -0.0244279504 0.081129998 -0.0507250279
v -0.0330919549 0.081129998 -0.045548033
v -0.0395139642 0.081724003 -0.0377790406
v -0.0321329571 0.081724003 -0.0442280322
v -0.0330919549 0.081129998 -0.045548033
v -0.0395139642 0.081724003 -0.0377790406
v -0.0330919549 0.081129998 -0.045548033
v -0.0406929627 0.081129998 -0.0389070399
v -0.0456249714 0.081724003 -0.0301170442
v -0.0395139642 0.081724003 -0.0377790406
v -0.0406929627 0.081129998 -0.0389070399
v -0.0456249714 0.081724003 -0.0301170442
v -0.0406929627 0.081129998 -0.0389070399
v -0.0469859689 0.081129998 -0.0310160462
v -0.0502689779 0.081724003 -0.0214860495
v -0.0456249714 0.081724003 -0.0301170442
v -0.0469859689 0.081129998 -0.0310160462
v -0.0502689779 0.081724003 -0.0214860495
v -0.0469859689 0.081129998 -0.0310160462
v -0.0517689772 0.081129998 -0.0221270528
v -0.0532979891 0.081724003 -0.0121650528
v -0.0502689779 0.081724003 -0.0214860495
v -0.0517689772 0.081129998 -0.0221270528
v -0.0532979891 0.081724003 -0.0121650528
v -0.0517689772 0.081129998 -0.0221270528
v -0.0548879877 0.081129998 -0.0125280553
v -0.0546129979 0.081724003 -0.00245305477
v -0.0532979891 0.081724003 -0.0121650528
v -0.0548879877 0.081129998 -0.0125280553
v -0.0546129979 0.081724003 -0.00245305477
v -0.0548879877 0.081129998 -0.0125280553
v -0.056242995 0.081129998 -0.00252605625
v -0.0541730076 0.081724003 0.00733794598
v -0.0546129979 0.081724003 -0.00245305477
v -0.056242995 0.081129998 -0.00252605625
v -0.0541730076 0.081724003 0.00733794598
v -0.056242995 0.081129998 -0.00252605625
v -0.0557900071 0.081129998 0.00755694415
v -0.0519930199 0.081724003 0.0168929473
v -0.0541730076 0.081724003 0.00733794598
v -0.0557900071 0.081129998 0.00755694415
v -0.0519930199 0.081724003 0.0168929473
v -0.0557900071 0.081129998 0.00755694415
v -0.0535440184 0.081129998 0.0173979457
v -0.048141025 0.081724003 0.0259059519
v -0.0519930199 0.081724003 0.0168929473
v -0.0535440184 0.081129998 0.0173979457
v -0.048141025 0.081724003 0.0259059519
v -0.0535440184 0.081129998 0.0173979457
v -0.0495780259 0.081129998 0.0266789496
v -0.0427410342 0.081724003 0.0340849608
v -0.048141025 0.081724003 0.0259059519
v -0.0495780259 0.081129998 0.0266789496
v -0.0427410342 0.081724003 0.0340849608
v -0.0495780259 0.081129998 0.0266789496
v -0.0440170318 0.081129998 0.0351019539
v -0.0359680392 0.081724003 0.0411689617
v -0.0427410342 0.081724003 0.0340849608
v -0.0440170318 0.081129998 0.0351019539
v -0.0359680392 0.081724003 0.0411689617
v -0.0440170318 0.081129998 0.0351019539
v -0.0370420404 0.081129998 0.042397961
v -0.0280390475 0.081724003 0.0469299704
v -0.0359680392 0.081724003 0.0411689617
v -0.0370420404 0.081129998 0.042397961
v -0.0280390475 0.081724003 0.0469299704
v -0.0370420404 0.081129998 0.042397961
v -0.0288760476 0.081129998 0.0483309701
v -0.0192090496 0.081724003 0.0511819832
v -0.0280390475 0.081724003 0.0469299704
v -0.0288760476 0.081129998 0.0483309701
v -0.0192090496 0.081724003 0.0511819832
v -0.0288760476 0.081129998 0.0483309701
v -0.0197820514 0.081129998 0.0527099818
v -0.00976105407 0.081724003 0.0537899882
v -0.0192090496 0.081724003 0.0511819832
v -0.0197820514 0.081129998 0.0527099818
v -0.00976105407 0.081724003 0.0537899882
v -0.0197820514 0.081129998 0.0527099818
v -0.0100530554 0.081129998 0.0553949885
v -5.60000011e-08 -0.0713 0.0560000017
v -0.00972405449 -0.0713 0.055148989
v -5.60000011e-08 -0.0785000026 0.0560000017
v -5.60000011e-08 -0.0785000026 0.0560000017
v -0.00972405449 -0.0713 0.055148989
v -0.00972405449 -0.0785000026 0.055148989
v -0.00972405449 -0.0785000026 0.055148989
v -0.00972405449 -0.0713 0.055148989
v -0.0191530529 -0.0713 0.0526229814
v -0.00972405449 -0.0785000026 0.055148989
v -0.0191530529 -0.0713 0.0526229814
v -0.0191530529 -0.0785000026 0.0526229814
v -0.0191530529 -0.0785000026 0.0526229814
v -0.0191530529 -0.0713 0.0526229814
v -0.0280000493 -0.0713 0.048496969
v -0.0191530529 -0.0785000026 0.0526229814
v -0.0280000493 -0.0713 0.048496969
v -0.0280000493 -0.0785000026 0.048496969
v -0.0280000493 -0.0785000026 0.048496969
v -0.0280000493 -0.0713 0.048496969
v -0.0359960459 -0.0713 0.042897962
v -0.0280000493 -0.0785000026 0.048496969
v -0.0359960459 -0.0713 0.042897962
v -0.0359960459 -0.0785000026 0.042897962
v -0.0359960459 -0.0785000026 0.042897962
v -0.0359960459 -0.0713 0.042897962
v -0.0428980365 -0.0713 0.0359959565
v -0.0359960459 -0.0785000026 0.042897962
v -0.0428980365 -0.0713 0.0359959565
v -0.0428980365 -0.0785000026 0.0359959565
v -0.0428980365 -0.0785000026 0.0359959565
v -0.0428980365 -0.0713 0.0359959565
v -0.0484970286 -0.0713 0.0279999524
v -0.0428980365 -0.0785000026 0.0359959565
v -0.0484970286 -0.0713 0.0279999524
v -0.0484970286 -0.0785000026 0.0279999524
v -0.0484970286 -0.0785000026 0.0279999524
v -0.0484970286 -0.0713 0.0279999524
v -0.0526230186 -0.0713 0.0191529486
v -0.0484970286 -0.0785000026 0.0279999524
v -0.0526230186 -0.0713 0.0191529486
v -0.0526230186 -0.0785000026 0.0191529486
v -0.0526230186 -0.0785000026 0.0191529486
v -0.0526230186 -0.0713 0.0191529486
v -0.0551490113 -0.0713 0.00972394459
v -0.0526230186 -0.0785000026 0.0191529486
v -0.0551490113 -0.0713 0.00972394459
v -0.0551490113 -0.0785000026 0.00972394459
v -0.0551490113 -0.0785000026 0.00972394459
v -0.0551490113 -0.0713 0.00972394459
v -0.0560000017 -0.0713 -5.60000011e-08
v -0.0551490113 -0.0785000026 0.00972394459
v -0.0560000017 -0.0713 -5.60000011e-08
v -0.0560000017 -0.0785000026 -5.60000011e-08
v -0.0560000017 -0.0785000026 -5.60000011e-08
v -0.0560000017 -0.0713 -5.60000011e-08
v -0.055148989 -0.0713 -0.00972405449
v -0.0560000017 -0.0785000026 -5.60000011e-08
v -0.055148989 -0.0713 -0.00972405449
v -0.055148989 -0.0785000026 -0.00972405449
v -0.055148989 -0.0785000026 -0.00972405449
v -0.055148989 -0.0713 -0.00972405449
v -0.0526229814 -0.0713 -0.0191530529
v -0.055148989 -0.0785000026 -0.00972405449
v -0.0526229814 -0.0713 -0.0191530529
v -0.0526229814 -0.0785000026 -0.0191530529
v -0.0526229814 -0.0785000026 -0.0191530529
v -0.0526229814 -0.0713 -0.0191530529
v -0.048496969 -0.0713 -0.0280000493
v -0.0526229814 -0.0785000026 -0.0191530529
v -0.048496969 -0.0713 -0.0280000493
v -0.048496969 -0.0785000026 -0.0280000493
v -0.048496969 -0.0785000026 -0.0280000493
v -0.048496969 -0.0713 -0.0280000493
v -0.042897962 -0.0713 -0.0359960459
v -0.048496969 -0.0785000026 -0.0280000493
v -0.042897962 -0.0713 -0.0359960459
v -0.042897962 -0.0785000026 -0.0359960459
v -0.042897962 -0.0785000026 -0.0359960459
v -0.042897962 -0.0713 -0.0359960459
v -0.0359959565 -0.0713 -0.0428980365
v -0.042897962 -0.0785000026 -0.0359960459
v -0.0359959565 -0.0713 -0.0428980365
v -0.0359959565 -0.0785000026 -0.0428980365
v -0.0359959565 -0.0785000026 -0.0428980365
v -0.0359959565 -0.0713 -0.0428980365
v -0.0279999524 -0.0713 -0.0484970286
v -0.0359959565 -0.0785000026 -0.0428980365
v -0.0279999524 -0.0713 -0.0484970286
v -0.0279999524 -0.0785000026 -0.0484970286
v -0.0279999524 -0.0785000026 -0.0484970286
v -0.0279999524 -0.0713 -0.0484970286
v -0.0191529486 -0.0713 -0.0526230186
v -0.0279999524 -0.0785000026 -0.0484970286
v -0.0191529486 -0.0713 -0.0526230186
v -0.0191529486 -0.0785000026 -0.0526230186
v -0.0191529486 -0.0785000026 -0.0526230186
v -0.0191529486 -0.0713 -0.0526230186
v -0.00972394459 -0.0713 -0.0551490113
v -0.0191529486 -0.0785000026 -0.0526230186
v -0.00972394459 -0.0713 -0.0551490113
v -0.00972394459 -0.0785000026 -0.0551490113
v -0.00972394459 -0.0785000026 -0.0551490113
v -0.00972394459 -0.0713 -0.0551490113
v 5.60000011e-08 -0.0785000026 -0.0560000017
v 5.60000011e-08 -0.0785000026 -0.0560000017
v -0.00972394459 -0.0713 -0.0551490113
v 5.60000011e-08 -0.0713 -0.0560000017
v -5.88000013e-08 -0.0632999986 0.0588000007
v -0.010211058 -0.0632999986 0.057906989
v -5.88000013e-08 -0.0713 0.0588000007
v -5.88000013e-08 -0.0713 0.0588000007
v -0.010211058 -0.0632999986 0.057906989
v -0.010211058 -0.0713 0.057906989
v -0.010211058 -0.0713 0.057906989
v -0.010211058 -0.0632999986 0.057906989
v -0.020111056 -0.0632999986 0.0552539825
v -0.010211058 -0.0713 0.057906989
v -0.020111056 -0.0632999986 0.0552539825
v -0.020111056 -0.0713 0.0552539825
v -0.020111056 -0.0713 0.0552539825
v -0.020111056 -0.0632999986 0.0552539825
v -0.0294000506 -0.0632999986 0.0509219691
v -0.020111056 -0.0713 0.0552539825
v -0.0294000506 -0.0632999986 0.0509219691
v -0.0294000506 -0.0713 0.0509219691
v -0.0294000506 -0.0713 0.0509219691
v -0.0294000506 -0.0632999986 0.0509219691
v -0.0377960429 -0.0632999986 0.0450429618
v -0.0294000506 -0.0713 0.0509219691
v -0.0377960429 -0.0632999986 0.0450429618
v -0.0377960429 -0.0713 0.0450429618
v -0.0377960429 -0.0713 0.0450429618
v -0.0377960429 -0.0632999986 0.0450429618
v -0.0450430363 -0.0632999986 0.0377959535
v -0.0377960429 -0.0713 0.0450429618
v -0.0450430363 -0.0632999986 0.0377959535
v -0.0450430363 -0.0713 0.0377959535
v -0.0450430363 -0.0713 0.0377959535
v -0.0450430363 -0.0632999986 0.0377959535
v -0.0509220287 -0.0632999986 0.0293999501
v -0.0450430363 -0.0713 0.0377959535
v -0.0509220287 -0.0632999986 0.0293999501
v -0.0509220287 -0.0713 0.0293999501
v -0.0509220287 -0.0713 0.0293999501
v -0.0509220287 -0.0632999986 0.0293999501
v -0.0552540198 -0.0632999986 0.0201109443
v -0.0509220287 -0.0713 0.0293999501
v -0.0552540198 -0.0632999986 0.0201109443
v -0.0552540198 -0.0713 0.0201109443
v -0.0552540198 -0.0713 0.0201109443
v -0.0552540198 -0.0632999986 0.0201109443
v -0.0579070114 -0.0632999986 0.0102109425
v -0.0552540198 -0.0713 0.0201109443
v -0.0579070114 -0.0632999986 0.0102109425
v -0.0579070114 -0.0713 0.0102109425
v -0.0579070114 -0.0713 0.0102109425
v -0.0579070114 -0.0632999986 0.0102109425
v -0.0588000007 -0.0632999986 -5.88000013e-08
v -0.0579070114 -0.0713 0.0102109425
v -0.0588000007 -0.0632999986 -5.88000013e-08
v -0.0588000007 -0.0713 -5.88000013e-08
v -0.0588000007 -0.0713 -5.88000013e-08
v -0.0588000007 -0.0632999986 -5.88000013e-08
v -0.057906989 -0.0632999986 -0.010211058
v -0.0588000007 -0.0713 -5.88000013e-08
v -0.057906989 -0.0632999986 -0.010211058
v -0.057906989 -0.0713 -0.010211058
v -0.057906989 -0.0713 -0.010211058
v -0.057906989 -0.0632999986 -0.010211058
v -0.0552539825 -0.0632999986 -0.020111056
v -0.057906989 -0.0713 -0.010211058
v -0.0552539825 -0.0632999986 -0.020111056
v -0.0552539825 -0.0713 -0.020111056
v -0.0552539825 -0.0713 -0.020111056
v -0.0552539825 -0.0632999986 -0.020111056
v -0.0509219691 -0.0632999986 -0.0294000506
v -0.0552539825 -0.0713 -0.020111056
v -0.0509219691 -0.0632999986 -0.0294000506
v -0.0509219691 -0.0713 -0.0294000506
v -0.0509219691 -0.0713 -0.0294000506
v -0.0509219691 -0.0632999986 -0.0294000506
v -0.0450429618 -0.0632999986 -0.0377960429
v -0.0509219691 -0.0713 -0.0294000506
v -0.0450429618 -0.0632999986 -0.0377960429
v -0.0450429618 -0.0713 -0.0377960429
v -0.0450429618 -0.0713 -0.0377960429
v -0.0450429618 -0.0632999986 -0.0377960429
v -0.0377959535 -0.0632999986 -0.0450430363
v -0.0450429618 -0.0713 -0.0377960429
v -0.0377959535 -0.0632999986 -0.0450430363
v -0.0377959535 -0.0713 -0.0450430363
v -0.0377959535 -0.0713 -0.0450430363
v -0.0377959535 -0.0632999986 -0.0450430363
v -0.0293999501 -0.0632999986 -0.0509220287
v -0.0377959535 -0.0713 -0.0450430363
v -0.0293999501 -0.0632999986 -0.0509220287
v -0.0293999501 -0.0713 -0.0509220287
v -0.0293999501 -0.0713 -0.0509220287
v -0.0293999501 -0.0632999986 -0.0509220287
v -0.0201109443 -0.0632999986 -0.0552540198
v -0.0293999501 -0.0713 -0.0509220287
v -0.0201109443 -0.0632999986 -0.0552540198
v -0.0201109443 -0.0713 -0.0552540198
v -0.0201109443 -0.0713 -0.0552540198
v -0.0201109443 -0.0632999986 -0.0552540198
v -0.0102109425 -0.0632999986 -0.0579070114
v -0.0201109443 -0.0713 -0.0552540198
v -0.0102109425 -0.0632999986 -0.0579070114
v -0.0102109425 -0.0713 -0.0579070114
v -0.0102109425 -0.0713 -0.0579070114
v -0.0102109425 -0.0632999986 -0.0579070114
v 5.88000013e-08 -0.0713 -0.0588000007
v 5.88000013e-08 -0.0713 -0.0588000007
v -0.0102109425 -0.0632999986 -0.0579070114
v 5.88000013e-08 -0.0632999986 -0.0588000007
v 5.88000013e-08 0.0768000036 -0.0588000007
v 5.88000013e-08 0.0716740042 -0.0588000007
v -0.0102109425 0.0768000036 -0.0579070114
v -0.0102109425 0.0768000036 -0.0579070114
v 5.88000013e-08 0.0716740042 -0.0588000007
v -0.0102109425 0.0714339912 -0.0579070114
v -0.0102109425 0.0768000036 -0.0579070114
v -0.0102109425 0.0714339912 -0.0579070114
v -0.0201109443 0.0768000036 -0.0552540198
v -0.0201109443 0.0768000036 -0.0552540198
v -0.0102109425 0.0714339912 -0.0579070114
v -0.0201109443 0.0707229972 -0.0552540198
v -0.0201109443 0.0768000036 -0.0552540198
v -0.0201109443 0.0707229972 -0.0552540198
v -0.0293999501 0.0768000036 -0.0509220287
v -0.0293999501 0.0768000036 -0.0509220287
v -0.0201109443 0.0707229972 -0.0552540198
v -0.0293999501 0.0695630014 -0.0509220287
v -0.0293999501 0.0768000036 -0.0509220287
v -0.0293999501 0.0695630014 -0.0509220287
v -0.0377959535 0.0768000036 -0.0450430363
v -0.0377959535 0.0768000036 -0.0450430363
v -0.0293999501 0.0695630014 -0.0509220287
v -0.0377959535 0.067986995 -0.0450430363
v -0.0377959535 0.0768000036 -0.0450430363
v -0.0377959535 0.067986995 -0.0450430363
v -0.0450429618 0.0768000036 -0.0377960429
v -0.0450429618 0.0768000036 -0.0377960429
v -0.0377959535 0.067986995 -0.0450430363
v -0.0450429618 0.0660450011 -0.0377960429
v -0.0450429618 0.0768000036 -0.0377960429
v -0.0450429618 0.0660450011 -0.0377960429
v -0.0509219691 0.0768000036 -0.0294000506
v -0.0509219691 0.0768000036 -0.0294000506
v -0.0450429618 0.0660450011 -0.0377960429
v -0.0509219691 0.0637959987 -0.0294000506
v -0.0509219691 0.0768000036 -0.0294000506
v -0.0509219691 0.0637959987 -0.0294000506
v -0.0552539825 0.0768000036 -0.020111056
v -0.0552539825 0.0768000036 -0.020111056
v -0.0509219691 0.0637959987 -0.0294000506
v -0.0552539825 0.0613069981 -0.020111056
v -0.0552539825 0.0768000036 -0.020111056
v -0.0552539825 0.0613069981 -0.020111056
v -0.057906989 0.0768000036 -0.010211058
v -0.057906989 0.0768000036 -0.010211058
v -0.0552539825 0.0613069981 -0.020111056
v -0.057906989 0.0586539954 -0.010211058
v -0.057906989 0.0768000036 -0.010211058
v -0.057906989 0.0586539954 -0.010211058
v -0.0588000007 0.0768000036 -5.88000013e-08
v -0.0588000007 0.0768000036 -5.88000013e-08
v -0.057906989 0.0586539954 -0.010211058
v -0.0588000007 0.0559179932 -5.88000013e-08
v -0.0588000007 0.0768000036 -5.88000013e-08
v -0.0588000007 0.0559179932 -5.88000013e-08
v -0.0579070114 0.0768000036 0.0102109425
v -0.0579070114 0.0768000036 0.0102109425
v -0.0588000007 0.0559179932 -5.88000013e-08
v -0.0579070114 0.053181991 0.0102109425
v -0.0579070114 0.0768000036 0.0102109425
v -0.0579070114 0.053181991 0.0102109425
v -0.0552540198 0.0768000036 0.0201109443
v -0.0552540198 0.0768000036 0.0201109443
v -0.0579070114 0.053181991 0.0102109425
v -0.0552540198 0.0505290031 0.0201109443
v -0.0552540198 0.0768000036 0.0201109443
v -0.0552540198 0.0505290031 0.0201109443
v -0.0509220287 0.0768000036 0.0293999501
v -0.0509220287 0.0768000036 0.0293999501
v -0.0552540198 0.0505290031 0.0201109443
v -0.0509220287 0.0480400026 0.0293999501
v -0.0509220287 0.0768000036 0.0293999501
v -0.0509220287 0.0480400026 0.0293999501
v -0.0450430363 0.0768000036 0.0377959535
v -0.0450430363 0.0768000036 0.0377959535
v -0.0509220287 0.0480400026 0.0293999501
v -0.0450430363 0.0457910001 0.0377959535
v -0.0450430363 0.0768000036 0.0377959535
v -0.0450430363 0.0457910001 0.0377959535
v -0.0377960429 0.0768000036 0.0450429618
v -0.0377960429 0.0768000036 0.0450429618
v -0.0450430363 0.0457910001 0.0377959535
v -0.0377960429 0.0438489988 0.0450429618
v -0.0377960429 0.0768000036 0.0450429618
v -0.0377960429 0.0438489988 0.0450429618
v -0.0294000506 0.0768000036 0.0509219691
v -0.0294000506 0.0768000036 0.0509219691
v -0.0377960429 0.0438489988 0.0450429618
v -0.0294000506 0.0422739983 0.0509219691
v -0.0294000506 0.0768000036 0.0509219691
v -0.0294000506 0.0422739983 0.0509219691
v -0.020111056 0.0768000036 0.0552539825
v -0.020111056 0.0768000036 0.0552539825
v -0.0294000506 0.0422739983 0.0509219691
v -0.020111056 0.0411129966 0.0552539825
v -0.020111056 0.0768000036 0.0552539825
v -0.020111056 0.0411129966 0.0552539825
v -0.010211058 0.0768000036 0.057906989
v -0.010211058 0.0768000036 0.057906989
v -0.020111056 0.0411129966 0.0552539825
v -0.010211058 0.0404019952 0.057906989
v -0.010211058 0.0768000036 0.057906989
v -0.010211058 0.0404019952 0.057906989
v -5.88000013e-08 0.0768000036 0.0588000007
v -5.88000013e-08 0.0768000036 0.0588000007
v -0.010211058 0.0404019952 0.057906989
v -5.88000013e-08 0.0401629955 0.0588000007
v -5.88000013e-08 0.0401629955 0.0588000007
v 0.0102109425 0.0404019952 0.0579070114
v -5.88000013e-08 0.0768000036 0.0588000007
v -5.88000013e-08 0.0768000036 0.0588000007
v 0.0102109425 0.0404019952 0.0579070114
v 0.0102109425 0.0768000036 0.0579070114
v 0.0102109425 0.0768000036 0.0579070114
v 0.0102109425 0.0404019952 0.0579070114
v 0.0201109443 0.0411129966 0.0552540198
v 0.0102109425 0.0768000036 0.0579070114
v 0.0201109443 0.0411129966 0.0552540198
v 0.0201109443 0.0768000036 0.0552540198
v 0.0201109443 0.0768000036 0.0552540198
v 0.0201109443 0.0411129966 0.0552540198
v 0.0293999501 0.0422739983 0.0509220287
v 0.0201109443 0.0768000036 0.0552540198
v 0.0293999501 0.0422739983 0.0509220287
v 0.0293999501 0.0768000036 0.0509220287
v 0.0293999501 0.0768000036 0.0509220287
v 0.0293999501 0.0422739983 0.0509220287
v 0.0377959535 0.0438489988 0.0450430363
v 0.0293999501 0.0768000036 0.0509220287
v 0.0377959535 0.0438489988 0.0450430363
v 0.0377959535 0.0768000036 0.0450430363
v 0.0377959535 0.0768000036 0.0450430363
v 0.0377959535 0.0438489988 0.0450430363
v 0.0450429618 0.0457910001 0.0377960429
v 0.0377959535 0.0768000036 0.0450430363
v 0.0450429618 0.0457910001 0.0377960429
v 0.0450429618 0.0768000036 0.0377960429
v 0.0450429618 0.0768000036 0.0377960429
v 0.0450429618 0.0457910001 0.0377960429
v 0.0509219691 0.0480400026 0.0294000506
v 0.0450429618 0.0768000036 0.0377960429
v 0.0509219691 0.0480400026 0.0294000506
v 0.0509219691 0.0768000036 0.0294000506
v 0.0509219691 0.0768000036 0.0294000506
v 0.0509219691 0.0480400026 0.0294000506
v 0.0552539825 0.0505290031 0.020111056
v 0.0509219691 0.0768000036 0.0294000506
v 0.0552539825 0.0505290031 0.020111056
v 0.0552539825 0.0768000036 0.020111056
v 0.0552539825 0.0768000036 0.020111056
v 0.0552539825 0.0505290031 0.020111056
v 0.057906989 0.053181991 0.010211058
v 0.0552539825 0.0768000036 0.020111056
v 0.057906989 0.053181991 0.010211058
v 0.057906989 0.0768000036 0.010211058
v 0.057906989 0.0768000036 0.010211058
v 0.057906989 0.053181991 0.010211058
v 0.0588000007 0.0559179932 5.88000013e-08
v 0.057906989 0.0768000036 0.010211058
v 0.0588000007 0.0559179932 5.88000013e-08
v 0.0588000007 0.0768000036 5.88000013e-08
v 0.0588000007 0.0768000036 5.88000013e-08
v 0.0588000007 0.0559179932 5.88000013e-08
v 0.0579070114 0.0586539954 -0.0102109425
v 0.0588000007 0.0768000036 5.88000013e-08
v 0.0579070114 0.0586539954 -0.0102109425
v 0.0579070114 0.0768000036 -0.0102109425
v 0.0579070114 0.0768000036 -0.0102109425
v 0.0579070114 0.0586539954 -0.0102109425
v 0.0552540198 0.0613069981 -0.0201109443
v 0.0579070114 0.0768000036 -0.0102109425
v 0.0552540198 0.0613069981 -0.0201109443
v 0.0552540198 0.0768000036 -0.0201109443
v 0.0552540198 0.0768000036 -0.0201109443
v 0.0552540198 0.0613069981 -0.0201109443
v 0.0509220287 0.0637959987 -0.0293999501
v 0.0552540198 0.0768000036 -0.0201109443
v 0.0509220287 0.0637959987 -0.0293999501
v 0.0509220287 0.0768000036 -0.0293999501
v 0.0509220287 0.0768000036 -0.0293999501
v 0.0509220287 0.0637959987 -0.0293999501
v 0.0450430363 0.0660450011 -0.0377959535
v 0.0509220287 0.0768000036 -0.0293999501
v 0.0450430363 0.0660450011 -0.0377959535
v 0.0450430363 0.0768000036 -0.0377959535
v 0.0450430363 0.0768000036 -0.0377959535
v 0.0450430363 0.0660450011 -0.0377959535
v 0.0377960429 0.067986995 -0.0450429618
v 0.0450430363 0.0768000036 -0.0377959535
v 0.0377960429 0.067986995 -0.0450429618
v 0.0377960429 0.0768000036 -0.0450429618
v 0.0377960429 0.0768000036 -0.0450429618
v 0.0377960429 0.067986995 -0.0450429618
v 0.0294000506 0.0695630014 -0.0509219691
v 0.0377960429 0.0768000036 -0.0450429618
v 0.0294000506 0.0695630014 -0.0509219691
v 0.0294000506 0.0768000036 -0.0509219691
v 0.0294000506 0.0768000036 -0.0509219691
v 0.0294000506 0.0695630014 -0.0509219691
v 0.020111056 0.0707229972 -0.0552539825
v 0.0294000506 0.0768000036 -0.0509219691
v 0.020111056 0.0707229972 -0.0552539825
v 0.020111056 0.0768000036 -0.0552539825
v 0.020111056 0.0768000036 -0.0552539825
v 0.020111056 0.0707229972 -0.0552539825
v 0.010211058 0.0714339912 -0.057906989
v 0.020111056 0.0768000036 -0.0552539825
v 0.010211058 0.0714339912 -0.057906989
v 0.010211058 0.0768000036 -0.057906989
v 0.010211058 0.0768000036 -0.057906989
v 0.010211058 0.0714339912 -0.057906989
v 5.88000013e-08 0.0716740042 -0.0588000007
v 0.010211058 0.0768000036 -0.057906989
v 5.88000013e-08 0.0716740042 -0.0588000007
v 5.88000013e-08 0.0768000036 -0.0588000007
v 5.38000009e-08 0.0817999989 -0.0538000017
v -0.00988594722 0.0817999989 -0.0528840125
v 0.00988605339 0.0817999989 -0.0528839901
v 0.00988605339 0.0817999989 -0.0528839901
v -0.00988594722 0.0817999989 -0.0528840125
v 0.01943505 0.0817999989 -0.0501669832
v 0.01943505 0.0817999989 -0.0501669832
v -0.00988594722 0.0817999989 -0.0528840125
v -0.0194349494 0.0817999989 -0.0501670204
v 0.01943505 0.0817999989 -0.0501669832
v -0.0194349494 0.0817999989 -0.0501670204
v 0.0283220466 0.0817999989 -0.0457419716
v 0.0283220466 0.0817999989 -0.0457419716
v -0.0194349494 0.0817999989 -0.0501670204
v -0.0283219535 0.0817999989 -0.0457420312
v 0.0283220466 0.0817999989 -0.0457419716
v -0.0283219535 0.0817999989 -0.0457420312
v 0.0362450406 0.0817999989 -0.0397589616
v 0.0362450406 0.0817999989 -0.0397589616
v -0.0283219535 0.0817999989 -0.0457420312
v -0.0362449586 0.0817999989 -0.0397590362
v 0.0362450406 0.0817999989 -0.0397589616
v -0.0362449586 0.0817999989 -0.0397590362
v 0.0429330319 0.0817999989 -0.032421954
v 0.0429330319 0.0817999989 -0.032421954
v -0.0362449586 0.0817999989 -0.0397590362
v 0.048160024 0.0817999989 -0.0239809509
v 0.048160024 0.0817999989 -0.0239809509
v -0.0362449586 0.0817999989 -0.0397590362
v 0.0517460145 0.0817999989 -0.014722948
v 0.0517460145 0.0817999989 -0.014722948
v -0.0362449586 0.0817999989 -0.0397590362
v 0.0535700023 0.0817999989 -0.00496394653
v 0.0535700023 0.0817999989 -0.00496394653
v -0.0362449586 0.0817999989 -0.0397590362
v 0.0535699949 0.0817999989 0.00496405363
v 0.0535699949 0.0817999989 0.00496405363
v -0.0362449586 0.0817999989 -0.0397590362
v 0.0517459847 0.0817999989 0.0147230523
v 0.0517459847 0.0817999989 0.0147230523
v -0.0362449586 0.0817999989 -0.0397590362
v 0.0481599793 0.0817999989 0.0239810478
v 0.0481599793 0.0817999989 0.0239810478
v -0.0362449586 0.0817999989 -0.0397590362
v 0.0429329649 0.0817999989 0.0324220434
v 0.0429329649 0.0817999989 0.0324220434
v -0.0362449586 0.0817999989 -0.0397590362
v 0.0362449586 0.0817999989 0.0397590362
v 0.0362449586 0.0817999989 0.0397590362
v -0.0362449586 0.0817999989 -0.0397590362
v 0.0283219535 0.0817999989 0.0457420312
v 0.0283219535 0.0817999989 0.0457420312
v -0.0362449586 0.0817999989 -0.0397590362
v -0.0429329649 0.0817999989 -0.0324220434
v 0.0283219535 0.0817999989 0.0457420312
v -0.0429329649 0.0817999989 -0.0324220434
v 0.0194349494 0.0817999989 0.0501670204
v 0.0194349494 0.0817999989 0.0501670204
v -0.0429329649 0.0817999989 -0.0324220434
v 0.00988594722 0.0817999989 0.0528840125
v 0.00988594722 0.0817999989 0.0528840125
v -0.0429329649 0.0817999989 -0.0324220434
v -5.38000009e-08 0.0817999989 0.0538000017
v -5.38000009e-08 0.0817999989 0.0538000017
v -0.0429329649 0.0817999989 -0.0324220434
v -0.00988605339 0.0817999989 0.0528839901
v -0.00988605339 0.0817999989 0.0528839901
v -0.0429329649 0.0817999989 -0.0324220434
v -0.01943505 0.0817999989 0.0501669832
v -0.01943505 0.0817999989 0.0501669832
v -0.0429329649 0.0817999989 -0.0324220434
v -0.0283220466 0.0817999989 0.0457419716
v -0.0283220466 0.0817999989 0.0457419716
v -0.0429329649 0.0817999989 -0.0324220434
v -0.0362450406 0.0817999989 0.0397589616
v -0.0362450406 0.0817999989 0.0397589616
v -0.0429329649 0.0817999989 -0.0324220434
v -0.0429330319 0.0817999989 0.032421954
v -0.0429330319 0.0817999989 0.032421954
v -0.0429329649 0.0817999989 -0.0324220434
v -0.0481599793 0.0817999989 -0.0239810478
v -0.0429330319 0.0817999989 0.032421954
v -0.0481599793 0.0817999989 -0.0239810478
v -0.048160024 0.0817999989 0.0239809509
v -0.048160024 0.0817999989 0.0239809509
v -0.0481599793 0.0817999989 -0.0239810478
v -0.0517459847 0.0817999989 -0.0147230523
v -0.048160024 0.0817999989 0.0239809509
v -0.0517459847 0.0817999989 -0.0147230523
v -0.0517460145 0.0817999989 0.014722948
v -0.0517460145 0.0817999989 0.014722948
v -0.0517459847 0.0817999989 -0.0147230523
v -0.0535699949 0.0817999989 -0.00496405363
v -0.0517460145 0.0817999989 0.014722948
v -0.0535699949 0.0817999989 -0.00496405363
v -0.0535700023 0.0817999989 0.00496394653
v 5.88000013e-08 -0.0713 -0.0588000007
v 5.88000013e-08 -0.0632999986 -0.0588000007
v 0.010211058 -0.0713 -0.057906989
v 0.010211058 -0.0713 -0.057906989
v 5.88000013e-08 -0.0632999986 -0.0588000007
v 0.010211058 -0.0632999986 -0.057906989
v 0.010211058 -0.0713 -0.057906989
v 0.010211058 -0.0632999986 -0.057906989
v 0.020111056 -0.0632999986 -0.0552539825
v 0.010211058 -0.0713 -0.057906989
v 0.020111056 -0.0632999986 -0.0552539825
v 0.020111056 -0.0713 -0.0552539825
v 0.020111056 -0.0713 -0.0552539825
v 0.020111056 -0.0632999986 -0.0552539825
v 0.0294000506 -0.0632999986 -0.0509219691
v 0.020111056 -0.0713 -0.0552539825
v 0.0294000506 -0.0632999986 -0.0509219691
v 0.0294000506 -0.0713 -0.0509219691
v 0.0294000506 -0.0713 -0.0509219691
v 0.0294000506 -0.0632999986 -0.0509219691
v 0.0377960429 -0.0632999986 -0.0450429618
v 0.0294000506 -0.0713 -0.0509219691
v 0.0377960429 -0.0632999986 -0.0450429618
v 0.0377960429 -0.0713 -0.0450429618
v 0.0377960429 -0.0713 -0.0450429618
v 0.0377960429 -0.0632999986 -0.0450429618
v 0.0450430363 -0.0632999986 -0.0377959535
v 0.0377960429 -0.0713 -0.0450429618
v 0.0450430363 -0.0632999986 -0.0377959535
v 0.0450430363 -0.0713 -0.0377959535
v 0.0450430363 -0.0713 -0.0377959535
v 0.0450430363 -0.0632999986 -0.0377959535
v 0.0509220287 -0.0632999986 -0.0293999501
v 0.0450430363 -0.0713 -0.0377959535
v 0.0509220287 -0.0632999986 -0.0293999501
v 0.0509220287 -0.0713 -0.0293999501
v 0.0509220287 -0.0713 -0.0293999501
v 0.0509220287 -0.0632999986 -0.0293999501
v 0.0552540198 -0.0632999986 -0.0201109443
v 0.0509220287 -0.0713 -0.0293999501
v 0.0552540198 -0.0632999986 -0.0201109443
v 0.0552540198 -0.0713 -0.0201109443
v 0.0552540198 -0.0713 -0.0201109443
v 0.0552540198 -0.0632999986 -0.0201109443
v 0.0579070114 -0.0632999986 -0.0102109425
v 0.0552540198 -0.0713 -0.0201109443
v 0.0579070114 -0.0632999986 -0.0102109425
v 0.0579070114 -0.0713 -0.0102109425
v 0.0579070114 -0.0713 -0.0102109425
v 0.0579070114 -0.0632999986 -0.0102109425
v 0.0588000007 -0.0632999986 5.88000013e-08
v 0.0579070114 -0.0713 -0.0102109425
v 0.0588000007 -0.0632999986 5.88000013e-08
v 0.0588000007 -0.0713 5.88000013e-08
v 0.0588000007 -0.0713 5.88000013e-08
v 0.0588000007 -0.0632999986 5.88000013e-08
v 0.057906989 -0.0632999986 0.010211058
v 0.0588000007 -0.0713 5.88000013e-08
v 0.057906989 -0.0632999986 0.010211058
v 0.057906989 -0.0713 0.010211058
v 0.057906989 -0.0713 0.010211058
v 0.057906989 -0.0632999986 0.010211058
v 0.0552539825 -0.0632999986 0.020111056
v 0.057906989 -0.0713 0.010211058
v 0.0552539825 -0.0632999986 0.020111056
v 0.0552539825 -0.0713 0.020111056
v 0.0552539825 -0.0713 0.020111056
v 0.0552539825 -0.0632999986 0.020111056
v 0.0509219691 -0.0632999986 0.0294000506
v 0.0552539825 -0.0713 0.020111056
v 0.0509219691 -0.0632999986 0.0294000506
v 0.0509219691 -0.0713 0.0294000506
v 0.0509219691 -0.0713 0.0294000506
v 0.0509219691 -0.0632999986 0.0294000506
v 0.0450429618 -0.0632999986 0.0377960429
v 0.0509219691 -0.0713 0.0294000506
v 0.0450429618 -0.0632999986 0.0377960429
v 0.0450429618 -0.0713 0.0377960429
v 0.0450429618 -0.0713 0.0377960429
v 0.0450429618 -0.0632999986 0.0377960429
v 0.0377959535 -0.0632999986 0.0450430363
v 0.0450429618 -0.0713 0.0377960429
v 0.0377959535 -0.0632999986 0.0450430363
v 0.0377959535 -0.0713 0.0450430363
v 0.0377959535 -0.0713 0.0450430363
v 0.0377959535 -0.0632999986 0.0450430363
v 0.0293999501 -0.0632999986 0.0509220287
v 0.0377959535 -0.0713 0.0450430363
v 0.0293999501 -0.0632999986 0.0509220287
v 0.0293999501 -0.0713 0.0509220287
v 0.0293999501 -0.0713 0.0509220287
v 0.0293999501 -0.0632999986 0.0509220287
v 0.0201109443 -0.0632999986 0.0552540198
v 0.0293999501 -0.0713 0.0509220287
v 0.0201109443 -0.0632999986 0.0552540198
v 0.0201109443 -0.0713 0.0552540198
v 0.0201109443 -0.0713 0.0552540198
v 0.0201109443 -0.0632999986 0.0552540198
v 0.0102109425 -0.0632999986 0.0579070114
v 0.0201109443 -0.0713 0.0552540198
v 0.0102109425 -0.0632999986 0.0579070114
v 0.0102109425 -0.0713 0.0579070114
v 0.0102109425 -0.0713 0.0579070114
v 0.0102109425 -0.0632999986 0.0579070114
v -5.88000013e-08 -0.0632999986 0.0588000007
v 0.0102109425 -0.0713 0.0579070114
v -5.88000013e-08 -0.0632999986 0.0588000007
v -5.88000013e-08 -0.0713 0.0588000007
v -5.60000011e-08 -0.0785000026 0.0560000017
v -0.00972405449 -0.0785000026 0.055148989
v 0.00972394459 -0.0785000026 0.0551490113
v 0.00972394459 -0.0785000026 0.0551490113
v -0.00972405449 -0.0785000026 0.055148989
v 0.0191529486 -0.0785000026 0.0526230186
v 0.0191529486 -0.0785000026 0.0526230186
v -0.00972405449 -0.0785000026 0.055148989
v -0.0191530529 -0.0785000026 0.0526229814
v 0.0191529486 -0.0785000026 0.0526230186
v -0.0191530529 -0.0785000026 0.0526229814
v 0.0279999524 -0.0785000026 0.0484970286
v 0.0279999524 -0.0785000026 0.0484970286
v -0.0191530529 -0.0785000026 0.0526229814
v -0.0280000493 -0.0785000026 0.048496969
v 0.0279999524 -0.0785000026 0.0484970286
v -0.0280000493 -0.0785000026 0.048496969
v 0.0359959565 -0.0785000026 0.0428980365
v 0.0359959565 -0.0785000026 0.0428980365
v -0.0280000493 -0.0785000026 0.048496969
v -0.0359960459 -0.0785000026 0.042897962
v 0.0359959565 -0.0785000026 0.0428980365
v -0.0359960459 -0.0785000026 0.042897962
v 0.042897962 -0.0785000026 0.0359960459
v 0.042897962 -0.0785000026 0.0359960459
v -0.0359960459 -0.0785000026 0.042897962
v -0.0428980365 -0.0785000026 0.0359959565
v 0.042897962 -0.0785000026 0.0359960459
v -0.0428980365 -0.0785000026 0.0359959565
v 0.048496969 -0.0785000026 0.0280000493
v 0.048496969 -0.0785000026 0.0280000493
v -0.0428980365 -0.0785000026 0.0359959565
v -0.0484970286 -0.0785000026 0.0279999524
v 0.048496969 -0.0785000026 0.0280000493
v -0.0484970286 -0.0785000026 0.0279999524
v 0.0526229814 -0.0785000026 0.0191530529
v 0.0526229814 -0.0785000026 0.0191530529
v -0.0484970286 -0.0785000026 0.0279999524
v -0.0526230186 -0.0785000026 0.0191529486
v 0.0526229814 -0.0785000026 0.0191530529
v -0.0526230186 -0.0785000026 0.0191529486
v 0.055148989 -0.0785000026 0.00972405449
v 0.055148989 -0.0785000026 0.00972405449
v -0.0526230186 -0.0785000026 0.0191529486
v -0.0551490113 -0.0785000026 0.00972394459
v 0.055148989 -0.0785000026 0.00972405449
v -0.0551490113 -0.0785000026 0.00972394459
v 0.0560000017 -0.0785000026 5.60000011e-08
v 0.0560000017 -0.0785000026 5.60000011e-08
v -0.0551490113 -0.0785000026 0.00972394459
v -0.0560000017 -0.0785000026 -5.60000011e-08
v 0.0560000017 -0.0785000026 5.60000011e-08
v -0.0560000017 -0.0785000026 -5.60000011e-08
v 0.0551490113 -0.0785000026 -0.00972394459
v 0.0551490113 -0.0785000026 -0.00972394459
v -0.0560000017 -0.0785000026 -5.60000011e-08
v -0.055148989 -0.0785000026 -0.00972405449
v 0.0551490113 -0.0785000026 -0.00972394459
v -0.055148989 -0.0785000026 -0.00972405449
v 0.0526230186 -0.0785000026 -0.0191529486
v 0.0526230186 -0.0785000026 -0.0191529486
v -0.055148989 -0.0785000026 -0.00972405449
v -0.0526229814 -0.0785000026 -0.0191530529
v 0.0526230186 -0.0785000026 -0.0191529486
v -0.0526229814 -0.0785000026 -0.0191530529
v 0.0484970286 -0.0785000026 -0.0279999524
v 0.0484970286 -0.0785000026 -0.0279999524
v -0.0526229814 -0.0785000026 -0.0191530529
v -0.048496969 -0.0785000026 -0.0280000493
v 0.0484970286 -0.0785000026 -0.0279999524
v -0.048496969 -0.0785000026 -0.0280000493
v 0.0428980365 -0.0785000026 -0.0359959565
v 0.0428980365 -0.0785000026 -0.0359959565
v -0.048496969 -0.0785000026 -0.0280000493
v -0.042897962 -0.0785000026 -0.0359960459
v 0.0428980365 -0.0785000026 -0.0359959565
v -0.042897962 -0.0785000026 -0.0359960459
v 0.0359960459 -0.0785000026 -0.042897962
v 0.0359960459 -0.0785000026 -0.042897962
v -0.042897962 -0.0785000026 -0.0359960459
v -0.0359959565 -0.0785000026 -0.0428980365
v 0.0359960459 -0.0785000026 -0.042897962
v -0.0359959565 -0.0785000026 -0.0428980365
v 0.0280000493 -0.0785000026 -0.048496969
v 0.0280000493 -0.0785000026 -0.048496969
v -0.0359959565 -0.0785000026 -0.0428980365
v -0.0279999524 -0.0785000026 -0.0484970286
v 0.0280000493 -0.0785000026 -0.048496969
v -0.0279999524 -0.0785000026 -0.0484970286
v 0.0191530529 -0.0785000026 -0.0526229814
v 0.0191530529 -0.0785000026 -0.0526229814
v -0.0279999524 -0.0785000026 -0.0484970286
v -0.0191529486 -0.0785000026 -0.0526230186
v 0.0191530529 -0.0785000026 -0.0526229814
v -0.0191529486 -0.0785000026 -0.0526230186
v 0.00972405449 -0.0785000026 -0.055148989
v 0.00972405449 -0.0785000026 -0.055148989
v -0.0191529486 -0.0785000026 -0.0526230186
v -0.00972394459 -0.0785000026 -0.0551490113
v 0.00972405449 -0.0785000026 -0.055148989
v -0.00972394459 -0.0785000026 -0.0551490113
v 5.60000011e-08 -0.0785000026 -0.0560000017
v 5.60000011e-08 -0.0785000026 -0.0560000017
v 5.60000011e-08 -0.0713 -0.0560000017
v 0.00972405449 -0.0785000026 -0.055148989
v 0.00972405449 -0.0785000026 -0.055148989
v 5.60000011e-08 -0.0713 -0.0560000017
v 0.00972405449 -0.0713 -0.055148989
v 0.00972405449 -0.0785000026 -0.055148989
v 0.00972405449 -0.0713 -0.055148989
v 0.0191530529 -0.0713 -0.0526229814
v 0.00972405449 -0.0785000026 -0.055148989
v 0.0191530529 -0.0713 -0.0526229814
v 0.0191530529 -0.0785000026 -0.0526229814
v 0.0191530529 -0.0785000026 -0.0526229814
v 0.0191530529 -0.0713 -0.0526229814
v 0.0280000493 -0.0713 -0.048496969
v 0.0191530529 -0.0785000026 -0.0526229814
v 0.0280000493 -0.0713 -0.048496969
v 0.0280000493 -0.0785000026 -0.048496969
v 0.0280000493 -0.0785000026 -0.048496969
v 0.0280000493 -0.0713 -0.048496969
v 0.0359960459 -0.0713 -0.042897962
v 0.0280000493 -0.0785000026 -0.048496969
v 0.0359960459 -0.0713 -0.042897962
v 0.0359960459 -0.0785000026 -0.042897962
v 0.0359960459 -0.0785000026 -0.042897962
v 0.0359960459 -0.0713 -0.042897962
v 0.0428980365 -0.0713 -0.0359959565
v 0.0359960459 -0.0785000026 -0.042897962
v 0.0428980365 -0.0713 -0.0359959565
v 0.0428980365 -0.0785000026 -0.0359959565
v 0.0428980365 -0.0785000026 -0.0359959565
v 0.0428980365 -0.0713 -0.0359959565
v 0.0484970286 -0.0713 -0.0279999524
v 0.0428980365 -0.0785000026 -0.0359959565
v 0.0484970286 -0.0713 -0.0279999524
v 0.0484970286 -0.0785000026 -0.0279999524
v 0.0484970286 -0.0785000026 -0.0279999524
v 0.0484970286 -0.0713 -0.0279999524
v 0.0526230186 -0.0713 -0.0191529486
v 0.0484970286 -0.0785000026 -0.0279999524
v 0.0526230186 -0.0713 -0.0191529486
v 0.0526230186 -0.0785000026 -0.0191529486
v 0.0526230186 -0.0785000026 -0.0191529486
v 0.0526230186 -0.0713 -0.0191529486
v 0.0551490113 -0.0713 -0.00972394459
v 0.0526230186 -0.0785000026 -0.0191529486
v 0.0551490113 -0.0713 -0.00972394459
v 0.0551490113 -0.0785000026 -0.00972394459
v 0.0551490113 -0.0785000026 -0.00972394459
v 0.0551490113 -0.0713 -0.00972394459
v 0.0560000017 -0.0713 5.60000011e-08
v 0.0551490113 -0.0785000026 -0.00972394459
v 0.0560000017 -0.0713 5.60000011e-08
v 0.0560000017 -0.0785000026 5.60000011e-08
v 0.0560000017 -0.0785000026 5.60000011e-08
v 0.0560000017 -0.0713 5.60000011e-08
v 0.055148989 -0.0713 0.00972405449
v 0.0560000017 -0.0785000026 5.60000011e-08
v 0.055148989 -0.0713 0.00972405449
v 0.055148989 -0.0785000026 0.00972405449
v 0.055148989 -0.0785000026 0.00972405449
v 0.055148989 -0.0713 0.00972405449
v 0.0526229814 -0.0713 0.0191530529
v 0.055148989 -0.0785000026 0.00972405449
v 0.0526229814 -0.0713 0.0191530529
v 0.0526229814 -0.0785000026 0.0191530529
v 0.0526229814 -0.0785000026 0.0191530529
v 0.0526229814 -0.0713 0.0191530529
v 0.048496969 -0.0713 0.0280000493
v 0.0526229814 -0.0785000026 0.0191530529
v 0.048496969 -0.0713 0.0280000493
v 0.048496969 -0.0785000026 0.0280000493
v 0.048496969 -0.0785000026 0.0280000493
v 0.048496969 -0.0713 0.0280000493
v 0.042897962 -0.0713 0.0359960459
v 0.048496969 -0.0785000026 0.0280000493
v 0.042897962 -0.0713 0.0359960459
v 0.042897962 -0.0785000026 0.0359960459
v 0.042897962 -0.0785000026 0.0359960459
v 0.042897962 -0.0713 0.0359960459
v 0.0359959565 -0.0713 0.0428980365
v 0.042897962 -0.0785000026 0.0359960459
v 0.0359959565 -0.0713 0.0428980365
v 0.0359959565 -0.0785000026 0.0428980365
v 0.0359959565 -0.0785000026 0.0428980365
v 0.0359959565 -0.0713 0.0428980365
v 0.0279999524 -0.0713 0.0484970286
v 0.0359959565 -0.0785000026 0.0428980365
v 0.0279999524 -0.0713 0.0484970286
v 0.0279999524 -0.0785000026 0.0484970286
v 0.0279999524 -0.0785000026 0.0484970286
v 0.0279999524 -0.0713 0.0484970286
v 0.0191529486 -0.0713 0.0526230186
v 0.0279999524 -0.0785000026 0.0484970286
v 0.0191529486 -0.0713 0.0526230186
v 0.0191529486 -0.0785000026 0.0526230186
v 0.0191529486 -0.0785000026 0.0526230186
v 0.0191529486 -0.0713 0.0526230186
v 0.00972394459 -0.0713 0.0551490113
v 0.0191529486 -0.0785000026 0.0526230186
v 0.00972394459 -0.0713 0.0551490113
v 0.00972394459 -0.0785000026 0.0551490113
v 0.00972394459 -0.0785000026 0.0551490113
v 0.00972394459 -0.0713 0.0551490113
v -5.60000011e-08 -0.0713 0.0560000017
v 0.00972394459 -0.0785000026 0.0551490113
v -5.60000011e-08 -0.0713 0.0560000017
v -5.60000011e-08 -0.0785000026 0.0560000017
v -0.010211058 -0.0713 0.057906989
v -0.00972405449 -0.0713 0.055148989
v -5.88000013e-08 -0.0713 0.0588000007
v -5.88000013e-08 -0.0713 0.0588000007
v -0.00972405449 -0.0713 0.055148989
v -5.60000011e-08 -0.0713 0.0560000017
v -5.88000013e-08 -0.0713 0.0588000007
v -5.60000011e-08 -0.0713 0.0560000017
v 0.0102109425 -0.0713 0.0579070114
v 0.0102109425 -0.0713 0.0579070114
v -5.60000011e-08 -0.0713 0.0560000017
v 0.00972394459 -0.0713 0.0551490113
v 0.0102109425 -0.0713 0.0579070114
v 0.00972394459 -0.0713 0.0551490113
v 0.0191529486 -0.0713 0.0526230186
v -0.00972405449 -0.0713 0.055148989
v -0.010211058 -0.0713 0.057906989
v -0.0191530529 -0.0713 0.0526229814
v -0.0191530529 -0.0713 0.0526229814
v -0.010211058 -0.0713 0.057906989
v -0.020111056 -0.0713 0.0552539825
v -0.0191530529 -0.0713 0.0526229814
v -0.020111056 -0.0713 0.0552539825
v -0.0280000493 -0.0713 0.048496969
v -0.0280000493 -0.0713 0.048496969
v -0.020111056 -0.0713 0.0552539825
v -0.0294000506 -0.0713 0.0509219691
v -0.0280000493 -0.0713 0.048496969
v -0.0294000506 -0.0713 0.0509219691
v -0.0359960459 -0.0713 0.042897962
v -0.0359960459 -0.0713 0.042897962
v -0.0294000506 -0.0713 0.0509219691
v -0.0377960429 -0.0713 0.0450429618
v -0.0359960459 -0.0713 0.042897962
v -0.0377960429 -0.0713 0.0450429618
v -0.0428980365 -0.0713 0.0359959565
v -0.0428980365 -0.0713 0.0359959565
v -0.0377960429 -0.0713 0.0450429618
v -0.0450430363 -0.0713 0.0377959535
v -0.0428980365 -0.0713 0.0359959565
v -0.0450430363 -0.0713 0.0377959535
v -0.0484970286 -0.0713 0.0279999524
v -0.0484970286 -0.0713 0.0279999524
v -0.0450430363 -0.0713 0.0377959535
v -0.0509220287 -0.0713 0.0293999501
v -0.0484970286 -0.0713 0.0279999524
v -0.0509220287 -0.0713 0.0293999501
v -0.0526230186 -0.0713 0.0191529486
v -0.0526230186 -0.0713 0.0191529486
v -0.0509220287 -0.0713 0.0293999501
v -0.0552540198 -0.0713 0.0201109443
v -0.0526230186 -0.0713 0.0191529486
v -0.0552540198 -0.0713 0.0201109443
v -0.0551490113 -0.0713 0.00972394459
v -0.0551490113 -0.0713 0.00972394459
v -0.0552540198 -0.0713 0.0201109443
v -0.0579070114 -0.0713 0.0102109425
v -0.0551490113 -0.0713 0.00972394459
v -0.0579070114 -0.0713 0.0102109425
v -0.0560000017 -0.0713 -5.60000011e-08
v -0.0560000017 -0.0713 -5.60000011e-08
v -0.0579070114 -0.0713 0.0102109425
v -0.0588000007 -0.0713 -5.88000013e-08
v -0.0560000017 -0.0713 -5.60000011e-08
v -0.0588000007 -0.0713 -5.88000013e-08
v -0.057906989 -0.0713 -0.010211058
v -0.0560000017 -0.0713 -5.60000011e-08
v -0.057906989 -0.0713 -0.010211058
v -0.055148989 -0.0713 -0.00972405449
v -0.055148989 -0.0713 -0.00972405449
v -0.057906989 -0.0713 -0.010211058
v -0.0552539825 -0.0713 -0.020111056
v -0.055148989 -0.0713 -0.00972405449
v -0.0552539825 -0.0713 -0.020111056
v -0.0526229814 -0.0713 -0.0191530529
v -0.0526229814 -0.0713 -0.0191530529
v -0.0552539825 -0.0713 -0.020111056
v -0.0509219691 -0.0713 -0.0294000506
v -0.0526229814 -0.0713 -0.0191530529
v -0.0509219691 -0.0713 -0.0294000506
v -0.048496969 -0.0713 -0.0280000493
v -0.048496969 -0.0713 -0.0280000493
v -0.0509219691 -0.0713 -0.0294000506
v -0.0450429618 -0.0713 -0.0377960429
v -0.048496969 -0.0713 -0.0280000493
v -0.0450429618 -0.0713 -0.0377960429
v -0.042897962 -0.0713 -0.0359960459
v -0.042897962 -0.0713 -0.0359960459
v -0.0450429618 -0.0713 -0.0377960429
v -0.0377959535 -0.0713 -0.0450430363
v -0.042897962 -0.0713 -0.0359960459
v -0.0377959535 -0.0713 -0.0450430363
v -0.0359959565 -0.0713 -0.0428980365
v -0.0359959565 -0.0713 -0.0428980365
v -0.0377959535 -0.0713 -0.0450430363
v -0.0293999501 -0.0713 -0.0509220287
v -0.0359959565 -0.0713 -0.0428980365
v -0.0293999501 -0.0713 -0.0509220287
v -0.0279999524 -0.0713 -0.0484970286
v -0.0279999524 -0.0713 -0.0484970286
v -0.0293999501 -0.0713 -0.0509220287
v -0.0201109443 -0.0713 -0.0552540198
v -0.0279999524 -0.0713 -0.0484970286
v -0.0201109443 -0.0713 -0.0552540198
v -0.0191529486 -0.0713 -0.0526230186
v -0.0191529486 -0.0713 -0.0526230186
v -0.0201109443 -0.0713 -0.0552540198
v -0.0102109425 -0.0713 -0.0579070114
v -0.0191529486 -0.0713 -0.0526230186
v -0.0102109425 -0.0713 -0.0579070114
v -0.00972394459 -0.0713 -0.0551490113
v -0.00972394459 -0.0713 -0.0551490113
v -0.0102109425 -0.0713 -0.0579070114
v 5.88000013e-08 -0.0713 -0.0588000007
v -0.00972394459 -0.0713 -0.0551490113
v 5.88000013e-08 -0.0713 -0.0588000007
v 5.60000011e-08 -0.0713 -0.0560000017
v 5.60000011e-08 -0.0713 -0.0560000017
v 5.88000013e-08 -0.0713 -0.0588000007
v 0.00972405449 -0.0713 -0.055148989
v 0.00972405449 -0.0713 -0.055148989
v 5.88000013e-08 -0.0713 -0.0588000007
v 0.010211058 -0.0713 -0.057906989
v 0.00972405449 -0.0713 -0.055148989
v 0.010211058 -0.0713 -0.057906989
v 0.0191530529 -0.0713 -0.0526229814
v 0.0191530529 -0.0713 -0.0526229814
v 0.010211058 -0.0713 -0.057906989
v 0.020111056 -0.0713 -0.0552539825
v 0.0191530529 -0.0713 -0.0526229814
v 0.020111056 -0.0713 -0.0552539825
v 0.0280000493 -0.0713 -0.048496969
v 0.0280000493 -0.0713 -0.048496969
v 0.020111056 -0.0713 -0.0552539825
v 0.0294000506 -0.0713 -0.0509219691
v 0.0280000493 -0.0713 -0.048496969
v 0.0294000506 -0.0713 -0.0509219691
v 0.0359960459 -0.0713 -0.042897962
v 0.0359960459 -0.0713 -0.042897962
v 0.0294000506 -0.0713 -0.0509219691
v 0.0377960429 -0.0713 -0.0450429618
v 0.0359960459 -0.0713 -0.042897962
v 0.0377960429 -0.0713 -0.0450429618
v 0.0428980365 -0.0713 -0.0359959565
v 0.0428980365 -0.0713 -0.0359959565
v 0.0377960429 -0.0713 -0.0450429618
v 0.0450430363 -0.0713 -0.0377959535
v 0.0428980365 -0.0713 -0.0359959565
v 0.0450430363 -0.0713 -0.0377959535
v 0.0484970286 -0.0713 -0.0279999524
v 0.0484970286 -0.0713 -0.0279999524
v 0.0450430363 -0.0713 -0.0377959535
v 0.0509220287 -0.0713 -0.0293999501
v 0.0484970286 -0.0713 -0.0279999524
v 0.0509220287 -0.0713 -0.0293999501
v 0.0526230186 -0.0713 -0.0191529486
v 0.0526230186 -0.0713 -0.0191529486
v 0.0509220287 -0.0713 -0.0293999501
v 0.0552540198 -0.0713 -0.0201109443
v 0.0526230186 -0.0713 -0.0191529486
v 0.0552540198 -0.0713 -0.0201109443
v 0.0551490113 -0.0713 -0.00972394459
v 0.0551490113 -0.0713 -0.00972394459
v 0.0552540198 -0.0713 -0.0201109443
v 0.0579070114 -0.0713 -0.0102109425
v 0.0551490113 -0.0713 -0.00972394459
v 0.0579070114 -0.0713 -0.0102109425
v 0.0560000017 -0.0713 5.60000011e-08
v 0.0560000017 -0.0713 5.60000011e-08
v 0.0579070114 -0.0713 -0.0102109425
v 0.0588000007 -0.0713 5.88000013e-08
v 0.0560000017 -0.0713 5.60000011e-08
v 0.0588000007 -0.0713 5.88000013e-08
v 0.057906989 -0.0713 0.010211058
v 0.0560000017 -0.0713 5.60000011e-08
v 0.057906989 -0.0713 0.010211058
v 0.055148989 -0.0713 0.00972405449
v 0.055148989 -0.0713 0.00972405449
v 0.057906989 -0.0713 0.010211058
v 0.0552539825 -0.0713 0.020111056
v 0.055148989 -0.0713 0.00972405449
v 0.0552539825 -0.0713 0.020111056
v 0.0526229814 -0.0713 0.0191530529
v 0.0526229814 -0.0713 0.0191530529
v 0.0552539825 -0.0713 0.020111056
v 0.0509219691 -0.0713 0.0294000506
v 0.0526229814 -0.0713 0.0191530529
v 0.0509219691 -0.0713 0.0294000506
v 0.048496969 -0.0713 0.0280000493
v 0.048496969 -0.0713 0.0280000493
v 0.0509219691 -0.0713 0.0294000506
v 0.0450429618 -0.0713 0.0377960429
v 0.048496969 -0.0713 0.0280000493
v 0.0450429618 -0.0713 0.0377960429
v 0.042897962 -0.0713 0.0359960459
v 0.042897962 -0.0713 0.0359960459
v 0.0450429618 -0.0713 0.0377960429
v 0.0377959535 -0.0713 0.0450430363
v 0.042897962 -0.0713 0.0359960459
v 0.0377959535 -0.0713 0.0450430363
v 0.0359959565 -0.0713 0.0428980365
v 0.0359959565 -0.0713 0.0428980365
v 0.0377959535 -0.0713 0.0450430363
v 0.0293999501 -0.0713 0.0509220287
v 0.0359959565 -0.0713 0.0428980365
v 0.0293999501 -0.0713 0.0509220287
v 0.0279999524 -0.0713 0.0484970286
v 0.0279999524 -0.0713 0.0484970286
v 0.0293999501 -0.0713 0.0509220287
v 0.0201109443 -0.0713 0.0552540198
v 0.0279999524 -0.0713 0.0484970286
v 0.0201109443 -0.0713 0.0552540198
v 0.0191529486 -0.0713 0.0526230186
v 0.0191529486 -0.0713 0.0526230186
v 0.0201109443 -0.0713 0.0552540198
v 0.0102109425 -0.0713 0.0579070114
v 0.00988594722 0.0817999989 0.0528840125
v -5.38000009e-08 0.0817999989 0.0538000017
v 0.00976094604 0.081724003 0.0537900105
v 0.00976094604 0.081724003 0.0537900105
v -5.38000009e-08 0.0817999989 0.0538000017
v -5.53449979e-08 0.081554994 0.0553449988
v 0.00976094604 0.081724003 0.0537900105
v -5.53449979e-08 0.081554994 0.0553449988
v 0.0100529455 0.081129998 0.0553950109
v 0.0100529455 0.081129998 0.0553950109
v -5.53449979e-08 0.081554994 0.0553449988
v -5.67389975e-08 0.0808449984 0.0567389987
v 0.0100529455 0.081129998 0.0553950109
v -5.67389975e-08 0.0808449984 0.0567389987
v 0.0102899428 0.0800139904 0.0567040108
v 0.0102899428 0.0800139904 0.0567040108
v -5.67389975e-08 0.0808449984 0.0567389987
v -5.78449999e-08 0.0797390044 0.0578450002
v 0.0102899428 0.0800139904 0.0567040108
v -5.78449999e-08 0.0797390044 0.0578450002
v 0.0104449419 0.0785100013 0.0575580113
v 0.0104449419 0.0785100013 0.0575580113
v -5.78449999e-08 0.0797390044 0.0578450002
v -5.85549991e-08 0.0783450007 0.0585549995
v 0.0104449419 0.0785100013 0.0575580113
v -5.85549991e-08 0.0783450007 0.0585549995
v 0.0102109425 0.0768000036 0.0579070114
v 0.0102109425 0.0768000036 0.0579070114
v -5.85549991e-08 0.0783450007 0.0585549995
v -5.88000013e-08 0.0768000036 0.0588000007
v 0.0102109425 0.0768000036 0.0579070114
v 0.0201109443 0.0768000036 0.0552540198
v 0.0104449419 0.0785100013 0.0575580113
v 0.0104449419 0.0785100013 0.0575580113
v 0.0201109443 0.0768000036 0.0552540198
v 0.0205549467 0.0785100013 0.0547680221
v 0.0104449419 0.0785100013 0.0575580113
v 0.0205549467 0.0785100013 0.0547680221
v 0.020249946 0.0800139904 0.0539550185
v 0.020249946 0.0800139904 0.0539550185
v 0.0205549467 0.0785100013 0.0547680221
v 0.0295579489 0.0800139904 0.0494730286
v 0.020249946 0.0800139904 0.0539550185
v 0.0295579489 0.0800139904 0.0494730286
v 0.0288759507 0.081129998 0.0483310297
v 0.0288759507 0.081129998 0.0483310297
v 0.0295579489 0.0800139904 0.0494730286
v 0.0370419584 0.081129998 0.0423980355
v 0.0288759507 0.081129998 0.0483310297
v 0.0370419584 0.081129998 0.0423980355
v 0.0359679572 0.081724003 0.0411690362
v 0.0359679572 0.081724003 0.0411690362
v 0.0370419584 0.081129998 0.0423980355
v 0.0427409671 0.081724003 0.0340850428
v 0.0359679572 0.081724003 0.0411690362
v 0.0427409671 0.081724003 0.0340850428
v 0.0362449586 0.0817999989 0.0397590362
v 0.0362449586 0.0817999989 0.0397590362
v 0.0427409671 0.081724003 0.0340850428
v 0.0429329649 0.0817999989 0.0324220434
v 0.0429329649 0.0817999989 0.0324220434
v 0.0427409671 0.081724003 0.0340850428
v 0.0481409729 0.081724003 0.0259060487
v 0.0429329649 0.0817999989 0.0324220434
v 0.0481409729 0.081724003 0.0259060487
v 0.0481599793 0.0817999989 0.0239810478
v 0.0481599793 0.0817999989 0.0239810478
v 0.0481409729 0.081724003 0.0259060487
v 0.0519929826 0.081724003 0.0168930516
v 0.0481599793 0.0817999989 0.0239810478
v 0.0519929826 0.081724003 0.0168930516
v 0.0517459847 0.0817999989 0.0147230523
v 0.0517459847 0.0817999989 0.0147230523
v 0.0519929826 0.081724003 0.0168930516
v 0.0541729927 0.081724003 0.00733805401
v 0.0517459847 0.0817999989 0.0147230523
v 0.0541729927 0.081724003 0.00733805401
v 0.0535699949 0.0817999989 0.00496405363
v 0.0535699949 0.0817999989 0.00496405363
v 0.0541729927 0.081724003 0.00733805401
v 0.0546130054 0.081724003 -0.00245294534
v 0.0535699949 0.0817999989 0.00496405363
v 0.0546130054 0.081724003 -0.00245294534
v 0.0535700023 0.0817999989 -0.00496394653
v 0.0535700023 0.0817999989 -0.00496394653
v 0.0546130054 0.081724003 -0.00245294534
v 0.0532980114 0.081724003 -0.0121649466
v 0.0535700023 0.0817999989 -0.00496394653
v 0.0532980114 0.081724003 -0.0121649466
v 0.0517460145 0.0817999989 -0.014722948
v 0.0517460145 0.0817999989 -0.014722948
v 0.0532980114 0.081724003 -0.0121649466
v 0.0502690226 0.081724003 -0.0214859489
v 0.0517460145 0.0817999989 -0.014722948
v 0.0502690226 0.081724003 -0.0214859489
v 0.048160024 0.0817999989 -0.0239809509
v 0.048160024 0.0817999989 -0.0239809509
v 0.0502690226 0.081724003 -0.0214859489
v 0.045625031 0.081724003 -0.0301169548
v 0.048160024 0.0817999989 -0.0239809509
v 0.045625031 0.081724003 -0.0301169548
v 0.0429330319 0.0817999989 -0.032421954
v 0.0429330319 0.0817999989 -0.032421954
v 0.045625031 0.081724003 -0.0301169548
v 0.0395140387 0.081724003 -0.0377789587
v 0.0429330319 0.0817999989 -0.032421954
v 0.0395140387 0.081724003 -0.0377789587
v 0.0362450406 0.0817999989 -0.0397589616
v 0.0362450406 0.0817999989 -0.0397589616
v 0.0395140387 0.081724003 -0.0377789587
v 0.0321330465 0.081724003 -0.0442279652
v 0.0362450406 0.0817999989 -0.0397589616
v 0.0321330465 0.081724003 -0.0442279652
v 0.0283220466 0.0817999989 -0.0457419716
v 0.0283220466 0.0817999989 -0.0457419716
v 0.0321330465 0.081724003 -0.0442279652
v 0.0237200484 0.081724003 -0.0492539778
v 0.0283220466 0.0817999989 -0.0457419716
v 0.0237200484 0.081724003 -0.0492539778
v 0.01943505 0.0817999989 -0.0501669832
v 0.01943505 0.0817999989 -0.0501669832
v 0.0237200484 0.081724003 -0.0492539778
v 0.014544053 0.081724003 -0.0526979864
v 0.01943505 0.0817999989 -0.0501669832
v 0.014544053 0.081724003 -0.0526979864
v 0.00988605339 0.0817999989 -0.0528839901
v 0.00988605339 0.0817999989 -0.0528839901
v 0.014544053 0.081724003 -0.0526979864
v 0.00490005454 0.081724003 -0.0544479974
v 0.00988605339 0.0817999989 -0.0528839901
v 0.00490005454 0.081724003 -0.0544479974
v 5.38000009e-08 0.0817999989 -0.0538000017
v 5.38000009e-08 0.0817999989 -0.0538000017
v 0.00490005454 0.081724003 -0.0544479974
v 5.53449979e-08 0.081554994 -0.0553449988
v 5.53449979e-08 0.081554994 -0.0553449988
v 0.00490005454 0.081724003 -0.0544479974
v 0.00504705589 0.081129998 -0.0560729951
v 5.53449979e-08 0.081554994 -0.0553449988
v 0.00504705589 0.081129998 -0.0560729951
v 5.67389975e-08 0.0808449984 -0.0567389987
v 5.67389975e-08 0.0808449984 -0.0567389987
v 0.00504705589 0.081129998 -0.0560729951
v 0.0051660575 0.0800139904 -0.0573979951
v 5.67389975e-08 0.0808449984 -0.0567389987
v 0.0051660575 0.0800139904 -0.0573979951
v 5.78449999e-08 0.0797390044 -0.0578450002
v 5.78449999e-08 0.0797390044 -0.0578450002
v 0.0051660575 0.0800139904 -0.0573979951
v 0.00524405809 0.0785100013 -0.0582629964
v 5.78449999e-08 0.0797390044 -0.0578450002
v 0.00524405809 0.0785100013 -0.0582629964
v 5.85549991e-08 0.0783450007 -0.0585549995
v 5.85549991e-08 0.0783450007 -0.0585549995
v 0.00524405809 0.0785100013 -0.0582629964
v 5.88000013e-08 0.0768000036 -0.0588000007
v 5.88000013e-08 0.0768000036 -0.0588000007
v 0.00524405809 0.0785100013 -0.0582629964
v 0.010211058 0.0768000036 -0.057906989
v 0.010211058 0.0768000036 -0.057906989
v 0.00524405809 0.0785100013 -0.0582629964
v 0.0155630568 0.0785100013 -0.0563899837
v 0.010211058 0.0768000036 -0.057906989
v 0.0155630568 0.0785100013 -0.0563899837
v 0.020111056 0.0768000036 -0.0552539825
v 0.020111056 0.0768000036 -0.0552539825
v 0.0155630568 0.0785100013 -0.0563899837
v 0.0253820512 0.0785100013 -0.052704975
v 0.020111056 0.0768000036 -0.0552539825
v 0.0253820512 0.0785100013 -0.052704975
v 0.0294000506 0.0768000036 -0.0509219691
v 0.0294000506 0.0768000036 -0.0509219691
v 0.0253820512 0.0785100013 -0.052704975
v 0.0343850479 0.0785100013 -0.047325965
v 0.0294000506 0.0768000036 -0.0509219691
v 0.0343850479 0.0785100013 -0.047325965
v 0.0377960429 0.0768000036 -0.0450429618
v 0.0377960429 0.0768000036 -0.0450429618
v 0.0343850479 0.0785100013 -0.047325965
v 0.0422820412 0.0785100013 -0.04042596
v 0.0377960429 0.0768000036 -0.0450429618
v 0.0422820412 0.0785100013 -0.04042596
v 0.0450430363 0.0768000036 -0.0377959535
v 0.0450430363 0.0768000036 -0.0377959535
v 0.0422820412 0.0785100013 -0.04042596
v 0.048821032 0.0785100013 -0.0322269499
v 0.0450430363 0.0768000036 -0.0377959535
v 0.048821032 0.0785100013 -0.0322269499
v 0.0509220287 0.0768000036 -0.0293999501
v 0.0509220287 0.0768000036 -0.0293999501
v 0.048821032 0.0785100013 -0.0322269499
v 0.0537910238 0.0785100013 -0.0229909457
v 0.0509220287 0.0768000036 -0.0293999501
v 0.0537910238 0.0785100013 -0.0229909457
v 0.0552540198 0.0768000036 -0.0201109443
v 0.0552540198 0.0768000036 -0.0201109443
v 0.0537910238 0.0785100013 -0.0229909457
v 0.0570320114 0.0785100013 -0.0130169429
v 0.0552540198 0.0768000036 -0.0201109443
v 0.0570320114 0.0785100013 -0.0130169429
v 0.0579070114 0.0768000036 -0.0102109425
v 0.0579070114 0.0768000036 -0.0102109425
v 0.0570320114 0.0785100013 -0.0130169429
v 0.0584400035 0.0785100013 -0.00262494152
v 0.0579070114 0.0768000036 -0.0102109425
v 0.0584400035 0.0785100013 -0.00262494152
v 0.0588000007 0.0768000036 5.88000013e-08
v 0.0588000007 0.0768000036 5.88000013e-08
v 0.0584400035 0.0785100013 -0.00262494152
v 0.0579689927 0.0785100013 0.00785205793
v 0.0588000007 0.0768000036 5.88000013e-08
v 0.0579689927 0.0785100013 0.00785205793
v 0.057906989 0.0768000036 0.010211058
v 0.057906989 0.0768000036 0.010211058
v 0.0579689927 0.0785100013 0.00785205793
v 0.0556349829 0.0785100013 0.018077055
v 0.057906989 0.0768000036 0.010211058
v 0.0556349829 0.0785100013 0.018077055
v 0.0552539825 0.0768000036 0.020111056
v 0.0552539825 0.0768000036 0.020111056
v 0.0556349829 0.0785100013 0.018077055
v 0.0515129752 0.0785100013 0.027721053
v 0.0552539825 0.0768000036 0.020111056
v 0.0515129752 0.0785100013 0.027721053
v 0.0509219691 0.0768000036 0.0294000506
v 0.0509219691 0.0768000036 0.0294000506
v 0.0515129752 0.0785100013 0.027721053
v 0.0457359627 0.0785100013 0.0364730433
v 0.0509219691 0.0768000036 0.0294000506
v 0.0457359627 0.0785100013 0.0364730433
v 0.0450429618 0.0768000036 0.0377960429
v 0.0450429618 0.0768000036 0.0377960429
v 0.0457359627 0.0785100013 0.0364730433
v 0.0384879559 0.0785100013 0.0440540388
v 0.0450429618 0.0768000036 0.0377960429
v 0.0384879559 0.0785100013 0.0440540388
v 0.0377959535 0.0768000036 0.0450430363
v 0.0377959535 0.0768000036 0.0450430363
v 0.0384879559 0.0785100013 0.0440540388
v 0.03000395 0.0785100013 0.0502180308
v 0.0377959535 0.0768000036 0.0450430363
v 0.03000395 0.0785100013 0.0502180308
v 0.0293999501 0.0768000036 0.0509220287
v 0.0293999501 0.0768000036 0.0509220287
v 0.03000395 0.0785100013 0.0502180308
v 0.0205549467 0.0785100013 0.0547680221
v 0.0293999501 0.0768000036 0.0509220287
v 0.0205549467 0.0785100013 0.0547680221
v 0.0201109443 0.0768000036 0.0552540198
v 0.0362449586 0.0817999989 0.0397590362
v 0.0283219535 0.0817999989 0.0457420312
v 0.0359679572 0.081724003 0.0411690362
v 0.0359679572 0.081724003 0.0411690362
v 0.0283219535 0.0817999989 0.0457420312
v 0.0280389544 0.081724003 0.04693003
v 0.0359679572 0.081724003 0.0411690362
v 0.0280389544 0.081724003 0.04693003
v 0.0288759507 0.081129998 0.0483310297
v 0.0288759507 0.081129998 0.0483310297
v 0.0280389544 0.081724003 0.04693003
v 0.0197819471 0.081129998 0.0527100191
v 0.0288759507 0.081129998 0.0483310297
v 0.0197819471 0.081129998 0.0527100191
v 0.020249946 0.0800139904 0.0539550185
v 0.020249946 0.0800139904 0.0539550185
v 0.0197819471 0.081129998 0.0527100191
v 0.0102899428 0.0800139904 0.0567040108
v 0.020249946 0.0800139904 0.0539550185
v 0.0102899428 0.0800139904 0.0567040108
v 0.0104449419 0.0785100013 0.0575580113
v 0.0283219535 0.0817999989 0.0457420312
v 0.0194349494 0.0817999989 0.0501670204
v 0.0280389544 0.081724003 0.04693003
v 0.0280389544 0.081724003 0.04693003
v 0.0194349494 0.0817999989 0.0501670204
v 0.0192089491 0.081724003 0.0511820205
v 0.0280389544 0.081724003 0.04693003
v 0.0192089491 0.081724003 0.0511820205
v 0.0197819471 0.081129998 0.0527100191
v 0.0197819471 0.081129998 0.0527100191
v 0.0192089491 0.081724003 0.0511820205
v 0.0100529455 0.081129998 0.0553950109
v 0.0197819471 0.081129998 0.0527100191
v 0.0100529455 0.081129998 0.0553950109
v 0.0102899428 0.0800139904 0.0567040108
v 0.0194349494 0.0817999989 0.0501670204
v 0.00988594722 0.0817999989 0.0528840125
v 0.0192089491 0.081724003 0.0511820205
v 0.0192089491 0.081724003 0.0511820205
v 0.00988594722 0.0817999989 0.0528840125
v 0.00976094604 0.081724003 0.0537900105
v 0.0192089491 0.081724003 0.0511820205
v 0.00976094604 0.081724003 0.0537900105
v 0.0100529455 0.081129998 0.0553950109
v 0.0205549467 0.0785100013 0.0547680221
v 0.03000395 0.0785100013 0.0502180308
v 0.0295579489 0.0800139904 0.0494730286
v 0.0295579489 0.0800139904 0.0494730286
v 0.03000395 0.0785100013 0.0502180308
v 0.0379169546 0.0800139904 0.043400038
v 0.0295579489 0.0800139904 0.0494730286
v 0.0379169546 0.0800139904 0.043400038
v 0.0370419584 0.081129998 0.0423980355
v 0.0370419584 0.081129998 0.0423980355
v 0.0379169546 0.0800139904 0.043400038
v 0.0440169647 0.081129998 0.0351020433
v 0.0370419584 0.081129998 0.0423980355
v 0.0440169647 0.081129998 0.0351020433
v 0.0427409671 0.081724003 0.0340850428
v 0.0427409671 0.081724003 0.0340850428
v 0.0440169647 0.081129998 0.0351020433
v 0.0481409729 0.081724003 0.0259060487
v 0.03000395 0.0785100013 0.0502180308
v 0.0384879559 0.0785100013 0.0440540388
v 0.0379169546 0.0800139904 0.043400038
v 0.0379169546 0.0800139904 0.043400038
v 0.0384879559 0.0785100013 0.0440540388
v 0.0450569615 0.0800139904 0.0359320454
v 0.0379169546 0.0800139904 0.043400038
v 0.0450569615 0.0800139904 0.0359320454
v 0.0440169647 0.081129998 0.0351020433
v 0.0440169647 0.081129998 0.0351020433
v 0.0450569615 0.0800139904 0.0359320454
v 0.0495779738 0.081129998 0.0266790502
v 0.0440169647 0.081129998 0.0351020433
v 0.0495779738 0.081129998 0.0266790502
v 0.0481409729 0.081724003 0.0259060487
v 0.0481409729 0.081724003 0.0259060487
v 0.0495779738 0.081129998 0.0266790502
v 0.0519929826 0.081724003 0.0168930516
v 0.0384879559 0.0785100013 0.0440540388
v 0.0457359627 0.0785100013 0.0364730433
v 0.0450569615 0.0800139904 0.0359320454
v 0.0450569615 0.0800139904 0.0359320454
v 0.0457359627 0.0785100013 0.0364730433
v 0.0507489741 0.0800139904 0.0273090508
v 0.0450569615 0.0800139904 0.0359320454
v 0.0507489741 0.0800139904 0.0273090508
v 0.0495779738 0.081129998 0.0266790502
v 0.0495779738 0.081129998 0.0266790502
v 0.0507489741 0.0800139904 0.0273090508
v 0.0535439812 0.081129998 0.0173980538
v 0.0495779738 0.081129998 0.0266790502
v 0.0535439812 0.081129998 0.0173980538
v 0.0519929826 0.081724003 0.0168930516
v 0.0519929826 0.081724003 0.0168930516
v 0.0535439812 0.081129998 0.0173980538
v 0.0541729927 0.081724003 0.00733805401
v 0.0457359627 0.0785100013 0.0364730433
v 0.0515129752 0.0785100013 0.027721053
v 0.0507489741 0.0800139904 0.0273090508
v 0.0507489741 0.0800139904 0.0273090508
v 0.0515129752 0.0785100013 0.027721053
v 0.0548099801 0.0800139904 0.0178090539
v 0.0507489741 0.0800139904 0.0273090508
v 0.0548099801 0.0800139904 0.0178090539
v 0.0535439812 0.081129998 0.0173980538
v 0.0535439812 0.081129998 0.0173980538
v 0.0548099801 0.0800139904 0.0178090539
v 0.0557899922 0.081129998 0.00755705591
v 0.0535439812 0.081129998 0.0173980538
v 0.0557899922 0.081129998 0.00755705591
v 0.0541729927 0.081724003 0.00733805401
v 0.0541729927 0.081724003 0.00733805401
v 0.0557899922 0.081129998 0.00755705591
v 0.0546130054 0.081724003 -0.00245294534
v 0.0515129752 0.0785100013 0.027721053
v 0.0556349829 0.0785100013 0.018077055
v 0.0548099801 0.0800139904 0.0178090539
v 0.0548099801 0.0800139904 0.0178090539
v 0.0556349829 0.0785100013 0.018077055
v 0.0571089908 0.0800139904 0.00773605751
v 0.0548099801 0.0800139904 0.0178090539
v 0.0571089908 0.0800139904 0.00773605751
v 0.0557899922 0.081129998 0.00755705591
v 0.0557899922 0.081129998 0.00755705591
v 0.0571089908 0.0800139904 0.00773605751
v 0.0562430024 0.081129998 -0.00252594356
v 0.0557899922 0.081129998 0.00755705591
v 0.0562430024 0.081129998 -0.00252594356
v 0.0546130054 0.081724003 -0.00245294534
v 0.0546130054 0.081724003 -0.00245294534
v 0.0562430024 0.081129998 -0.00252594356
v 0.0532980114 0.081724003 -0.0121649466
v 0.0556349829 0.0785100013 0.018077055
v 0.0579689927 0.0785100013 0.00785205793
v 0.0571089908 0.0800139904 0.00773605751
v 0.0571089908 0.0800139904 0.00773605751
v 0.0579689927 0.0785100013 0.00785205793
v 0.0575720035 0.0800139904 -0.00258594239
v 0.0571089908 0.0800139904 0.00773605751
v 0.0575720035 0.0800139904 -0.00258594239
v 0.0562430024 0.081129998 -0.00252594356
v 0.0562430024 0.081129998 -0.00252594356
v 0.0575720035 0.0800139904 -0.00258594239
v 0.05488801 0.081129998 -0.0125279455
v 0.0562430024 0.081129998 -0.00252594356
v 0.05488801 0.081129998 -0.0125279455
v 0.0532980114 0.081724003 -0.0121649466
v 0.0532980114 0.081724003 -0.0121649466
v 0.05488801 0.081129998 -0.0125279455
v 0.0502690226 0.081724003 -0.0214859489
v 0.0579689927 0.0785100013 0.00785205793
v 0.0584400035 0.0785100013 -0.00262494152
v 0.0575720035 0.0800139904 -0.00258594239
v 0.0575720035 0.0800139904 -0.00258594239
v 0.0584400035 0.0785100013 -0.00262494152
v 0.0561850108 0.0800139904 -0.012823944
v 0.0575720035 0.0800139904 -0.00258594239
v 0.0561850108 0.0800139904 -0.012823944
v 0.05488801 0.081129998 -0.0125279455
v 0.05488801 0.081129998 -0.0125279455
v 0.0561850108 0.0800139904 -0.012823944
v 0.0517690219 0.081129998 -0.0221269485
v 0.05488801 0.081129998 -0.0125279455
v 0.0517690219 0.081129998 -0.0221269485
v 0.0502690226 0.081724003 -0.0214859489
v 0.0502690226 0.081724003 -0.0214859489
v 0.0517690219 0.081129998 -0.0221269485
v 0.045625031 0.081724003 -0.0301169548
v 0.0584400035 0.0785100013 -0.00262494152
v 0.0570320114 0.0785100013 -0.0130169429
v 0.0561850108 0.0800139904 -0.012823944
v 0.0561850108 0.0800139904 -0.012823944
v 0.0570320114 0.0785100013 -0.0130169429
v 0.0529930219 0.0800139904 -0.0226499476
v 0.0561850108 0.0800139904 -0.012823944
v 0.0529930219 0.0800139904 -0.0226499476
v 0.0517690219 0.081129998 -0.0221269485
v 0.0517690219 0.081129998 -0.0221269485
v 0.0529930219 0.0800139904 -0.0226499476
v 0.0469860286 0.081129998 -0.031015953
v 0.0517690219 0.081129998 -0.0221269485
v 0.0469860286 0.081129998 -0.031015953
v 0.045625031 0.081724003 -0.0301169548
v 0.045625031 0.081724003 -0.0301169548
v 0.0469860286 0.081129998 -0.031015953
v 0.0395140387 0.081724003 -0.0377789587
v 0.0570320114 0.0785100013 -0.0130169429
v 0.0537910238 0.0785100013 -0.0229909457
v 0.0529930219 0.0800139904 -0.0226499476
v 0.0529930219 0.0800139904 -0.0226499476
v 0.0537910238 0.0785100013 -0.0229909457
v 0.0480970331 0.0800139904 -0.0317479521
v 0.0529930219 0.0800139904 -0.0226499476
v 0.0480970331 0.0800139904 -0.0317479521
v 0.0469860286 0.081129998 -0.031015953
v 0.0469860286 0.081129998 -0.031015953
v 0.0480970331 0.0800139904 -0.0317479521
v 0.0406930372 0.081129998 -0.038906958
v 0.0469860286 0.081129998 -0.031015953
v 0.0406930372 0.081129998 -0.038906958
v 0.0395140387 0.081724003 -0.0377789587
v 0.0395140387 0.081724003 -0.0377789587
v 0.0406930372 0.081129998 -0.038906958
v 0.0321330465 0.081724003 -0.0442279652
v 0.0537910238 0.0785100013 -0.0229909457
v 0.048821032 0.0785100013 -0.0322269499
v 0.0480970331 0.0800139904 -0.0317479521
v 0.0480970331 0.0800139904 -0.0317479521
v 0.048821032 0.0785100013 -0.0322269499
v 0.0416550413 0.0800139904 -0.0398259573
v 0.0480970331 0.0800139904 -0.0317479521
v 0.0416550413 0.0800139904 -0.0398259573
v 0.0406930372 0.081129998 -0.038906958
v 0.0406930372 0.081129998 -0.038906958
v 0.0416550413 0.0800139904 -0.0398259573
v 0.0330920443 0.081129998 -0.0455479659
v 0.0406930372 0.081129998 -0.038906958
v 0.0330920443 0.081129998 -0.0455479659
v 0.0321330465 0.081724003 -0.0442279652
v 0.0321330465 0.081724003 -0.0442279652
v 0.0330920443 0.081129998 -0.0455479659
v 0.0237200484 0.081724003 -0.0492539778
v 0.048821032 0.0785100013 -0.0322269499
v 0.0422820412 0.0785100013 -0.04042596
v 0.0416550413 0.0800139904 -0.0398259573
v 0.0416550413 0.0800139904 -0.0398259573
v 0.0422820412 0.0785100013 -0.04042596
v 0.0338740498 0.0800139904 -0.0466239676
v 0.0416550413 0.0800139904 -0.0398259573
v 0.0338740498 0.0800139904 -0.0466239676
v 0.0330920443 0.081129998 -0.0455479659
v 0.0330920443 0.081129998 -0.0455479659
v 0.0338740498 0.0800139904 -0.0466239676
v 0.024428051 0.081129998 -0.0507249758
v 0.0330920443 0.081129998 -0.0455479659
v 0.024428051 0.081129998 -0.0507249758
v 0.0237200484 0.081724003 -0.0492539778
v 0.0237200484 0.081724003 -0.0492539778
v 0.024428051 0.081129998 -0.0507249758
v 0.014544053 0.081724003 -0.0526979864
v 0.0422820412 0.0785100013 -0.04042596
v 0.0343850479 0.0785100013 -0.047325965
v 0.0338740498 0.0800139904 -0.0466239676
v 0.0338740498 0.0800139904 -0.0466239676
v 0.0343850479 0.0785100013 -0.047325965
v 0.0250050519 0.0800139904 -0.0519229732
v 0.0338740498 0.0800139904 -0.0466239676
v 0.0250050519 0.0800139904 -0.0519229732
v 0.024428051 0.081129998 -0.0507249758
v 0.024428051 0.081129998 -0.0507249758
v 0.0250050519 0.0800139904 -0.0519229732
v 0.014978054 0.081129998 -0.0542709865
v 0.024428051 0.081129998 -0.0507249758
v 0.014978054 0.081129998 -0.0542709865
v 0.014544053 0.081724003 -0.0526979864
v 0.014544053 0.081724003 -0.0526979864
v 0.014978054 0.081129998 -0.0542709865
v 0.00490005454 0.081724003 -0.0544479974
v 0.0343850479 0.0785100013 -0.047325965
v 0.0253820512 0.0785100013 -0.052704975
v 0.0250050519 0.0800139904 -0.0519229732
v 0.0250050519 0.0800139904 -0.0519229732
v 0.0253820512 0.0785100013 -0.052704975
v 0.0153320562 0.0800139904 -0.0555529855
v 0.0250050519 0.0800139904 -0.0519229732
v 0.0153320562 0.0800139904 -0.0555529855
v 0.014978054 0.081129998 -0.0542709865
v 0.014978054 0.081129998 -0.0542709865
v 0.0153320562 0.0800139904 -0.0555529855
v 0.00504705589 0.081129998 -0.0560729951
v 0.014978054 0.081129998 -0.0542709865
v 0.00504705589 0.081129998 -0.0560729951
v 0.00490005454 0.081724003 -0.0544479974
v 0.0253820512 0.0785100013 -0.052704975
v 0.0155630568 0.0785100013 -0.0563899837
v 0.0153320562 0.0800139904 -0.0555529855
v 0.0153320562 0.0800139904 -0.0555529855
v 0.0155630568 0.0785100013 -0.0563899837
v 0.0051660575 0.0800139904 -0.0573979951
v 0.0153320562 0.0800139904 -0.0555529855
v 0.0051660575 0.0800139904 -0.0573979951
v 0.00504705589 0.081129998 -0.0560729951
v 0.00524405809 0.0785100013 -0.0582629964
v 0.0051660575 0.0800139904 -0.0573979951
v 0.0155630568 0.0785100013 -0.0563899837
v -0.0559999384 0 -0.0620000549
v -0.0551489368 -0.00972400606 -0.0620000549
v -0.0559999309 0 -0.0690000579
v -0.0559999309 0 -0.0690000579
v -0.0551489368 -0.00972400606 -0.0620000549
v -0.0551489294 -0.00972400606 -0.0690000504
v -0.0551489294 -0.00972400606 -0.0690000504
v -0.0551489368 -0.00972400606 -0.0620000549
v -0.0526229367 -0.0191530026 -0.0620000511
v -0.0551489294 -0.00972400606 -0.0690000504
v -0.0526229367 -0.0191530026 -0.0620000511
v -0.0526229292 -0.0191530026 -0.0690000504
v -0.0526229292 -0.0191530026 -0.0690000504
v -0.0526229367 -0.0191530026 -0.0620000511
v -0.0484969355 -0.0280000009 -0.0620000474
v -0.0526229292 -0.0191530026 -0.0690000504
v -0.0484969355 -0.0280000009 -0.0620000474
v -0.0484969281 -0.0280000009 -0.0690000504
v -0.0484969281 -0.0280000009 -0.0690000504
v -0.0484969355 -0.0280000009 -0.0620000474
v -0.042897936 -0.0359960012 -0.0620000437
v -0.0484969281 -0.0280000009 -0.0690000504
v -0.042897936 -0.0359960012 -0.0620000437
v -0.0428979285 -0.0359960012 -0.069000043
v -0.0428979285 -0.0359960012 -0.069000043
v -0.042897936 -0.0359960012 -0.0620000437
v -0.0359959379 -0.042898003 -0.0620000362
v -0.0428979285 -0.0359960012 -0.069000043
v -0.0359959379 -0.042898003 -0.0620000362
v -0.0359959304 -0.042898003 -0.0690000355
v -0.0359959304 -0.042898003 -0.0690000355
v -0.0359959379 -0.042898003 -0.0620000362
v -0.0279999394 -0.0484970026 -0.0620000288
v -0.0359959304 -0.042898003 -0.0690000355
v -0.0279999394 -0.0484970026 -0.0620000288
v -0.0279999319 -0.0484970026 -0.0690000281
v -0.0279999319 -0.0484970026 -0.0690000281
v -0.0279999394 -0.0484970026 -0.0620000288
v -0.0191529393 -0.0526230037 -0.0620000176
v -0.0279999319 -0.0484970026 -0.0690000281
v -0.0191529393 -0.0526230037 -0.0620000176
v -0.0191529319 -0.0526230037 -0.0690000206
v -0.0191529319 -0.0526230037 -0.0690000206
v -0.0191529393 -0.0526230037 -0.0620000176
v -0.00972393714 -0.0551490039 -0.0620000102
v -0.0191529319 -0.0526230037 -0.0690000206
v -0.00972393714 -0.0551490039 -0.0620000102
v -0.00972393062 -0.0551490039 -0.0690000057
v -0.00972393062 -0.0551490039 -0.0690000057
v -0.00972393714 -0.0551490039 -0.0620000102
v 6.1999998e-08 -0.0560000017 -0.061999999
v -0.00972393062 -0.0551490039 -0.0690000057
v 6.1999998e-08 -0.0560000017 -0.061999999
v 6.89999951e-08 -0.0560000017 -0.0689999983
v 6.89999951e-08 -0.0560000017 -0.0689999983
v 6.1999998e-08 -0.0560000017 -0.061999999
v 0.00972406194 -0.0551490039 -0.0619999878
v 6.89999951e-08 -0.0560000017 -0.0689999983
v 0.00972406194 -0.0551490039 -0.0619999878
v 0.00972406846 -0.0551490039 -0.0689999908
v 0.00972406846 -0.0551490039 -0.0689999908
v 0.00972406194 -0.0551490039 -0.0619999878
v 0.0191530623 -0.0526230037 -0.0619999804
v 0.00972406846 -0.0551490039 -0.0689999908
v 0.0191530623 -0.0526230037 -0.0619999804
v 0.0191530697 -0.0526230037 -0.0689999759
v 0.0191530697 -0.0526230037 -0.0689999759
v 0.0191530623 -0.0526230037 -0.0619999804
v 0.0280000623 -0.0484970026 -0.0619999692
v 0.0191530697 -0.0526230037 -0.0689999759
v 0.0280000623 -0.0484970026 -0.0619999692
v 0.0280000698 -0.0484970026 -0.0689999685
v 0.0280000698 -0.0484970026 -0.0689999685
v 0.0280000623 -0.0484970026 -0.0619999692
v 0.0359960645 -0.042898003 -0.0619999617
v 0.0280000698 -0.0484970026 -0.0689999685
v 0.0359960645 -0.042898003 -0.0619999617
v 0.035996072 -0.042898003 -0.068999961
v 0.035996072 -0.042898003 -0.068999961
v 0.0359960645 -0.042898003 -0.0619999617
v 0.0428980626 -0.0359960012 -0.0619999543
v 0.035996072 -0.042898003 -0.068999961
v 0.0428980626 -0.0359960012 -0.0619999543
v 0.0428980701 -0.0359960012 -0.0689999536
v 0.0428980701 -0.0359960012 -0.0689999536
v 0.0428980626 -0.0359960012 -0.0619999543
v 0.0484970622 -0.0280000009 -0.0619999506
v 0.0428980701 -0.0359960012 -0.0689999536
v 0.0484970622 -0.0280000009 -0.0619999506
v 0.0484970696 -0.0280000009 -0.0689999461
v 0.0484970696 -0.0280000009 -0.0689999461
v 0.0484970622 -0.0280000009 -0.0619999506
v 0.0526230633 -0.0191530026 -0.0619999468
v 0.0484970696 -0.0280000009 -0.0689999461
v 0.0526230633 -0.0191530026 -0.0619999468
v 0.0526230708 -0.0191530026 -0.0689999461
v 0.0526230708 -0.0191530026 -0.0689999461
v 0.0526230633 -0.0191530026 -0.0619999468
v 0.0551490635 -0.00972400606 -0.0619999431
v 0.0526230708 -0.0191530026 -0.0689999461
v 0.0551490635 -0.00972400606 -0.0619999431
v 0.0551490709 -0.00972400606 -0.0689999461
v 0.0551490709 -0.00972400606 -0.0689999461
v 0.0551490635 -0.00972400606 -0.0619999431
v 0.0560000725 0 -0.0689999387
v 0.0560000725 0 -0.0689999387
v 0.0551490635 -0.00972400606 -0.0619999431
v 0.0560000651 0 -0.0619999431
v 0.0590000004 0 5.90000013e-08
v 0.0590000711 0 -0.0689999387
v 0.0587160066 0.0057829991 -0.00578294136
v 0.0587160066 0.0057829991 -0.00578294136
v 0.0590000711 0 -0.0689999387
v 0.0581040718 0.0102449954 -0.0689999387
v 0.0587160066 0.0057829991 -0.00578294136
v 0.0581040718 0.0102449954 -0.0689999387
v 0.0578660108 0.0115099996 -0.0115099419
v 0.0578660108 0.0115099996 -0.0115099419
v 0.0581040718 0.0102449954 -0.0689999387
v 0.0564590171 0.0171269998 -0.0171269439
v 0.0564590171 0.0171269998 -0.0171269439
v 0.0581040718 0.0102449954 -0.0689999387
v 0.0554420725 0.020178996 -0.0689999461
v 0.0564590171 0.0171269998 -0.0171269439
v 0.0554420725 0.020178996 -0.0689999461
v 0.0545090213 0.022578001 -0.0225779451
v 0.0545090213 0.022578001 -0.0225779451
v 0.0554420725 0.020178996 -0.0689999461
v 0.0510960706 0.0295000002 -0.0689999461
v 0.0545090213 0.022578001 -0.0225779451
v 0.0510960706 0.0295000002 -0.0689999461
v 0.0520330258 0.0278119966 -0.0278119482
v 0.0520330258 0.0278119966 -0.0278119482
v 0.0510960706 0.0295000002 -0.0689999461
v 0.0490570329 0.0327790007 -0.0327789523
v 0.0490570329 0.0327790007 -0.0327789523
v 0.0510960706 0.0295000002 -0.0689999461
v 0.0451970696 0.0379239991 -0.0689999536
v 0.0490570329 0.0327790007 -0.0327789523
v 0.0451970696 0.0379239991 -0.0689999536
v 0.0456080362 0.0374289975 -0.0374289565
v 0.0456080362 0.0374289975 -0.0374289565
v 0.0451970696 0.0379239991 -0.0689999536
v 0.0417190418 0.0417189971 -0.0417189598
v 0.0417190418 0.0417189971 -0.0417189598
v 0.0451970696 0.0379239991 -0.0689999536
v 0.0379240699 0.0451969951 -0.068999961
v 0.0417190418 0.0417189971 -0.0417189598
v 0.0379240699 0.0451969951 -0.068999961
v 0.0374290459 0.045607999 -0.0456079617
v 0.0374290459 0.045607999 -0.0456079617
v 0.0379240699 0.0451969951 -0.068999961
v 0.0327790491 0.0490569919 -0.0490569659
v 0.0327790491 0.0490569919 -0.0490569659
v 0.0379240699 0.0451969951 -0.068999961
v 0.0295000691 0.0510959923 -0.0689999685
v 0.0327790491 0.0490569919 -0.0490569659
v 0.0295000691 0.0510959923 -0.0689999685
v 0.0278120525 0.0520329922 -0.0520329736
v 0.0278120525 0.0520329922 -0.0520329736
v 0.0295000691 0.0510959923 -0.0689999685
v 0.0225780532 0.054508999 -0.0545089766
v 0.0225780532 0.054508999 -0.0545089766
v 0.0295000691 0.0510959923 -0.0689999685
v 0.0201790687 0.0554419905 -0.0689999759
v 0.0225780532 0.054508999 -0.0545089766
v 0.0201790687 0.0554419905 -0.0689999759
v 0.0171270557 0.0564589947 -0.0564589798
v 0.0171270557 0.0564589947 -0.0564589798
v 0.0201790687 0.0554419905 -0.0689999759
v 0.0102450689 0.0581039935 -0.0689999908
v 0.0171270557 0.0564589947 -0.0564589798
v 0.0102450689 0.0581039935 -0.0689999908
v 0.0115100574 0.0578659922 -0.0578659885
v 0.0115100574 0.0578659922 -0.0578659885
v 0.0102450689 0.0581039935 -0.0689999908
v 0.0057830587 0.0587159991 -0.0587159917
v 0.0057830587 0.0587159991 -0.0587159917
v 0.0102450689 0.0581039935 -0.0689999908
v 6.89999951e-08 0.0590000004 -0.0689999983
v 0.0057830587 0.0587159991 -0.0587159917
v 6.89999951e-08 0.0590000004 -0.0689999983
v 5.90000013e-08 0.0590000004 -0.0590000004
v 5.90000013e-08 0.0590000004 -0.0590000004
v 6.89999951e-08 0.0590000004 -0.0689999983
v -0.00578294136 0.0587159991 -0.0587160066
v -0.00578294136 0.0587159991 -0.0587160066
v 6.89999951e-08 0.0590000004 -0.0689999983
v -0.0102449311 0.0581039935 -0.0690000057
v -0.00578294136 0.0587159991 -0.0587160066
v -0.0102449311 0.0581039935 -0.0690000057
v -0.0115099419 0.0578659922 -0.0578660108
v -0.0115099419 0.0578659922 -0.0578660108
v -0.0102449311 0.0581039935 -0.0690000057
v -0.0171269439 0.0564589947 -0.0564590171
v -0.0171269439 0.0564589947 -0.0564590171
v -0.0102449311 0.0581039935 -0.0690000057
v -0.0201789308 0.0554419905 -0.0690000206
v -0.0171269439 0.0564589947 -0.0564590171
v -0.0201789308 0.0554419905 -0.0690000206
v -0.0225779451 0.054508999 -0.0545090213
v -0.0225779451 0.054508999 -0.0545090213
v -0.0201789308 0.0554419905 -0.0690000206
v -0.0294999313 0.0510959923 -0.0690000281
v -0.0225779451 0.054508999 -0.0545090213
v -0.0294999313 0.0510959923 -0.0690000281
v -0.0278119482 0.0520329922 -0.0520330258
v -0.0278119482 0.0520329922 -0.0520330258
v -0.0294999313 0.0510959923 -0.0690000281
v -0.0327789523 0.0490569919 -0.0490570329
v -0.0327789523 0.0490569919 -0.0490570329
v -0.0294999313 0.0510959923 -0.0690000281
v -0.0379239284 0.0451969951 -0.0690000355
v -0.0327789523 0.0490569919 -0.0490570329
v -0.0379239284 0.0451969951 -0.0690000355
v -0.0374289565 0.045607999 -0.0456080362
v -0.0374289565 0.045607999 -0.0456080362
v -0.0379239284 0.0451969951 -0.0690000355
v -0.0417189598 0.0417189971 -0.0417190418
v -0.0417189598 0.0417189971 -0.0417190418
v -0.0379239284 0.0451969951 -0.0690000355
v -0.0451969281 0.0379239991 -0.069000043
v -0.0417189598 0.0417189971 -0.0417190418
v -0.0451969281 0.0379239991 -0.069000043
v -0.0456079617 0.0374289975 -0.0374290459
v -0.0456079617 0.0374289975 -0.0374290459
v -0.0451969281 0.0379239991 -0.069000043
v -0.0490569659 0.0327790007 -0.0327790491
v -0.0490569659 0.0327790007 -0.0327790491
v -0.0451969281 0.0379239991 -0.069000043
v -0.051095929 0.0295000002 -0.0690000504
v -0.0490569659 0.0327790007 -0.0327790491
v -0.051095929 0.0295000002 -0.0690000504
v -0.0520329736 0.0278119966 -0.0278120525
v -0.0520329736 0.0278119966 -0.0278120525
v -0.051095929 0.0295000002 -0.0690000504
v -0.0545089766 0.022578001 -0.0225780532
v -0.0545089766 0.022578001 -0.0225780532
v -0.051095929 0.0295000002 -0.0690000504
v -0.0554419309 0.020178996 -0.0690000504
v -0.0545089766 0.022578001 -0.0225780532
v -0.0554419309 0.020178996 -0.0690000504
v -0.0564589798 0.0171269998 -0.0171270557
v -0.0564589798 0.0171269998 -0.0171270557
v -0.0554419309 0.020178996 -0.0690000504
v -0.0581039302 0.0102449954 -0.0690000579
v -0.0564589798 0.0171269998 -0.0171270557
v -0.0581039302 0.0102449954 -0.0690000579
v -0.0578659885 0.0115099996 -0.0115100574
v -0.0578659885 0.0115099996 -0.0115100574
v -0.0581039302 0.0102449954 -0.0690000579
v -0.0587159917 0.0057829991 -0.0057830587
v -0.0587159917 0.0057829991 -0.0057830587
v -0.0581039302 0.0102449954 -0.0690000579
v -0.0589999296 0 -0.0690000579
v -0.0587159917 0.0057829991 -0.0057830587
v -0.0589999296 0 -0.0690000579
v -0.0590000004 0 -5.90000013e-08
v -5.90000013e-08 -0.0632999986 0.0590000004
v -5.90000013e-08 0.0401090011 0.0590000004
v -0.0102450578 -0.0632999986 0.0581039898
v -0.0102450578 -0.0632999986 0.0581039898
v -5.90000013e-08 0.0401090011 0.0590000004
v -0.0102450578 0.0403489992 0.0581039898
v -0.0102450578 -0.0632999986 0.0581039898
v -0.0102450578 0.0403489992 0.0581039898
v -0.0201790556 -0.0632999986 0.055441983
v -0.0201790556 -0.0632999986 0.055441983
v -0.0102450578 0.0403489992 0.0581039898
v -0.0201790556 0.0410619974 0.055441983
v -0.0201790556 -0.0632999986 0.055441983
v -0.0201790556 0.0410619974 0.055441983
v -0.0295000505 -0.0632999986 0.05109597
v -0.0295000505 -0.0632999986 0.05109597
v -0.0201790556 0.0410619974 0.055441983
v -0.0295000505 0.042227 0.05109597
v -0.0295000505 -0.0632999986 0.05109597
v -0.0295000505 0.042227 0.05109597
v -0.0379240438 -0.0632999986 0.0451969616
v -0.0379240438 -0.0632999986 0.0451969616
v -0.0295000505 0.042227 0.05109597
v -0.0379240438 0.0438079983 0.0451969616
v -0.0379240438 -0.0632999986 0.0451969616
v -0.0379240438 0.0438079983 0.0451969616
v -0.0451970361 -0.0632999986 0.0379239544
v -0.0451970361 -0.0632999986 0.0379239544
v -0.0379240438 0.0438079983 0.0451969616
v -0.0451970361 0.0457559973 0.0379239544
v -0.0451970361 -0.0632999986 0.0379239544
v -0.0451970361 0.0457559973 0.0379239544
v -0.0510960296 -0.0632999986 0.0294999499
v -0.0510960296 -0.0632999986 0.0294999499
v -0.0451970361 0.0457559973 0.0379239544
v -0.0510960296 0.0480140001 0.0294999499
v -0.0510960296 -0.0632999986 0.0294999499
v -0.0510960296 0.0480140001 0.0294999499
v -0.0554420203 -0.0632999986 0.0201789439
v -0.0554420203 -0.0632999986 0.0201789439
v -0.0510960296 0.0480140001 0.0294999499
v -0.0554420203 0.0505110025 0.0201789439
v -0.0554420203 -0.0632999986 0.0201789439
v -0.0554420203 0.0505110025 0.0201789439
v -0.0581040122 -0.0632999986 0.0102449423
v -0.0581040122 -0.0632999986 0.0102449423
v -0.0554420203 0.0505110025 0.0201789439
v -0.0581040122 0.0531729907 0.0102449423
v -0.0581040122 -0.0632999986 0.0102449423
v -0.0581040122 0.0531729907 0.0102449423
v -0.0590000004 0 -5.90000013e-08
v -0.0590000004 0 -5.90000013e-08
v -0.0581040122 0.0531729907 0.0102449423
v -0.0590000004 0.0559179932 -5.90000013e-08
v -0.0590000004 0 -5.90000013e-08
v -0.0590000004 0.0559179932 -5.90000013e-08
v -0.0587159917 0.0057829991 -0.0057830587
v -0.0587159917 0.0057829991 -0.0057830587
v -0.0590000004 0.0559179932 -5.90000013e-08
v -0.0581039898 0.0586629957 -0.0102450578
v -0.0587159917 0.0057829991 -0.0057830587
v -0.0581039898 0.0586629957 -0.0102450578
v -0.0578659885 0.0115099996 -0.0115100574
v -0.0578659885 0.0115099996 -0.0115100574
v -0.0581039898 0.0586629957 -0.0102450578
v -0.0564589798 0.0171269998 -0.0171270557
v -0.0564589798 0.0171269998 -0.0171270557
v -0.0581039898 0.0586629957 -0.0102450578
v -0.055441983 0.0613249987 -0.0201790556
v -0.0564589798 0.0171269998 -0.0171270557
v -0.055441983 0.0613249987 -0.0201790556
v -0.0545089766 0.022578001 -0.0225780532
v -0.0545089766 0.022578001 -0.0225780532
v -0.055441983 0.0613249987 -0.0201790556
v -0.0520329736 0.0278119966 -0.0278120525
v -0.0520329736 0.0278119966 -0.0278120525
v -0.055441983 0.0613249987 -0.0201790556
v -0.05109597 0.0638229996 -0.0295000505
v -0.0520329736 0.0278119966 -0.0278120525
v -0.05109597 0.0638229996 -0.0295000505
v -0.0490569659 0.0327790007 -0.0327790491
v -0.0490569659 0.0327790007 -0.0327790491
v -0.05109597 0.0638229996 -0.0295000505
v -0.0451969616 0.066080004 -0.0379240438
v -0.0490569659 0.0327790007 -0.0327790491
v -0.0451969616 0.066080004 -0.0379240438
v -0.0456079617 0.0374289975 -0.0374290459
v -0.0456079617 0.0374289975 -0.0374290459
v -0.0451969616 0.066080004 -0.0379240438
v -0.0417189598 0.0417189971 -0.0417190418
v -0.0417189598 0.0417189971 -0.0417190418
v -0.0451969616 0.066080004 -0.0379240438
v -0.0379239544 0.068028003 -0.0451970361
v -0.0417189598 0.0417189971 -0.0417190418
v -0.0379239544 0.068028003 -0.0451970361
v -0.0374289565 0.045607999 -0.0456080362
v -0.0374289565 0.045607999 -0.0456080362
v -0.0379239544 0.068028003 -0.0451970361
v -0.0327789523 0.0490569919 -0.0490570329
v -0.0327789523 0.0490569919 -0.0490570329
v -0.0379239544 0.068028003 -0.0451970361
v -0.0294999499 0.0696090013 -0.0510960296
v -0.0327789523 0.0490569919 -0.0490570329
v -0.0294999499 0.0696090013 -0.0510960296
v -0.0278119482 0.0520329922 -0.0520330258
v -0.0278119482 0.0520329922 -0.0520330258
v -0.0294999499 0.0696090013 -0.0510960296
v -0.0225779451 0.054508999 -0.0545090213
v -0.0225779451 0.054508999 -0.0545090213
v -0.0294999499 0.0696090013 -0.0510960296
v -0.0201789439 0.0707740039 -0.0554420203
v -0.0225779451 0.054508999 -0.0545090213
v -0.0201789439 0.0707740039 -0.0554420203
v -0.0171269439 0.0564589947 -0.0564590171
v -0.0171269439 0.0564589947 -0.0564590171
v -0.0201789439 0.0707740039 -0.0554420203
v -0.0102449423 0.0714869946 -0.0581040122
v -0.0171269439 0.0564589947 -0.0564590171
v -0.0102449423 0.0714869946 -0.0581040122
v -0.0115099419 0.0578659922 -0.0578660108
v -0.0115099419 0.0578659922 -0.0578660108
v -0.0102449423 0.0714869946 -0.0581040122
v -0.00578294136 0.0587159991 -0.0587160066
v -0.00578294136 0.0587159991 -0.0587160066
v -0.0102449423 0.0714869946 -0.0581040122
v 5.90000013e-08 0.0717269927 -0.0590000004
v -0.00578294136 0.0587159991 -0.0587160066
v 5.90000013e-08 0.0717269927 -0.0590000004
v 5.90000013e-08 0.0590000004 -0.0590000004
v -0.0581040122 -0.0632999986 0.0102449423
v -0.0590000004 0 -5.90000013e-08
v -0.0590000004 -0.0632999986 -5.90000013e-08
v -0.0590000004 -0.0632999986 -5.90000013e-08
v -0.0590000004 0 -5.90000013e-08
v -0.0587159917 -0.0057829991 -0.0057830587
v -0.0590000004 -0.0632999986 -5.90000013e-08
v -0.0587159917 -0.0057829991 -0.0057830587
v -0.0581039898 -0.0632999986 -0.0102450578
v -0.0581039898 -0.0632999986 -0.0102450578
v -0.0587159917 -0.0057829991 -0.0057830587
v -0.0578659885 -0.0115099996 -0.0115100574
v -0.0581039898 -0.0632999986 -0.0102450578
v -0.0578659885 -0.0115099996 -0.0115100574
v -0.0564589798 -0.0171270035 -0.0171270557
v -0.0581039898 -0.0632999986 -0.0102450578
v -0.0564589798 -0.0171270035 -0.0171270557
v -0.055441983 -0.0632999986 -0.0201790556
v -0.055441983 -0.0632999986 -0.0201790556
v -0.0564589798 -0.0171270035 -0.0171270557
v -0.0545089766 -0.022578001 -0.0225780532
v -0.055441983 -0.0632999986 -0.0201790556
v -0.0545089766 -0.022578001 -0.0225780532
v -0.0520329736 -0.0278120041 -0.0278120525
v -0.055441983 -0.0632999986 -0.0201790556
v -0.0520329736 -0.0278120041 -0.0278120525
v -0.05109597 -0.0632999986 -0.0295000505
v -0.05109597 -0.0632999986 -0.0295000505
v -0.0520329736 -0.0278120041 -0.0278120525
v -0.0490569659 -0.0327790044 -0.0327790491
v -0.05109597 -0.0632999986 -0.0295000505
v -0.0490569659 -0.0327790044 -0.0327790491
v -0.0451969616 -0.0632999986 -0.0379240438
v -0.0451969616 -0.0632999986 -0.0379240438
v -0.0490569659 -0.0327790044 -0.0327790491
v -0.0456079617 -0.0374290012 -0.0374290459
v -0.0451969616 -0.0632999986 -0.0379240438
v -0.0456079617 -0.0374290012 -0.0374290459
v -0.0417189598 -0.0417190008 -0.0417190418
v -0.0451969616 -0.0632999986 -0.0379240438
v -0.0417189598 -0.0417190008 -0.0417190418
v -0.0379239544 -0.0632999986 -0.0451970361
v -0.0379239544 -0.0632999986 -0.0451970361
v -0.0417189598 -0.0417190008 -0.0417190418
v -0.0374289565 -0.0456080027 -0.0456080362
v -0.0379239544 -0.0632999986 -0.0451970361
v -0.0374289565 -0.0456080027 -0.0456080362
v -0.0327789523 -0.0490570031 -0.0490570329
v -0.0379239544 -0.0632999986 -0.0451970361
v -0.0327789523 -0.0490570031 -0.0490570329
v -0.0294999499 -0.0632999986 -0.0510960296
v -0.0294999499 -0.0632999986 -0.0510960296
v -0.0327789523 -0.0490570031 -0.0490570329
v -0.0278119482 -0.0520330034 -0.0520330258
v -0.0294999499 -0.0632999986 -0.0510960296
v -0.0278119482 -0.0520330034 -0.0520330258
v -0.0225779451 -0.0545090027 -0.0545090213
v -0.0294999499 -0.0632999986 -0.0510960296
v -0.0225779451 -0.0545090027 -0.0545090213
v -0.0201789439 -0.0632999986 -0.0554420203
v -0.0201789439 -0.0632999986 -0.0554420203
v -0.0225779451 -0.0545090027 -0.0545090213
v -0.0171269439 -0.0564590022 -0.0564590171
v -0.0201789439 -0.0632999986 -0.0554420203
v -0.0171269439 -0.0564590022 -0.0564590171
v -0.0102449423 -0.0632999986 -0.0581040122
v -0.0102449423 -0.0632999986 -0.0581040122
v -0.0171269439 -0.0564590022 -0.0564590171
v -0.0115099419 -0.0578660034 -0.0578660108
v -0.0102449423 -0.0632999986 -0.0581040122
v -0.0115099419 -0.0578660034 -0.0578660108
v -0.00578294136 -0.0587160029 -0.0587160066
v 5.90000013e-08 -0.0590000004 -0.0590000004
v 5.90000013e-08 -0.0632999986 -0.0590000004
v -0.00578294136 -0.0587160029 -0.0587160066
v -0.00578294136 -0.0587160029 -0.0587160066
v 5.90000013e-08 -0.0632999986 -0.0590000004
v -0.0102449423 -0.0632999986 -0.0581040122
v 5.90000013e-08 0.0590000004 -0.0590000004
v 5.90000013e-08 0.0717269927 -0.0590000004
v 0.0057830587 0.0587159991 -0.0587159917
v 0.0057830587 0.0587159991 -0.0587159917
v 5.90000013e-08 0.0717269927 -0.0590000004
v 0.0102450578 0.0714869946 -0.0581039898
v 0.0057830587 0.0587159991 -0.0587159917
v 0.0102450578 0.0714869946 -0.0581039898
v 0.0115100574 0.0578659922 -0.0578659885
v 0.0115100574 0.0578659922 -0.0578659885
v 0.0102450578 0.0714869946 -0.0581039898
v 0.0171270557 0.0564589947 -0.0564589798
v 0.0171270557 0.0564589947 -0.0564589798
v 0.0102450578 0.0714869946 -0.0581039898
v 0.0201790556 0.0707740039 -0.055441983
v 0.0171270557 0.0564589947 -0.0564589798
v 0.0201790556 0.0707740039 -0.055441983
v 0.0225780532 0.054508999 -0.0545089766
v 0.0225780532 0.054508999 -0.0545089766
v 0.0201790556 0.0707740039 -0.055441983
v 0.0295000505 0.0696090013 -0.05109597
v 0.0225780532 0.054508999 -0.0545089766
v 0.0295000505 0.0696090013 -0.05109597
v 0.0278120525 0.0520329922 -0.0520329736
v 0.0278120525 0.0520329922 -0.0520329736
v 0.0295000505 0.0696090013 -0.05109597
v 0.0327790491 0.0490569919 -0.0490569659
v 0.0327790491 0.0490569919 -0.0490569659
v 0.0295000505 0.0696090013 -0.05109597
v 0.0379240438 0.068028003 -0.0451969616
v 0.0327790491 0.0490569919 -0.0490569659
v 0.0379240438 0.068028003 -0.0451969616
v 0.0374290459 0.045607999 -0.0456079617
v 0.0374290459 0.045607999 -0.0456079617
v 0.0379240438 0.068028003 -0.0451969616
v 0.0417190418 0.0417189971 -0.0417189598
v 0.0417190418 0.0417189971 -0.0417189598
v 0.0379240438 0.068028003 -0.0451969616
v 0.0451970361 0.066080004 -0.0379239544
v 0.0417190418 0.0417189971 -0.0417189598
v 0.0451970361 0.066080004 -0.0379239544
v 0.0456080362 0.0374289975 -0.0374289565
v 0.0456080362 0.0374289975 -0.0374289565
v 0.0451970361 0.066080004 -0.0379239544
v 0.0490570329 0.0327790007 -0.0327789523
v 0.0490570329 0.0327790007 -0.0327789523
v 0.0451970361 0.066080004 -0.0379239544
v 0.0510960296 0.0638229996 -0.0294999499
v 0.0490570329 0.0327790007 -0.0327789523
v 0.0510960296 0.0638229996 -0.0294999499
v 0.0520330258 0.0278119966 -0.0278119482
v 0.0520330258 0.0278119966 -0.0278119482
v 0.0510960296 0.0638229996 -0.0294999499
v 0.0554420203 0.0613249987 -0.0201789439
v 0.0520330258 0.0278119966 -0.0278119482
v 0.0554420203 0.0613249987 -0.0201789439
v 0.0545090213 0.022578001 -0.0225779451
v 0.0545090213 0.022578001 -0.0225779451
v 0.0554420203 0.0613249987 -0.0201789439
v 0.0564590171 0.0171269998 -0.0171269439
v 0.0564590171 0.0171269998 -0.0171269439
v 0.0554420203 0.0613249987 -0.0201789439
v 0.0581040122 0.0586629957 -0.0102449423
v 0.0564590171 0.0171269998 -0.0171269439
v 0.0581040122 0.0586629957 -0.0102449423
v 0.0578660108 0.0115099996 -0.0115099419
v 0.0578660108 0.0115099996 -0.0115099419
v 0.0581040122 0.0586629957 -0.0102449423
v 0.0587160066 0.0057829991 -0.00578294136
v 0.0587160066 0.0057829991 -0.00578294136
v 0.0581040122 0.0586629957 -0.0102449423
v 0.0590000004 0.0559179932 5.90000013e-08
v 0.0587160066 0.0057829991 -0.00578294136
v 0.0590000004 0.0559179932 5.90000013e-08
v 0.0590000004 0 5.90000013e-08
v 0.0590000004 0 5.90000013e-08
v 0.0590000004 0.0559179932 5.90000013e-08
v 0.0581039898 0.0531729907 0.0102450578
v 0.0590000004 0 5.90000013e-08
v 0.0581039898 0.0531729907 0.0102450578
v 0.0581039898 -0.0632999986 0.0102450578
v 0.0581039898 -0.0632999986 0.0102450578
v 0.0581039898 0.0531729907 0.0102450578
v 0.055441983 0.0505110025 0.0201790556
v 0.0581039898 -0.0632999986 0.0102450578
v 0.055441983 0.0505110025 0.0201790556
v 0.055441983 -0.0632999986 0.0201790556
v 0.055441983 -0.0632999986 0.0201790556
v 0.055441983 0.0505110025 0.0201790556
v 0.05109597 0.0480140001 0.0295000505
v 0.055441983 -0.0632999986 0.0201790556
v 0.05109597 0.0480140001 0.0295000505
v 0.05109597 -0.0632999986 0.0295000505
v 0.05109597 -0.0632999986 0.0295000505
v 0.05109597 0.0480140001 0.0295000505
v 0.0451969616 0.0457559973 0.0379240438
v 0.05109597 -0.0632999986 0.0295000505
v 0.0451969616 0.0457559973 0.0379240438
v 0.0451969616 -0.0632999986 0.0379240438
v 0.0451969616 -0.0632999986 0.0379240438
v 0.0451969616 0.0457559973 0.0379240438
v 0.0379239544 0.0438079983 0.0451970361
v 0.0451969616 -0.0632999986 0.0379240438
v 0.0379239544 0.0438079983 0.0451970361
v 0.0379239544 -0.0632999986 0.0451970361
v 0.0379239544 -0.0632999986 0.0451970361
v 0.0379239544 0.0438079983 0.0451970361
v 0.0294999499 0.042227 0.0510960296
v 0.0379239544 -0.0632999986 0.0451970361
v 0.0294999499 0.042227 0.0510960296
v 0.0294999499 -0.0632999986 0.0510960296
v 0.0294999499 -0.0632999986 0.0510960296
v 0.0294999499 0.042227 0.0510960296
v 0.0201789439 0.0410619974 0.0554420203
v 0.0294999499 -0.0632999986 0.0510960296
v 0.0201789439 0.0410619974 0.0554420203
v 0.0201789439 -0.0632999986 0.0554420203
v 0.0201789439 -0.0632999986 0.0554420203
v 0.0201789439 0.0410619974 0.0554420203
v 0.0102449423 0.0403489992 0.0581040122
v 0.0201789439 -0.0632999986 0.0554420203
v 0.0102449423 0.0403489992 0.0581040122
v 0.0102449423 -0.0632999986 0.0581040122
v 0.0102449423 -0.0632999986 0.0581040122
v 0.0102449423 0.0403489992 0.0581040122
v -5.90000013e-08 0.0401090011 0.0590000004
v 0.0102449423 -0.0632999986 0.0581040122
v -5.90000013e-08 0.0401090011 0.0590000004
v -5.90000013e-08 -0.0632999986 0.0590000004
v 0.0581039898 -0.0632999986 0.0102450578
v 0.0590000004 -0.0632999986 5.90000013e-08
v 0.0590000004 0 5.90000013e-08
v 0.0590000004 0 5.90000013e-08
v 0.0590000004 -0.0632999986 5.90000013e-08
v 0.0587160066 -0.0057829991 -0.00578294136
v 0.0587160066 -0.0057829991 -0.00578294136
v 0.0590000004 -0.0632999986 5.90000013e-08
v 0.0581040122 -0.0632999986 -0.0102449423
v 0.0587160066 -0.0057829991 -0.00578294136
v 0.0581040122 -0.0632999986 -0.0102449423
v 0.0578660108 -0.0115099996 -0.0115099419
v 0.0578660108 -0.0115099996 -0.0115099419
v 0.0581040122 -0.0632999986 -0.0102449423
v 0.0564590171 -0.0171270035 -0.0171269439
v 0.0564590171 -0.0171270035 -0.0171269439
v 0.0581040122 -0.0632999986 -0.0102449423
v 0.0554420203 -0.0632999986 -0.0201789439
v 0.0564590171 -0.0171270035 -0.0171269439
v 0.0554420203 -0.0632999986 -0.0201789439
v 0.0545090213 -0.022578001 -0.0225779451
v 0.0545090213 -0.022578001 -0.0225779451
v 0.0554420203 -0.0632999986 -0.0201789439
v 0.0510960296 -0.0632999986 -0.0294999499
v 0.0545090213 -0.022578001 -0.0225779451
v 0.0510960296 -0.0632999986 -0.0294999499
v 0.0520330258 -0.0278120041 -0.0278119482
v 0.0520330258 -0.0278120041 -0.0278119482
v 0.0510960296 -0.0632999986 -0.0294999499
v 0.0490570329 -0.0327790044 -0.0327789523
v 0.0490570329 -0.0327790044 -0.0327789523
v 0.0510960296 -0.0632999986 -0.0294999499
v 0.0451970361 -0.0632999986 -0.0379239544
v 0.0490570329 -0.0327790044 -0.0327789523
v 0.0451970361 -0.0632999986 -0.0379239544
v 0.0456080362 -0.0374290012 -0.0374289565
v 0.0456080362 -0.0374290012 -0.0374289565
v 0.0451970361 -0.0632999986 -0.0379239544
v 0.0417190418 -0.0417190008 -0.0417189598
v 0.0417190418 -0.0417190008 -0.0417189598
v 0.0451970361 -0.0632999986 -0.0379239544
v 0.0379240438 -0.0632999986 -0.0451969616
v 0.0417190418 -0.0417190008 -0.0417189598
v 0.0379240438 -0.0632999986 -0.0451969616
v 0.0374290459 -0.0456080027 -0.0456079617
v 0.0374290459 -0.0456080027 -0.0456079617
v 0.0379240438 -0.0632999986 -0.0451969616
v 0.0327790491 -0.0490570031 -0.0490569659
v 0.0327790491 -0.0490570031 -0.0490569659
v 0.0379240438 -0.0632999986 -0.0451969616
v 0.0295000505 -0.0632999986 -0.05109597
v 0.0327790491 -0.0490570031 -0.0490569659
v 0.0295000505 -0.0632999986 -0.05109597
v 0.0278120525 -0.0520330034 -0.0520329736
v 0.0278120525 -0.0520330034 -0.0520329736
v 0.0295000505 -0.0632999986 -0.05109597
v 0.0225780532 -0.0545090027 -0.0545089766
v 0.0225780532 -0.0545090027 -0.0545089766
v 0.0295000505 -0.0632999986 -0.05109597
v 0.0201790556 -0.0632999986 -0.055441983
v 0.0225780532 -0.0545090027 -0.0545089766
v 0.0201790556 -0.0632999986 -0.055441983
v 0.0171270557 -0.0564590022 -0.0564589798
v 0.0171270557 -0.0564590022 -0.0564589798
v 0.0201790556 -0.0632999986 -0.055441983
v 0.0102450578 -0.0632999986 -0.0581039898
v 0.0171270557 -0.0564590022 -0.0564589798
v 0.0102450578 -0.0632999986 -0.0581039898
v 0.0115100574 -0.0578660034 -0.0578659885
v 0.0115100574 -0.0578660034 -0.0578659885
v 0.0102450578 -0.0632999986 -0.0581039898
v 0.0057830587 -0.0587160029 -0.0587159917
v 0.0057830587 -0.0587160029 -0.0587159917
v 0.0102450578 -0.0632999986 -0.0581039898
v 5.90000013e-08 -0.0632999986 -0.0590000004
v 0.0057830587 -0.0587160029 -0.0587159917
v 5.90000013e-08 -0.0632999986 -0.0590000004
v 5.90000013e-08 -0.0590000004 -0.0590000004
v -0.0590000004 0 -5.90000013e-08
v -0.0589999296 0 -0.0690000579
v -0.0587159917 -0.0057829991 -0.0057830587
v -0.0587159917 -0.0057829991 -0.0057830587
v -0.0589999296 0 -0.0690000579
v -0.0581039302 -0.0102450028 -0.0690000579
v -0.0587159917 -0.0057829991 -0.0057830587
v -0.0581039302 -0.0102450028 -0.0690000579
v -0.0578659885 -0.0115099996 -0.0115100574
v -0.0578659885 -0.0115099996 -0.0115100574
v -0.0581039302 -0.0102450028 -0.0690000579
v -0.0564589798 -0.0171270035 -0.0171270557
v -0.0564589798 -0.0171270035 -0.0171270557
v -0.0581039302 -0.0102450028 -0.0690000579
v -0.0554419309 -0.0201790035 -0.0690000504
v -0.0564589798 -0.0171270035 -0.0171270557
v -0.0554419309 -0.0201790035 -0.0690000504
v -0.0545089766 -0.022578001 -0.0225780532
v -0.0545089766 -0.022578001 -0.0225780532
v -0.0554419309 -0.0201790035 -0.0690000504
v -0.051095929 -0.0295000039 -0.0690000504
v -0.0545089766 -0.022578001 -0.0225780532
v -0.051095929 -0.0295000039 -0.0690000504
v -0.0520329736 -0.0278120041 -0.0278120525
v -0.0520329736 -0.0278120041 -0.0278120525
v -0.051095929 -0.0295000039 -0.0690000504
v -0.0490569659 -0.0327790044 -0.0327790491
v -0.0490569659 -0.0327790044 -0.0327790491
v -0.051095929 -0.0295000039 -0.0690000504
v -0.0451969281 -0.0379240029 -0.069000043
v -0.0490569659 -0.0327790044 -0.0327790491
v -0.0451969281 -0.0379240029 -0.069000043
v -0.0456079617 -0.0374290012 -0.0374290459
v -0.0456079617 -0.0374290012 -0.0374290459
v -0.0451969281 -0.0379240029 -0.069000043
v -0.0417189598 -0.0417190008 -0.0417190418
v -0.0417189598 -0.0417190008 -0.0417190418
v -0.0451969281 -0.0379240029 -0.069000043
v -0.0379239284 -0.0451970026 -0.0690000355
v -0.0417189598 -0.0417190008 -0.0417190418
v -0.0379239284 -0.0451970026 -0.0690000355
v -0.0374289565 -0.0456080027 -0.0456080362
v -0.0374289565 -0.0456080027 -0.0456080362
v -0.0379239284 -0.0451970026 -0.0690000355
v -0.0327789523 -0.0490570031 -0.0490570329
v -0.0327789523 -0.0490570031 -0.0490570329
v -0.0379239284 -0.0451970026 -0.0690000355
v -0.0294999313 -0.0510950014 -0.0690000281
v -0.0327789523 -0.0490570031 -0.0490570329
v -0.0294999313 -0.0510950014 -0.0690000281
v -0.0278119482 -0.0520330034 -0.0520330258
v -0.0278119482 -0.0520330034 -0.0520330258
v -0.0294999313 -0.0510950014 -0.0690000281
v -0.0225779451 -0.0545090027 -0.0545090213
v -0.0225779451 -0.0545090027 -0.0545090213
v -0.0294999313 -0.0510950014 -0.0690000281
v -0.0201789308 -0.0554420054 -0.0690000206
v -0.0225779451 -0.0545090027 -0.0545090213
v -0.0201789308 -0.0554420054 -0.0690000206
v -0.0171269439 -0.0564590022 -0.0564590171
v -0.0171269439 -0.0564590022 -0.0564590171
v -0.0201789308 -0.0554420054 -0.0690000206
v -0.0102449311 -0.058104001 -0.0690000057
v -0.0171269439 -0.0564590022 -0.0564590171
v -0.0102449311 -0.058104001 -0.0690000057
v -0.0115099419 -0.0578660034 -0.0578660108
v -0.0115099419 -0.0578660034 -0.0578660108
v -0.0102449311 -0.058104001 -0.0690000057
v -0.00578294136 -0.0587160029 -0.0587160066
v -0.00578294136 -0.0587160029 -0.0587160066
v -0.0102449311 -0.058104001 -0.0690000057
v 6.89999951e-08 -0.0590000004 -0.0689999983
v -0.00578294136 -0.0587160029 -0.0587160066
v 6.89999951e-08 -0.0590000004 -0.0689999983
v 5.90000013e-08 -0.0590000004 -0.0590000004
v 5.90000013e-08 -0.0590000004 -0.0590000004
v 6.89999951e-08 -0.0590000004 -0.0689999983
v 0.0057830587 -0.0587160029 -0.0587159917
v 0.0057830587 -0.0587160029 -0.0587159917
v 6.89999951e-08 -0.0590000004 -0.0689999983
v 0.0102450689 -0.058104001 -0.0689999908
v 0.0057830587 -0.0587160029 -0.0587159917
v 0.0102450689 -0.058104001 -0.0689999908
v 0.0115100574 -0.0578660034 -0.0578659885
v 0.0115100574 -0.0578660034 -0.0578659885
v 0.0102450689 -0.058104001 -0.0689999908
v 0.0171270557 -0.0564590022 -0.0564589798
v 0.0171270557 -0.0564590022 -0.0564589798
v 0.0102450689 -0.058104001 -0.0689999908
v 0.0201790687 -0.0554420054 -0.0689999759
v 0.0171270557 -0.0564590022 -0.0564589798
v 0.0201790687 -0.0554420054 -0.0689999759
v 0.0225780532 -0.0545090027 -0.0545089766
v 0.0225780532 -0.0545090027 -0.0545089766
v 0.0201790687 -0.0554420054 -0.0689999759
v 0.0295000691 -0.0510950014 -0.0689999685
v 0.0225780532 -0.0545090027 -0.0545089766
v 0.0295000691 -0.0510950014 -0.0689999685
v 0.0278120525 -0.0520330034 -0.0520329736
v 0.0278120525 -0.0520330034 -0.0520329736
v 0.0295000691 -0.0510950014 -0.0689999685
v 0.0327790491 -0.0490570031 -0.0490569659
v 0.0327790491 -0.0490570031 -0.0490569659
v 0.0295000691 -0.0510950014 -0.0689999685
v 0.0379240699 -0.0451970026 -0.068999961
v 0.0327790491 -0.0490570031 -0.0490569659
v 0.0379240699 -0.0451970026 -0.068999961
v 0.0374290459 -0.0456080027 -0.0456079617
v 0.0374290459 -0.0456080027 -0.0456079617
v 0.0379240699 -0.0451970026 -0.068999961
v 0.0417190418 -0.0417190008 -0.0417189598
v 0.0417190418 -0.0417190008 -0.0417189598
v 0.0379240699 -0.0451970026 -0.068999961
v 0.0451970696 -0.0379240029 -0.0689999536
v 0.0417190418 -0.0417190008 -0.0417189598
v 0.0451970696 -0.0379240029 -0.0689999536
v 0.0456080362 -0.0374290012 -0.0374289565
v 0.0456080362 -0.0374290012 -0.0374289565
v 0.0451970696 -0.0379240029 -0.0689999536
v 0.0490570329 -0.0327790044 -0.0327789523
v 0.0490570329 -0.0327790044 -0.0327789523
v 0.0451970696 -0.0379240029 -0.0689999536
v 0.0510960706 -0.0295000039 -0.0689999461
v 0.0490570329 -0.0327790044 -0.0327789523
v 0.0510960706 -0.0295000039 -0.0689999461
v 0.0520330258 -0.0278120041 -0.0278119482
v 0.0520330258 -0.0278120041 -0.0278119482
v 0.0510960706 -0.0295000039 -0.0689999461
v 0.0554420725 -0.0201790035 -0.0689999461
v 0.0520330258 -0.0278120041 -0.0278119482
v 0.0554420725 -0.0201790035 -0.0689999461
v 0.0545090213 -0.022578001 -0.0225779451
v 0.0545090213 -0.022578001 -0.0225779451
v 0.0554420725 -0.0201790035 -0.0689999461
v 0.0564590171 -0.0171270035 -0.0171269439
v 0.0564590171 -0.0171270035 -0.0171269439
v 0.0554420725 -0.0201790035 -0.0689999461
v 0.0581040718 -0.0102450028 -0.0689999387
v 0.0564590171 -0.0171270035 -0.0171269439
v 0.0581040718 -0.0102450028 -0.0689999387
v 0.0578660108 -0.0115099996 -0.0115099419
v 0.0578660108 -0.0115099996 -0.0115099419
v 0.0581040718 -0.0102450028 -0.0689999387
v 0.0587160066 -0.0057829991 -0.00578294136
v 0.0587160066 -0.0057829991 -0.00578294136
v 0.0581040718 -0.0102450028 -0.0689999387
v 0.0590000711 0 -0.0689999387
v 0.0587160066 -0.0057829991 -0.00578294136
v 0.0590000711 0 -0.0689999387
v 0.0590000004 0 5.90000013e-08
v 0.0581040718 -0.0102450028 -0.0689999387
v 0.0551490709 -0.00972400606 -0.0689999461
v 0.0590000711 0 -0.0689999387
v 0.0590000711 0 -0.0689999387
v 0.0551490709 -0.00972400606 -0.0689999461
v 0.0560000725 0 -0.0689999387
v 0.0590000711 0 -0.0689999387
v 0.0560000725 0 -0.0689999387
v 0.0551490709 0.00972399861 -0.0689999461
v 0.0551490709 -0.00972400606 -0.0689999461
v 0.0581040718 -0.0102450028 -0.0689999387
v 0.0526230708 -0.0191530026 -0.0689999461
v 0.0526230708 -0.0191530026 -0.0689999461
v 0.0581040718 -0.0102450028 -0.0689999387
v 0.0554420725 -0.0201790035 -0.0689999461
v 0.0526230708 -0.0191530026 -0.0689999461
v 0.0554420725 -0.0201790035 -0.0689999461
v 0.0484970696 -0.0280000009 -0.0689999461
v 0.0484970696 -0.0280000009 -0.0689999461
v 0.0554420725 -0.0201790035 -0.0689999461
v 0.0510960706 -0.0295000039 -0.0689999461
v 0.0484970696 -0.0280000009 -0.0689999461
v 0.0510960706 -0.0295000039 -0.0689999461
v 0.0428980701 -0.0359960012 -0.0689999536
v 0.0428980701 -0.0359960012 -0.0689999536
v 0.0510960706 -0.0295000039 -0.0689999461
v 0.0451970696 -0.0379240029 -0.0689999536
v 0.0428980701 -0.0359960012 -0.0689999536
v 0.0451970696 -0.0379240029 -0.0689999536
v 0.035996072 -0.042898003 -0.068999961
v 0.035996072 -0.042898003 -0.068999961
v 0.0451970696 -0.0379240029 -0.0689999536
v 0.0379240699 -0.0451970026 -0.068999961
v 0.035996072 -0.042898003 -0.068999961
v 0.0379240699 -0.0451970026 -0.068999961
v 0.0280000698 -0.0484970026 -0.0689999685
v 0.0280000698 -0.0484970026 -0.0689999685
v 0.0379240699 -0.0451970026 -0.068999961
v 0.0295000691 -0.0510950014 -0.0689999685
v 0.0280000698 -0.0484970026 -0.0689999685
v 0.0295000691 -0.0510950014 -0.0689999685
v 0.0191530697 -0.0526230037 -0.0689999759
v 0.0191530697 -0.0526230037 -0.0689999759
v 0.0295000691 -0.0510950014 -0.0689999685
v 0.0201790687 -0.0554420054 -0.0689999759
v 0.0191530697 -0.0526230037 -0.0689999759
v 0.0201790687 -0.0554420054 -0.0689999759
v 0.00972406846 -0.0551490039 -0.0689999908
v 0.00972406846 -0.0551490039 -0.0689999908
v 0.0201790687 -0.0554420054 -0.0689999759
v 0.0102450689 -0.058104001 -0.0689999908
v 0.00972406846 -0.0551490039 -0.0689999908
v 0.0102450689 -0.058104001 -0.0689999908
v 6.89999951e-08 -0.0560000017 -0.0689999983
v 6.89999951e-08 -0.0560000017 -0.0689999983
v 0.0102450689 -0.058104001 -0.0689999908
v 6.89999951e-08 -0.0590000004 -0.0689999983
v 6.89999951e-08 -0.0560000017 -0.0689999983
v 6.89999951e-08 -0.0590000004 -0.0689999983
v -0.0102449311 -0.058104001 -0.0690000057
v 6.89999951e-08 -0.0560000017 -0.0689999983
v -0.0102449311 -0.058104001 -0.0690000057
v -0.00972393062 -0.0551490039 -0.0690000057
v -0.00972393062 -0.0551490039 -0.0690000057
v -0.0102449311 -0.058104001 -0.0690000057
v -0.0201789308 -0.0554420054 -0.0690000206
v -0.00972393062 -0.0551490039 -0.0690000057
v -0.0201789308 -0.0554420054 -0.0690000206
v -0.0191529319 -0.0526230037 -0.0690000206
v -0.0191529319 -0.0526230037 -0.0690000206
v -0.0201789308 -0.0554420054 -0.0690000206
v -0.0294999313 -0.0510950014 -0.0690000281
v -0.0191529319 -0.0526230037 -0.0690000206
v -0.0294999313 -0.0510950014 -0.0690000281
v -0.0279999319 -0.0484970026 -0.0690000281
v -0.0279999319 -0.0484970026 -0.0690000281
v -0.0294999313 -0.0510950014 -0.0690000281
v -0.0379239284 -0.0451970026 -0.0690000355
v -0.0279999319 -0.0484970026 -0.0690000281
v -0.0379239284 -0.0451970026 -0.0690000355
v -0.0359959304 -0.042898003 -0.0690000355
v -0.0359959304 -0.042898003 -0.0690000355
v -0.0379239284 -0.0451970026 -0.0690000355
v -0.0451969281 -0.0379240029 -0.069000043
v -0.0359959304 -0.042898003 -0.0690000355
v -0.0451969281 -0.0379240029 -0.069000043
v -0.0428979285 -0.0359960012 -0.069000043
v -0.0428979285 -0.0359960012 -0.069000043
v -0.0451969281 -0.0379240029 -0.069000043
v -0.051095929 -0.0295000039 -0.0690000504
v -0.0428979285 -0.0359960012 -0.069000043
v -0.051095929 -0.0295000039 -0.0690000504
v -0.0484969281 -0.0280000009 -0.0690000504
v -0.0484969281 -0.0280000009 -0.0690000504
v -0.051095929 -0.0295000039 -0.0690000504
v -0.0554419309 -0.0201790035 -0.0690000504
v -0.0484969281 -0.0280000009 -0.0690000504
v -0.0554419309 -0.0201790035 -0.0690000504
v -0.0526229292 -0.0191530026 -0.0690000504
v -0.0526229292 -0.0191530026 -0.0690000504
v -0.0554419309 -0.0201790035 -0.0690000504
v -0.0581039302 -0.0102450028 -0.0690000579
v -0.0526229292 -0.0191530026 -0.0690000504
v -0.0581039302 -0.0102450028 -0.0690000579
v -0.0551489294 -0.00972400606 -0.0690000504
v -0.0551489294 -0.00972400606 -0.0690000504
v -0.0581039302 -0.0102450028 -0.0690000579
v -0.0559999309 0 -0.0690000579
v -0.0559999309 0 -0.0690000579
v -0.0581039302 -0.0102450028 -0.0690000579
v -0.0589999296 0 -0.0690000579
v -0.0559999309 0 -0.0690000579
v -0.0589999296 0 -0.0690000579
v -0.0551489294 0.00972399861 -0.0690000504
v -0.0551489294 0.00972399861 -0.0690000504
v -0.0589999296 0 -0.0690000579
v -0.0581039302 0.0102449954 -0.0690000579
v -0.0551489294 0.00972399861 -0.0690000504
v -0.0581039302 0.0102449954 -0.0690000579
v -0.0526229292 0.0191529989 -0.0690000504
v -0.0526229292 0.0191529989 -0.0690000504
v -0.0581039302 0.0102449954 -0.0690000579
v -0.0554419309 0.020178996 -0.0690000504
v -0.0526229292 0.0191529989 -0.0690000504
v -0.0554419309 0.020178996 -0.0690000504
v -0.0484969281 0.0279999971 -0.0690000504
v -0.0484969281 0.0279999971 -0.0690000504
v -0.0554419309 0.020178996 -0.0690000504
v -0.051095929 0.0295000002 -0.0690000504
v -0.0484969281 0.0279999971 -0.0690000504
v -0.051095929 0.0295000002 -0.0690000504
v -0.0428979285 0.0359959975 -0.069000043
v -0.0428979285 0.0359959975 -0.069000043
v -0.051095929 0.0295000002 -0.0690000504
v -0.0451969281 0.0379239991 -0.069000043
v -0.0428979285 0.0359959975 -0.069000043
v -0.0451969281 0.0379239991 -0.069000043
v -0.0359959304 0.0428979993 -0.0690000355
v -0.0359959304 0.0428979993 -0.0690000355
v -0.0451969281 0.0379239991 -0.069000043
v -0.0379239284 0.0451969951 -0.0690000355
v -0.0359959304 0.0428979993 -0.0690000355
v -0.0379239284 0.0451969951 -0.0690000355
v -0.0279999319 0.0484969914 -0.0690000281
v -0.0279999319 0.0484969914 -0.0690000281
v -0.0379239284 0.0451969951 -0.0690000355
v -0.0294999313 0.0510959923 -0.0690000281
v -0.0279999319 0.0484969914 -0.0690000281
v -0.0294999313 0.0510959923 -0.0690000281
v -0.0191529319 0.0526230037 -0.0690000206
v -0.0191529319 0.0526230037 -0.0690000206
v -0.0294999313 0.0510959923 -0.0690000281
v -0.0201789308 0.0554419905 -0.0690000206
v -0.0191529319 0.0526230037 -0.0690000206
v -0.0201789308 0.0554419905 -0.0690000206
v -0.00972393062 0.0551490039 -0.0690000057
v -0.00972393062 0.0551490039 -0.0690000057
v -0.0201789308 0.0554419905 -0.0690000206
v -0.0102449311 0.0581039935 -0.0690000057
v -0.00972393062 0.0551490039 -0.0690000057
v -0.0102449311 0.0581039935 -0.0690000057
v 6.89999951e-08 0.0559999943 -0.0689999983
v 6.89999951e-08 0.0559999943 -0.0689999983
v -0.0102449311 0.0581039935 -0.0690000057
v 6.89999951e-08 0.0590000004 -0.0689999983
v 6.89999951e-08 0.0559999943 -0.0689999983
v 6.89999951e-08 0.0590000004 -0.0689999983
v 0.0102450689 0.0581039935 -0.0689999908
v 6.89999951e-08 0.0559999943 -0.0689999983
v 0.0102450689 0.0581039935 -0.0689999908
v 0.00972406846 0.0551490039 -0.0689999908
v 0.00972406846 0.0551490039 -0.0689999908
v 0.0102450689 0.0581039935 -0.0689999908
v 0.0201790687 0.0554419905 -0.0689999759
v 0.00972406846 0.0551490039 -0.0689999908
v 0.0201790687 0.0554419905 -0.0689999759
v 0.0191530697 0.0526230037 -0.0689999759
v 0.0191530697 0.0526230037 -0.0689999759
v 0.0201790687 0.0554419905 -0.0689999759
v 0.0295000691 0.0510959923 -0.0689999685
v 0.0191530697 0.0526230037 -0.0689999759
v 0.0295000691 0.0510959923 -0.0689999685
v 0.0280000698 0.0484969914 -0.0689999685
v 0.0280000698 0.0484969914 -0.0689999685
v 0.0295000691 0.0510959923 -0.0689999685
v 0.0379240699 0.0451969951 -0.068999961
v 0.0280000698 0.0484969914 -0.0689999685
v 0.0379240699 0.0451969951 -0.068999961
v 0.035996072 0.0428979993 -0.068999961
v 0.035996072 0.0428979993 -0.068999961
v 0.0379240699 0.0451969951 -0.068999961
v 0.0451970696 0.0379239991 -0.0689999536
v 0.035996072 0.0428979993 -0.068999961
v 0.0451970696 0.0379239991 -0.0689999536
v 0.0428980701 0.0359959975 -0.0689999536
v 0.0428980701 0.0359959975 -0.0689999536
v 0.0451970696 0.0379239991 -0.0689999536
v 0.0510960706 0.0295000002 -0.0689999461
v 0.0428980701 0.0359959975 -0.0689999536
v 0.0510960706 0.0295000002 -0.0689999461
v 0.0484970696 0.0279999971 -0.0689999461
v 0.0484970696 0.0279999971 -0.0689999461
v 0.0510960706 0.0295000002 -0.0689999461
v 0.0554420725 0.020178996 -0.0689999461
v 0.0484970696 0.0279999971 -0.0689999461
v 0.0554420725 0.020178996 -0.0689999461
v 0.0526230708 0.0191529989 -0.0689999461
v 0.0526230708 0.0191529989 -0.0689999461
v 0.0554420725 0.020178996 -0.0689999461
v 0.0581040718 0.0102449954 -0.0689999387
v 0.0526230708 0.0191529989 -0.0689999461
v 0.0581040718 0.0102449954 -0.0689999387
v 0.0551490709 0.00972399861 -0.0689999461
v 0.0551490709 0.00972399861 -0.0689999461
v 0.0581040718 0.0102449954 -0.0689999387
v 0.0590000711 0 -0.0689999387
v 0.0560000725 0 -0.0689999387
v 0.0560000651 0 -0.0619999431
v 0.0551490709 0.00972399861 -0.0689999461
v 0.0551490709 0.00972399861 -0.0689999461
v 0.0560000651 0 -0.0619999431
v 0.0551490635 0.00972399861 -0.0619999431
v 0.0551490709 0.00972399861 -0.0689999461
v 0.0551490635 0.00972399861 -0.0619999431
v 0.0526230633 0.0191529989 -0.0619999468
v 0.0551490709 0.00972399861 -0.0689999461
v 0.0526230633 0.0191529989 -0.0619999468
v 0.0526230708 0.0191529989 -0.0689999461
v 0.0526230708 0.0191529989 -0.0689999461
v 0.0526230633 0.0191529989 -0.0619999468
v 0.0484970622 0.0279999971 -0.0619999506
v 0.0526230708 0.0191529989 -0.0689999461
v 0.0484970622 0.0279999971 -0.0619999506
v 0.0484970696 0.0279999971 -0.0689999461
v 0.0484970696 0.0279999971 -0.0689999461
v 0.0484970622 0.0279999971 -0.0619999506
v 0.0428980626 0.0359959975 -0.0619999543
v 0.0484970696 0.0279999971 -0.0689999461
v 0.0428980626 0.0359959975 -0.0619999543
v 0.0428980701 0.0359959975 -0.0689999536
v 0.0428980701 0.0359959975 -0.0689999536
v 0.0428980626 0.0359959975 -0.0619999543
v 0.0359960645 0.0428979993 -0.0619999617
v 0.0428980701 0.0359959975 -0.0689999536
v 0.0359960645 0.0428979993 -0.0619999617
v 0.035996072 0.0428979993 -0.068999961
v 0.035996072 0.0428979993 -0.068999961
v 0.0359960645 0.0428979993 -0.0619999617
v 0.0280000623 0.0484969914 -0.0619999692
v 0.035996072 0.0428979993 -0.068999961
v 0.0280000623 0.0484969914 -0.0619999692
v 0.0280000698 0.0484969914 -0.0689999685
v 0.0280000698 0.0484969914 -0.0689999685
v 0.0280000623 0.0484969914 -0.0619999692
v 0.0191530623 0.0526230037 -0.0619999804
v 0.0280000698 0.0484969914 -0.0689999685
v 0.0191530623 0.0526230037 -0.0619999804
v 0.0191530697 0.0526230037 -0.0689999759
v 0.0191530697 0.0526230037 -0.0689999759
v 0.0191530623 0.0526230037 -0.0619999804
v 0.00972406194 0.0551490039 -0.0619999878
v 0.0191530697 0.0526230037 -0.0689999759
v 0.00972406194 0.0551490039 -0.0619999878
v 0.00972406846 0.0551490039 -0.0689999908
v 0.00972406846 0.0551490039 -0.0689999908
v 0.00972406194 0.0551490039 -0.0619999878
v 6.1999998e-08 0.0559999943 -0.061999999
v 0.00972406846 0.0551490039 -0.0689999908
v 6.1999998e-08 0.0559999943 -0.061999999
v 6.89999951e-08 0.0559999943 -0.0689999983
v 6.89999951e-08 0.0559999943 -0.0689999983
v 6.1999998e-08 0.0559999943 -0.061999999
v -0.00972393714 0.0551490039 -0.0620000102
v 6.89999951e-08 0.0559999943 -0.0689999983
v -0.00972393714 0.0551490039 -0.0620000102
v -0.00972393062 0.0551490039 -0.0690000057
v -0.00972393062 0.0551490039 -0.0690000057
v -0.00972393714 0.0551490039 -0.0620000102
v -0.0191529393 0.0526230037 -0.0620000176
v -0.00972393062 0.0551490039 -0.0690000057
v -0.0191529393 0.0526230037 -0.0620000176
v -0.0191529319 0.0526230037 -0.0690000206
v -0.0191529319 0.0526230037 -0.0690000206
v -0.0191529393 0.0526230037 -0.0620000176
v -0.0279999394 0.0484969914 -0.0620000288
v -0.0191529319 0.0526230037 -0.0690000206
v -0.0279999394 0.0484969914 -0.0620000288
v -0.0279999319 0.0484969914 -0.0690000281
v -0.0279999319 0.0484969914 -0.0690000281
v -0.0279999394 0.0484969914 -0.0620000288
v -0.0359959379 0.0428979993 -0.0620000362
v -0.0279999319 0.0484969914 -0.0690000281
v -0.0359959379 0.0428979993 -0.0620000362
v -0.0359959304 0.0428979993 -0.0690000355
v -0.0359959304 0.0428979993 -0.0690000355
v -0.0359959379 0.0428979993 -0.0620000362
v -0.042897936 0.0359959975 -0.0620000437
v -0.0359959304 0.0428979993 -0.0690000355
v -0.042897936 0.0359959975 -0.0620000437
v -0.0428979285 0.0359959975 -0.069000043
v -0.0428979285 0.0359959975 -0.069000043
v -0.042897936 0.0359959975 -0.0620000437
v -0.0484969355 0.0279999971 -0.0620000474
v -0.0428979285 0.0359959975 -0.069000043
v -0.0484969355 0.0279999971 -0.0620000474
v -0.0484969281 0.0279999971 -0.0690000504
v -0.0484969281 0.0279999971 -0.0690000504
v -0.0484969355 0.0279999971 -0.0620000474
v -0.0526229367 0.0191529989 -0.0620000511
v -0.0484969281 0.0279999971 -0.0690000504
v -0.0526229367 0.0191529989 -0.0620000511
v -0.0526229292 0.0191529989 -0.0690000504
v -0.0526229292 0.0191529989 -0.0690000504
v -0.0526229367 0.0191529989 -0.0620000511
v -0.0551489368 0.00972399861 -0.0620000549
v -0.0526229292 0.0191529989 -0.0690000504
v -0.0551489368 0.00972399861 -0.0620000549
v -0.0551489294 0.00972399861 -0.0690000504
v -0.0551489294 0.00972399861 -0.0690000504
v -0.0551489368 0.00972399861 -0.0620000549
v -0.0559999384 0 -0.0620000549
v -0.0551489294 0.00972399861 -0.0690000504
v -0.0559999384 0 -0.0620000549
v -0.0559999309 0 -0.0690000579
v 0.0551490635 0.00972399861 -0.0619999431
v 0.0560000651 0 -0.0619999431
v -0.042897936 -0.0359960012 -0.0620000437
v -0.042897936 -0.0359960012 -0.0620000437
v 0.0560000651 0 -0.0619999431
v 0.0551490635 -0.00972400606 -0.0619999431
v -0.042897936 -0.0359960012 -0.0620000437
v 0.0551490635 -0.00972400606 -0.0619999431
v 0.0526230633 -0.0191530026 -0.0619999468
v 0.0526230633 -0.0191530026 -0.0619999468
v 0.0484970622 -0.0280000009 -0.0619999506
v -0.042897936 -0.0359960012 -0.0620000437
v -0.042897936 -0.0359960012 -0.0620000437
v 0.0484970622 -0.0280000009 -0.0619999506
v 0.0428980626 -0.0359960012 -0.0619999543
v -0.042897936 -0.0359960012 -0.0620000437
v 0.0428980626 -0.0359960012 -0.0619999543
v -0.0359959379 -0.042898003 -0.0620000362
v -0.0359959379 -0.042898003 -0.0620000362
v 0.0428980626 -0.0359960012 -0.0619999543
v 0.0359960645 -0.042898003 -0.0619999617
v -0.0359959379 -0.042898003 -0.0620000362
v 0.0359960645 -0.042898003 -0.0619999617
v -0.0279999394 -0.0484970026 -0.0620000288
v -0.0279999394 -0.0484970026 -0.0620000288
v 0.0359960645 -0.042898003 -0.0619999617
v 0.0280000623 -0.0484970026 -0.0619999692
v -0.0279999394 -0.0484970026 -0.0620000288
v 0.0280000623 -0.0484970026 -0.0619999692
v -0.0191529393 -0.0526230037 -0.0620000176
v -0.0191529393 -0.0526230037 -0.0620000176
v 0.0280000623 -0.0484970026 -0.0619999692
v 0.0191530623 -0.0526230037 -0.0619999804
v -0.0191529393 -0.0526230037 -0.0620000176
v 0.0191530623 -0.0526230037 -0.0619999804
v -0.00972393714 -0.0551490039 -0.0620000102
v -0.00972393714 -0.0551490039 -0.0620000102
v 0.0191530623 -0.0526230037 -0.0619999804
v 0.00972406194 -0.0551490039 -0.0619999878
v -0.00972393714 -0.0551490039 -0.0620000102
v 0.00972406194 -0.0551490039 -0.0619999878
v 6.1999998e-08 -0.0560000017 -0.061999999
v -0.0484969355 -0.0280000009 -0.0620000474
v -0.042897936 0.0359959975 -0.0620000437
v -0.042897936 -0.0359960012 -0.0620000437
v -0.042897936 -0.0359960012 -0.0620000437
v -0.042897936 0.0359959975 -0.0620000437
v -0.0359959379 0.0428979993 -0.0620000362
v -0.042897936 -0.0359960012 -0.0620000437
v -0.0359959379 0.0428979993 -0.0620000362
v -0.0279999394 0.0484969914 -0.0620000288
v -0.042897936 0.0359959975 -0.0620000437
v -0.0484969355 -0.0280000009 -0.0620000474
v -0.0484969355 0.0279999971 -0.0620000474
v -0.0484969355 0.0279999971 -0.0620000474
v -0.0484969355 -0.0280000009 -0.0620000474
v -0.0526229367 -0.0191530026 -0.0620000511
v -0.0484969355 0.0279999971 -0.0620000474
v -0.0526229367 -0.0191530026 -0.0620000511
v -0.0526229367 0.0191529989 -0.0620000511
v -0.0526229367 0.0191529989 -0.0620000511
v -0.0526229367 -0.0191530026 -0.0620000511
v -0.0551489368 -0.00972400606 -0.0620000549
v -0.0526229367 0.0191529989 -0.0620000511
v -0.0551489368 -0.00972400606 -0.0620000549
v -0.0551489368 0.00972399861 -0.0620000549
v -0.0551489368 0.00972399861 -0.0620000549
v -0.0551489368 -0.00972400606 -0.0620000549
v -0.0559999384 0 -0.0620000549
v -0.0279999394 0.0484969914 -0.0620000288
v -0.0191529393 0.0526230037 -0.0620000176
v -0.042897936 -0.0359960012 -0.0620000437
v -0.042897936 -0.0359960012 -0.0620000437
v -0.0191529393 0.0526230037 -0.0620000176
v -0.00972393714 0.0551490039 -0.0620000102
v -0.042897936 -0.0359960012 -0.0620000437
v -0.00972393714 0.0551490039 -0.0620000102
v 6.1999998e-08 0.0559999943 -0.061999999
v 6.1999998e-08 0.0559999943 -0.061999999
v 0.00972406194 0.0551490039 -0.0619999878
v -0.042897936 -0.0359960012 -0.0620000437
v -0.042897936 -0.0359960012 -0.0620000437
v 0.00972406194 0.0551490039 -0.0619999878
v 0.0191530623 0.0526230037 -0.0619999804
v -0.042897936 -0.0359960012 -0.0620000437
v 0.0191530623 0.0526230037 -0.0619999804
v 0.0280000623 0.0484969914 -0.0619999692
v 0.0280000623 0.0484969914 -0.0619999692
v 0.0359960645 0.0428979993 -0.0619999617
v -0.042897936 -0.0359960012 -0.0620000437
v -0.042897936 -0.0359960012 -0.0620000437
v 0.0359960645 0.0428979993 -0.0619999617
v 0.0428980626 0.0359959975 -0.0619999543
v -0.042897936 -0.0359960012 -0.0620000437
v 0.0428980626 0.0359959975 -0.0619999543
v 0.0484970622 0.0279999971 -0.0619999506
v 0.0484970622 0.0279999971 -0.0619999506
v 0.0526230633 0.0191529989 -0.0619999468
v -0.042897936 -0.0359960012 -0.0620000437
v -0.042897936 -0.0359960012 -0.0620000437
v 0.0526230633 0.0191529989 -0.0619999468
v 0.0551490635 0.00972399861 -0.0619999431
v -0.0102450578 0.0403489992 0.0581039898
v -5.90000013e-08 0.0401090011 0.0590000004
v -5.88000013e-08 0.0401629955 0.0588000007
v -5.88000013e-08 0.0401629955 0.0588000007
v -5.90000013e-08 0.0401090011 0.0590000004
v 0.0102449423 0.0403489992 0.0581040122
v -5.88000013e-08 0.0401629955 0.0588000007
v 0.0102449423 0.0403489992 0.0581040122
v 0.0102109425 0.0404019952 0.0579070114
v 0.0102109425 0.0404019952 0.0579070114
v 0.0102449423 0.0403489992 0.0581040122
v 0.0201789439 0.0410619974 0.0554420203
v 0.0102109425 0.0404019952 0.0579070114
v 0.0201789439 0.0410619974 0.0554420203
v 0.0201109443 0.0411129966 0.0552540198
v 0.0201109443 0.0411129966 0.0552540198
v 0.0201789439 0.0410619974 0.0554420203
v 0.0294999499 0.042227 0.0510960296
v 0.0201109443 0.0411129966 0.0552540198
v 0.0294999499 0.042227 0.0510960296
v 0.0293999501 0.0422739983 0.0509220287
v 0.0293999501 0.0422739983 0.0509220287
v 0.0294999499 0.042227 0.0510960296
v 0.0379239544 0.0438079983 0.0451970361
v 0.0293999501 0.0422739983 0.0509220287
v 0.0379239544 0.0438079983 0.0451970361
v 0.0377959535 0.0438489988 0.0450430363
v 0.0377959535 0.0438489988 0.0450430363
v 0.0379239544 0.0438079983 0.0451970361
v 0.0451969616 0.0457559973 0.0379240438
v 0.0377959535 0.0438489988 0.0450430363
v 0.0451969616 0.0457559973 0.0379240438
v 0.0450429618 0.0457910001 0.0377960429
v 0.0450429618 0.0457910001 0.0377960429
v 0.0451969616 0.0457559973 0.0379240438
v 0.05109597 0.0480140001 0.0295000505
v 0.0450429618 0.0457910001 0.0377960429
v 0.05109597 0.0480140001 0.0295000505
v 0.0509219691 0.0480400026 0.0294000506
v 0.0509219691 0.0480400026 0.0294000506
v 0.05109597 0.0480140001 0.0295000505
v 0.055441983 0.0505110025 0.0201790556
v 0.0509219691 0.0480400026 0.0294000506
v 0.055441983 0.0505110025 0.0201790556
v 0.0552539825 0.0505290031 0.020111056
v 0.0552539825 0.0505290031 0.020111056
v 0.055441983 0.0505110025 0.0201790556
v 0.0581039898 0.0531729907 0.0102450578
v 0.0552539825 0.0505290031 0.020111056
v 0.0581039898 0.0531729907 0.0102450578
v 0.057906989 0.053181991 0.010211058
v 0.057906989 0.053181991 0.010211058
v 0.0581039898 0.0531729907 0.0102450578
v 0.0588000007 0.0559179932 5.88000013e-08
v 0.0588000007 0.0559179932 5.88000013e-08
v 0.0581039898 0.0531729907 0.0102450578
v 0.0590000004 0.0559179932 5.90000013e-08
v 0.0588000007 0.0559179932 5.88000013e-08
v 0.0590000004 0.0559179932 5.90000013e-08
v 0.0579070114 0.0586539954 -0.0102109425
v 0.0579070114 0.0586539954 -0.0102109425
v 0.0590000004 0.0559179932 5.90000013e-08
v 0.0581040122 0.0586629957 -0.0102449423
v 0.0579070114 0.0586539954 -0.0102109425
v 0.0581040122 0.0586629957 -0.0102449423
v 0.0552540198 0.0613069981 -0.0201109443
v 0.0552540198 0.0613069981 -0.0201109443
v 0.0581040122 0.0586629957 -0.0102449423
v 0.0554420203 0.0613249987 -0.0201789439
v 0.0552540198 0.0613069981 -0.0201109443
v 0.0554420203 0.0613249987 -0.0201789439
v 0.0509220287 0.0637959987 -0.0293999501
v 0.0509220287 0.0637959987 -0.0293999501
v 0.0554420203 0.0613249987 -0.0201789439
v 0.0510960296 0.0638229996 -0.0294999499
v 0.0509220287 0.0637959987 -0.0293999501
v 0.0510960296 0.0638229996 -0.0294999499
v 0.0450430363 0.0660450011 -0.0377959535
v 0.0450430363 0.0660450011 -0.0377959535
v 0.0510960296 0.0638229996 -0.0294999499
v 0.0451970361 0.066080004 -0.0379239544
v 0.0450430363 0.0660450011 -0.0377959535
v 0.0451970361 0.066080004 -0.0379239544
v 0.0377960429 0.067986995 -0.0450429618
v 0.0377960429 0.067986995 -0.0450429618
v 0.0451970361 0.066080004 -0.0379239544
v 0.0379240438 0.068028003 -0.0451969616
v 0.0377960429 0.067986995 -0.0450429618
v 0.0379240438 0.068028003 -0.0451969616
v 0.0294000506 0.0695630014 -0.0509219691
v 0.0294000506 0.0695630014 -0.0509219691
v 0.0379240438 0.068028003 -0.0451969616
v 0.0295000505 0.0696090013 -0.05109597
v 0.0294000506 0.0695630014 -0.0509219691
v 0.0295000505 0.0696090013 -0.05109597
v 0.020111056 0.0707229972 -0.0552539825
v 0.020111056 0.0707229972 -0.0552539825
v 0.0295000505 0.0696090013 -0.05109597
v 0.0201790556 0.0707740039 -0.055441983
v 0.020111056 0.0707229972 -0.0552539825
v 0.0201790556 0.0707740039 -0.055441983
v 0.010211058 0.0714339912 -0.057906989
v 0.010211058 0.0714339912 -0.057906989
v 0.0201790556 0.0707740039 -0.055441983
v 0.0102450578 0.0714869946 -0.0581039898
v 0.010211058 0.0714339912 -0.057906989
v 0.0102450578 0.0714869946 -0.0581039898
v 5.88000013e-08 0.0716740042 -0.0588000007
v 5.88000013e-08 0.0716740042 -0.0588000007
v 0.0102450578 0.0714869946 -0.0581039898
v 5.90000013e-08 0.0717269927 -0.0590000004
v 5.88000013e-08 0.0716740042 -0.0588000007
v 5.90000013e-08 0.0717269927 -0.0590000004
v -0.0102449423 0.0714869946 -0.0581040122
v 5.88000013e-08 0.0716740042 -0.0588000007
v -0.0102449423 0.0714869946 -0.0581040122
v -0.0102109425 0.0714339912 -0.0579070114
v -0.0102109425 0.0714339912 -0.0579070114
v -0.0102449423 0.0714869946 -0.0581040122
v -0.0201789439 0.0707740039 -0.0554420203
v -0.0102109425 0.0714339912 -0.0579070114
v -0.0201789439 0.0707740039 -0.0554420203
v -0.0201109443 0.0707229972 -0.0552540198
v -0.0201109443 0.0707229972 -0.0552540198
v -0.0201789439 0.0707740039 -0.0554420203
v -0.0294999499 0.0696090013 -0.0510960296
v -0.0201109443 0.0707229972 -0.0552540198
v -0.0294999499 0.0696090013 -0.0510960296
v -0.0293999501 0.0695630014 -0.0509220287
v -0.0293999501 0.0695630014 -0.0509220287
v -0.0294999499 0.0696090013 -0.0510960296
v -0.0379239544 0.068028003 -0.0451970361
v -0.0293999501 0.0695630014 -0.0509220287
v -0.0379239544 0.068028003 -0.0451970361
v -0.0377959535 0.067986995 -0.0450430363
v -0.0377959535 0.067986995 -0.0450430363
v -0.0379239544 0.068028003 -0.0451970361
v -0.0451969616 0.066080004 -0.0379240438
v -0.0377959535 0.067986995 -0.0450430363
v -0.0451969616 0.066080004 -0.0379240438
v -0.0450429618 0.0660450011 -0.0377960429
v -0.0450429618 0.0660450011 -0.0377960429
v -0.0451969616 0.066080004 -0.0379240438
v -0.05109597 0.0638229996 -0.0295000505
v -0.0450429618 0.0660450011 -0.0377960429
v -0.05109597 0.0638229996 -0.0295000505
v -0.0509219691 0.0637959987 -0.0294000506
v -0.0509219691 0.0637959987 -0.0294000506
v -0.05109597 0.0638229996 -0.0295000505
v -0.055441983 0.0613249987 -0.0201790556
v -0.0509219691 0.0637959987 -0.0294000506
v -0.055441983 0.0613249987 -0.0201790556
v -0.0552539825 0.0613069981 -0.020111056
v -0.0552539825 0.0613069981 -0.020111056
v -0.055441983 0.0613249987 -0.0201790556
v -0.0581039898 0.0586629957 -0.0102450578
v -0.0552539825 0.0613069981 -0.020111056
v -0.0581039898 0.0586629957 -0.0102450578
v -0.057906989 0.0586539954 -0.010211058
v -0.057906989 0.0586539954 -0.010211058
v -0.0581039898 0.0586629957 -0.0102450578
v -0.0590000004 0.0559179932 -5.90000013e-08
v -0.057906989 0.0586539954 -0.010211058
v -0.0590000004 0.0559179932 -5.90000013e-08
v -0.0588000007 0.0559179932 -5.88000013e-08
v -0.0588000007 0.0559179932 -5.88000013e-08
v -0.0590000004 0.0559179932 -5.90000013e-08
v -0.0579070114 0.053181991 0.0102109425
v -0.0579070114 0.053181991 0.0102109425
v -0.0590000004 0.0559179932 -5.90000013e-08
v -0.0581040122 0.0531729907 0.0102449423
v -0.0579070114 0.053181991 0.0102109425
v -0.0581040122 0.0531729907 0.0102449423
v -0.0552540198 0.0505290031 0.0201109443
v -0.0552540198 0.0505290031 0.0201109443
v -0.0581040122 0.0531729907 0.0102449423
v -0.0554420203 0.0505110025 0.0201789439
v -0.0552540198 0.0505290031 0.0201109443
v -0.0554420203 0.0505110025 0.0201789439
v -0.0509220287 0.0480400026 0.0293999501
v -0.0509220287 0.0480400026 0.0293999501
v -0.0554420203 0.0505110025 0.0201789439
v -0.0510960296 0.0480140001 0.0294999499
v -0.0509220287 0.0480400026 0.0293999501
v -0.0510960296 0.0480140001 0.0294999499
v -0.0450430363 0.0457910001 0.0377959535
v -0.0450430363 0.0457910001 0.0377959535
v -0.0510960296 0.0480140001 0.0294999499
v -0.0451970361 0.0457559973 0.0379239544
v -0.0450430363 0.0457910001 0.0377959535
v -0.0451970361 0.0457559973 0.0379239544
v -0.0377960429 0.0438489988 0.0450429618
v -0.0377960429 0.0438489988 0.0450429618
v -0.0451970361 0.0457559973 0.0379239544
v -0.0379240438 0.0438079983 0.0451969616
v -0.0377960429 0.0438489988 0.0450429618
v -0.0379240438 0.0438079983 0.0451969616
v -0.0294000506 0.0422739983 0.0509219691
v -0.0294000506 0.0422739983 0.0509219691
v -0.0379240438 0.0438079983 0.0451969616
v -0.0295000505 0.042227 0.05109597
v -0.0294000506 0.0422739983 0.0509219691
v -0.0295000505 0.042227 0.05109597
v -0.020111056 0.0411129966 0.0552539825
v -0.020111056 0.0411129966 0.0552539825
v -0.0295000505 0.042227 0.05109597
v -0.0201790556 0.0410619974 0.055441983
v -0.020111056 0.0411129966 0.0552539825
v -0.0201790556 0.0410619974 0.055441983
v -0.010211058 0.0404019952 0.057906989
v -0.010211058 0.0404019952 0.057906989
v -0.0201790556 0.0410619974 0.055441983
v -0.0102450578 0.0403489992 0.0581039898
v -0.010211058 0.0404019952 0.057906989
v -0.0102450578 0.0403489992 0.0581039898
v -5.88000013e-08 0.0401629955 0.0588000007
v -0.0102450578 -0.0632999986 0.0581039898
v -0.010211058 -0.0632999986 0.057906989
v -5.90000013e-08 -0.0632999986 0.0590000004
v -5.90000013e-08 -0.0632999986 0.0590000004
v -0.010211058 -0.0632999986 0.057906989
v -5.88000013e-08 -0.0632999986 0.0588000007
v -5.90000013e-08 -0.0632999986 0.0590000004
v -5.88000013e-08 -0.0632999986 0.0588000007
v 0.0102449423 -0.0632999986 0.0581040122
v 0.0102449423 -0.0632999986 0.0581040122
v -5.88000013e-08 -0.0632999986 0.0588000007
v 0.0102109425 -0.0632999986 0.0579070114
v 0.0102449423 -0.0632999986 0.0581040122
v 0.0102109425 -0.0632999986 0.0579070114
v 0.0201109443 -0.0632999986 0.0552540198
v -0.010211058 -0.0632999986 0.057906989
v -0.0102450578 -0.0632999986 0.0581039898
v -0.020111056 -0.0632999986 0.0552539825
v -0.020111056 -0.0632999986 0.0552539825
v -0.0102450578 -0.0632999986 0.0581039898
v -0.0201790556 -0.0632999986 0.055441983
v -0.020111056 -0.0632999986 0.0552539825
v -0.0201790556 -0.0632999986 0.055441983
v -0.0294000506 -0.0632999986 0.0509219691
v -0.0294000506 -0.0632999986 0.0509219691
v -0.0201790556 -0.0632999986 0.055441983
v -0.0295000505 -0.0632999986 0.05109597
v -0.0294000506 -0.0632999986 0.0509219691
v -0.0295000505 -0.0632999986 0.05109597
v -0.0377960429 -0.0632999986 0.0450429618
v -0.0377960429 -0.0632999986 0.0450429618
v -0.0295000505 -0.0632999986 0.05109597
v -0.0379240438 -0.0632999986 0.0451969616
v -0.0377960429 -0.0632999986 0.0450429618
v -0.0379240438 -0.0632999986 0.0451969616
v -0.0450430363 -0.0632999986 0.0377959535
v -0.0450430363 -0.0632999986 0.0377959535
v -0.0379240438 -0.0632999986 0.0451969616
v -0.0451970361 -0.0632999986 0.0379239544
v -0.0450430363 -0.0632999986 0.0377959535
v -0.0451970361 -0.0632999986 0.0379239544
v -0.0509220287 -0.0632999986 0.0293999501
v -0.0509220287 -0.0632999986 0.0293999501
v -0.0451970361 -0.0632999986 0.0379239544
v -0.0510960296 -0.0632999986 0.0294999499
v -0.0509220287 -0.0632999986 0.0293999501
v -0.0510960296 -0.0632999986 0.0294999499
v -0.0552540198 -0.0632999986 0.0201109443
v -0.0552540198 -0.0632999986 0.0201109443
v -0.0510960296 -0.0632999986 0.0294999499
v -0.0554420203 -0.0632999986 0.0201789439
v -0.0552540198 -0.0632999986 0.0201109443
v -0.0554420203 -0.0632999986 0.0201789439
v -0.0579070114 -0.0632999986 0.0102109425
v -0.0579070114 -0.0632999986 0.0102109425
v -0.0554420203 -0.0632999986 0.0201789439
v -0.0581040122 -0.0632999986 0.0102449423
v -0.0579070114 -0.0632999986 0.0102109425
v -0.0581040122 -0.0632999986 0.0102449423
v -0.0588000007 -0.0632999986 -5.88000013e-08
v -0.0588000007 -0.0632999986 -5.88000013e-08
v -0.0581040122 -0.0632999986 0.0102449423
v -0.0590000004 -0.0632999986 -5.90000013e-08
v -0.0588000007 -0.0632999986 -5.88000013e-08
v -0.0590000004 -0.0632999986 -5.90000013e-08
v -0.0581039898 -0.0632999986 -0.0102450578
v -0.0588000007 -0.0632999986 -5.88000013e-08
v -0.0581039898 -0.0632999986 -0.0102450578
v -0.057906989 -0.0632999986 -0.010211058
v -0.057906989 -0.0632999986 -0.010211058
v -0.0581039898 -0.0632999986 -0.0102450578
v -0.055441983 -0.0632999986 -0.0201790556
v -0.057906989 -0.0632999986 -0.010211058
v -0.055441983 -0.0632999986 -0.0201790556
v -0.0552539825 -0.0632999986 -0.020111056
v -0.0552539825 -0.0632999986 -0.020111056
v -0.055441983 -0.0632999986 -0.0201790556
v -0.05109597 -0.0632999986 -0.0295000505
v -0.0552539825 -0.0632999986 -0.020111056
v -0.05109597 -0.0632999986 -0.0295000505
v -0.0509219691 -0.0632999986 -0.0294000506
v -0.0509219691 -0.0632999986 -0.0294000506
v -0.05109597 -0.0632999986 -0.0295000505
v -0.0451969616 -0.0632999986 -0.0379240438
v -0.0509219691 -0.0632999986 -0.0294000506
v -0.0451969616 -0.0632999986 -0.0379240438
v -0.0450429618 -0.0632999986 -0.0377960429
v -0.0450429618 -0.0632999986 -0.0377960429
v -0.0451969616 -0.0632999986 -0.0379240438
v -0.0379239544 -0.0632999986 -0.0451970361
v -0.0450429618 -0.0632999986 -0.0377960429
v -0.0379239544 -0.0632999986 -0.0451970361
v -0.0377959535 -0.0632999986 -0.0450430363
v -0.0377959535 -0.0632999986 -0.0450430363
v -0.0379239544 -0.0632999986 -0.0451970361
v -0.0294999499 -0.0632999986 -0.0510960296
v -0.0377959535 -0.0632999986 -0.0450430363
v -0.0294999499 -0.0632999986 -0.0510960296
v -0.0293999501 -0.0632999986 -0.0509220287
v -0.0293999501 -0.0632999986 -0.0509220287
v -0.0294999499 -0.0632999986 -0.0510960296
v -0.0201789439 -0.0632999986 -0.0554420203
v -0.0293999501 -0.0632999986 -0.0509220287
v -0.0201789439 -0.0632999986 -0.0554420203
v -0.0201109443 -0.0632999986 -0.0552540198
v -0.0201109443 -0.0632999986 -0.0552540198
v -0.0201789439 -0.0632999986 -0.0554420203
v -0.0102449423 -0.0632999986 -0.0581040122
v -0.0201109443 -0.0632999986 -0.0552540198
v -0.0102449423 -0.0632999986 -0.0581040122
v -0.0102109425 -0.0632999986 -0.0579070114
v -0.0102109425 -0.0632999986 -0.0579070114
v -0.0102449423 -0.0632999986 -0.0581040122
v 5.90000013e-08 -0.0632999986 -0.0590000004
v -0.0102109425 -0.0632999986 -0.0579070114
v 5.90000013e-08 -0.0632999986 -0.0590000004
v 5.88000013e-08 -0.0632999986 -0.0588000007
v 5.88000013e-08 -0.0632999986 -0.0588000007
v 5.90000013e-08 -0.0632999986 -0.0590000004
v 0.010211058 -0.0632999986 -0.057906989
v 0.010211058 -0.0632999986 -0.057906989
v 5.90000013e-08 -0.0632999986 -0.0590000004
v 0.0102450578 -0.0632999986 -0.0581039898
v 0.010211058 -0.0632999986 -0.057906989
v 0.0102450578 -0.0632999986 -0.0581039898
v 0.020111056 -0.0632999986 -0.0552539825
v 0.020111056 -0.0632999986 -0.0552539825
v 0.0102450578 -0.0632999986 -0.0581039898
v 0.0201790556 -0.0632999986 -0.055441983
v 0.020111056 -0.0632999986 -0.0552539825
v 0.0201790556 -0.0632999986 -0.055441983
v 0.0294000506 -0.0632999986 -0.0509219691
v 0.0294000506 -0.0632999986 -0.0509219691
v 0.0201790556 -0.0632999986 -0.055441983
v 0.0295000505 -0.0632999986 -0.05109597
v 0.0294000506 -0.0632999986 -0.0509219691
v 0.0295000505 -0.0632999986 -0.05109597
v 0.0377960429 -0.0632999986 -0.0450429618
v 0.0377960429 -0.0632999986 -0.0450429618
v 0.0295000505 -0.0632999986 -0.05109597
v 0.0379240438 -0.0632999986 -0.0451969616
v 0.0377960429 -0.0632999986 -0.0450429618
v 0.0379240438 -0.0632999986 -0.0451969616
v 0.0450430363 -0.0632999986 -0.0377959535
v 0.0450430363 -0.0632999986 -0.0377959535
v 0.0379240438 -0.0632999986 -0.0451969616
v 0.0451970361 -0.0632999986 -0.0379239544
v 0.0450430363 -0.0632999986 -0.0377959535
v 0.0451970361 -0.0632999986 -0.0379239544
v 0.0509220287 -0.0632999986 -0.0293999501
v 0.0509220287 -0.0632999986 -0.0293999501
v 0.0451970361 -0.0632999986 -0.0379239544
v 0.0510960296 -0.0632999986 -0.0294999499
v 0.0509220287 -0.0632999986 -0.0293999501
v 0.0510960296 -0.0632999986 -0.0294999499
v 0.0552540198 -0.0632999986 -0.0201109443
v 0.0552540198 -0.0632999986 -0.0201109443
v 0.0510960296 -0.0632999986 -0.0294999499
v 0.0554420203 -0.0632999986 -0.0201789439
v 0.0552540198 -0.0632999986 -0.0201109443
v 0.0554420203 -0.0632999986 -0.0201789439
v 0.0579070114 -0.0632999986 -0.0102109425
v 0.0579070114 -0.0632999986 -0.0102109425
v 0.0554420203 -0.0632999986 -0.0201789439
v 0.0581040122 -0.0632999986 -0.0102449423
v 0.0579070114 -0.0632999986 -0.0102109425
v 0.0581040122 -0.0632999986 -0.0102449423
v 0.0588000007 -0.0632999986 5.88000013e-08
v 0.0588000007 -0.0632999986 5.88000013e-08
v 0.0581040122 -0.0632999986 -0.0102449423
v 0.0590000004 -0.0632999986 5.90000013e-08
v 0.0588000007 -0.0632999986 5.88000013e-08
v 0.0590000004 -0.0632999986 5.90000013e-08
v 0.0581039898 -0.0632999986 0.0102450578
v 0.0588000007 -0.0632999986 5.88000013e-08
v 0.0581039898 -0.0632999986 0.0102450578
v 0.057906989 -0.0632999986 0.010211058
v 0.057906989 -0.0632999986 0.010211058
v 0.0581039898 -0.0632999986 0.0102450578
v 0.055441983 -0.0632999986 0.0201790556
v 0.057906989 -0.0632999986 0.010211058
v 0.055441983 -0.0632999986 0.0201790556
v 0.0552539825 -0.0632999986 0.020111056
v 0.0552539825 -0.0632999986 0.020111056
v 0.055441983 -0.0632999986 0.0201790556
v 0.05109597 -0.0632999986 0.0295000505
v 0.0552539825 -0.0632999986 0.020111056
v 0.05109597 -0.0632999986 0.0295000505
v 0.0509219691 -0.0632999986 0.0294000506
v 0.0509219691 -0.0632999986 0.0294000506
v 0.05109597 -0.0632999986 0.0295000505
v 0.0451969616 -0.0632999986 0.0379240438
v 0.0509219691 -0.0632999986 0.0294000506
v 0.0451969616 -0.0632999986 0.0379240438
v 0.0450429618 -0.0632999986 0.0377960429
v 0.0450429618 -0.0632999986 0.0377960429
v 0.0451969616 -0.0632999986 0.0379240438
v 0.0379239544 -0.0632999986 0.0451970361
v 0.0450429618 -0.0632999986 0.0377960429
v 0.0379239544 -0.0632999986 0.0451970361
v 0.0377959535 -0.0632999986 0.0450430363
v 0.0377959535 -0.0632999986 0.0450430363
v 0.0379239544 -0.0632999986 0.0451970361
v 0.0294999499 -0.0632999986 0.0510960296
v 0.0377959535 -0.0632999986 0.0450430363
v 0.0294999499 -0.0632999986 0.0510960296
v 0.0293999501 -0.0632999986 0.0509220287
v 0.0293999501 -0.0632999986 0.0509220287
v 0.0294999499 -0.0632999986 0.0510960296
v 0.0201789439 -0.0632999986 0.0554420203
v 0.0293999501 -0.0632999986 0.0509220287
v 0.0201789439 -0.0632999986 0.0554420203
v 0.0201109443 -0.0632999986 0.0552540198
v 0.0201109443 -0.0632999986 0.0552540198
v 0.0201789439 -0.0632999986 0.0554420203
v 0.0102449423 -0.0632999986 0.0581040122

# 1077 UV coordinates
vt -0.157079995 0 0
vt -0 0 0
vt -0.174532995 0.514643013 0
vt -0 1.00069404 0
vt -0.174532995 1.54392803 0
vt -0 2.00138807 0
vt -0.174532995 2.5732131 0
vt -0 3.00208211 0
vt -0.174532995 3.60249805 0
vt -0 4.00277519 0
vt -0.174532995 4.63178301 0
vt -0 5.00346899 0
vt -0.174532995 5.66106796 0
vt -0 6.00416279 0
vt -0.174532995 6.69035292 0
vt -0 7.00485706 0
vt -0.174532995 7.71963787 0
vt -0 8.00555038 0
vt -0.174532995 8.7489233 0
vt -0 9.00624466 0
vt -0.174532995 9.77820873 0
vt -0 10.006938 0
vt -0.174532995 10.8074932 0
vt -0 11.0076323 0
vt -0.174532995 11.8367786 0
vt -0 12.0083265 0
vt -0.174532995 12.8660641 0
vt -0 13.0090199 0
vt -0.174532995 13.8953495 0
vt -0 14.0097141 0
vt -0.174532995 14.924634 0
vt -0 15.0104074 0
vt -0.174532995 15.9539194 0
vt -0 16.0111008 0
vt -0.174532995 16.9832039 0
vt -0 17.011795 0
vt -0.157079995 18.0124893 0
vt -0 18.0124893 0
vt -0.314159006 18.0124893 0
vt -0.349065989 16.9832039 0
vt -0.349065989 15.9539194 0
vt -0.349065989 14.924634 0
vt -0.349065989 13.8953495 0
vt -0.349065989 12.8660641 0
vt -0.349065989 11.8367786 0
vt -0.349065989 10.8074932 0
vt -0.349065989 9.77820873 0
vt -0.349065989 8.7489233 0
vt -0.349065989 7.71963787 0
vt -0.349065989 6.69035292 0
vt -0.349065989 5.66106796 0
vt -0.349065989 4.63178301 0
vt -0.349065989 3.60249805 0
vt -0.349065989 2.5732131 0
vt -0.349065989 1.54392803 0
vt -0.349065989 0.514643013 0
vt -0.314159006 0 0
vt -0.471239001 0 0
vt -0.523599029 0.514643013 0
vt -0.628319025 0 0
vt -0.698131979 0.514643013 0
vt -0.785398006 0 0
vt -0.785398006 1.05955803 0
vt -0.698131979 1.54392803 0
vt -0.785398006 2.11911607 0
vt -0.698131979 2.5732131 0
vt -0.785398006 3.17867398 0
vt -0.698131979 3.60249805 0
vt -0.785398006 4.23823309 0
vt -0.698131979 4.63178301 0
vt -0.785398006 5.297791 0
vt -0.698131979 5.66106796 0
vt -0.785398006 6.35734892 0
vt -0.698131979 6.69035292 0
vt -0.785398006 7.41690683 0
vt -0.698131979 7.71963787 0
vt -0.785398006 8.47646523 0
vt -0.698131979 8.7489233 0
vt -0.785398006 9.53602409 0
vt -0.698131979 9.77820873 0
vt -0.785398006 10.595582 0
vt -0.698131979 10.8074932 0
vt -0.785398006 11.6551399 0
vt -0.698131979 11.8367786 0
vt -0.785398006 12.7146978 0
vt -0.698131979 12.8660641 0
vt -0.785398006 13.7742567 0
vt -0.698131979 13.8953495 0
vt -0.785398006 14.8338146 0
vt -0.698131979 14.924634 0
vt -0.785398006 15.8933735 0
vt -0.698131979 15.9539194 0
vt -0.785398006 16.9529305 0
vt -0.698131979 16.9832039 0
vt -0.785398006 18.0124893 0
vt -0.628319025 18.0124893 0
vt -0.523599029 16.9832039 0
vt -0.471239001 18.0124893 0
vt -0.523599029 1.54392803 0
vt -0.523599029 2.5732131 0
vt -0.523599029 3.60249805 0
vt -0.523599029 4.63178301 0
vt -0.523599029 5.66106796 0
vt -0.523599029 6.69035292 0
vt -0.523599029 7.71963787 0
vt -0.523599029 8.7489233 0
vt -0.523599029 9.77820873 0
vt -0.523599029 10.8074932 0
vt -0.523599029 11.8367786 0
vt -0.523599029 12.8660641 0
vt -0.523599029 13.8953495 0
vt -0.523599029 14.924634 0
vt -0.523599029 15.9539194 0
vt -0 0.977383971 0
vt -0.720000029 0 0
vt -0.720000029 0.977383971 0
vt -0 1.95476902 0
vt -0.720000029 1.95476902 0
vt -0 2.93215299 0
vt -0.720000029 2.93215299 0
vt -0 3.90953803 0
vt -0.720000029 3.90953803 0
vt -0 4.88692188 0
vt -0.720000029 4.88692188 0
vt -0 5.86430597 0
vt -0.720000029 5.86430597 0
vt -0 6.84169102 0
vt -0.720000029 6.84169102 0
vt -0 7.81907511 0
vt -0.720000029 7.81907511 0
vt -0 8.7964592 0
vt -0.720000029 8.7964592 0
vt -0 9.77384377 0
vt -0.720000029 9.77384377 0
vt -0 10.7512283 0
vt -0.720000029 10.7512283 0
vt -0 11.7286129 0
vt -0.720000029 11.7286129 0
vt -0 12.7059975 0
vt -0.720000029 12.7059975 0
vt -0 13.6833811 0
vt -0.720000029 13.6833811 0
vt -0 14.6607656 0
vt -0.720000029 14.6607656 0
vt -0 15.6381502 0
vt -0.720000029 15.6381502 0
vt -0 16.6155338 0
vt -0.720000029 16.6155338 0
vt -0.720000029 17.5929184 0
vt -0 17.5929184 0
vt -0 1.02625406 0
vt -0.800000012 0 0
vt -0.800000012 1.02625406 0
vt -0 2.05250692 0
vt -0.800000012 2.05250692 0
vt -0 3.0787611 0
vt -0.800000012 3.0787611 0
vt -0 4.10501385 0
vt -0.800000012 4.10501385 0
vt -0 5.13126802 0
vt -0.800000012 5.13126802 0
vt -0 6.1575222 0
vt -0.800000012 6.1575222 0
vt -0 7.18377495 0
vt -0.800000012 7.18377495 0
vt -0 8.21002865 0
vt -0.800000012 8.21002865 0
vt -0 9.23628235 0
vt -0.800000012 9.23628235 0
vt -0 10.262536 0
vt -0.800000012 10.262536 0
vt -0 11.2887897 0
vt -0.800000012 11.2887897 0
vt -0 12.3150434 0
vt -0.800000012 12.3150434 0
vt -0 13.3412971 0
vt -0.800000012 13.3412971 0
vt -0 14.3675508 0
vt -0.800000012 14.3675508 0
vt -0 15.3938036 0
vt -0.800000012 15.3938036 0
vt -0 16.4200573 0
vt -0.800000012 16.4200573 0
vt -0 17.446312 0
vt -0.800000012 17.446312 0
vt -0.800000012 18.4725647 0
vt -0 18.4725647 0
vt -19.8476372 0 0
vt -19.3349876 0 0
vt -19.8476372 1.02625406 0
vt -19.3110504 1.02625406 0
vt -19.8476372 2.05250692 0
vt -19.2399712 2.05250692 0
vt -19.8476372 3.0787611 0
vt -19.1239052 3.0787611 0
vt -19.8476372 4.10501385 0
vt -18.9663811 4.10501385 0
vt -19.8476372 5.13126802 0
vt -18.7721844 5.13126802 0
vt -19.8476372 6.1575222 0
vt -18.5472164 6.1575222 0
vt -19.8476372 7.18377495 0
vt -18.2983131 7.18377495 0
vt -19.8476372 8.21002865 0
vt -18.0330353 8.21002865 0
vt -19.8476372 9.23628235 0
vt -17.7594452 9.23628235 0
vt -19.8476372 10.262536 0
vt -17.4858551 10.262536 0
vt -19.8476372 11.2887897 0
vt -17.2205791 11.2887897 0
vt -19.8476372 12.3150434 0
vt -16.9716759 12.3150434 0
vt -19.8476372 13.3412971 0
vt -16.7467079 13.3412971 0
vt -19.8476372 14.3675508 0
vt -16.5525112 14.3675508 0
vt -19.8476372 15.3938036 0
vt -16.3949871 15.3938036 0
vt -19.8476372 16.4200573 0
vt -16.2789211 16.4200573 0
vt -19.8476372 17.446312 0
vt -16.20784 17.446312 0
vt -19.8476372 18.4725647 0
vt -16.1839046 18.4725647 0
vt -16.1839046 -18.4725647 0
vt -16.20784 -17.446312 0
vt -19.8476372 -18.4725647 0
vt -19.8476372 -17.446312 0
vt -16.2789211 -16.4200573 0
vt -19.8476372 -16.4200573 0
vt -16.3949871 -15.3938036 0
vt -19.8476372 -15.3938036 0
vt -16.5525112 -14.3675508 0
vt -19.8476372 -14.3675508 0
vt -16.7467079 -13.3412971 0
vt -19.8476372 -13.3412971 0
vt -16.9716759 -12.3150434 0
vt -19.8476372 -12.3150434 0
vt -17.2205791 -11.2887897 0
vt -19.8476372 -11.2887897 0
vt -17.4858551 -10.262536 0
vt -19.8476372 -10.262536 0
vt -17.7594452 -9.23628235 0
vt -19.8476372 -9.23628235 0
vt -18.0330353 -8.21002865 0
vt -19.8476372 -8.21002865 0
vt -18.2983131 -7.18377495 0
vt -19.8476372 -7.18377495 0
vt -18.5472164 -6.1575222 0
vt -19.8476372 -6.1575222 0
vt -18.7721844 -5.13126802 0
vt -19.8476372 -5.13126802 0
vt -18.9663811 -4.10501385 0
vt -19.8476372 -4.10501385 0
vt -19.1239052 -3.0787611 0
vt -19.8476372 -3.0787611 0
vt -19.2399712 -2.05250692 0
vt -19.8476372 -2.05250692 0
vt -19.3110504 -1.02625406 0
vt -19.8476372 -1.02625406 0
vt 0 -5.38000011 0
vt 0.988572001 -5.28839493 0
vt -0.988572001 -5.28839493 0
vt -1.94348001 -5.01670122 0
vt 1.94348001 -5.01670122 0
vt -2.83220506 -4.57416821 0
vt 2.83220506 -4.57416821 0
vt -3.62448311 -3.97586799 0
vt 3.62448311 -3.97586799 0
vt -4.29333305 -3.24217391 0
vt -4.815979 -2.398072 0
vt -5.17462206 -1.47230697 0
vt -5.35704994 -0.496403992 0
vt -5.35704994 0.496403992 0
vt -5.17462206 1.47230697 0
vt -4.815979 2.398072 0
vt -4.29333305 3.24217391 0
vt -3.62448311 3.97586799 0
vt -2.83220506 4.57416821 0
vt 4.29333305 -3.24217391 0
vt -1.94348001 5.01670122 0
vt -0.988572001 5.28839493 0
vt 0 5.38000011 0
vt 0.988572001 5.28839493 0
vt 1.94348001 5.01670122 0
vt 2.83220506 4.57416821 0
vt 3.62448311 3.97586799 0
vt 4.29333305 3.24217391 0
vt 4.815979 -2.398072 0
vt 4.815979 2.398072 0
vt 5.17462206 -1.47230697 0
vt 5.17462206 1.47230697 0
vt 5.35704994 -0.496403992 0
vt 5.35704994 0.496403992 0
vt -0.800000012 -18.4725647 0
vt -0 -18.4725647 0
vt -0.800000012 -17.446312 0
vt -0 -17.446312 0
vt -0 -16.4200573 0
vt -0.800000012 -16.4200573 0
vt -0 -15.3938036 0
vt -0.800000012 -15.3938036 0
vt -0 -14.3675508 0
vt -0.800000012 -14.3675508 0
vt -0 -13.3412971 0
vt -0.800000012 -13.3412971 0
vt -0 -12.3150434 0
vt -0.800000012 -12.3150434 0
vt -0 -11.2887897 0
vt -0.800000012 -11.2887897 0
vt -0 -10.262536 0
vt -0.800000012 -10.262536 0
vt 0 -9.23628235 0
vt -0.800000012 -9.23628235 0
vt 0 -8.21002865 0
vt -0.800000012 -8.21002865 0
vt 0 -7.18377495 0
vt -0.800000012 -7.18377495 0
vt -0 -6.1575222 0
vt -0.800000012 -6.1575222 0
vt 0 -5.13126802 0
vt -0.800000012 -5.13126802 0
vt -0 -4.10501385 0
vt -0.800000012 -4.10501385 0
vt 0 -3.0787611 0
vt -0.800000012 -3.0787611 0
vt 0 -2.05250692 0
vt -0.800000012 -2.05250692 0
vt 0 -1.02625406 0
vt -0.800000012 -1.02625406 0
vt -0 5.5999999 0
vt -0.972429991 5.51492405 0
vt 0.972429991 5.51492405 0
vt 1.91531301 5.26227903 0
vt -1.91531301 5.26227903 0
vt 2.79999995 4.84974194 0
vt -2.79999995 4.84974194 0
vt 3.59961104 4.2898488 0
vt -3.59961104 4.2898488 0
vt 4.2898488 3.59961104 0
vt -4.2898488 3.59961104 0
vt 4.84974194 2.79999995 0
vt -4.84974194 2.79999995 0
vt 5.26227903 1.91531301 0
vt -5.26227903 1.91531301 0
vt 5.51492405 0.972429991 0
vt -5.51492405 0.972429991 0
vt 5.5999999 0 0
vt -5.5999999 0 0
vt 5.51492405 -0.972429991 0
vt -5.51492405 -0.972429991 0
vt 5.26227903 -1.91531301 0
vt -5.26227903 -1.91531301 0
vt 4.84974194 -2.79999995 0
vt -4.84974194 -2.79999995 0
vt 4.2898488 -3.59961104 0
vt -4.2898488 -3.59961104 0
vt 3.59961104 -4.2898488 0
vt -3.59961104 -4.2898488 0
vt 2.79999995 -4.84974194 0
vt -2.79999995 -4.84974194 0
vt 1.91531301 -5.26227903 0
vt -1.91531301 -5.26227903 0
vt 0.972429991 -5.51492405 0
vt -0.972429991 -5.51492405 0
vt -0 -5.5999999 0
vt -0.720000029 -17.5929184 0
vt -0 -17.5929184 0
vt -0.720000029 -16.6155338 0
vt -0 -16.6155338 0
vt -0 -15.6381502 0
vt -0.720000029 -15.6381502 0
vt -0 -14.6607656 0
vt -0.720000029 -14.6607656 0
vt -0 -13.6833811 0
vt -0.720000029 -13.6833811 0
vt -0 -12.7059975 0
vt -0.720000029 -12.7059975 0
vt -0 -11.7286129 0
vt -0.720000029 -11.7286129 0
vt -0 -10.7512283 0
vt -0.720000029 -10.7512283 0
vt -0 -9.77384377 0
vt -0.720000029 -9.77384377 0
vt 0 -8.7964592 0
vt -0.720000029 -8.7964592 0
vt 0 -7.81907511 0
vt -0.720000029 -7.81907511 0
vt 0 -6.84169102 0
vt -0.720000029 -6.84169102 0
vt 0 -5.86430597 0
vt -0.720000029 -5.86430597 0
vt 0 -4.88692188 0
vt -0.720000029 -4.88692188 0
vt 0 -3.90953803 0
vt -0.720000029 -3.90953803 0
vt 0 -2.93215299 0
vt -0.720000029 -2.93215299 0
vt 0 -1.95476902 0
vt -0.720000029 -1.95476902 0
vt 0 -0.977383971 0
vt -0.720000029 -0.977383971 0
vt 6.29066896 1.02105105 0
vt 6.01492405 0.972429991 0
vt 6.38000011 0 0
vt 6.0999999 0 0
vt 6.29066896 -1.02105105 0
vt 6.01492405 -0.972429991 0
vt 5.76227903 -1.91531301 0
vt 5.76227903 1.91531301 0
vt 6.02539301 2.01107788 0
vt 5.34974194 2.79999995 0
vt 5.59222889 2.94000006 0
vt 4.7898488 3.59961104 0
vt 5.00434113 3.77959108 0
vt 4.09961081 4.2898488 0
vt 4.27959108 4.50434113 0
vt 3.29999995 4.84974194 0
vt 3.44000006 5.09222889 0
vt 2.41531301 5.26227903 0
vt 2.51107788 5.52539301 0
vt 1.47242999 5.51492405 0
vt 1.52105093 5.79066896 0
vt 0.5 5.5999999 0
vt 0.5 5.88000011 0
vt -0.52105099 5.79066896 0
vt -0.472429991 5.51492405 0
vt -1.511078 5.52539301 0
vt -1.41531301 5.26227903 0
vt -2.44000006 5.09222889 0
vt -2.29999995 4.84974194 0
vt -3.27959108 4.50434113 0
vt -3.09961104 4.2898488 0
vt -4.00434113 3.77959108 0
vt -3.78984904 3.59961104 0
vt -4.59222889 2.94000006 0
vt -4.34974194 2.79999995 0
vt -5.02539301 2.01107788 0
vt -4.76227903 1.91531301 0
vt -5.29066896 1.02105105 0
vt -5.01492405 0.972429991 0
vt -5.38000011 0 0
vt -5.0999999 0 0
vt -5.01492405 -0.972429991 0
vt -5.29066896 -1.02105105 0
vt -4.76227903 -1.91531301 0
vt -5.02539301 -2.01107788 0
vt -4.34974194 -2.79999995 0
vt -4.59222889 -2.94000006 0
vt -3.78984904 -3.59961104 0
vt -4.00434113 -3.77959108 0
vt -3.09961104 -4.2898488 0
vt -3.27959108 -4.50434113 0
vt -2.29999995 -4.84974194 0
vt -2.44000006 -5.09222889 0
vt -1.41531301 -5.26227903 0
vt -1.511078 -5.52539301 0
vt -0.472429991 -5.51492405 0
vt -0.52105099 -5.79066896 0
vt 0.5 -5.5999999 0
vt 0.5 -5.88000011 0
vt 1.52105093 -5.79066896 0
vt 1.47242999 -5.51492405 0
vt 2.51107788 -5.52539301 0
vt 2.41531301 -5.26227903 0
vt 3.44000006 -5.09222889 0
vt 3.29999995 -4.84974194 0
vt 4.27959108 -4.50434113 0
vt 4.09961081 -4.2898488 0
vt 5.00434113 -3.77959108 0
vt 4.7898488 -3.59961104 0
vt 5.59222889 -2.94000006 0
vt 5.34974194 -2.79999995 0
vt 6.02539301 -2.01107788 0
vt -0.785398006 -16.9529305 0
vt -0.785398006 -18.0124893 0
vt -0.698131979 -16.9832039 0
vt -0.628319025 -18.0124893 0
vt -0.523599029 -16.9832039 0
vt -0.471239001 -18.0124893 0
vt -0.349065989 -16.9832039 0
vt -0.314159006 -18.0124893 0
vt -0.174532995 -16.9832039 0
vt -0.157079995 -18.0124893 0
vt -0 -17.011795 0
vt -0 -18.0124893 0
vt -0 -16.0111008 0
vt -0.174532995 -15.9539194 0
vt -0.349065989 -15.9539194 0
vt -0.349065989 -14.924634 0
vt -0.523599029 -14.924634 0
vt -0.523599029 -13.8953495 0
vt -0.698131979 -13.8953495 0
vt -0.698131979 -12.8660641 0
vt -0.785398006 -13.7742567 0
vt -0.785398006 -12.7146978 0
vt -0.698131979 -11.8367786 0
vt -0.785398006 -11.6551399 0
vt -0.698131979 -10.8074932 0
vt -0.785398006 -10.595582 0
vt -0.698131979 -9.77820873 0
vt -0.785398006 -9.53602409 0
vt -0.698131979 -8.7489233 0
vt -0.785398006 -8.47646523 0
vt -0.698131979 -7.71963787 0
vt -0.785398006 -7.41690683 0
vt -0.698131979 -6.69035292 0
vt -0.785398006 -6.35734892 0
vt -0.698131979 -5.66106796 0
vt -0.785398006 -5.297791 0
vt -0.698131979 -4.63178301 0
vt -0.785398006 -4.23823309 0
vt -0.698131979 -3.60249805 0
vt -0.785398006 -3.17867398 0
vt -0.698131979 -2.5732131 0
vt -0.785398006 -2.11911607 0
vt -0.698131979 -1.54392803 0
vt -0.785398006 -1.05955803 0
vt -0.698131979 -0.514643013 0
vt -0.523599029 -0.514643013 0
vt -0.349065989 -0.514643013 0
vt -0.174532995 -0.514643013 0
vt -0 -1.00069404 0
vt -0.174532995 -1.54392803 0
vt -0 -2.00138807 0
vt -0.174532995 -2.5732131 0
vt -0 -3.00208211 0
vt -0.174532995 -3.60249805 0
vt -0 -4.00277519 0
vt -0.174532995 -4.63178301 0
vt -0 -5.00346899 0
vt -0.174532995 -5.66106796 0
vt -0 -6.00416279 0
vt -0.174532995 -6.69035292 0
vt -0 -7.00485706 0
vt -0.174532995 -7.71963787 0
vt -0 -8.00555038 0
vt -0.174532995 -8.7489233 0
vt -0 -9.00624466 0
vt -0.174532995 -9.77820873 0
vt -0 -10.006938 0
vt -0.174532995 -10.8074932 0
vt -0 -11.0076323 0
vt -0.174532995 -11.8367786 0
vt -0 -12.0083265 0
vt -0.174532995 -12.8660641 0
vt -0 -13.0090199 0
vt -0.174532995 -13.8953495 0
vt -0 -14.0097141 0
vt -0.174532995 -14.924634 0
vt -0 -15.0104074 0
vt -0.785398006 -14.8338146 0
vt -0.698131979 -14.924634 0
vt -0.523599029 -15.9539194 0
vt -0.785398006 -15.8933735 0
vt -0.698131979 -15.9539194 0
vt -0.349065989 -13.8953495 0
vt -0.523599029 -12.8660641 0
vt -0.349065989 -12.8660641 0
vt -0.523599029 -11.8367786 0
vt -0.349065989 -11.8367786 0
vt -0.523599029 -10.8074932 0
vt -0.349065989 -10.8074932 0
vt -0.523599029 -9.77820873 0
vt -0.349065989 -9.77820873 0
vt -0.523599029 -8.7489233 0
vt -0.349065989 -8.7489233 0
vt -0.523599029 -7.71963787 0
vt -0.349065989 -7.71963787 0
vt -0.523599029 -6.69035292 0
vt -0.349065989 -6.69035292 0
vt -0.523599029 -5.66106796 0
vt -0.349065989 -5.66106796 0
vt -0.523599029 -4.63178301 0
vt -0.349065989 -4.63178301 0
vt -0.523599029 -3.60249805 0
vt -0.349065989 -3.60249805 0
vt -0.523599029 -2.5732131 0
vt -0.349065989 -2.5732131 0
vt -0.523599029 -1.54392803 0
vt -0.349065989 -1.54392803 0
vt 22.0391922 0 0
vt 22.0391922 -0.977383971 0
vt 22.7391911 0 0
vt 22.7391911 -0.977383971 0
vt 22.0391922 -1.95476902 0
vt 22.7391911 -1.95476902 0
vt 22.0391922 -2.93215299 0
vt 22.7391911 -2.93215299 0
vt 22.0391922 -3.90953803 0
vt 22.7391911 -3.90953803 0
vt 22.0391922 -4.88692188 0
vt 22.7391911 -4.88692188 0
vt 22.0391922 -5.86430597 0
vt 22.7391911 -5.86430597 0
vt 22.0391922 -6.84169102 0
vt 22.7391911 -6.84169102 0
vt 22.0391922 -7.81907511 0
vt 22.7391911 -7.81907511 0
vt 22.0391922 -8.7964592 0
vt 22.7391911 -8.7964592 0
vt 22.0391922 -9.77384377 0
vt 22.7391911 -9.77384377 0
vt 22.0391922 -10.7512283 0
vt 22.7391911 -10.7512283 0
vt 22.0391922 -11.7286129 0
vt 22.7391911 -11.7286129 0
vt 22.0391922 -12.7059975 0
vt 22.7391911 -12.7059975 0
vt 22.0391922 -13.6833811 0
vt 22.7391911 -13.6833811 0
vt 22.0391922 -14.6607656 0
vt 22.7391911 -14.6607656 0
vt 22.0391922 -15.6381502 0
vt 22.7391911 -15.6381502 0
vt 22.0391922 -16.6155338 0
vt 22.7391911 -16.6155338 0
vt 22.7391911 -17.5929184 0
vt 22.0391922 -17.5929184 0
vt -6.9000001 0 0
vt -6.32169914 0.579231024 0
vt -0 1.02974403 0
vt -5.74896717 1.15846205 0
vt -5.18731976 1.73769307 0
vt -0 2.05948901 0
vt -4.64216805 2.31692505 0
vt -0 3.08923292 0
vt -4.11875916 2.89615607 0
vt -3.62213612 3.4753871 0
vt -0 4.11897707 0
vt -3.15707994 4.05461788 0
vt -2.72807002 4.63384914 0
vt -0 5.14872122 0
vt -2.33923793 5.21307993 0
vt -1.99432898 5.79231215 0
vt -0 6.17846489 0
vt -1.69666505 6.37154198 0
vt -1.44911098 6.95077419 0
vt -0 7.20820999 0
vt -1.25405204 7.53000498 0
vt -0 8.23795414 0
vt -1.11336696 8.10923576 0
vt -1.02840996 8.68846703 0
vt -0 9.26769829 0
vt -1 9.26769829 0
vt -1.02840996 9.84692955 0
vt -0 10.2974424 0
vt -1.11336696 10.4261608 0
vt -1.25405204 11.0053921 0
vt -0 11.3271866 0
vt -1.44911098 11.5846233 0
vt -0 12.3569307 0
vt -1.69666505 12.1638536 0
vt -1.99432898 12.7430849 0
vt -0 13.3866749 0
vt -2.33923793 13.3223162 0
vt -2.72807002 13.9015474 0
vt -0 14.41642 0
vt -3.15707994 14.4807787 0
vt -3.62213612 15.06001 0
vt -0 15.4461641 0
vt -4.11875916 15.6392412 0
vt -4.64216805 16.2184715 0
vt -0 16.4759083 0
vt -5.18731976 16.7977028 0
vt -0 17.5056515 0
vt -5.74896717 17.3769341 0
vt -6.32169914 17.9561653 0
vt -0 18.5353966 0
vt -6.9000001 18.5353966 0
vt -14.5100002 0 0
vt -4.16909122 0 0
vt -14.5100002 1.02974403 0
vt -4.14507294 1.02974403 0
vt -14.5100002 2.05948901 0
vt -4.07375097 2.05948901 0
vt -14.5100002 3.08923292 0
vt -3.95728993 3.08923292 0
vt -14.5100002 4.11897707 0
vt -3.7992301 4.11897707 0
vt -14.5100002 5.14872122 0
vt -3.60437298 5.14872122 0
vt -14.5100002 6.17846489 0
vt -3.37864113 6.17846489 0
vt -14.5100002 7.20820999 0
vt -3.12889004 7.20820999 0
vt -14.5100002 8.23795414 0
vt -2.86271095 8.23795414 0
vt -8.18000031 9.26769829 0
vt -2.58819103 9.26769829 0
vt -7.60169888 9.84692955 0
vt -2.31366992 10.2974424 0
vt -7.0289669 10.4261608 0
vt -6.46731997 11.0053921 0
vt -2.04749107 11.3271866 0
vt -5.92216778 11.5846233 0
vt -5.39875889 12.1638536 0
vt -1.79773998 12.3569307 0
vt -4.90213585 12.7430849 0
vt -1.57200694 13.3866749 0
vt -4.43707895 13.3223162 0
vt -4.00806999 13.9015474 0
vt -1.37715101 14.41642 0
vt -3.6192379 14.4807787 0
vt -3.27432895 15.06001 0
vt -1.21909094 15.4461641 0
vt -2.97666502 15.6392412 0
vt -2.72911096 16.2184715 0
vt -1.10263002 16.4759083 0
vt -2.5340519 16.7977028 0
vt -1.03130805 17.5056515 0
vt -2.39336705 17.3769341 0
vt -2.30840993 17.9561653 0
vt -1.00729001 18.5353966 0
vt -2.27999997 18.5353966 0
vt -14.5100002 9.26769829 0
vt -8.75830078 9.84692955 0
vt -14.5100002 10.2974424 0
vt -9.33103275 10.4261608 0
vt -9.89267921 11.0053921 0
vt -14.5100002 11.3271866 0
vt -10.4378319 11.5846233 0
vt -10.9612408 12.1638536 0
vt -14.5100002 12.3569307 0
vt -11.4578648 12.7430849 0
vt -14.5100002 13.3866749 0
vt -11.9229202 13.3223162 0
vt -12.3519297 13.9015474 0
vt -14.5100002 14.41642 0
vt -12.7407618 14.4807787 0
vt -13.0856705 15.06001 0
vt -14.5100002 15.4461641 0
vt -13.3833351 15.6392412 0
vt -13.6308889 16.2184715 0
vt -14.5100002 16.4759083 0
vt -13.8259478 16.7977028 0
vt -14.5100002 17.5056515 0
vt -13.9666328 17.3769341 0
vt -14.05159 17.9561653 0
vt -14.0799999 18.5353966 0
vt -14.5100002 18.5353966 0
vt -2.27999997 -18.5353966 0
vt -1.00729001 -18.5353966 0
vt -2.30840993 -17.9561653 0
vt -1.03130805 -17.5056515 0
vt -2.39336705 -17.3769341 0
vt -2.5340519 -16.7977028 0
vt -1.10263002 -16.4759083 0
vt -2.72911096 -16.2184715 0
vt -1.21909094 -15.4461641 0
vt -2.97666502 -15.6392412 0
vt -3.27432895 -15.06001 0
vt -1.37715101 -14.41642 0
vt -3.6192379 -14.4807787 0
vt -4.00806999 -13.9015474 0
vt -1.57200694 -13.3866749 0
vt -4.43707895 -13.3223162 0
vt -4.90213585 -12.7430849 0
vt -1.79773998 -12.3569307 0
vt -5.39875889 -12.1638536 0
vt -2.04749107 -11.3271866 0
vt -5.92216778 -11.5846233 0
vt -6.46731997 -11.0053921 0
vt -2.31366992 -10.2974424 0
vt -7.0289669 -10.4261608 0
vt -7.60169888 -9.84692955 0
vt -2.58819103 -9.26769829 0
vt -8.18000031 -9.26769829 0
vt -2.86271095 -8.23795414 0
vt -14.5100002 -8.23795414 0
vt -3.12889004 -7.20820999 0
vt -14.5100002 -7.20820999 0
vt -3.37864113 -6.17846489 0
vt -14.5100002 -6.17846489 0
vt -3.60437298 -5.14872122 0
vt -14.5100002 -5.14872122 0
vt -3.7992301 -4.11897707 0
vt -14.5100002 -4.11897707 0
vt -3.95728993 -3.08923292 0
vt -14.5100002 -3.08923292 0
vt -4.07375097 -2.05948901 0
vt -14.5100002 -2.05948901 0
vt -4.14507294 -1.02974403 0
vt -14.5100002 -1.02974403 0
vt -14.5100002 -9.26769829 0
vt -8.75830078 -9.84692955 0
vt -14.5100002 -10.2974424 0
vt -9.33103275 -10.4261608 0
vt -9.89267921 -11.0053921 0
vt -14.5100002 -11.3271866 0
vt -10.4378319 -11.5846233 0
vt -14.5100002 -12.3569307 0
vt -10.9612408 -12.1638536 0
vt -11.4578648 -12.7430849 0
vt -14.5100002 -13.3866749 0
vt -11.9229202 -13.3223162 0
vt -12.3519297 -13.9015474 0
vt -14.5100002 -14.41642 0
vt -12.7407618 -14.4807787 0
vt -13.0856705 -15.06001 0
vt -14.5100002 -15.4461641 0
vt -13.3833351 -15.6392412 0
vt -13.6308889 -16.2184715 0
vt -14.5100002 -16.4759083 0
vt -13.8259478 -16.7977028 0
vt -14.5100002 -17.5056515 0
vt -13.9666328 -17.3769341 0
vt -14.05159 -17.9561653 0
vt -14.5100002 -18.5353966 0
vt -14.0799999 -18.5353966 0
vt -6.9000001 -18.5353966 0
vt -0 -18.5353966 0
vt -6.32169914 -17.9561653 0
vt -0 -17.5056515 0
vt -5.74896717 -17.3769341 0
vt -5.18731976 -16.7977028 0
vt -0 -16.4759083 0
vt -4.64216805 -16.2184715 0
vt -0 -15.4461641 0
vt -4.11875916 -15.6392412 0
vt -3.62213612 -15.06001 0
vt -0 -14.41642 0
vt -3.15707994 -14.4807787 0
vt -2.72807002 -13.9015474 0
vt -0 -13.3866749 0
vt -2.33923793 -13.3223162 0
vt -1.99432898 -12.7430849 0
vt -0 -12.3569307 0
vt -1.69666505 -12.1638536 0
vt -1.44911098 -11.5846233 0
vt -0 -11.3271866 0
vt -1.25405204 -11.0053921 0
vt -0 -10.2974424 0
vt -1.11336696 -10.4261608 0
vt -1.02840996 -9.84692955 0
vt -0 -9.26769829 0
vt -1 -9.26769829 0
vt -1.02840996 -8.68846703 0
vt 0 -8.23795414 0
vt -1.11336696 -8.10923576 0
vt -1.25405204 -7.53000498 0
vt 0 -7.20820999 0
vt -1.44911098 -6.95077419 0
vt 0 -6.17846489 0
vt -1.69666505 -6.37154198 0
vt -1.99432898 -5.79231215 0
vt 0 -5.14872122 0
vt -2.33923793 -5.21307993 0
vt -2.72807002 -4.63384914 0
vt 0 -4.11897707 0
vt -3.15707994 -4.05461788 0
vt -3.62213612 -3.4753871 0
vt 0 -3.08923292 0
vt -4.11875916 -2.89615607 0
vt 0 -2.05948901 0
vt -4.64216805 -2.31692505 0
vt -5.18731976 -1.73769307 0
vt 0 -1.02974403 0
vt -5.74896717 -1.15846205 0
vt -6.32169914 -0.579231024 0
vt -5.81036615 -1.02452397 0
vt -5.9000001 0 0
vt -5.54418707 -2.01791906 0
vt -5.10955 -2.95000005 0
vt -4.5196619 -3.79244709 0
vt -3.79244709 -4.5196619 0
vt -2.95000005 -5.10955 0
vt -2.01791906 -5.54418707 0
vt -1.02452397 -5.81036615 0
vt 0 -5.9000001 0
vt 1.02452397 -5.81036615 0
vt 2.01791906 -5.54418707 0
vt 2.95000005 -5.10955 0
vt 3.79244709 -4.5196619 0
vt 4.5196619 -3.79244709 0
vt 5.10955 -2.95000005 0
vt 5.54418707 -2.01791906 0
vt 5.81036615 -1.02452397 0
vt 5.9000001 0 0
vt 5.81036615 1.02452397 0
vt 5.54418707 2.01791906 0
vt 5.10955 2.95000005 0
vt 4.5196619 3.79244709 0
vt 3.79244709 4.5196619 0
vt 2.95000005 5.10955 0
vt 2.01791906 5.54418707 0
vt 1.02452397 5.81036615 0
vt 0 5.9000001 0
vt -1.02452397 5.81036615 0
vt -2.01791906 5.54418707 0
vt -2.95000005 5.10955 0
vt -3.79244709 4.5196619 0
vt -4.5196619 3.79244709 0
vt -5.10955 2.95000005 0
vt -5.54418707 2.01791906 0
vt -5.81036615 1.02452397 0
vt 22.7391911 17.5929184 0
vt 22.0391922 17.5929184 0
vt 22.7391911 16.6155338 0
vt 22.0391922 16.6155338 0
vt 22.0391922 15.6381502 0
vt 22.7391911 15.6381502 0
vt 22.0391922 14.6607656 0
vt 22.7391911 14.6607656 0
vt 22.0391922 13.6833811 0
vt 22.7391911 13.6833811 0
vt 22.0391922 12.7059975 0
vt 22.7391911 12.7059975 0
vt 22.0391922 11.7286129 0
vt 22.7391911 11.7286129 0
vt 22.0391922 10.7512283 0
vt 22.7391911 10.7512283 0
vt 22.0391922 9.77384377 0
vt 22.7391911 9.77384377 0
vt 22.0391922 8.7964592 0
vt 22.7391911 8.7964592 0
vt 22.0391922 7.81907511 0
vt 22.7391911 7.81907511 0
vt 22.0391922 6.84169102 0
vt 22.7391911 6.84169102 0
vt 22.0391922 5.86430597 0
vt 22.7391911 5.86430597 0
vt 22.0391922 4.88692188 0
vt 22.7391911 4.88692188 0
vt 22.0391922 3.90953803 0
vt 22.7391911 3.90953803 0
vt 22.0391922 2.93215299 0
vt 22.7391911 2.93215299 0
vt 22.0391922 1.95476902 0
vt 22.7391911 1.95476902 0
vt 22.0391922 0.977383971 0
vt 22.7391911 0.977383971 0
vt -5.51492405 8.82242966 0
vt -5.5999999 7.8499999 0
vt 4.2898488 4.25039005 0
vt -5.51492405 6.87757015 0
vt -5.26227903 5.93468714 0
vt -4.84974194 5.05000019 0
vt -4.2898488 4.25039005 0
vt 3.59961104 3.5601511 0
vt -3.59961104 3.5601511 0
vt 2.79999995 3.00025797 0
vt -2.79999995 3.00025797 0
vt 1.91531301 2.58772087 0
vt -1.91531301 2.58772087 0
vt 0.972429991 2.33507705 0
vt -0.972429991 2.33507705 0
vt 0 2.25 0
vt 4.84974194 5.05000019 0
vt 4.2898488 11.4496107 0
vt 3.59961104 12.1398487 0
vt 2.79999995 12.6997423 0
vt 4.84974194 10.6499996 0
vt 5.26227903 5.93468714 0
vt 5.26227903 9.76531315 0
vt 5.51492405 6.87757015 0
vt 5.51492405 8.82242966 0
vt 5.5999999 7.8499999 0
vt 1.91531301 13.1122789 0
vt 0.972429991 13.3649235 0
vt 0 13.4499998 0
vt -0.972429991 13.3649235 0
vt -1.91531301 13.1122789 0
vt -2.79999995 12.6997423 0
vt -3.59961104 12.1398487 0
vt -4.2898488 11.4496107 0
vt -4.84974194 10.6499996 0
vt -5.26227903 9.76531315 0
vt -1.02452397 -2.5363369 0
vt -0 -2.62913299 0
vt -0 -2.608428 0
vt 1.02452397 -2.5363369 0
vt 1.02105105 -2.51594591 0
vt 2.01791906 -2.26076794 0
vt 2.01107788 -2.24131107 0
vt 2.95000005 -1.810799 0
vt 2.94000006 -1.79286695 0
vt 3.79244709 -1.20010197 0
vt 3.77959108 -1.18424106 0
vt 4.5196619 -0.447234005 0
vt 4.50434113 -0.43392399 0
vt 5.10955 0.424932003 0
vt 5.09222889 0.435283989 0
vt 5.54418707 1.38989305 0
vt 5.52539301 1.39697504 0
vt 5.81036615 2.41833091 0
vt 5.79066896 2.42192602 0
vt 5.88000011 3.47899604 0
vt 5.9000001 3.47899604 0
vt 5.79066896 4.53606701 0
vt 5.81036615 4.53966188 0
vt 5.52539301 5.56101799 0
vt 5.54418707 5.56809902 0
vt 5.09222889 6.52270794 0
vt 5.10955 6.53306103 0
vt 4.50434113 7.39191723 0
vt 4.5196619 7.40522575 0
vt 3.77959108 8.14223385 0
vt 3.79244709 8.15809536 0
vt 2.94000006 8.75086021 0
vt 2.95000005 8.7687912 0
vt 2.01107788 9.19930363 0
vt 2.01791906 9.21875954 0
vt 1.02105105 9.47393894 0
vt 1.02452397 9.49432945 0
vt 0 9.56642056 0
vt -0 9.58712578 0
vt -1.02452397 9.49432945 0
vt -1.02105105 9.47393894 0
vt -2.01791906 9.21875954 0
vt -2.01107788 9.19930363 0
vt -2.95000005 8.7687912 0
vt -2.94000006 8.75086021 0
vt -3.79244709 8.15809536 0
vt -3.77959108 8.14223385 0
vt -4.5196619 7.40522575 0
vt -4.50434113 7.39191723 0
vt -5.10955 6.53306103 0
vt -5.09222889 6.52270794 0
vt -5.54418707 5.56809902 0
vt -5.52539301 5.56101799 0
vt -5.81036615 4.53966188 0
vt -5.79066896 4.53606701 0
vt -5.9000001 3.47899604 0
vt -5.88000011 3.47899604 0
vt -5.79066896 2.42192602 0
vt -5.81036615 2.41833091 0
vt -5.52539301 1.39697504 0
vt -5.54418707 1.38989305 0
vt -5.09222889 0.435283989 0
vt -5.10955 0.424932003 0
vt -4.50434113 -0.43392399 0
vt -4.5196619 -0.447234005 0
vt -3.77959108 -1.18424106 0
vt -3.79244709 -1.20010197 0
vt -2.94000006 -1.79286695 0
vt -2.95000005 -1.810799 0
vt -2.01107788 -2.24131107 0
vt -2.01791906 -2.26076794 0
vt -1.02105105 -2.51594591 0
vt 6.31036615 1.02452397 0
vt 6.4000001 0 0
vt 6.31036615 -1.02452397 0
vt 6.04418707 2.01791906 0
vt 5.60955 2.95000005 0
vt 5.0196619 3.79244709 0
vt 4.29244709 4.5196619 0
vt 3.45000005 5.10955 0
vt 2.51791906 5.54418707 0
vt 1.52452397 5.81036615 0
vt 0.5 5.9000001 0
vt -0.524523973 5.81036615 0
vt -1.51791906 5.54418707 0
vt -2.45000005 5.10955 0
vt -3.29244709 4.5196619 0
vt -4.0196619 3.79244709 0
vt -4.60955 2.95000005 0
vt -5.04418707 2.01791906 0
vt -5.31036615 1.02452397 0
vt -5.4000001 0 0
vt -5.31036615 -1.02452397 0
vt -5.04418707 -2.01791906 0
vt -4.60955 -2.95000005 0
vt -4.0196619 -3.79244709 0
vt -3.29244709 -4.5196619 0
vt -2.45000005 -5.10955 0
vt -1.51791906 -5.54418707 0
vt -0.524523973 -5.81036615 0
vt 0.5 -5.9000001 0
vt 1.52452397 -5.81036615 0
vt 2.51791906 -5.54418707 0
vt 3.45000005 -5.10955 0
vt 4.29244709 -4.5196619 0
vt 5.0196619 -3.79244709 0
vt 5.60955 -2.95000005 0
vt 6.04418707 -2.01791906 0

# 305 vertex normals
vn 9.510565e-05 30.9016991 -95.1056519
vn 9.99999975e-05 0 -100
vn -8.42324638 34.2020149 -93.5909805
vn -17.3647194 0 -98.4807892
vn -24.999197 34.2020149 -90.582901
vn -34.2019196 0 -93.9692917
vn -40.7716522 34.2020149 -84.6634216
vn -49.9999123 0 -86.6025925
vn -55.2336693 34.2020149 -76.0227814
vn -64.2786865 0 -76.6045074
vn -67.920433 34.2020149 -64.9387131
vn -76.6043854 0 -64.2788391
vn -78.4241791 34.2020149 -51.7674637
vn -86.6024857 0 -50.0000877
vn -86.4073105 34.2020149 -36.9323616
vn -93.9692307 0 -34.2021103
vn -91.6132355 34.2020149 -20.9102192
vn -98.4807587 0 -17.3649178
vn -93.8746338 34.2020149 -4.21600914
vn -100 0 -9.99999975e-05
vn -93.1188354 34.2020149 12.6137075
vn -98.4807892 0 17.3647194
vn -89.3701096 34.2020149 29.0380096
vn -93.9692917 0 34.2019196
vn -82.7489548 34.2020149 44.5290031
vn -86.6025925 0 49.9999123
vn -73.4681854 34.2020149 58.5888023
vn -76.6045074 0 64.2786865
vn -61.826088 34.2020149 70.7655106
vn -64.2788391 0 76.6043854
vn -48.196846 34.2020149 80.6677551
vn -50.0000877 0 86.6024857
vn -33.0185204 34.2020149 87.977272
vn -34.2021103 0 93.9692307
vn -16.7789516 34.2020149 92.4591217
vn -17.3649178 0 98.4807587
vn -9.510565e-05 30.9016991 95.1056519
vn -9.99999975e-05 0 100
vn -8.09017001e-05 58.7785263 80.9017029
vn -13.6783266 64.2787628 75.3733673
vn -26.9169464 64.2787628 71.7197189
vn -39.2904282 64.2787628 65.7609558
vn -50.4010887 64.2787628 57.6885719
vn -59.8918152 64.2787628 47.7620277
vn -67.4575729 64.2787628 36.3003769
vn -72.8551788 64.2787628 23.6720028
vn -75.9111633 64.2787628 10.2827883
vn -76.5273056 64.2787628 -3.4369216
vn -74.6837921 64.2787628 -17.0461674
vn -70.4398804 64.2787628 -30.1075344
vn -63.9319801 64.2787628 -42.2012215
vn -55.3692436 64.2787628 -52.9385262
vn -45.0269012 64.2787628 -61.9743423
vn -33.2373543 64.2787628 -69.0182495
vn -20.37953 64.2787628 -73.8438644
vn -6.86669254 64.2787628 -76.2960663
vn 8.09017001e-05 58.7785263 -80.9017029
vn 5.87785253e-05 80.9017029 -58.7785263
vn -4.48191643 86.6025391 -49.7987175
vn 3.09016978e-05 95.1056519 -30.9016991
vn -1.55655277 98.4807739 -17.2949142
vn 0 100 0
vn -4.61966419 98.4807739 -16.7390423
vn -7.53429651 98.4807739 -15.6451683
vn -10.2067699 98.4807739 -14.0484428
vn -12.5511885 98.4807739 -12.0001898
vn -14.4922028 98.4807739 -9.56624031
vn -15.9674253 98.4807739 -6.82482386
vn -16.9294415 98.4807739 -3.86405206
vn -17.347332 98.4807739 -0.779087365
vn -17.2076645 98.4807739 2.33091879
vn -16.5149288 98.4807739 5.36600733
vn -15.2913895 98.4807739 8.22862816
vn -13.5763721 98.4807739 10.8267736
vn -11.4249992 98.4807739 13.0769377
vn -8.90641785 98.4807739 14.9067984
vn -6.10157633 98.4807739 16.2575417
vn -3.10062528 98.4807739 17.0857544
vn -3.09016978e-05 95.1056519 30.9016991
vn -8.92789459 86.6025391 49.1964722
vn -5.87785253e-05 80.9017029 58.7785263
vn -13.3017941 86.6025391 -48.1981544
vn -21.6941414 86.6025391 -45.0484657
vn -29.3892231 86.6025391 -40.450882
vn -36.1397095 86.6025391 -34.5531654
vn -41.7286377 86.6025391 -27.5448914
vn -45.976368 86.6025391 -19.6512966
vn -48.7463837 86.6025391 -11.1260958
vn -49.9496498 86.6025391 -2.24329209
vn -49.5474968 86.6025391 6.71161366
vn -47.5528412 86.6025391 15.4508018
vn -44.0298004 86.6025391 23.6933899
vn -39.0916061 86.6025391 31.1744518
vn -32.8969727 86.6025391 37.6535378
vn -25.6450081 86.6025391 42.9224129
vn -17.5687885 86.6025391 46.8117256
vn 17.3647194 0 98.4807892
vn 34.2019196 0 93.9692917
vn 49.9999123 0 86.6025925
vn 64.2786865 0 76.6045074
vn 76.6043854 0 64.2788391
vn 86.6024857 0 50.0000877
vn 93.9692307 0 34.2021103
vn 98.4807587 0 17.3649178
vn 100 0 9.99999975e-05
vn 98.4807892 0 -17.3647194
vn 93.9692917 0 -34.2019196
vn 86.6025925 0 -49.9999123
vn 76.6045074 0 -64.2786865
vn 64.2788391 0 -76.6043854
vn 50.0000877 0 -86.6024857
vn 34.2021103 0 -93.9692307
vn 17.3649178 0 -98.4807587
vn 0 -100 -0
vn 3.10059094 98.4807739 17.085762
vn 8.92779541 86.6025391 49.1964874
vn 13.6781759 64.2787628 75.3733978
vn 16.7787685 34.2020149 92.4591522
vn 33.0183449 34.2020149 87.9773331
vn 26.9168015 64.2787628 71.71978
vn 39.2902985 64.2787628 65.7610321
vn 25.6449203 86.6025391 42.9224663
vn 32.8968964 86.6025391 37.6536064
vn 11.4249725 98.4807739 13.0769606
vn 13.5763512 98.4807739 10.8268003
vn 15.2913723 98.4807739 8.22865868
vn 16.5149174 98.4807739 5.36604071
vn 17.2076607 98.4807739 2.33095312
vn 17.347332 98.4807739 -0.779052675
vn 16.9294491 98.4807739 -3.8640182
vn 15.9674387 98.4807739 -6.82479239
vn 14.4922218 98.4807739 -9.5662117
vn 12.5512133 98.4807739 -12.000165
vn 10.2067986 98.4807739 -14.0484219
vn 7.53432798 98.4807739 -15.645153
vn 4.61969757 98.4807739 -16.7390347
vn 1.55658734 98.4807739 -17.2949104
vn 4.48201561 86.6025391 -49.7987099
vn 6.86684513 64.2787628 -76.296051
vn 8.4234333 34.2020149 -93.5909653
vn 24.9993763 34.2020149 -90.5828552
vn 40.7718201 34.2020149 -84.6633453
vn 55.2338219 34.2020149 -76.0226746
vn 67.9205704 34.2020149 -64.9385757
vn 78.4242859 34.2020149 -51.7673035
vn 86.4073868 34.2020149 -36.9321861
vn 91.6132812 34.2020149 -20.9100361
vn 93.874649 34.2020149 -4.21582127
vn 93.1188049 34.2020149 12.6138945
vn 89.3700485 34.2020149 29.0381889
vn 82.7488632 34.2020149 44.529171
vn 73.4680634 34.2020149 58.5889473
vn 61.825943 34.2020149 70.7656326
vn 48.1966858 34.2020149 80.6678467
vn 8.90638733 98.4807739 14.9068155
vn 17.5686932 86.6025391 46.8117638
vn 6.1015439 98.4807739 16.2575531
vn 50.4009743 64.2787628 57.6886711
vn 39.0915451 86.6025391 31.1745281
vn 59.891716 64.2787628 47.7621498
vn 44.0297546 86.6025391 23.6934776
vn 67.4574966 64.2787628 36.3005142
vn 47.5528107 86.6025391 15.4508972
vn 72.8551331 64.2787628 23.6721478
vn 49.5474815 86.6025391 6.71171284
vn 75.9111481 64.2787628 10.2829409
vn 49.9496574 86.6025391 -2.24319196
vn 76.5273056 64.2787628 -3.43676853
vn 48.7464066 86.6025391 -11.1259985
vn 74.6838226 64.2787628 -17.0460186
vn 45.9764061 86.6025391 -19.6512051
vn 70.4399414 64.2787628 -30.1073933
vn 41.7286911 86.6025391 -27.5448074
vn 63.9320641 64.2787628 -42.2010918
vn 36.1397781 86.6025391 -34.5530968
vn 55.3693504 64.2787628 -52.9384117
vn 29.3893032 86.6025391 -40.4508209
vn 45.0270233 64.2787628 -61.9742508
vn 21.6942329 86.6025391 -45.04842
vn 33.2374916 64.2787628 -69.0181885
vn 13.3018913 86.6025391 -48.1981316
vn 20.3796787 64.2787628 -73.8438187
vn 98.4807739 17.3648186 9.84807702e-05
vn 93.9692612 34.2020149 9.39692618e-05
vn 86.6025391 50 8.66025366e-05
vn 76.6044464 64.2787628 7.66044468e-05
vn 64.2787628 76.6044464 6.42787636e-05
vn 50 86.6025391 4.99999987e-05
vn 34.2020149 93.9692612 3.42020139e-05
vn 17.3648186 98.4807739 1.73648186e-05
vn -17.3648186 98.4807739 -1.73648186e-05
vn -34.2020149 93.9692612 -3.42020139e-05
vn -50 86.6025391 -4.99999987e-05
vn -64.2787628 76.6044464 -6.42787636e-05
vn -76.6044464 64.2787628 -7.66044468e-05
vn -86.6025391 50 -8.66025366e-05
vn -93.9692612 34.2020149 -9.39692618e-05
vn -98.4807739 17.3648186 -9.84807702e-05
vn 99.5184708 9.80171394 9.95184673e-05
vn 98.0785294 19.5090313 9.80785262e-05
vn 95.6940308 29.0284672 9.56940276e-05
vn 92.3879547 38.2683449 9.23879561e-05
vn 88.1921234 47.1396751 8.81921223e-05
vn 83.146965 55.5570221 8.31469661e-05
vn 77.3010483 63.4393272 7.7301047e-05
vn 70.7106781 70.7106781 7.0710681e-05
vn 63.4393272 77.3010483 6.34393291e-05
vn 55.5570221 83.146965 5.55570223e-05
vn 47.1396751 88.1921234 4.71396743e-05
vn 38.2683449 92.3879547 3.82683465e-05
vn 29.0284672 95.6940308 2.90284679e-05
vn 19.5090313 98.0785294 1.95090306e-05
vn 9.80171394 99.5184708 9.80171353e-06
vn -9.80171394 99.5184708 -9.80171353e-06
vn -19.5090313 98.0785294 -1.95090306e-05
vn -29.0284672 95.6940308 -2.90284679e-05
vn -38.2683449 92.3879547 -3.82683465e-05
vn -47.1396751 88.1921234 -4.71396743e-05
vn -55.5570221 83.146965 -5.55570223e-05
vn -63.4393272 77.3010483 -6.34393291e-05
vn -70.7106781 70.7106781 -7.0710681e-05
vn -77.3010483 63.4393272 -7.7301047e-05
vn -83.146965 55.5570221 -8.31469661e-05
vn -88.1921234 47.1396751 -8.81921223e-05
vn -92.3879547 38.2683449 -9.23879561e-05
vn -95.6940308 29.0284672 -9.56940276e-05
vn -98.0785294 19.5090313 -9.80785262e-05
vn -99.5184708 9.80171394 -9.95184673e-05
vn -99.5184631 0 -9.80181313
vn -98.0785065 0 -19.5091286
vn -95.6940002 0 -29.0285625
vn -92.3879166 0 -38.2684364
vn -88.1920776 0 -47.1397629
vn -83.1469116 0 -55.557106
vn -77.3009872 0 -63.4394035
vn -70.7106094 0 -70.7107468
vn -63.4392509 0 -77.3011093
vn -55.5569382 0 -83.1470184
vn -47.1395874 0 -88.1921692
vn -38.2682533 0 -92.3879929
vn -29.0283718 0 -95.6940613
vn -19.508934 0 -98.0785522
vn -9.80161476 0 -99.5184784
vn 9.80181313 0 -99.5184631
vn 19.5091286 0 -98.0785065
vn 29.0285625 0 -95.6940002
vn 38.2684364 0 -92.3879166
vn 47.1397629 0 -88.1920776
vn 55.557106 0 -83.1469116
vn 63.4394035 0 -77.3009872
vn 70.7107468 0 -70.7106094
vn 77.3011093 0 -63.4392509
vn 83.1470184 0 -55.5569382
vn 88.1921692 0 -47.1395874
vn 92.3879929 0 -38.2682533
vn 95.6940613 0 -29.0283718
vn 98.0785522 0 -19.508934
vn 99.5184784 0 -9.80161476
vn -99.5184708 -9.80171394 -9.95184673e-05
vn -98.4807739 -17.3648186 -9.84807702e-05
vn -98.0785294 -19.5090313 -9.80785262e-05
vn -95.6940308 -29.0284672 -9.56940276e-05
vn -93.9692612 -34.2020149 -9.39692618e-05
vn -92.3879547 -38.2683449 -9.23879561e-05
vn -86.6025391 -50 -8.66025366e-05
vn -88.1921234 -47.1396751 -8.81921223e-05
vn -83.146965 -55.5570221 -8.31469661e-05
vn -76.6044464 -64.2787628 -7.66044468e-05
vn -77.3010483 -63.4393272 -7.7301047e-05
vn -70.7106781 -70.7106781 -7.0710681e-05
vn -64.2787628 -76.6044464 -6.42787636e-05
vn -63.4393272 -77.3010483 -6.34393291e-05
vn -55.5570221 -83.146965 -5.55570223e-05
vn -50 -86.6025391 -4.99999987e-05
vn -47.1396751 -88.1921234 -4.71396743e-05
vn -38.2683449 -92.3879547 -3.82683465e-05
vn -34.2020149 -93.9692612 -3.42020139e-05
vn -29.0284672 -95.6940308 -2.90284679e-05
vn -17.3648186 -98.4807739 -1.73648186e-05
vn -19.5090313 -98.0785294 -1.95090306e-05
vn -9.80171394 -99.5184708 -9.80171353e-06
vn 9.80171394 -99.5184708 9.80171353e-06
vn 17.3648186 -98.4807739 1.73648186e-05
vn 19.5090313 -98.0785294 1.95090306e-05
vn 29.0284672 -95.6940308 2.90284679e-05
vn 34.2020149 -93.9692612 3.42020139e-05
vn 38.2683449 -92.3879547 3.82683465e-05
vn 50 -86.6025391 4.99999987e-05
vn 47.1396751 -88.1921234 4.71396743e-05
vn 55.5570221 -83.146965 5.55570223e-05
vn 64.2787628 -76.6044464 6.42787636e-05
vn 63.4393272 -77.3010483 6.34393291e-05
vn 70.7106781 -70.7106781 7.0710681e-05
vn 76.6044464 -64.2787628 7.66044468e-05
vn 77.3010483 -63.4393272 7.7301047e-05
vn 83.146965 -55.5570221 8.31469661e-05
vn 86.6025391 -50 8.66025366e-05
vn 88.1921234 -47.1396751 8.81921223e-05
vn 93.9692612 -34.2020149 9.39692618e-05
vn 92.3879547 -38.2683449 9.23879561e-05
vn 95.6940308 -29.0284672 9.56940276e-05
vn 98.4807739 -17.3648186 9.84807702e-05
vn 98.0785294 -19.5090313 9.80785262e-05
vn 99.5184708 -9.80171394 9.95184673e-05
vn -2.58819036e-05 96.5925827 25.8819046

# Mesh 'NONE-lib' with 712 faces
g NONE-lib
usemtl MaterialFBXASC032FBXASC03527
f  1/1/1 2/2/2 3/3/3
f  4/3/3 5/2/2 6/4/4
f  7/3/3 8/4/4 9/5/5
f  10/5/5 11/4/4 12/6/6
f  13/5/5 14/6/6 15/7/7
f  16/7/7 17/6/6 18/8/8
f  19/7/7 20/8/8 21/9/9
f  22/9/9 23/8/8 24/10/10
f  25/9/9 26/10/10 27/11/11
f  28/11/11 29/10/10 30/12/12
f  31/11/11 32/12/12 33/13/13
f  34/13/13 35/12/12 36/14/14
f  37/13/13 38/14/14 39/15/15
f  40/15/15 41/14/14 42/16/16
f  43/15/15 44/16/16 45/17/17
f  46/17/17 47/16/16 48/18/18
f  49/17/17 50/18/18 51/19/19
f  52/19/19 53/18/18 54/20/20
f  55/19/19 56/20/20 57/21/21
f  58/21/21 59/20/20 60/22/22
f  61/21/21 62/22/22 63/23/23
f  64/23/23 65/22/22 66/24/24
f  67/23/23 68/24/24 69/25/25
f  70/25/25 71/24/24 72/26/26
f  73/25/25 74/26/26 75/27/27
f  76/27/27 77/26/26 78/28/28
f  79/27/27 80/28/28 81/29/29
f  82/29/29 83/28/28 84/30/30
f  85/29/29 86/30/30 87/31/31
f  88/31/31 89/30/30 90/32/32
f  91/31/31 92/32/32 93/33/33
f  94/33/33 95/32/32 96/34/34
f  97/33/33 98/34/34 99/35/35
f  100/35/35 101/34/34 102/36/36
f  103/35/35 104/36/36 105/37/37
f  106/37/37 107/36/36 108/38/38
f  109/37/37 110/39/39 111/35/35
f  112/35/35 113/39/39 114/40/40
f  115/35/35 116/40/40 117/33/33
f  118/33/33 119/40/40 120/41/41
f  121/33/33 122/41/41 123/31/31
f  124/31/31 125/41/41 126/42/42
f  127/31/31 128/42/42 129/29/29
f  130/29/29 131/42/42 132/43/43
f  133/29/29 134/43/43 135/27/27
f  136/27/27 137/43/43 138/44/44
f  139/27/27 140/44/44 141/25/25
f  142/25/25 143/44/44 144/45/45
f  145/25/25 146/45/45 147/23/23
f  148/23/23 149/45/45 150/46/46
f  151/23/23 152/46/46 153/21/21
f  154/21/21 155/46/46 156/47/47
f  157/21/21 158/47/47 159/19/19
f  160/19/19 161/47/47 162/48/48
f  163/19/19 164/48/48 165/17/17
f  166/17/17 167/48/48 168/49/49
f  169/17/17 170/49/49 171/15/15
f  172/15/15 173/49/49 174/50/50
f  175/15/15 176/50/50 177/13/13
f  178/13/13 179/50/50 180/51/51
f  181/13/13 182/51/51 183/11/11
f  184/11/11 185/51/51 186/52/52
f  187/11/11 188/52/52 189/9/9
f  190/9/9 191/52/52 192/53/53
f  193/9/9 194/53/53 195/7/7
f  196/7/7 197/53/53 198/54/54
f  199/7/7 200/54/54 201/5/5
f  202/5/5 203/54/54 204/55/55
f  205/5/5 206/55/55 207/3/3
f  208/3/3 209/55/55 210/56/56
f  211/3/3 212/56/56 213/57/57
f  214/57/57 215/56/56 216/58/58
f  217/58/58 218/56/56 219/59/59
f  220/58/58 221/59/59 222/60/60
f  223/60/60 224/59/59 225/61/61
f  226/60/60 227/61/61 228/62/62
f  229/62/62 230/61/61 231/63/62
f  232/63/62 233/61/61 234/64/63
f  235/63/62 236/64/63 237/65/62
f  238/65/62 239/64/63 240/66/64
f  241/65/62 242/66/64 243/67/62
f  244/67/62 245/66/64 246/68/65
f  247/67/62 248/68/65 249/69/62
f  250/69/62 251/68/65 252/70/66
f  253/69/62 254/70/66 255/71/62
f  256/71/62 257/70/66 258/72/67
f  259/71/62 260/72/67 261/73/62
f  262/73/62 263/72/67 264/74/68
f  265/73/62 266/74/68 267/75/62
f  268/75/62 269/74/68 270/76/69
f  271/75/62 272/76/69 273/77/62
f  274/77/62 275/76/69 276/78/70
f  277/77/62 278/78/70 279/79/62
f  280/79/62 281/78/70 282/80/71
f  283/79/62 284/80/71 285/81/62
f  286/81/62 287/80/71 288/82/72
f  289/81/62 290/82/72 291/83/62
f  292/83/62 293/82/72 294/84/73
f  295/83/62 296/84/73 297/85/62
f  298/85/62 299/84/73 300/86/74
f  301/85/62 302/86/74 303/87/62
f  304/87/62 305/86/74 306/88/75
f  307/87/62 308/88/75 309/89/62
f  310/89/62 311/88/75 312/90/76
f  313/89/62 314/90/76 315/91/62
f  316/91/62 317/90/76 318/92/77
f  319/91/62 320/92/77 321/93/62
f  322/93/62 323/92/77 324/94/78
f  325/93/62 326/94/78 327/95/62
f  328/95/62 329/94/78 330/96/79
f  331/96/79 332/94/78 333/97/80
f  334/96/79 335/97/80 336/98/81
f  337/98/81 338/97/80 339/40/40
f  340/98/81 341/40/40 342/39/39
f  343/57/57 344/1/1 345/3/3
f  346/64/63 347/61/61 348/59/59
f  349/59/59 350/56/56 351/99/82
f  352/99/82 353/56/56 354/55/55
f  355/99/82 356/55/55 357/100/83
f  358/100/83 359/55/55 360/54/54
f  361/100/83 362/54/54 363/101/84
f  364/101/84 365/54/54 366/53/53
f  367/101/84 368/53/53 369/102/85
f  370/102/85 371/53/53 372/52/52
f  373/102/85 374/52/52 375/103/86
f  376/103/86 377/52/52 378/51/51
f  379/103/86 380/51/51 381/104/87
f  382/104/87 383/51/51 384/50/50
f  385/104/87 386/50/50 387/105/88
f  388/105/88 389/50/50 390/49/49
f  391/105/88 392/49/49 393/106/89
f  394/106/89 395/49/49 396/48/48
f  397/106/89 398/48/48 399/107/90
f  400/107/90 401/48/48 402/47/47
f  403/107/90 404/47/47 405/108/91
f  406/108/91 407/47/47 408/46/46
f  409/108/91 410/46/46 411/109/92
f  412/109/92 413/46/46 414/45/45
f  415/109/92 416/45/45 417/110/93
f  418/110/93 419/45/45 420/44/44
f  421/110/93 422/44/44 423/111/94
f  424/111/94 425/44/44 426/43/43
f  427/111/94 428/43/43 429/112/95
f  430/112/95 431/43/43 432/42/42
f  433/112/95 434/42/42 435/113/96
f  436/113/96 437/42/42 438/41/41
f  439/113/96 440/41/41 441/97/80
f  442/97/80 443/41/41 444/40/40
f  445/66/64 446/64/63 447/99/82
f  448/99/82 449/64/63 450/59/59
f  451/66/64 452/99/82 453/100/83
f  454/68/65 455/66/64 456/100/83
f  457/68/65 458/100/83 459/101/84
f  460/70/66 461/68/65 462/101/84
f  463/70/66 464/101/84 465/102/85
f  466/72/67 467/70/66 468/102/85
f  469/72/67 470/102/85 471/103/86
f  472/74/68 473/72/67 474/103/86
f  475/74/68 476/103/86 477/104/87
f  478/76/69 479/74/68 480/104/87
f  481/76/69 482/104/87 483/105/88
f  484/78/70 485/76/69 486/105/88
f  487/78/70 488/105/88 489/106/89
f  490/80/71 491/78/70 492/106/89
f  493/80/71 494/106/89 495/107/90
f  496/82/72 497/80/71 498/107/90
f  499/82/72 500/107/90 501/108/91
f  502/84/73 503/82/72 504/108/91
f  505/84/73 506/108/91 507/109/92
f  508/86/74 509/84/73 510/109/92
f  511/86/74 512/109/92 513/110/93
f  514/88/75 515/86/74 516/110/93
f  517/88/75 518/110/93 519/111/94
f  520/90/76 521/88/75 522/111/94
f  523/90/76 524/111/94 525/112/95
f  526/92/77 527/90/76 528/112/95
f  529/92/77 530/112/95 531/113/96
f  532/94/78 533/92/77 534/113/96
f  535/94/78 536/113/96 537/97/80
f  538/2/38 539/114/36 540/115/38
f  541/115/38 542/114/36 543/116/36
f  544/116/36 545/114/36 546/117/34
f  547/116/36 548/117/34 549/118/34
f  550/118/34 551/117/34 552/119/32
f  553/118/34 554/119/32 555/120/32
f  556/120/32 557/119/32 558/121/30
f  559/120/32 560/121/30 561/122/30
f  562/122/30 563/121/30 564/123/28
f  565/122/30 566/123/28 567/124/28
f  568/124/28 569/123/28 570/125/26
f  571/124/28 572/125/26 573/126/26
f  574/126/26 575/125/26 576/127/24
f  577/126/26 578/127/24 579/128/24
f  580/128/24 581/127/24 582/129/22
f  583/128/24 584/129/22 585/130/22
f  586/130/22 587/129/22 588/131/20
f  589/130/22 590/131/20 591/132/20
f  592/132/20 593/131/20 594/133/18
f  595/132/20 596/133/18 597/134/18
f  598/134/18 599/133/18 600/135/16
f  601/134/18 602/135/16 603/136/16
f  604/136/16 605/135/16 606/137/14
f  607/136/16 608/137/14 609/138/14
f  610/138/14 611/137/14 612/139/12
f  613/138/14 614/139/12 615/140/12
f  616/140/12 617/139/12 618/141/10
f  619/140/12 620/141/10 621/142/10
f  622/142/10 623/141/10 624/143/8
f  625/142/10 626/143/8 627/144/8
f  628/144/8 629/143/8 630/145/6
f  631/144/8 632/145/6 633/146/6
f  634/146/6 635/145/6 636/147/4
f  637/146/6 638/147/4 639/148/4
f  640/148/4 641/147/4 642/149/2
f  643/149/2 644/147/4 645/150/2
f  646/2/38 647/151/36 648/152/38
f  649/152/38 650/151/36 651/153/36
f  652/153/36 653/151/36 654/154/34
f  655/153/36 656/154/34 657/155/34
f  658/155/34 659/154/34 660/156/32
f  661/155/34 662/156/32 663/157/32
f  664/157/32 665/156/32 666/158/30
f  667/157/32 668/158/30 669/159/30
f  670/159/30 671/158/30 672/160/28
f  673/159/30 674/160/28 675/161/28
f  676/161/28 677/160/28 678/162/26
f  679/161/28 680/162/26 681/163/26
f  682/163/26 683/162/26 684/164/24
f  685/163/26 686/164/24 687/165/24
f  688/165/24 689/164/24 690/166/22
f  691/165/24 692/166/22 693/167/22
f  694/167/22 695/166/22 696/168/20
f  697/167/22 698/168/20 699/169/20
f  700/169/20 701/168/20 702/170/18
f  703/169/20 704/170/18 705/171/18
f  706/171/18 707/170/18 708/172/16
f  709/171/18 710/172/16 711/173/16
f  712/173/16 713/172/16 714/174/14
f  715/173/16 716/174/14 717/175/14
f  718/175/14 719/174/14 720/176/12
f  721/175/14 722/176/12 723/177/12
f  724/177/12 725/176/12 726/178/10
f  727/177/12 728/178/10 729/179/10
f  730/179/10 731/178/10 732/180/8
f  733/179/10 734/180/8 735/181/8
f  736/181/8 737/180/8 738/182/6
f  739/181/8 740/182/6 741/183/6
f  742/183/6 743/182/6 744/184/4
f  745/183/6 746/184/4 747/185/4
f  748/185/4 749/184/4 750/186/2
f  751/186/2 752/184/4 753/187/2
f  754/188/2 755/189/2 756/190/4
f  757/190/4 758/189/2 759/191/4
f  760/190/4 761/191/4 762/192/6
f  763/192/6 764/191/4 765/193/6
f  766/192/6 767/193/6 768/194/8
f  769/194/8 770/193/6 771/195/8
f  772/194/8 773/195/8 774/196/10
f  775/196/10 776/195/8 777/197/10
f  778/196/10 779/197/10 780/198/12
f  781/198/12 782/197/10 783/199/12
f  784/198/12 785/199/12 786/200/14
f  787/200/14 788/199/12 789/201/14
f  790/200/14 791/201/14 792/202/16
f  793/202/16 794/201/14 795/203/16
f  796/202/16 797/203/16 798/204/18
f  799/204/18 800/203/16 801/205/18
f  802/204/18 803/205/18 804/206/20
f  805/206/20 806/205/18 807/207/20
f  808/206/20 809/207/20 810/208/22
f  811/208/22 812/207/20 813/209/22
f  814/208/22 815/209/22 816/210/24
f  817/210/24 818/209/22 819/211/24
f  820/210/24 821/211/24 822/212/26
f  823/212/26 824/211/24 825/213/26
f  826/212/26 827/213/26 828/214/28
f  829/214/28 830/213/26 831/215/28
f  832/214/28 833/215/28 834/216/30
f  835/216/30 836/215/28 837/217/30
f  838/216/30 839/217/30 840/218/32
f  841/218/32 842/217/30 843/219/32
f  844/218/32 845/219/32 846/220/34
f  847/220/34 848/219/32 849/221/34
f  850/220/34 851/221/34 852/222/36
f  853/222/36 854/221/34 855/223/36
f  856/222/36 857/223/36 858/224/38
f  859/224/38 860/223/36 861/225/38
f  862/226/38 863/227/97 864/228/38
f  865/228/38 866/227/97 867/229/97
f  868/229/97 869/227/97 870/230/98
f  871/229/97 872/230/98 873/231/98
f  874/231/98 875/230/98 876/232/99
f  877/231/98 878/232/99 879/233/99
f  880/233/99 881/232/99 882/234/100
f  883/233/99 884/234/100 885/235/100
f  886/235/100 887/234/100 888/236/101
f  889/235/100 890/236/101 891/237/101
f  892/237/101 893/236/101 894/238/102
f  895/237/101 896/238/102 897/239/102
f  898/239/102 899/238/102 900/240/103
f  901/239/102 902/240/103 903/241/103
f  904/241/103 905/240/103 906/242/104
f  907/241/103 908/242/104 909/243/104
f  910/243/104 911/242/104 912/244/105
f  913/243/104 914/244/105 915/245/105
f  916/245/105 917/244/105 918/246/106
f  919/245/105 920/246/106 921/247/106
f  922/247/106 923/246/106 924/248/107
f  925/247/106 926/248/107 927/249/107
f  928/249/107 929/248/107 930/250/108
f  931/249/107 932/250/108 933/251/108
f  934/251/108 935/250/108 936/252/109
f  937/251/108 938/252/109 939/253/109
f  940/253/109 941/252/109 942/254/110
f  943/253/109 944/254/110 945/255/110
f  946/255/110 947/254/110 948/256/111
f  949/255/110 950/256/111 951/257/111
f  952/257/111 953/256/111 954/258/112
f  955/257/111 956/258/112 957/259/112
f  958/259/112 959/258/112 960/260/113
f  961/259/112 962/260/113 963/261/113
f  964/261/113 965/260/113 966/189/2
f  967/261/113 968/189/2 969/188/2
f  970/262/62 971/263/62 972/264/62
f  973/264/62 974/263/62 975/265/62
f  976/265/62 977/263/62 978/266/62
f  979/265/62 980/266/62 981/267/62
f  982/267/62 983/266/62 984/268/62
f  985/267/62 986/268/62 987/269/62
f  988/269/62 989/268/62 990/270/62
f  991/269/62 992/270/62 993/271/62
f  994/271/62 995/270/62 996/272/62
f  997/272/62 998/270/62 999/273/62
f  1000/273/62 1001/270/62 1002/274/62
f  1003/274/62 1004/270/62 1005/275/62
f  1006/275/62 1007/270/62 1008/276/62
f  1009/276/62 1010/270/62 1011/277/62
f  1012/277/62 1013/270/62 1014/278/62
f  1015/278/62 1016/270/62 1017/279/62
f  1018/279/62 1019/270/62 1020/280/62
f  1021/280/62 1022/270/62 1023/281/62
f  1024/280/62 1025/281/62 1026/282/62
f  1027/282/62 1028/281/62 1029/283/62
f  1030/283/62 1031/281/62 1032/284/62
f  1033/284/62 1034/281/62 1035/285/62
f  1036/285/62 1037/281/62 1038/286/62
f  1039/286/62 1040/281/62 1041/287/62
f  1042/287/62 1043/281/62 1044/288/62
f  1045/288/62 1046/281/62 1047/289/62
f  1048/289/62 1049/281/62 1050/290/62
f  1051/289/62 1052/290/62 1053/291/62
f  1054/291/62 1055/290/62 1056/292/62
f  1057/291/62 1058/292/62 1059/293/62
f  1060/293/62 1061/292/62 1062/294/62
f  1063/293/62 1064/294/62 1065/295/62
f  1066/296/2 1067/297/2 1068/298/113
f  1069/298/113 1070/297/2 1071/299/113
f  1072/298/113 1073/299/113 1074/300/112
f  1075/298/113 1076/300/112 1077/301/112
f  1078/301/112 1079/300/112 1080/302/111
f  1081/301/112 1082/302/111 1083/303/111
f  1084/303/111 1085/302/111 1086/304/110
f  1087/303/111 1088/304/110 1089/305/110
f  1090/305/110 1091/304/110 1092/306/109
f  1093/305/110 1094/306/109 1095/307/109
f  1096/307/109 1097/306/109 1098/308/108
f  1099/307/109 1100/308/108 1101/309/108
f  1102/309/108 1103/308/108 1104/310/107
f  1105/309/108 1106/310/107 1107/311/107
f  1108/311/107 1109/310/107 1110/312/106
f  1111/311/107 1112/312/106 1113/313/106
f  1114/313/106 1115/312/106 1116/314/105
f  1117/313/106 1118/314/105 1119/315/105
f  1120/315/105 1121/314/105 1122/316/104
f  1123/315/105 1124/316/104 1125/317/104
f  1126/317/104 1127/316/104 1128/318/103
f  1129/317/104 1130/318/103 1131/319/103
f  1132/319/103 1133/318/103 1134/320/102
f  1135/319/103 1136/320/102 1137/321/102
f  1138/321/102 1139/320/102 1140/322/101
f  1141/321/102 1142/322/101 1143/323/101
f  1144/323/101 1145/322/101 1146/324/100
f  1147/323/101 1148/324/100 1149/325/100
f  1150/325/100 1151/324/100 1152/326/99
f  1153/325/100 1154/326/99 1155/327/99
f  1156/327/99 1157/326/99 1158/328/98
f  1159/327/99 1160/328/98 1161/329/98
f  1162/329/98 1163/328/98 1164/330/97
f  1165/329/98 1166/330/97 1167/331/97
f  1168/331/97 1169/330/97 1170/2/38
f  1171/331/97 1172/2/38 1173/152/38
f  1174/332/114 1175/333/114 1176/334/114
f  1177/334/114 1178/333/114 1179/335/114
f  1180/335/114 1181/333/114 1182/336/114
f  1183/335/114 1184/336/114 1185/337/114
f  1186/337/114 1187/336/114 1188/338/114
f  1189/337/114 1190/338/114 1191/339/114
f  1192/339/114 1193/338/114 1194/340/114
f  1195/339/114 1196/340/114 1197/341/114
f  1198/341/114 1199/340/114 1200/342/114
f  1201/341/114 1202/342/114 1203/343/114
f  1204/343/114 1205/342/114 1206/344/114
f  1207/343/114 1208/344/114 1209/345/114
f  1210/345/114 1211/344/114 1212/346/114
f  1213/345/114 1214/346/114 1215/347/114
f  1216/347/114 1217/346/114 1218/348/114
f  1219/347/114 1220/348/114 1221/349/114
f  1222/349/114 1223/348/114 1224/350/114
f  1225/349/114 1226/350/114 1227/351/114
f  1228/351/114 1229/350/114 1230/352/114
f  1231/351/114 1232/352/114 1233/353/114
f  1234/353/114 1235/352/114 1236/354/114
f  1237/353/114 1238/354/114 1239/355/114
f  1240/355/114 1241/354/114 1242/356/114
f  1243/355/114 1244/356/114 1245/357/114
f  1246/357/114 1247/356/114 1248/358/114
f  1249/357/114 1250/358/114 1251/359/114
f  1252/359/114 1253/358/114 1254/360/114
f  1255/359/114 1256/360/114 1257/361/114
f  1258/361/114 1259/360/114 1260/362/114
f  1261/361/114 1262/362/114 1263/363/114
f  1264/363/114 1265/362/114 1266/364/114
f  1267/363/114 1268/364/114 1269/365/114
f  1270/365/114 1271/364/114 1272/366/114
f  1273/365/114 1274/366/114 1275/367/114
f  1276/368/2 1277/369/2 1278/370/113
f  1279/370/113 1280/369/2 1281/371/113
f  1282/370/113 1283/371/113 1284/372/112
f  1285/370/113 1286/372/112 1287/373/112
f  1288/373/112 1289/372/112 1290/374/111
f  1291/373/112 1292/374/111 1293/375/111
f  1294/375/111 1295/374/111 1296/376/110
f  1297/375/111 1298/376/110 1299/377/110
f  1300/377/110 1301/376/110 1302/378/109
f  1303/377/110 1304/378/109 1305/379/109
f  1306/379/109 1307/378/109 1308/380/108
f  1309/379/109 1310/380/108 1311/381/108
f  1312/381/108 1313/380/108 1314/382/107
f  1315/381/108 1316/382/107 1317/383/107
f  1318/383/107 1319/382/107 1320/384/106
f  1321/383/107 1322/384/106 1323/385/106
f  1324/385/106 1325/384/106 1326/386/105
f  1327/385/106 1328/386/105 1329/387/105
f  1330/387/105 1331/386/105 1332/388/104
f  1333/387/105 1334/388/104 1335/389/104
f  1336/389/104 1337/388/104 1338/390/103
f  1339/389/104 1340/390/103 1341/391/103
f  1342/391/103 1343/390/103 1344/392/102
f  1345/391/103 1346/392/102 1347/393/102
f  1348/393/102 1349/392/102 1350/394/101
f  1351/393/102 1352/394/101 1353/395/101
f  1354/395/101 1355/394/101 1356/396/100
f  1357/395/101 1358/396/100 1359/397/100
f  1360/397/100 1361/396/100 1362/398/99
f  1363/397/100 1364/398/99 1365/399/99
f  1366/399/99 1367/398/99 1368/400/98
f  1369/399/99 1370/400/98 1371/401/98
f  1372/401/98 1373/400/98 1374/402/97
f  1375/401/98 1376/402/97 1377/403/97
f  1378/403/97 1379/402/97 1380/2/38
f  1381/403/97 1382/2/38 1383/115/38
f  1384/404/114 1385/405/114 1386/406/114
f  1387/406/114 1388/405/114 1389/407/114
f  1390/406/114 1391/407/114 1392/408/114
f  1393/408/114 1394/407/114 1395/409/114
f  1396/408/114 1397/409/114 1398/410/114
f  1399/405/114 1400/404/114 1401/411/114
f  1402/411/114 1403/404/114 1404/412/114
f  1405/411/114 1406/412/114 1407/413/114
f  1408/413/114 1409/412/114 1410/414/114
f  1411/413/114 1412/414/114 1413/415/114
f  1414/415/114 1415/414/114 1416/416/114
f  1417/415/114 1418/416/114 1419/417/114
f  1420/417/114 1421/416/114 1422/418/114
f  1423/417/114 1424/418/114 1425/419/114
f  1426/419/114 1427/418/114 1428/420/114
f  1429/419/114 1430/420/114 1431/421/114
f  1432/421/114 1433/420/114 1434/422/114
f  1435/421/114 1436/422/114 1437/423/114
f  1438/423/114 1439/422/114 1440/424/114
f  1441/423/114 1442/424/114 1443/425/114
f  1444/425/114 1445/424/114 1446/426/114
f  1447/425/114 1448/426/114 1449/427/114
f  1450/425/114 1451/427/114 1452/428/114
f  1453/428/114 1454/427/114 1455/429/114
f  1456/428/114 1457/429/114 1458/430/114
f  1459/430/114 1460/429/114 1461/431/114
f  1462/430/114 1463/431/114 1464/432/114
f  1465/432/114 1466/431/114 1467/433/114
f  1468/432/114 1469/433/114 1470/434/114
f  1471/434/114 1472/433/114 1473/435/114
f  1474/434/114 1475/435/114 1476/436/114
f  1477/436/114 1478/435/114 1479/437/114
f  1480/436/114 1481/437/114 1482/438/114
f  1483/438/114 1484/437/114 1485/439/114
f  1486/438/114 1487/439/114 1488/440/114
f  1489/440/114 1490/439/114 1491/441/114
f  1492/440/114 1493/441/114 1494/442/114
f  1495/442/114 1496/441/114 1497/443/114
f  1498/442/114 1499/443/114 1500/444/114
f  1501/444/114 1502/443/114 1503/445/114
f  1504/445/114 1505/443/114 1506/446/114
f  1507/445/114 1508/446/114 1509/447/114
f  1510/447/114 1511/446/114 1512/448/114
f  1513/447/114 1514/448/114 1515/449/114
f  1516/449/114 1517/448/114 1518/450/114
f  1519/449/114 1520/450/114 1521/451/114
f  1522/451/114 1523/450/114 1524/452/114
f  1525/451/114 1526/452/114 1527/453/114
f  1528/453/114 1529/452/114 1530/454/114
f  1531/453/114 1532/454/114 1533/455/114
f  1534/455/114 1535/454/114 1536/456/114
f  1537/455/114 1538/456/114 1539/457/114
f  1540/457/114 1541/456/114 1542/458/114
f  1543/457/114 1544/458/114 1545/459/114
f  1546/459/114 1547/458/114 1548/460/114
f  1549/459/114 1550/460/114 1551/461/114
f  1552/461/114 1553/460/114 1554/462/114
f  1555/461/114 1556/462/114 1557/463/114
f  1558/461/114 1559/463/114 1560/464/114
f  1561/464/114 1562/463/114 1563/465/114
f  1564/464/114 1565/465/114 1566/466/114
f  1567/466/114 1568/465/114 1569/467/114
f  1570/466/114 1571/467/114 1572/468/114
f  1573/468/114 1574/467/114 1575/469/114
f  1576/468/114 1577/469/114 1578/470/114
f  1579/470/114 1580/469/114 1581/471/114
f  1582/470/114 1583/471/114 1584/472/114
f  1585/472/114 1586/471/114 1587/473/114
f  1588/472/114 1589/473/114 1590/474/114
f  1591/474/114 1592/473/114 1593/475/114
f  1594/474/114 1595/475/114 1596/410/114
f  1597/410/114 1598/475/114 1599/408/114
f  1600/476/62 1601/477/62 1602/478/115
f  1603/478/115 1604/477/62 1605/479/79
f  1606/478/115 1607/479/79 1608/480/116
f  1609/480/116 1610/479/79 1611/481/81
f  1612/480/116 1613/481/81 1614/482/117
f  1615/482/117 1616/481/81 1617/483/39
f  1618/482/117 1619/483/39 1620/484/118
f  1621/484/118 1622/483/39 1623/485/37
f  1624/484/118 1625/485/37 1626/486/97
f  1627/486/97 1628/485/37 1629/487/38
f  1630/486/97 1631/488/98 1632/484/118
f  1633/484/118 1634/488/98 1635/489/119
f  1636/484/118 1637/489/119 1638/490/120
f  1639/490/120 1640/489/119 1641/491/121
f  1642/490/120 1643/491/121 1644/492/122
f  1645/492/122 1646/491/121 1647/493/123
f  1648/492/122 1649/493/123 1650/494/124
f  1651/494/124 1652/493/123 1653/495/125
f  1654/494/124 1655/495/125 1656/496/62
f  1657/496/62 1658/495/125 1659/497/62
f  1660/497/62 1661/495/125 1662/498/126
f  1663/497/62 1664/498/126 1665/499/62
f  1666/499/62 1667/498/126 1668/500/127
f  1669/499/62 1670/500/127 1671/501/62
f  1672/501/62 1673/500/127 1674/502/128
f  1675/501/62 1676/502/128 1677/503/62
f  1678/503/62 1679/502/128 1680/504/129
f  1681/503/62 1682/504/129 1683/505/62
f  1684/505/62 1685/504/129 1686/506/130
f  1687/505/62 1688/506/130 1689/507/62
f  1690/507/62 1691/506/130 1692/508/131
f  1693/507/62 1694/508/131 1695/509/62
f  1696/509/62 1697/508/131 1698/510/132
f  1699/509/62 1700/510/132 1701/511/62
f  1702/511/62 1703/510/132 1704/512/133
f  1705/511/62 1706/512/133 1707/513/62
f  1708/513/62 1709/512/133 1710/514/134
f  1711/513/62 1712/514/134 1713/515/62
f  1714/515/62 1715/514/134 1716/516/135
f  1717/515/62 1718/516/135 1719/517/62
f  1720/517/62 1721/516/135 1722/518/136
f  1723/517/62 1724/518/136 1725/519/62
f  1726/519/62 1727/518/136 1728/520/137
f  1729/519/62 1730/520/137 1731/62/62
f  1732/62/62 1733/520/137 1734/60/60
f  1735/60/60 1736/520/137 1737/521/138
f  1738/60/60 1739/521/138 1740/58/58
f  1741/58/58 1742/521/138 1743/522/139
f  1744/58/58 1745/522/139 1746/57/57
f  1747/57/57 1748/522/139 1749/523/140
f  1750/57/57 1751/523/140 1752/1/1
f  1753/1/1 1754/523/140 1755/2/2
f  1756/2/2 1757/523/140 1758/524/113
f  1759/524/113 1760/523/140 1761/525/141
f  1762/524/113 1763/525/141 1764/526/112
f  1765/526/112 1766/525/141 1767/527/142
f  1768/526/112 1769/527/142 1770/528/111
f  1771/528/111 1772/527/142 1773/529/143
f  1774/528/111 1775/529/143 1776/530/110
f  1777/530/110 1778/529/143 1779/531/144
f  1780/530/110 1781/531/144 1782/532/109
f  1783/532/109 1784/531/144 1785/533/145
f  1786/532/109 1787/533/145 1788/534/108
f  1789/534/108 1790/533/145 1791/535/146
f  1792/534/108 1793/535/146 1794/536/107
f  1795/536/107 1796/535/146 1797/537/147
f  1798/536/107 1799/537/147 1800/538/106
f  1801/538/106 1802/537/147 1803/539/148
f  1804/538/106 1805/539/148 1806/540/105
f  1807/540/105 1808/539/148 1809/541/149
f  1810/540/105 1811/541/149 1812/542/104
f  1813/542/104 1814/541/149 1815/543/150
f  1816/542/104 1817/543/150 1818/544/103
f  1819/544/103 1820/543/150 1821/545/151
f  1822/544/103 1823/545/151 1824/546/102
f  1825/546/102 1826/545/151 1827/547/152
f  1828/546/102 1829/547/152 1830/548/101
f  1831/548/101 1832/547/152 1833/549/153
f  1834/548/101 1835/549/153 1836/550/100
f  1837/550/100 1838/549/153 1839/551/154
f  1840/550/100 1841/551/154 1842/552/99
f  1843/552/99 1844/551/154 1845/489/119
f  1846/552/99 1847/489/119 1848/488/98
f  1849/496/62 1850/553/62 1851/494/124
f  1852/494/124 1853/553/62 1854/554/155
f  1855/494/124 1856/554/155 1857/492/122
f  1858/492/122 1859/554/155 1860/555/156
f  1861/492/122 1862/555/156 1863/490/120
f  1864/490/120 1865/555/156 1866/482/117
f  1867/490/120 1868/482/117 1869/484/118
f  1870/553/62 1871/556/62 1872/554/155
f  1873/554/155 1874/556/62 1875/557/157
f  1876/554/155 1877/557/157 1878/555/156
f  1879/555/156 1880/557/157 1881/480/116
f  1882/555/156 1883/480/116 1884/482/117
f  1885/556/62 1886/476/62 1887/557/157
f  1888/557/157 1889/476/62 1890/478/115
f  1891/557/157 1892/478/115 1893/480/116
f  1894/489/119 1895/551/154 1896/491/121
f  1897/491/121 1898/551/154 1899/558/158
f  1900/491/121 1901/558/158 1902/493/123
f  1903/493/123 1904/558/158 1905/559/159
f  1906/493/123 1907/559/159 1908/495/125
f  1909/495/125 1910/559/159 1911/498/126
f  1912/551/154 1913/549/153 1914/558/158
f  1915/558/158 1916/549/153 1917/560/160
f  1918/558/158 1919/560/160 1920/559/159
f  1921/559/159 1922/560/160 1923/561/161
f  1924/559/159 1925/561/161 1926/498/126
f  1927/498/126 1928/561/161 1929/500/127
f  1930/549/153 1931/547/152 1932/560/160
f  1933/560/160 1934/547/152 1935/562/162
f  1936/560/160 1937/562/162 1938/561/161
f  1939/561/161 1940/562/162 1941/563/163
f  1942/561/161 1943/563/163 1944/500/127
f  1945/500/127 1946/563/163 1947/502/128
f  1948/547/152 1949/545/151 1950/562/162
f  1951/562/162 1952/545/151 1953/564/164
f  1954/562/162 1955/564/164 1956/563/163
f  1957/563/163 1958/564/164 1959/565/165
f  1960/563/163 1961/565/165 1962/502/128
f  1963/502/128 1964/565/165 1965/504/129
f  1966/545/151 1967/543/150 1968/564/164
f  1969/564/164 1970/543/150 1971/566/166
f  1972/564/164 1973/566/166 1974/565/165
f  1975/565/165 1976/566/166 1977/567/167
f  1978/565/165 1979/567/167 1980/504/129
f  1981/504/129 1982/567/167 1983/506/130
f  1984/543/150 1985/541/149 1986/566/166
f  1987/566/166 1988/541/149 1989/568/168
f  1990/566/166 1991/568/168 1992/567/167
f  1993/567/167 1994/568/168 1995/569/169
f  1996/567/167 1997/569/169 1998/506/130
f  1999/506/130 2000/569/169 2001/508/131
f  2002/541/149 2003/539/148 2004/568/168
f  2005/568/168 2006/539/148 2007/570/170
f  2008/568/168 2009/570/170 2010/569/169
f  2011/569/169 2012/570/170 2013/571/171
f  2014/569/169 2015/571/171 2016/508/131
f  2017/508/131 2018/571/171 2019/510/132
f  2020/539/148 2021/537/147 2022/570/170
f  2023/570/170 2024/537/147 2025/572/172
f  2026/570/170 2027/572/172 2028/571/171
f  2029/571/171 2030/572/172 2031/573/173
f  2032/571/171 2033/573/173 2034/510/132
f  2035/510/132 2036/573/173 2037/512/133
f  2038/537/147 2039/535/146 2040/572/172
f  2041/572/172 2042/535/146 2043/574/174
f  2044/572/172 2045/574/174 2046/573/173
f  2047/573/173 2048/574/174 2049/575/175
f  2050/573/173 2051/575/175 2052/512/133
f  2053/512/133 2054/575/175 2055/514/134
f  2056/535/146 2057/533/145 2058/574/174
f  2059/574/174 2060/533/145 2061/576/176
f  2062/574/174 2063/576/176 2064/575/175
f  2065/575/175 2066/576/176 2067/577/177
f  2068/575/175 2069/577/177 2070/514/134
f  2071/514/134 2072/577/177 2073/516/135
f  2074/533/145 2075/531/144 2076/576/176
f  2077/576/176 2078/531/144 2079/578/178
f  2080/576/176 2081/578/178 2082/577/177
f  2083/577/177 2084/578/178 2085/579/179
f  2086/577/177 2087/579/179 2088/516/135
f  2089/516/135 2090/579/179 2091/518/136
f  2092/531/144 2093/529/143 2094/578/178
f  2095/578/178 2096/529/143 2097/580/180
f  2098/578/178 2099/580/180 2100/579/179
f  2101/579/179 2102/580/180 2103/581/181
f  2104/579/179 2105/581/181 2106/518/136
f  2107/518/136 2108/581/181 2109/520/137
f  2110/529/143 2111/527/142 2112/580/180
f  2113/580/180 2114/527/142 2115/582/182
f  2116/580/180 2117/582/182 2118/581/181
f  2119/581/181 2120/582/182 2121/521/138
f  2122/581/181 2123/521/138 2124/520/137
f  2125/527/142 2126/525/141 2127/582/182
f  2128/582/182 2129/525/141 2130/522/139
f  2131/582/182 2132/522/139 2133/521/138
f  2134/523/140 2135/522/139 2136/525/141

# Mesh 'NONE-lib' with 560 faces
g NONE-lib
usemtl MaterialFBXASC032FBXASC03528
f  2137/583/105 2138/584/183 2139/585/105
f  2140/585/105 2141/584/183 2142/586/183
f  2143/586/183 2144/584/183 2145/587/184
f  2146/586/183 2147/587/184 2148/588/184
f  2149/588/184 2150/587/184 2151/589/185
f  2152/588/184 2153/589/185 2154/590/185
f  2155/590/185 2156/589/185 2157/591/186
f  2158/590/185 2159/591/186 2160/592/186
f  2161/592/186 2162/591/186 2163/593/187
f  2164/592/186 2165/593/187 2166/594/187
f  2167/594/187 2168/593/187 2169/595/188
f  2170/594/187 2171/595/188 2172/596/188
f  2173/596/188 2174/595/188 2175/597/189
f  2176/596/188 2177/597/189 2178/598/189
f  2179/598/189 2180/597/189 2181/599/190
f  2182/598/189 2183/599/190 2184/600/190
f  2185/600/190 2186/599/190 2187/601/62
f  2188/600/190 2189/601/62 2190/602/62
f  2191/602/62 2192/601/62 2193/603/191
f  2194/602/62 2195/603/191 2196/604/191
f  2197/604/191 2198/603/191 2199/605/192
f  2200/604/191 2201/605/192 2202/606/192
f  2203/606/192 2204/605/192 2205/607/193
f  2206/606/192 2207/607/193 2208/608/193
f  2209/608/193 2210/607/193 2211/609/194
f  2212/608/193 2213/609/194 2214/610/194
f  2215/610/194 2216/609/194 2217/611/195
f  2218/610/194 2219/611/195 2220/612/195
f  2221/612/195 2222/611/195 2223/613/196
f  2224/612/195 2225/613/196 2226/614/196
f  2227/614/196 2228/613/196 2229/615/197
f  2230/614/196 2231/615/197 2232/616/197
f  2233/616/197 2234/615/197 2235/617/198
f  2236/616/197 2237/617/198 2238/618/198
f  2239/618/198 2240/617/198 2241/619/20
f  2242/619/20 2243/617/198 2244/620/20
f  2245/621/105 2246/2/105 2247/622/199
f  2248/622/199 2249/2/105 2250/623/183
f  2251/622/199 2252/623/183 2253/624/200
f  2254/624/200 2255/623/183 2256/625/201
f  2257/625/201 2258/623/183 2259/626/184
f  2260/625/201 2261/626/184 2262/627/202
f  2263/627/202 2264/626/184 2265/628/185
f  2266/627/202 2267/628/185 2268/629/203
f  2269/629/203 2270/628/185 2271/630/204
f  2272/630/204 2273/628/185 2274/631/186
f  2275/630/204 2276/631/186 2277/632/205
f  2278/632/205 2279/631/186 2280/633/206
f  2281/633/206 2282/631/186 2283/634/187
f  2284/633/206 2285/634/187 2286/635/207
f  2287/635/207 2288/634/187 2289/636/208
f  2290/636/208 2291/634/187 2292/637/188
f  2293/636/208 2294/637/188 2295/638/209
f  2296/638/209 2297/637/188 2298/639/210
f  2299/639/210 2300/637/188 2301/640/189
f  2302/639/210 2303/640/189 2304/641/211
f  2305/641/211 2306/640/189 2307/642/190
f  2308/641/211 2309/642/190 2310/643/212
f  2311/643/212 2312/642/190 2313/644/213
f  2314/644/213 2315/642/190 2316/645/62
f  2317/644/213 2318/645/62 2319/646/62
f  2320/646/62 2321/645/62 2322/647/214
f  2323/647/214 2324/645/62 2325/648/191
f  2326/647/214 2327/648/191 2328/649/215
f  2329/649/215 2330/648/191 2331/650/216
f  2332/650/216 2333/648/191 2334/651/192
f  2335/650/216 2336/651/192 2337/652/217
f  2338/652/217 2339/651/192 2340/653/193
f  2341/652/217 2342/653/193 2343/654/218
f  2344/654/218 2345/653/193 2346/655/219
f  2347/655/219 2348/653/193 2349/656/194
f  2350/655/219 2351/656/194 2352/657/220
f  2353/657/220 2354/656/194 2355/658/221
f  2356/658/221 2357/656/194 2358/659/195
f  2359/658/221 2360/659/195 2361/660/222
f  2362/660/222 2363/659/195 2364/661/223
f  2365/661/223 2366/659/195 2367/662/196
f  2368/661/223 2369/662/196 2370/663/224
f  2371/663/224 2372/662/196 2373/664/225
f  2374/664/225 2375/662/196 2376/665/197
f  2377/664/225 2378/665/197 2379/666/226
f  2380/666/226 2381/665/197 2382/667/198
f  2383/666/226 2384/667/198 2385/668/227
f  2386/668/227 2387/667/198 2388/669/228
f  2389/669/228 2390/667/198 2391/670/20
f  2392/669/228 2393/670/20 2394/671/20
f  2395/672/38 2396/673/38 2397/674/36
f  2398/674/36 2399/673/38 2400/675/36
f  2401/674/36 2402/675/36 2403/676/34
f  2404/676/34 2405/675/36 2406/677/34
f  2407/676/34 2408/677/34 2409/678/32
f  2410/678/32 2411/677/34 2412/679/32
f  2413/678/32 2414/679/32 2415/680/30
f  2416/680/30 2417/679/32 2418/681/30
f  2419/680/30 2420/681/30 2421/682/28
f  2422/682/28 2423/681/30 2424/683/28
f  2425/682/28 2426/683/28 2427/684/26
f  2428/684/26 2429/683/28 2430/685/26
f  2431/684/26 2432/685/26 2433/686/24
f  2434/686/24 2435/685/26 2436/687/24
f  2437/686/24 2438/687/24 2439/688/22
f  2440/688/22 2441/687/24 2442/689/22
f  2443/688/22 2444/689/22 2445/690/20
f  2446/690/20 2447/689/22 2448/691/20
f  2449/690/20 2450/691/20 2451/692/229
f  2452/692/229 2453/691/20 2454/693/18
f  2455/692/229 2456/693/18 2457/694/230
f  2458/694/230 2459/693/18 2460/695/231
f  2461/695/231 2462/693/18 2463/696/16
f  2464/695/231 2465/696/16 2466/697/232
f  2467/697/232 2468/696/16 2469/698/233
f  2470/698/233 2471/696/16 2472/699/14
f  2473/698/233 2474/699/14 2475/700/234
f  2476/700/234 2477/699/14 2478/701/12
f  2479/700/234 2480/701/12 2481/702/235
f  2482/702/235 2483/701/12 2484/703/236
f  2485/703/236 2486/701/12 2487/704/10
f  2488/703/236 2489/704/10 2490/705/237
f  2491/705/237 2492/704/10 2493/706/238
f  2494/706/238 2495/704/10 2496/707/8
f  2497/706/238 2498/707/8 2499/708/239
f  2500/708/239 2501/707/8 2502/709/240
f  2503/709/240 2504/707/8 2505/710/6
f  2506/709/240 2507/710/6 2508/711/241
f  2509/711/241 2510/710/6 2511/712/4
f  2512/711/241 2513/712/4 2514/713/242
f  2515/713/242 2516/712/4 2517/714/243
f  2518/714/243 2519/712/4 2520/715/2
f  2521/714/243 2522/715/2 2523/716/2
f  2524/688/22 2525/690/20 2526/717/20
f  2527/717/20 2528/690/20 2529/718/229
f  2530/717/20 2531/718/229 2532/719/18
f  2533/719/18 2534/718/229 2535/720/230
f  2536/719/18 2537/720/230 2538/721/231
f  2539/719/18 2540/721/231 2541/722/16
f  2542/722/16 2543/721/231 2544/723/232
f  2545/722/16 2546/723/232 2547/724/233
f  2548/722/16 2549/724/233 2550/725/14
f  2551/725/14 2552/724/233 2553/726/234
f  2554/725/14 2555/726/234 2556/727/12
f  2557/727/12 2558/726/234 2559/728/235
f  2560/727/12 2561/728/235 2562/729/236
f  2563/727/12 2564/729/236 2565/730/10
f  2566/730/10 2567/729/236 2568/731/237
f  2569/730/10 2570/731/237 2571/732/238
f  2572/730/10 2573/732/238 2574/733/8
f  2575/733/8 2576/732/238 2577/734/239
f  2578/733/8 2579/734/239 2580/735/240
f  2581/733/8 2582/735/240 2583/736/6
f  2584/736/6 2585/735/240 2586/737/241
f  2587/736/6 2588/737/241 2589/738/4
f  2590/738/4 2591/737/241 2592/739/242
f  2593/738/4 2594/739/242 2595/740/243
f  2596/741/2 2597/742/2 2598/740/243
f  2599/740/243 2600/742/2 2601/738/4
f  2602/743/2 2603/744/2 2604/745/244
f  2605/745/244 2606/744/2 2607/746/113
f  2608/745/244 2609/746/113 2610/747/245
f  2611/747/245 2612/746/113 2613/748/246
f  2614/748/246 2615/746/113 2616/749/112
f  2617/748/246 2618/749/112 2619/750/247
f  2620/750/247 2621/749/112 2622/751/111
f  2623/750/247 2624/751/111 2625/752/248
f  2626/752/248 2627/751/111 2628/753/249
f  2629/753/249 2630/751/111 2631/754/110
f  2632/753/249 2633/754/110 2634/755/250
f  2635/755/250 2636/754/110 2637/756/251
f  2638/756/251 2639/754/110 2640/757/109
f  2641/756/251 2642/757/109 2643/758/252
f  2644/758/252 2645/757/109 2646/759/253
f  2647/759/253 2648/757/109 2649/760/108
f  2650/759/253 2651/760/108 2652/761/254
f  2653/761/254 2654/760/108 2655/762/107
f  2656/761/254 2657/762/107 2658/763/255
f  2659/763/255 2660/762/107 2661/764/256
f  2662/764/256 2663/762/107 2664/765/106
f  2665/764/256 2666/765/106 2667/766/257
f  2668/766/257 2669/765/106 2670/767/258
f  2671/767/258 2672/765/106 2673/768/105
f  2674/767/258 2675/768/105 2676/769/105
f  2677/769/105 2678/768/105 2679/770/104
f  2680/769/105 2681/770/104 2682/771/104
f  2683/771/104 2684/770/104 2685/772/103
f  2686/771/104 2687/772/103 2688/773/103
f  2689/773/103 2690/772/103 2691/774/102
f  2692/773/103 2693/774/102 2694/775/102
f  2695/775/102 2696/774/102 2697/776/101
f  2698/775/102 2699/776/101 2700/777/101
f  2701/777/101 2702/776/101 2703/778/100
f  2704/777/101 2705/778/100 2706/779/100
f  2707/779/100 2708/778/100 2709/780/99
f  2710/779/100 2711/780/99 2712/781/99
f  2713/781/99 2714/780/99 2715/782/98
f  2716/781/99 2717/782/98 2718/783/98
f  2719/783/98 2720/782/98 2721/784/97
f  2722/783/98 2723/784/97 2724/785/97
f  2725/785/97 2726/784/97 2727/673/38
f  2728/785/97 2729/673/38 2730/672/38
f  2731/771/104 2732/786/105 2733/769/105
f  2734/769/105 2735/786/105 2736/787/258
f  2737/787/258 2738/786/105 2739/788/106
f  2740/787/258 2741/788/106 2742/789/257
f  2743/789/257 2744/788/106 2745/790/256
f  2746/790/256 2747/788/106 2748/791/107
f  2749/790/256 2750/791/107 2751/792/255
f  2752/792/255 2753/791/107 2754/793/108
f  2755/792/255 2756/793/108 2757/794/254
f  2758/794/254 2759/793/108 2760/795/253
f  2761/795/253 2762/793/108 2763/796/109
f  2764/795/253 2765/796/109 2766/797/252
f  2767/797/252 2768/796/109 2769/798/251
f  2770/798/251 2771/796/109 2772/799/110
f  2773/798/251 2774/799/110 2775/800/250
f  2776/800/250 2777/799/110 2778/801/249
f  2779/801/249 2780/799/110 2781/802/111
f  2782/801/249 2783/802/111 2784/803/248
f  2785/803/248 2786/802/111 2787/804/247
f  2788/804/247 2789/802/111 2790/805/112
f  2791/804/247 2792/805/112 2793/806/246
f  2794/806/246 2795/805/112 2796/807/113
f  2797/806/246 2798/807/113 2799/808/245
f  2800/808/245 2801/807/113 2802/809/244
f  2803/809/244 2804/807/113 2805/810/2
f  2806/809/244 2807/810/2 2808/811/2
f  2809/812/20 2810/813/20 2811/814/259
f  2812/814/259 2813/813/20 2814/815/260
f  2815/814/259 2816/815/260 2817/816/261
f  2818/816/261 2819/815/260 2820/817/262
f  2821/817/262 2822/815/260 2823/818/263
f  2824/817/262 2825/818/263 2826/819/264
f  2827/819/264 2828/818/263 2829/820/265
f  2830/819/264 2831/820/265 2832/821/266
f  2833/821/266 2834/820/265 2835/822/267
f  2836/822/267 2837/820/265 2838/823/268
f  2839/822/267 2840/823/268 2841/824/269
f  2842/824/269 2843/823/268 2844/825/270
f  2845/825/270 2846/823/268 2847/826/271
f  2848/825/270 2849/826/271 2850/827/272
f  2851/827/272 2852/826/271 2853/828/273
f  2854/828/273 2855/826/271 2856/829/274
f  2857/828/273 2858/829/274 2859/830/275
f  2860/830/275 2861/829/274 2862/831/276
f  2863/831/276 2864/829/274 2865/832/277
f  2866/831/276 2867/832/277 2868/833/278
f  2869/833/278 2870/832/277 2871/834/279
f  2872/833/278 2873/834/279 2874/835/280
f  2875/835/280 2876/834/279 2877/836/281
f  2878/836/281 2879/834/279 2880/837/114
f  2881/836/281 2882/837/114 2883/838/114
f  2884/838/114 2885/837/114 2886/839/282
f  2887/839/282 2888/837/114 2889/840/283
f  2890/839/282 2891/840/283 2892/841/284
f  2893/841/284 2894/840/283 2895/842/285
f  2896/842/285 2897/840/283 2898/843/286
f  2899/842/285 2900/843/286 2901/844/287
f  2902/844/287 2903/843/286 2904/845/288
f  2905/844/287 2906/845/288 2907/846/289
f  2908/846/289 2909/845/288 2910/847/290
f  2911/847/290 2912/845/288 2913/848/291
f  2914/847/290 2915/848/291 2916/849/292
f  2917/849/292 2918/848/291 2919/850/293
f  2920/850/293 2921/848/291 2922/851/294
f  2923/850/293 2924/851/294 2925/852/295
f  2926/852/295 2927/851/294 2928/853/296
f  2929/853/296 2930/851/294 2931/854/297
f  2932/853/296 2933/854/297 2934/855/298
f  2935/855/298 2936/854/297 2937/856/299
f  2938/855/298 2939/856/299 2940/857/300
f  2941/857/300 2942/856/299 2943/858/301
f  2944/858/301 2945/856/299 2946/859/302
f  2947/858/301 2948/859/302 2949/860/303
f  2950/860/303 2951/859/302 2952/861/304
f  2953/861/304 2954/859/302 2955/2/105
f  2956/861/304 2957/2/105 2958/621/105
f  2959/862/2 2960/352/2 2961/863/2
f  2962/863/2 2963/352/2 2964/350/2
f  2965/863/2 2966/350/2 2967/348/2
f  2968/352/2 2969/862/2 2970/354/2
f  2971/354/2 2972/862/2 2973/864/2
f  2974/354/2 2975/864/2 2976/356/2
f  2977/356/2 2978/864/2 2979/865/2
f  2980/356/2 2981/865/2 2982/358/2
f  2983/358/2 2984/865/2 2985/866/2
f  2986/358/2 2987/866/2 2988/360/2
f  2989/360/2 2990/866/2 2991/867/2
f  2992/360/2 2993/867/2 2994/362/2
f  2995/362/2 2996/867/2 2997/868/2
f  2998/362/2 2999/868/2 3000/364/2
f  3001/364/2 3002/868/2 3003/869/2
f  3004/364/2 3005/869/2 3006/366/2
f  3007/366/2 3008/869/2 3009/870/2
f  3010/366/2 3011/870/2 3012/367/2
f  3013/367/2 3014/870/2 3015/871/2
f  3016/367/2 3017/871/2 3018/872/2
f  3019/367/2 3020/872/2 3021/365/2
f  3022/365/2 3023/872/2 3024/873/2
f  3025/365/2 3026/873/2 3027/363/2
f  3028/363/2 3029/873/2 3030/874/2
f  3031/363/2 3032/874/2 3033/361/2
f  3034/361/2 3035/874/2 3036/875/2
f  3037/361/2 3038/875/2 3039/359/2
f  3040/359/2 3041/875/2 3042/876/2
f  3043/359/2 3044/876/2 3045/357/2
f  3046/357/2 3047/876/2 3048/877/2
f  3049/357/2 3050/877/2 3051/355/2
f  3052/355/2 3053/877/2 3054/878/2
f  3055/355/2 3056/878/2 3057/353/2
f  3058/353/2 3059/878/2 3060/879/2
f  3061/353/2 3062/879/2 3063/351/2
f  3064/351/2 3065/879/2 3066/349/2
f  3067/349/2 3068/879/2 3069/880/2
f  3070/349/2 3071/880/2 3072/347/2
f  3073/347/2 3074/880/2 3075/881/2
f  3076/347/2 3077/881/2 3078/345/2
f  3079/345/2 3080/881/2 3081/882/2
f  3082/345/2 3083/882/2 3084/343/2
f  3085/343/2 3086/882/2 3087/883/2
f  3088/343/2 3089/883/2 3090/341/2
f  3091/341/2 3092/883/2 3093/884/2
f  3094/341/2 3095/884/2 3096/339/2
f  3097/339/2 3098/884/2 3099/885/2
f  3100/339/2 3101/885/2 3102/337/2
f  3103/337/2 3104/885/2 3105/886/2
f  3106/337/2 3107/886/2 3108/335/2
f  3109/335/2 3110/886/2 3111/887/2
f  3112/335/2 3113/887/2 3114/334/2
f  3115/334/2 3116/887/2 3117/888/2
f  3118/334/2 3119/888/2 3120/332/2
f  3121/332/2 3122/888/2 3123/889/2
f  3124/332/2 3125/889/2 3126/890/2
f  3127/332/2 3128/890/2 3129/333/2
f  3130/333/2 3131/890/2 3132/891/2
f  3133/333/2 3134/891/2 3135/336/2
f  3136/336/2 3137/891/2 3138/892/2
f  3139/336/2 3140/892/2 3141/338/2
f  3142/338/2 3143/892/2 3144/893/2
f  3145/338/2 3146/893/2 3147/340/2
f  3148/340/2 3149/893/2 3150/894/2
f  3151/340/2 3152/894/2 3153/342/2
f  3154/342/2 3155/894/2 3156/895/2
f  3157/342/2 3158/895/2 3159/344/2
f  3160/344/2 3161/895/2 3162/896/2
f  3163/344/2 3164/896/2 3165/346/2
f  3166/346/2 3167/896/2 3168/897/2
f  3169/346/2 3170/897/2 3171/348/2
f  3172/348/2 3173/897/2 3174/863/2
f  3175/898/20 3176/899/20 3177/900/260
f  3178/900/260 3179/899/20 3180/901/260
f  3181/900/260 3182/901/260 3183/902/263
f  3184/900/260 3185/902/263 3186/903/263
f  3187/903/263 3188/902/263 3189/904/265
f  3190/903/263 3191/904/265 3192/905/265
f  3193/905/265 3194/904/265 3195/906/268
f  3196/905/265 3197/906/268 3198/907/268
f  3199/907/268 3200/906/268 3201/908/271
f  3202/907/268 3203/908/271 3204/909/271
f  3205/909/271 3206/908/271 3207/910/274
f  3208/909/271 3209/910/274 3210/911/274
f  3211/911/274 3212/910/274 3213/912/277
f  3214/911/274 3215/912/277 3216/913/277
f  3217/913/277 3218/912/277 3219/914/279
f  3220/913/277 3221/914/279 3222/915/279
f  3223/915/279 3224/914/279 3225/916/114
f  3226/915/279 3227/916/114 3228/917/114
f  3229/917/114 3230/916/114 3231/918/283
f  3232/917/114 3233/918/283 3234/919/283
f  3235/919/283 3236/918/283 3237/920/286
f  3238/919/283 3239/920/286 3240/921/286
f  3241/921/286 3242/920/286 3243/922/288
f  3244/921/286 3245/922/288 3246/923/288
f  3247/923/288 3248/922/288 3249/924/291
f  3250/923/288 3251/924/291 3252/925/291
f  3253/925/291 3254/924/291 3255/926/294
f  3256/925/291 3257/926/294 3258/927/294
f  3259/927/294 3260/926/294 3261/928/297
f  3262/927/294 3263/928/297 3264/929/297
f  3265/929/297 3266/928/297 3267/930/299
f  3268/929/297 3269/930/299 3270/931/299
f  3271/931/299 3272/930/299 3273/932/302
f  3274/931/299 3275/932/302 3276/933/302
f  3277/933/302 3278/932/302 3279/583/105
f  3280/933/302 3281/583/105 3282/585/105
f  3283/934/2 3284/935/2 3285/936/2
f  3286/936/2 3287/935/2 3288/937/2
f  3289/936/2 3290/937/2 3291/938/2
f  3292/938/2 3293/939/2 3294/936/2
f  3295/936/2 3296/939/2 3297/940/2
f  3298/936/2 3299/940/2 3300/941/2
f  3301/941/2 3302/940/2 3303/942/2
f  3304/941/2 3305/942/2 3306/943/2
f  3307/943/2 3308/942/2 3309/944/2
f  3310/943/2 3311/944/2 3312/945/2
f  3313/945/2 3314/944/2 3315/946/2
f  3316/945/2 3317/946/2 3318/947/2
f  3319/947/2 3320/946/2 3321/948/2
f  3322/947/2 3323/948/2 3324/949/2
f  3325/950/2 3326/951/2 3327/936/2
f  3328/936/2 3329/951/2 3330/952/2
f  3331/936/2 3332/952/2 3333/953/2
f  3334/951/2 3335/950/2 3336/954/2
f  3337/954/2 3338/950/2 3339/955/2
f  3340/954/2 3341/955/2 3342/956/2
f  3343/956/2 3344/955/2 3345/957/2
f  3346/956/2 3347/957/2 3348/958/2
f  3349/958/2 3350/957/2 3351/959/2
f  3352/953/2 3353/960/2 3354/936/2
f  3355/936/2 3356/960/2 3357/961/2
f  3358/936/2 3359/961/2 3360/962/2
f  3361/962/2 3362/963/2 3363/936/2
f  3364/936/2 3365/963/2 3366/964/2
f  3367/936/2 3368/964/2 3369/965/2
f  3370/965/2 3371/966/2 3372/936/2
f  3373/936/2 3374/966/2 3375/967/2
f  3376/936/2 3377/967/2 3378/968/2
f  3379/968/2 3380/969/2 3381/936/2
f  3382/936/2 3383/969/2 3384/934/2
f  3385/970/305 3386/971/305 3387/972/305
f  3388/972/305 3389/971/305 3390/973/305
f  3391/972/305 3392/973/305 3393/974/305
f  3394/974/305 3395/973/305 3396/975/305
f  3397/974/305 3398/975/305 3399/976/305
f  3400/976/305 3401/975/305 3402/977/305
f  3403/976/305 3404/977/305 3405/978/305
f  3406/978/305 3407/977/305 3408/979/305
f  3409/978/305 3410/979/305 3411/980/305
f  3412/980/305 3413/979/305 3414/981/305
f  3415/980/305 3416/981/305 3417/982/305
f  3418/982/305 3419/981/305 3420/983/305
f  3421/982/305 3422/983/305 3423/984/305
f  3424/984/305 3425/983/305 3426/985/305
f  3427/984/305 3428/985/305 3429/986/305
f  3430/986/305 3431/985/305 3432/987/305
f  3433/986/305 3434/987/305 3435/988/305
f  3436/988/305 3437/987/305 3438/989/305
f  3439/989/305 3440/987/305 3441/990/305
f  3442/989/305 3443/990/305 3444/991/305
f  3445/991/305 3446/990/305 3447/992/305
f  3448/991/305 3449/992/305 3450/993/305
f  3451/993/305 3452/992/305 3453/994/305
f  3454/993/305 3455/994/305 3456/995/305
f  3457/995/305 3458/994/305 3459/996/305
f  3460/995/305 3461/996/305 3462/997/305
f  3463/997/305 3464/996/305 3465/998/305
f  3466/997/305 3467/998/305 3468/999/305
f  3469/999/305 3470/998/305 3471/1000/305
f  3472/999/305 3473/1000/305 3474/1001/305
f  3475/1001/305 3476/1000/305 3477/1002/305
f  3478/1001/305 3479/1002/305 3480/1003/305
f  3481/1003/305 3482/1002/305 3483/1004/305
f  3484/1003/305 3485/1004/305 3486/1005/305
f  3487/1005/305 3488/1004/305 3489/1006/305
f  3490/1005/305 3491/1006/305 3492/1007/305
f  3493/1007/305 3494/1006/305 3495/1008/305
f  3496/1007/305 3497/1008/305 3498/1009/305
f  3499/1007/305 3500/1009/305 3501/1010/305
f  3502/1010/305 3503/1009/305 3504/1011/305
f  3505/1010/305 3506/1011/305 3507/1012/305
f  3508/1012/305 3509/1011/305 3510/1013/305
f  3511/1012/305 3512/1013/305 3513/1014/305
f  3514/1014/305 3515/1013/305 3516/1015/305
f  3517/1014/305 3518/1015/305 3519/1016/305
f  3520/1016/305 3521/1015/305 3522/1017/305
f  3523/1016/305 3524/1017/305 3525/1018/305
f  3526/1018/305 3527/1017/305 3528/1019/305
f  3529/1018/305 3530/1019/305 3531/1020/305
f  3532/1020/305 3533/1019/305 3534/1021/305
f  3535/1020/305 3536/1021/305 3537/1022/305
f  3538/1022/305 3539/1021/305 3540/1023/305
f  3541/1022/305 3542/1023/305 3543/1024/305
f  3544/1024/305 3545/1023/305 3546/1025/305
f  3547/1024/305 3548/1025/305 3549/1026/305
f  3550/1026/305 3551/1025/305 3552/1027/305
f  3553/1027/305 3554/1025/305 3555/1028/305
f  3556/1027/305 3557/1028/305 3558/1029/305
f  3559/1029/305 3560/1028/305 3561/1030/305
f  3562/1029/305 3563/1030/305 3564/1031/305
f  3565/1031/305 3566/1030/305 3567/1032/305
f  3568/1031/305 3569/1032/305 3570/1033/305
f  3571/1033/305 3572/1032/305 3573/1034/305
f  3574/1033/305 3575/1034/305 3576/1035/305
f  3577/1035/305 3578/1034/305 3579/1036/305
f  3580/1035/305 3581/1036/305 3582/1037/305
f  3583/1037/305 3584/1036/305 3585/1038/305
f  3586/1037/305 3587/1038/305 3588/1039/305
f  3589/1039/305 3590/1038/305 3591/1040/305
f  3592/1039/305 3593/1040/305 3594/1041/305
f  3595/1041/305 3596/1040/305 3597/970/305
f  3598/1041/305 3599/970/305 3600/972/305
f  3601/1042/114 3602/404/114 3603/1043/114
f  3604/1043/114 3605/404/114 3606/406/114
f  3607/1043/114 3608/406/114 3609/1044/114
f  3610/1044/114 3611/406/114 3612/408/114
f  3613/1044/114 3614/408/114 3615/475/114
f  3616/404/114 3617/1042/114 3618/412/114
f  3619/412/114 3620/1042/114 3621/1045/114
f  3622/412/114 3623/1045/114 3624/414/114
f  3625/414/114 3626/1045/114 3627/1046/114
f  3628/414/114 3629/1046/114 3630/416/114
f  3631/416/114 3632/1046/114 3633/1047/114
f  3634/416/114 3635/1047/114 3636/418/114
f  3637/418/114 3638/1047/114 3639/1048/114
f  3640/418/114 3641/1048/114 3642/420/114
f  3643/420/114 3644/1048/114 3645/1049/114
f  3646/420/114 3647/1049/114 3648/422/114
f  3649/422/114 3650/1049/114 3651/1050/114
f  3652/422/114 3653/1050/114 3654/424/114
f  3655/424/114 3656/1050/114 3657/1051/114
f  3658/424/114 3659/1051/114 3660/426/114
f  3661/426/114 3662/1051/114 3663/1052/114
f  3664/426/114 3665/1052/114 3666/1053/114
f  3667/426/114 3668/1053/114 3669/427/114
f  3670/427/114 3671/1053/114 3672/1054/114
f  3673/427/114 3674/1054/114 3675/429/114
f  3676/429/114 3677/1054/114 3678/1055/114
f  3679/429/114 3680/1055/114 3681/431/114
f  3682/431/114 3683/1055/114 3684/1056/114
f  3685/431/114 3686/1056/114 3687/433/114
f  3688/433/114 3689/1056/114 3690/1057/114
f  3691/433/114 3692/1057/114 3693/435/114
f  3694/435/114 3695/1057/114 3696/1058/114
f  3697/435/114 3698/1058/114 3699/437/114
f  3700/437/114 3701/1058/114 3702/1059/114
f  3703/437/114 3704/1059/114 3705/439/114
f  3706/439/114 3707/1059/114 3708/1060/114
f  3709/439/114 3710/1060/114 3711/441/114
f  3712/441/114 3713/1060/114 3714/1061/114
f  3715/441/114 3716/1061/114 3717/443/114
f  3718/443/114 3719/1061/114 3720/446/114
f  3721/446/114 3722/1061/114 3723/1062/114
f  3724/446/114 3725/1062/114 3726/448/114
f  3727/448/114 3728/1062/114 3729/1063/114
f  3730/448/114 3731/1063/114 3732/450/114
f  3733/450/114 3734/1063/114 3735/1064/114
f  3736/450/114 3737/1064/114 3738/452/114
f  3739/452/114 3740/1064/114 3741/1065/114
f  3742/452/114 3743/1065/114 3744/454/114
f  3745/454/114 3746/1065/114 3747/1066/114
f  3748/454/114 3749/1066/114 3750/456/114
f  3751/456/114 3752/1066/114 3753/1067/114
f  3754/456/114 3755/1067/114 3756/458/114
f  3757/458/114 3758/1067/114 3759/1068/114
f  3760/458/114 3761/1068/114 3762/460/114
f  3763/460/114 3764/1068/114 3765/1069/114
f  3766/460/114 3767/1069/114 3768/462/114
f  3769/462/114 3770/1069/114 3771/1070/114
f  3772/462/114 3773/1070/114 3774/1071/114
f  3775/462/114 3776/1071/114 3777/463/114
f  3778/463/114 3779/1071/114 3780/1072/114
f  3781/463/114 3782/1072/114 3783/465/114
f  3784/465/114 3785/1072/114 3786/1073/114
f  3787/465/114 3788/1073/114 3789/467/114
f  3790/467/114 3791/1073/114 3792/1074/114
f  3793/467/114 3794/1074/114 3795/469/114
f  3796/469/114 3797/1074/114 3798/1075/114
f  3799/469/114 3800/1075/114 3801/471/114
f  3802/471/114 3803/1075/114 3804/1076/114
f  3805/471/114 3806/1076/114 3807/473/114
f  3808/473/114 3809/1076/114 3810/1077/114
f  3811/473/114 3812/1077/114 3813/475/114
f  3814/475/114 3815/1077/114 3816/1044/114

