# File produced by Open Asset Import Library (http://www.assimp.sf.net)
# (assimp v5.4.3276931299)

mtllib link3.mtl

# 5880 vertex positions
v 0.331 0.0909119993 0.0356650017
v 0.364798009 0.095464997 0.0368340015
v 0.331 0.102499999 0.0375000015
v 0.331 0.102499999 0.0375000015
v 0.364798009 0.095464997 0.0368340015
v 0.366501004 0.0987280011 0.0373100005
v 0.331 0.102499999 0.0375000015
v 0.366501004 0.0987280011 0.0373100005
v 0.367058992 0.100514993 0.0374470018
v 0.331 0.0804580003 0.0303380005
v 0.354961991 0.0833519995 0.0322429985
v 0.331 0.0909119993 0.0356650017
v 0.331 0.0909119993 0.0356650017
v 0.354961991 0.0833519995 0.0322429985
v 0.360204011 0.0893270001 0.0351100005
v 0.331 0.0909119993 0.0356650017
v 0.360204011 0.0893270001 0.0351100005
v 0.364798009 0.095464997 0.0368340015
v 0.354961991 0.0833519995 0.0322429985
v 0.331 0.0804580003 0.0303380005
v 0.349792004 0.0777850002 0.0282019991
v 0.349792004 0.0777850002 0.0282019991
v 0.331 0.0804580003 0.0303380005
v 0.331 0.0721620023 0.0220420007
v 0.349792004 0.0777850002 0.0282019991
v 0.331 0.0721620023 0.0220420007
v 0.345100999 0.0728559941 0.0229669996
v 0.345100999 0.0728559941 0.0229669996
v 0.331 0.0721620023 0.0220420007
v 0.341105014 0.0687119961 0.0162659995
v 0.341105014 0.0687119961 0.0162659995
v 0.331 0.0721620023 0.0220420007
v 0.331 0.0668350011 0.0115879998
v 0.341105014 0.0687119961 0.0162659995
v 0.331 0.0668350011 0.0115879998
v 0.338431001 0.0659569949 0.00841700006
v 0.338431001 0.0659569949 0.00841700006
v 0.331 0.0668350011 0.0115879998
v 0.331 0.0649999976 0
v 0.338431001 0.0659569949 0.00841700006
v 0.331 0.0649999976 0
v 0.337500006 0.0649999976 0
v 0.337500006 0.0649999976 0
v 0.331 0.0649999976 0
v 0.338431001 0.0659569949 -0.00841700006
v 0.338431001 0.0659569949 -0.00841700006
v 0.331 0.0649999976 0
v 0.331 0.0668350011 -0.0115879998
v 0.338431001 0.0659569949 -0.00841700006
v 0.331 0.0668350011 -0.0115879998
v 0.341105014 0.0687119961 -0.0162659995
v 0.341105014 0.0687119961 -0.0162659995
v 0.331 0.0668350011 -0.0115879998
v 0.331 0.0721620023 -0.0220420007
v 0.341105014 0.0687119961 -0.0162659995
v 0.331 0.0721620023 -0.0220420007
v 0.345100999 0.0728559941 -0.0229669996
v 0.345100999 0.0728559941 -0.0229669996
v 0.331 0.0721620023 -0.0220420007
v 0.349792004 0.0777850002 -0.0282019991
v 0.349792004 0.0777850002 -0.0282019991
v 0.331 0.0721620023 -0.0220420007
v 0.331 0.0804580003 -0.0303380005
v 0.349792004 0.0777850002 -0.0282019991
v 0.331 0.0804580003 -0.0303380005
v 0.354961991 0.0833519995 -0.0322429985
v 0.354961991 0.0833519995 -0.0322429985
v 0.331 0.0804580003 -0.0303380005
v 0.331 0.0909119993 -0.0356650017
v 0.354961991 0.0833519995 -0.0322429985
v 0.331 0.0909119993 -0.0356650017
v 0.360204011 0.0893270001 -0.0351100005
v 0.360204011 0.0893270001 -0.0351100005
v 0.331 0.0909119993 -0.0356650017
v 0.364798009 0.095464997 -0.0368340015
v 0.364798009 0.095464997 -0.0368340015
v 0.331 0.0909119993 -0.0356650017
v 0.331 0.102499999 -0.0375000015
v 0.364798009 0.095464997 -0.0368340015
v 0.331 0.102499999 -0.0375000015
v 0.366501004 0.0987280011 -0.0373100005
v 0.366501004 0.0987280011 -0.0373100005
v 0.331 0.102499999 -0.0375000015
v 0.367058992 0.100514993 -0.0374470018
v 0.367058992 0.100514993 -0.0374470018
v 0.331 0.102499999 -0.0375000015
v 0.367282003 0.102499999 -0.0375000015
v 0.367058992 0.100514993 0.0374470018
v 0.367282003 0.102499999 0.0375000015
v 0.331 0.102499999 0.0375000015
v 0.375999987 0.136418 -0.0384999998
v 0.387897015 0.133230001 -0.0366160013
v 0.375999987 0.053199999 -0.0384999998
v 0.375999987 0.053199999 -0.0384999998
v 0.387897015 0.133230001 -0.0366160013
v 0.387897015 0.053199999 -0.0366160013
v 0.387897015 0.053199999 -0.0366160013
v 0.387897015 0.133230001 -0.0366160013
v 0.398629993 0.130354002 -0.0311469994
v 0.387897015 0.053199999 -0.0366160013
v 0.398629993 0.130354002 -0.0311469994
v 0.398629993 0.053199999 -0.0311469994
v 0.398629993 0.053199999 -0.0311469994
v 0.398629993 0.130354002 -0.0311469994
v 0.40714699 0.128071994 -0.0226300005
v 0.398629993 0.053199999 -0.0311469994
v 0.40714699 0.128071994 -0.0226300005
v 0.40714699 0.053199999 -0.0226300005
v 0.40714699 0.053199999 -0.0226300005
v 0.40714699 0.128071994 -0.0226300005
v 0.412616014 0.126607001 -0.0118969996
v 0.40714699 0.053199999 -0.0226300005
v 0.412616014 0.126607001 -0.0118969996
v 0.412616014 0.053199999 -0.0118969996
v 0.412616014 0.053199999 -0.0118969996
v 0.412616014 0.126607001 -0.0118969996
v 0.414499998 0.126102 0
v 0.412616014 0.053199999 -0.0118969996
v 0.414499998 0.126102 0
v 0.414499998 0.053199999 0
v 0.414499998 0.053199999 0
v 0.414499998 0.126102 0
v 0.412616014 0.053199999 0.0118969996
v 0.412616014 0.053199999 0.0118969996
v 0.414499998 0.126102 0
v 0.412616014 0.126607001 0.0118969996
v 0.412616014 0.053199999 0.0118969996
v 0.412616014 0.126607001 0.0118969996
v 0.40714699 0.053199999 0.0226300005
v 0.40714699 0.053199999 0.0226300005
v 0.412616014 0.126607001 0.0118969996
v 0.40714699 0.128071994 0.0226300005
v 0.40714699 0.053199999 0.0226300005
v 0.40714699 0.128071994 0.0226300005
v 0.398629993 0.053199999 0.0311469994
v 0.398629993 0.053199999 0.0311469994
v 0.40714699 0.128071994 0.0226300005
v 0.398629993 0.130354002 0.0311469994
v 0.398629993 0.053199999 0.0311469994
v 0.398629993 0.130354002 0.0311469994
v 0.387897015 0.053199999 0.0366160013
v 0.387897015 0.053199999 0.0366160013
v 0.398629993 0.130354002 0.0311469994
v 0.387897015 0.133230001 0.0366160013
v 0.387897015 0.053199999 0.0366160013
v 0.387897015 0.133230001 0.0366160013
v 0.375999987 0.053199999 0.0384999998
v 0.375999987 0.053199999 0.0384999998
v 0.387897015 0.133230001 0.0366160013
v 0.375999987 0.136418 0.0384999998
v 0.0659999996 0.139279991 -0.00731399981
v 0.0591530018 0.139609993 -0.00749000022
v 0.0659999996 0.140000001 0
v 0.0659999996 0.140000001 0
v 0.0591530018 0.139609993 -0.00749000022
v 0.0523290001 0.139548004 -0.00766400015
v 0.0659999996 0.140000001 0
v 0.0523290001 0.139548004 -0.00766400015
v 0.0452909991 0.139837995 0
v 0.0452909991 0.139837995 0
v 0.0523290001 0.139548004 -0.00766400015
v 0.0454870015 0.139091998 -0.00784000009
v 0.0452909991 0.139837995 0
v 0.0454870015 0.139091998 -0.00784000009
v 0.0388090014 0.138261005 -0.00801299978
v 0.0388090014 0.138261005 -0.00801299978
v 0.0454870015 0.139091998 -0.00784000009
v 0.0395519994 0.136069998 -0.015718
v 0.0388090014 0.138261005 -0.00801299978
v 0.0395519994 0.136069998 -0.015718
v 0.0254430007 0.135416999 -0.00836499967
v 0.0254430007 0.135416999 -0.00836499967
v 0.0395519994 0.136069998 -0.015718
v 0.0265529994 0.133267999 -0.0164080001
v 0.0254430007 0.135416999 -0.00836499967
v 0.0265529994 0.133267999 -0.0164080001
v 0.0125860004 0.131092995 -0.00871300045
v 0.0125860004 0.131092995 -0.00871300045
v 0.0265529994 0.133267999 -0.0164080001
v 0.0140500003 0.129032001 -0.0170910005
v 0.0125860004 0.131092995 -0.00871300045
v 0.0140500003 0.129032001 -0.0170910005
v 0.000197999994 0.125280991 -0.00906299986
v 0.000197999994 0.125280991 -0.00906299986
v 0.0140500003 0.129032001 -0.0170910005
v 0.00200399989 0.123354003 -0.0177779999
v 0.000197999994 0.125280991 -0.00906299986
v 0.00200399989 0.123354003 -0.0177779999
v -0.0114719998 0.118073002 -0.0094130002
v -0.0114719998 0.118073002 -0.0094130002
v 0.00200399989 0.123354003 -0.0177779999
v -0.00934599992 0.116322994 -0.0184649993
v -0.0114719998 0.118073002 -0.0094130002
v -0.00934599992 0.116322994 -0.0184649993
v -0.0206610002 0.110938996 -0.0097099999
v -0.0206610002 0.110938996 -0.0097099999
v -0.00934599992 0.116322994 -0.0184649993
v -0.0182830002 0.109369993 -0.0190469995
v -0.0206610002 0.110938996 -0.0097099999
v -0.0182830002 0.109369993 -0.0190469995
v -0.0290990006 0.102959998 -0.0100069996
v -0.0290990006 0.102959998 -0.0100069996
v -0.0182830002 0.109369993 -0.0190469995
v -0.0264909994 0.101598993 -0.0196289998
v -0.0290990006 0.102959998 -0.0100069996
v -0.0264909994 0.101598993 -0.0196289998
v -0.0385719985 0.0917910039 -0.0103829997
v -0.0385719985 0.0917910039 -0.0103829997
v -0.0264909994 0.101598993 -0.0196289998
v -0.0357090011 0.0907249972 -0.020366
v -0.0385719985 0.0917910039 -0.0103829997
v -0.0357090011 0.0907249972 -0.020366
v -0.0465810001 0.0795719996 -0.0107589997
v -0.0465810001 0.0795719996 -0.0107589997
v -0.0357090011 0.0907249972 -0.020366
v -0.0435060002 0.0788339972 -0.0211040005
v -0.0465810001 0.0795719996 -0.0107589997
v -0.0435060002 0.0788339972 -0.0211040005
v -0.0530409999 0.0664319992 -0.0111339996
v -0.0530409999 0.0664319992 -0.0111339996
v -0.0435060002 0.0788339972 -0.0211040005
v -0.0498000011 0.0660509989 -0.0218410008
v -0.0530409999 0.0664319992 -0.0111339996
v -0.0498000011 0.0660509989 -0.0218410008
v -0.0578670017 0.0524999984 -0.0115069998
v -0.0578670017 0.0524999984 -0.0115069998
v -0.0498000011 0.0660509989 -0.0218410008
v -0.0545080006 0.0524999984 -0.0225820001
v -0.0545080006 0.0524999984 -0.0225820001
v -0.0498000011 0.0660509989 -0.0218410008
v -0.0451240018 0.0655099973 -0.0308289994
v -0.0545080006 0.0524999984 -0.0225820001
v -0.0451240018 0.0655099973 -0.0308289994
v -0.0490549989 0.0524999984 -0.0327799991
v -0.0490549989 0.0524999984 -0.0327799991
v -0.0451240018 0.0655099973 -0.0308289994
v -0.0389479995 0.0648079962 -0.0388440005
v -0.0490549989 0.0524999984 -0.0327799991
v -0.0389479995 0.0648079962 -0.0388440005
v -0.0417219996 0.0524999984 -0.0417170003
v -0.0417219996 0.0524999984 -0.0417170003
v -0.0389479995 0.0648079962 -0.0388440005
v -0.0314720012 0.063966997 -0.045632001
v -0.0417219996 0.0524999984 -0.0417170003
v -0.0314720012 0.063966997 -0.045632001
v -0.0327799991 0.0524999984 -0.0490549989
v -0.0327799991 0.0524999984 -0.0490549989
v -0.0314720012 0.063966997 -0.045632001
v -0.0229310002 0.063014999 -0.0509789996
v -0.0327799991 0.0524999984 -0.0490549989
v -0.0229310002 0.063014999 -0.0509789996
v -0.0225799996 0.0524999984 -0.0545080006
v -0.0225799996 0.0524999984 -0.0545080006
v -0.0229310002 0.063014999 -0.0509789996
v -0.0135939997 0.061981 -0.0547159985
v -0.0225799996 0.0524999984 -0.0545080006
v -0.0135939997 0.061981 -0.0547159985
v -0.0115099996 0.0524999984 -0.0578659996
v -0.0115099996 0.0524999984 -0.0578659996
v -0.0135939997 0.061981 -0.0547159985
v -0.00375499995 0.060895998 -0.0567249991
v -0.0115099996 0.0524999984 -0.0578659996
v -0.00375499995 0.060895998 -0.0567249991
v 0 0.0524999984 -0.0590000004
v 0 0.0524999984 -0.0590000004
v -0.00375499995 0.060895998 -0.0567249991
v 0.00627900008 0.0597909987 -0.0569429994
v 0 0.0524999984 -0.0590000004
v 0.00627900008 0.0597909987 -0.0569429994
v 0.0115099996 0.0524999984 -0.0578659996
v 0.0115099996 0.0524999984 -0.0578659996
v 0.00627900008 0.0597909987 -0.0569429994
v 0.0161949992 0.0586979985 -0.0553629994
v 0.0115099996 0.0524999984 -0.0578659996
v 0.0161949992 0.0586979985 -0.0553629994
v 0.0225799996 0.0524999984 -0.0545080006
v 0.0225799996 0.0524999984 -0.0545080006
v 0.0161949992 0.0586979985 -0.0553629994
v 0.0250460003 0.0577189997 -0.0523179993
v 0.0225799996 0.0524999984 -0.0545080006
v 0.0250460003 0.0577189997 -0.0523179993
v 0.0327799991 0.0524999984 -0.0490549989
v 0.0327799991 0.0524999984 -0.0490549989
v 0.0250460003 0.0577189997 -0.0523179993
v 0.0332840011 0.0568029992 -0.0478399992
v 0.0327799991 0.0524999984 -0.0490549989
v 0.0332840011 0.0568029992 -0.0478399992
v 0.0406850018 0.0559739992 -0.0420520008
v 0.0406850018 0.0559739992 -0.0420520008
v 0.0332840011 0.0568029992 -0.0478399992
v 0.0418640003 0.0592889972 -0.0406330004
v 0.0406850018 0.0559739992 -0.0420520008
v 0.0418640003 0.0592889972 -0.0406330004
v 0.0478749983 0.0578949973 -0.0339279994
v 0.0478749983 0.0578949973 -0.0339279994
v 0.0418640003 0.0592889972 -0.0406330004
v 0.0489859991 0.060399998 -0.0327420011
v 0.0478749983 0.0578949973 -0.0339279994
v 0.0489859991 0.060399998 -0.0327420011
v 0.0535090007 0.0587479994 -0.0253749993
v 0.0535090007 0.0587479994 -0.0253749993
v 0.0489859991 0.060399998 -0.0327420011
v 0.0544780008 0.0606359988 -0.024456
v 0.0535090007 0.0587479994 -0.0253749993
v 0.0544780008 0.0606359988 -0.024456
v 0.0575160012 0.0590609983 -0.0166859999
v 0.0575160012 0.0590609983 -0.0166859999
v 0.0544780008 0.0606359988 -0.024456
v 0.0581489988 0.0602229983 -0.0161910001
v 0.0575160012 0.0590609983 -0.0166859999
v 0.0581489988 0.0602229983 -0.0161910001
v 0.0598540008 0.059094999 -0.0082080001
v 0.0598540008 0.059094999 -0.0082080001
v 0.0581489988 0.0602229983 -0.0161910001
v 0.0603940003 0.0600699969 -0.00795700029
v 0.0598540008 0.059094999 -0.0082080001
v 0.0603940003 0.0600699969 -0.00795700029
v 0.0609109998 0.0596399978 0
v 0.0609109998 0.0596399978 0
v 0.0603940003 0.0600699969 -0.00795700029
v 0.0611190014 0.061162997 -0.00766099989
v 0.0609109998 0.0596399978 0
v 0.0611190014 0.061162997 -0.00766099989
v 0.0619340017 0.0621909983 -0.00736499997
v 0.0619340017 0.0621909983 -0.00736499997
v 0.0611190014 0.061162997 -0.00766099989
v 0.059824001 0.0625479966 -0.0151129998
v 0.0619340017 0.0621909983 -0.00736499997
v 0.059824001 0.0625479966 -0.0151129998
v 0.0608830005 0.0636710003 -0.014529
v 0.0608830005 0.0636710003 -0.014529
v 0.059824001 0.0625479966 -0.0151129998
v 0.0577230006 0.0647820011 -0.0221500006
v 0.0608830005 0.0636710003 -0.014529
v 0.0577230006 0.0647820011 -0.0221500006
v 0.059181001 0.0660619959 -0.0212939996
v 0.059181001 0.0660619959 -0.0212939996
v 0.0577230006 0.0647820011 -0.0221500006
v 0.0548859984 0.067786999 -0.0285810009
v 0.059181001 0.0660619959 -0.0212939996
v 0.0548859984 0.067786999 -0.0285810009
v 0.0568809994 0.0692849979 -0.0274769999
v 0.0568809994 0.0692849979 -0.0274769999
v 0.0548859984 0.067786999 -0.0285810009
v 0.0513929985 0.0714730024 -0.0342289992
v 0.0568809994 0.0692849979 -0.0274769999
v 0.0513929985 0.0714730024 -0.0342289992
v 0.0540510006 0.0732419938 -0.0329070017
v 0.0540510006 0.0732419938 -0.0329070017
v 0.0513929985 0.0714730024 -0.0342289992
v 0.0473450013 0.0757329985 -0.0389400013
v 0.0540510006 0.0732419938 -0.0329070017
v 0.0473450013 0.0757329985 -0.0389400013
v 0.0507720001 0.0778199956 -0.037436001
v 0.0507720001 0.0778199956 -0.037436001
v 0.0473450013 0.0757329985 -0.0389400013
v 0.042851001 0.0804509968 -0.0425850004
v 0.0507720001 0.0778199956 -0.037436001
v 0.042851001 0.0804509968 -0.0425850004
v 0.0471320003 0.0828949958 -0.0409400016
v 0.0471320003 0.0828949958 -0.0409400016
v 0.042851001 0.0804509968 -0.0425850004
v 0.038031999 0.0855019987 -0.0450630002
v 0.0471320003 0.0828949958 -0.0409400016
v 0.038031999 0.0855019987 -0.0450630002
v 0.0432300009 0.088330999 -0.043322999
v 0.0432300009 0.088330999 -0.043322999
v 0.038031999 0.0855019987 -0.0450630002
v 0.032641001 0.0911490023 -0.0463499986
v 0.0432300009 0.088330999 -0.043322999
v 0.032641001 0.0911490023 -0.0463499986
v 0.0388640016 0.0944090039 -0.0445600003
v 0.0388640016 0.0944090039 -0.0445600003
v 0.032641001 0.0911490023 -0.0463499986
v 0.0271860007 0.096859999 -0.0461729988
v 0.0388640016 0.0944090039 -0.0445600003
v 0.0271860007 0.096859999 -0.0461729988
v 0.0344480015 0.100557998 -0.0443889983
v 0.0344480015 0.100557998 -0.0443889983
v 0.0271860007 0.096859999 -0.0461729988
v 0.0218349993 0.102466002 -0.0445370004
v 0.0344480015 0.100557998 -0.0443889983
v 0.0218349993 0.102466002 -0.0445370004
v 0.0301150009 0.106592 -0.0428170003
v 0.0301150009 0.106592 -0.0428170003
v 0.0218349993 0.102466002 -0.0445370004
v 0.0167490002 0.107798994 -0.0414949991
v 0.0301150009 0.106592 -0.0428170003
v 0.0167490002 0.107798994 -0.0414949991
v 0.0259959996 0.112329997 -0.0398930013
v 0.0259959996 0.112329997 -0.0398930013
v 0.0167490002 0.107798994 -0.0414949991
v 0.0120860003 0.112699002 -0.0371429995
v 0.0259959996 0.112329997 -0.0398930013
v 0.0120860003 0.112699002 -0.0371429995
v 0.0222190004 0.117598996 -0.035707999
v 0.0222190004 0.117598996 -0.035707999
v 0.0120860003 0.112699002 -0.0371429995
v 0.00798999984 0.117014006 -0.0316179991
v 0.0222190004 0.117598996 -0.035707999
v 0.00798999984 0.117014006 -0.0316179991
v 0.0189009998 0.122234002 -0.0303969998
v 0.0189009998 0.122234002 -0.0303969998
v 0.00798999984 0.117014006 -0.0316179991
v 0.00459200004 0.120607004 -0.0250940006
v 0.0189009998 0.122234002 -0.0303969998
v 0.00459200004 0.120607004 -0.0250940006
v 0.0161479991 0.126088992 -0.0241250005
v 0.0161479991 0.126088992 -0.0241250005
v 0.00459200004 0.120607004 -0.0250940006
v 0.00200399989 0.123354003 -0.0177779999
v 0.0161479991 0.126088992 -0.0241250005
v 0.00200399989 0.123354003 -0.0177779999
v 0.0140500003 0.129032001 -0.0170910005
v 0.0591530018 0.139609993 -0.00749000022
v 0.0659999996 0.139279991 -0.00731399981
v 0.0593400002 0.137444004 -0.0146920001
v 0.0593400002 0.137444004 -0.0146920001
v 0.0659999996 0.139279991 -0.00731399981
v 0.0659999996 0.137144998 -0.0143529996
v 0.0593400002 0.137444004 -0.0146920001
v 0.0659999996 0.137144998 -0.0143529996
v 0.0596069992 0.134316996 -0.0207390003
v 0.0596069992 0.134316996 -0.0207390003
v 0.0659999996 0.137144998 -0.0143529996
v 0.0659999996 0.133679003 -0.0208349992
v 0.0596069992 0.134316996 -0.0207390003
v 0.0659999996 0.133679003 -0.0208349992
v 0.0599570014 0.130189002 -0.0261300001
v 0.0599570014 0.130189002 -0.0261300001
v 0.0659999996 0.133679003 -0.0208349992
v 0.0659999996 0.129017994 -0.0265149996
v 0.0599570014 0.130189002 -0.0261300001
v 0.0659999996 0.129017994 -0.0265149996
v 0.0603789985 0.125190005 -0.0306969993
v 0.0603789985 0.125190005 -0.0306969993
v 0.0659999996 0.129017994 -0.0265149996
v 0.0659999996 0.123334005 -0.0311789997
v 0.0603789985 0.125190005 -0.0306969993
v 0.0659999996 0.123334005 -0.0311789997
v 0.0608589984 0.119479999 -0.0342940018
v 0.0608589984 0.119479999 -0.0342940018
v 0.0659999996 0.123334005 -0.0311789997
v 0.0659999996 0.116852 -0.0346449986
v 0.0608589984 0.119479999 -0.0342940018
v 0.0659999996 0.116852 -0.0346449986
v 0.0613819994 0.113237999 -0.036807999
v 0.0613819994 0.113237999 -0.036807999
v 0.0659999996 0.116852 -0.0346449986
v 0.0659999996 0.109816 -0.0367790014
v 0.0613819994 0.113237999 -0.036807999
v 0.0659999996 0.109816 -0.0367790014
v 0.0619329996 0.106659994 -0.0381590016
v 0.0619329996 0.106659994 -0.0381590016
v 0.0659999996 0.109816 -0.0367790014
v 0.0659999996 0.102499999 -0.0375000015
v 0.0619329996 0.106659994 -0.0381590016
v 0.0659999996 0.102499999 -0.0375000015
v 0.0624939986 0.099950999 -0.0383060016
v 0.0624939986 0.099950999 -0.0383060016
v 0.0659999996 0.102499999 -0.0375000015
v 0.0659999996 0.0951839983 -0.0367790014
v 0.0624939986 0.099950999 -0.0383060016
v 0.0659999996 0.0951839983 -0.0367790014
v 0.0630490035 0.0933219939 -0.0372430012
v 0.0630490035 0.0933219939 -0.0372430012
v 0.0659999996 0.0951839983 -0.0367790014
v 0.0659999996 0.0881479979 -0.0346449986
v 0.0630490035 0.0933219939 -0.0372430012
v 0.0659999996 0.0881479979 -0.0346449986
v 0.0635450035 0.0874039978 -0.0351939984
v 0.0635450035 0.0874039978 -0.0351939984
v 0.0659999996 0.0881479979 -0.0346449986
v 0.0659999996 0.0816660002 -0.0311789997
v 0.0635450035 0.0874039978 -0.0351939984
v 0.0659999996 0.0816660002 -0.0311789997
v 0.0640069991 0.0818959996 -0.0321820006
v 0.0640069991 0.0818959996 -0.0321820006
v 0.0659999996 0.0816660002 -0.0311789997
v 0.0644240007 0.076948002 -0.0282889996
v 0.0640069991 0.0818959996 -0.0321820006
v 0.0644240007 0.076948002 -0.0282889996
v 0.0620330013 0.0816330016 -0.032931
v 0.0620330013 0.0816330016 -0.032931
v 0.0644240007 0.076948002 -0.0282889996
v 0.0628670007 0.0766649991 -0.0289469995
v 0.0620330013 0.0816330016 -0.032931
v 0.0628670007 0.0766649991 -0.0289469995
v 0.0613269992 0.0762979984 -0.0296069998
v 0.0613269992 0.0762979984 -0.0296069998
v 0.0628670007 0.0766649991 -0.0289469995
v 0.0624070019 0.072025001 -0.0247210003
v 0.0613269992 0.0762979984 -0.0296069998
v 0.0624070019 0.072025001 -0.0247210003
v 0.0612539984 0.0715980008 -0.0252689999
v 0.0612539984 0.0715980008 -0.0252689999
v 0.0624070019 0.072025001 -0.0247210003
v 0.0624199994 0.0681459978 -0.0195829999
v 0.0612539984 0.0715980008 -0.0252689999
v 0.0624199994 0.0681459978 -0.0195829999
v 0.0590000004 0.0705529973 -0.0263780002
v 0.0590000004 0.0705529973 -0.0263780002
v 0.0624199994 0.0681459978 -0.0195829999
v 0.0607430004 0.067181997 -0.0204429999
v 0.0590000004 0.0705529973 -0.0263780002
v 0.0607430004 0.067181997 -0.0204429999
v 0.0568809994 0.0692849979 -0.0274769999
v 0.0568809994 0.0692849979 -0.0274769999
v 0.0607430004 0.067181997 -0.0204429999
v 0.059181001 0.0660619959 -0.0212939996
v 0.0659999996 0.0816660002 -0.0311789997
v 0.0659999996 0.075981997 -0.0265149996
v 0.0644240007 0.076948002 -0.0282889996
v 0.0644240007 0.076948002 -0.0282889996
v 0.0659999996 0.075981997 -0.0265149996
v 0.0647839978 0.0726960003 -0.0236210003
v 0.0644240007 0.076948002 -0.0282889996
v 0.0647839978 0.0726960003 -0.0236210003
v 0.0628670007 0.0766649991 -0.0289469995
v 0.0628670007 0.0766649991 -0.0289469995
v 0.0647839978 0.0726960003 -0.0236210003
v 0.0635859966 0.0723920017 -0.0241700001
v 0.0628670007 0.0766649991 -0.0289469995
v 0.0635859966 0.0723920017 -0.0241700001
v 0.0624070019 0.072025001 -0.0247210003
v 0.0624070019 0.072025001 -0.0247210003
v 0.0635859966 0.0723920017 -0.0241700001
v 0.0632840022 0.0685589984 -0.0191580001
v 0.0624070019 0.072025001 -0.0247210003
v 0.0632840022 0.0685589984 -0.0191580001
v 0.0624199994 0.0681459978 -0.0195829999
v 0.0624199994 0.0681459978 -0.0195829999
v 0.0632840022 0.0685589984 -0.0191580001
v 0.0632840022 0.0655939952 -0.0133610005
v 0.0624199994 0.0681459978 -0.0195829999
v 0.0632840022 0.0655939952 -0.0133610005
v 0.0607430004 0.067181997 -0.0204429999
v 0.0607430004 0.067181997 -0.0204429999
v 0.0632840022 0.0655939952 -0.0133610005
v 0.0620339997 0.0646839961 -0.013948
v 0.0607430004 0.067181997 -0.0204429999
v 0.0620339997 0.0646839961 -0.013948
v 0.059181001 0.0660619959 -0.0212939996
v 0.059181001 0.0660619959 -0.0212939996
v 0.0620339997 0.0646839961 -0.013948
v 0.0608830005 0.0636710003 -0.014529
v 0.0659999996 0.075981997 -0.0265149996
v 0.0659999996 0.0713209957 -0.0208349992
v 0.0647839978 0.0726960003 -0.0236210003
v 0.0647839978 0.0726960003 -0.0236210003
v 0.0659999996 0.0713209957 -0.0208349992
v 0.0650769994 0.0692560002 -0.0183060002
v 0.0647839978 0.0726960003 -0.0236210003
v 0.0650769994 0.0692560002 -0.0183060002
v 0.0635859966 0.0723920017 -0.0241700001
v 0.0635859966 0.0723920017 -0.0241700001
v 0.0650769994 0.0692560002 -0.0183060002
v 0.0641710013 0.0689300001 -0.0187320001
v 0.0635859966 0.0723920017 -0.0241700001
v 0.0641710013 0.0689300001 -0.0187320001
v 0.0632840022 0.0685589984 -0.0191580001
v 0.0632840022 0.0685589984 -0.0191580001
v 0.0641710013 0.0689300001 -0.0187320001
v 0.0639339983 0.066000998 -0.0130709996
v 0.0632840022 0.0685589984 -0.0191580001
v 0.0639339983 0.066000998 -0.0130709996
v 0.0632840022 0.0655939952 -0.0133610005
v 0.0632840022 0.0655939952 -0.0133610005
v 0.0639339983 0.066000998 -0.0130709996
v 0.0638170019 0.0640229955 -0.00677300012
v 0.0632840022 0.0655939952 -0.0133610005
v 0.0638170019 0.0640229955 -0.00677300012
v 0.0620339997 0.0646839961 -0.013948
v 0.0620339997 0.0646839961 -0.013948
v 0.0638170019 0.0640229955 -0.00677300012
v 0.0628300011 0.0631420016 -0.00707100006
v 0.0620339997 0.0646839961 -0.013948
v 0.0628300011 0.0631420016 -0.00707100006
v 0.0608830005 0.0636710003 -0.014529
v 0.0608830005 0.0636710003 -0.014529
v 0.0628300011 0.0631420016 -0.00707100006
v 0.0619340017 0.0621909983 -0.00736499997
v 0.0659999996 0.0713209957 -0.0208349992
v 0.0659999996 0.0678550005 -0.0143529996
v 0.0650769994 0.0692560002 -0.0183060002
v 0.0650769994 0.0692560002 -0.0183060002
v 0.0659999996 0.0678550005 -0.0143529996
v 0.0652929991 0.0667250007 -0.0124899996
v 0.0650769994 0.0692560002 -0.0183060002
v 0.0652929991 0.0667250007 -0.0124899996
v 0.0641710013 0.0689300001 -0.0187320001
v 0.0641710013 0.0689300001 -0.0187320001
v 0.0652929991 0.0667250007 -0.0124899996
v 0.0646049976 0.0663789958 -0.0127800005
v 0.0641710013 0.0689300001 -0.0187320001
v 0.0646049976 0.0663789958 -0.0127800005
v 0.0639339983 0.066000998 -0.0130709996
v 0.0639339983 0.066000998 -0.0130709996
v 0.0646049976 0.0663789958 -0.0127800005
v 0.0643350035 0.064429 -0.00662600016
v 0.0639339983 0.066000998 -0.0130709996
v 0.0643350035 0.064429 -0.00662600016
v 0.0638170019 0.0640229955 -0.00677300012
v 0.0638170019 0.0640229955 -0.00677300012
v 0.0643350035 0.064429 -0.00662600016
v 0.0631010011 0.0626180023 0
v 0.0638170019 0.0640229955 -0.00677300012
v 0.0631010011 0.0626180023 0
v 0.0628300011 0.0631420016 -0.00707100006
v 0.0628300011 0.0631420016 -0.00707100006
v 0.0631010011 0.0626180023 0
v 0.0619340017 0.0621909983 -0.00736499997
v 0.0659999996 0.0678550005 -0.0143529996
v 0.0659999996 0.0657199994 -0.00731399981
v 0.0652929991 0.0667250007 -0.0124899996
v 0.0652929991 0.0667250007 -0.0124899996
v 0.0659999996 0.0657199994 -0.00731399981
v 0.0654269978 0.0651749969 -0.00633199979
v 0.0652929991 0.0667250007 -0.0124899996
v 0.0654269978 0.0651749969 -0.00633199979
v 0.0646049976 0.0663789958 -0.0127800005
v 0.0646049976 0.0663789958 -0.0127800005
v 0.0654269978 0.0651749969 -0.00633199979
v 0.0648719966 0.0648129955 -0.00647900021
v 0.0646049976 0.0663789958 -0.0127800005
v 0.0648719966 0.0648129955 -0.00647900021
v 0.0643350035 0.064429 -0.00662600016
v 0.0643350035 0.064429 -0.00662600016
v 0.0648719966 0.0648129955 -0.00647900021
v 0.0631010011 0.0626180023 0
v 0.0659999996 0.0657199994 -0.00731399981
v 0.0659999996 0.0649999976 0
v 0.0654269978 0.0651749969 -0.00633199979
v 0.0654269978 0.0651749969 -0.00633199979
v 0.0659999996 0.0649999976 0
v 0.0631010011 0.0626180023 0
v 0.0654269978 0.0651749969 -0.00633199979
v 0.0631010011 0.0626180023 0
v 0.0648719966 0.0648129955 -0.00647900021
v 0.0631010011 0.0626180023 0
v 0.0609109998 0.0596399978 0
v 0.0619340017 0.0621909983 -0.00736499997
v 0.0609109998 0.0596399978 0
v 0.0595160015 0.0562159978 0
v 0.0598540008 0.059094999 -0.0082080001
v 0.0598540008 0.059094999 -0.0082080001
v 0.0595160015 0.0562159978 0
v 0.0593850017 0.0580819994 -0.00845899992
v 0.0598540008 0.059094999 -0.0082080001
v 0.0593850017 0.0580819994 -0.00845899992
v 0.0575160012 0.0590609983 -0.0166859999
v 0.0575160012 0.0590609983 -0.0166859999
v 0.0593850017 0.0580819994 -0.00845899992
v 0.0568460003 0.0575159974 -0.0173129998
v 0.0575160012 0.0590609983 -0.0166859999
v 0.0568460003 0.0575159974 -0.0173129998
v 0.0535090007 0.0587479994 -0.0253749993
v 0.0535090007 0.0587479994 -0.0253749993
v 0.0568460003 0.0575159974 -0.0173129998
v 0.052742999 0.0567529984 -0.0262940004
v 0.0535090007 0.0587479994 -0.0253749993
v 0.052742999 0.0567529984 -0.0262940004
v 0.0478749983 0.0578949973 -0.0339279994
v 0.0478749983 0.0578949973 -0.0339279994
v 0.052742999 0.0567529984 -0.0262940004
v 0.0470459983 0.0552539974 -0.0351129994
v 0.0478749983 0.0578949973 -0.0339279994
v 0.0470459983 0.0552539974 -0.0351129994
v 0.0406850018 0.0559739992 -0.0420520008
v 0.0406850018 0.0559739992 -0.0420520008
v 0.0470459983 0.0552539974 -0.0351129994
v 0.0417219996 0.0524999984 -0.0417170003
v 0.0406850018 0.0559739992 -0.0420520008
v 0.0417219996 0.0524999984 -0.0417170003
v 0.0327799991 0.0524999984 -0.0490549989
v 0.0590000004 0.0524999984 0
v 0.0585330017 0.0553699993 -0.00909399986
v 0.0595160015 0.0562159978 0
v 0.0595160015 0.0562159978 0
v 0.0585330017 0.0553699993 -0.00909399986
v 0.0588979982 0.0567499995 -0.00877700001
v 0.0595160015 0.0562159978 0
v 0.0588979982 0.0567499995 -0.00877700001
v 0.0593850017 0.0580819994 -0.00845899992
v 0.0593850017 0.0580819994 -0.00845899992
v 0.0588979982 0.0567499995 -0.00877700001
v 0.0568460003 0.0575159974 -0.0173129998
v 0.0585330017 0.0553699993 -0.00909399986
v 0.0590000004 0.0524999984 0
v 0.0582970008 0.0539509989 -0.00941199996
v 0.0582970008 0.0539509989 -0.00941199996
v 0.0590000004 0.0524999984 0
v 0.0578670017 0.0524999984 -0.0115069998
v 0.0582970008 0.0539509989 -0.00941199996
v 0.0578670017 0.0524999984 -0.0115069998
v 0.0559770018 0.0542249978 -0.0185659993
v 0.0559770018 0.0542249978 -0.0185659993
v 0.0578670017 0.0524999984 -0.0115069998
v 0.0545080006 0.0524999984 -0.0225820001
v 0.0559770018 0.0542249978 -0.0185659993
v 0.0545080006 0.0524999984 -0.0225820001
v 0.0521910004 0.0546649992 -0.0272119995
v 0.0521910004 0.0546649992 -0.0272119995
v 0.0545080006 0.0524999984 -0.0225820001
v 0.0490549989 0.0524999984 -0.0327799991
v 0.0521910004 0.0546649992 -0.0272119995
v 0.0490549989 0.0524999984 -0.0327799991
v 0.0470459983 0.0552539974 -0.0351129994
v 0.0470459983 0.0552539974 -0.0351129994
v 0.0490549989 0.0524999984 -0.0327799991
v 0.0417219996 0.0524999984 -0.0417170003
v -0.0578670017 0.0524999984 -0.0115069998
v -0.0590000004 0.0524999984 0
v -0.0530409999 0.0664319992 -0.0111339996
v -0.0530409999 0.0664319992 -0.0111339996
v -0.0590000004 0.0524999984 0
v -0.0517590009 0.0719019994 0
v -0.0530409999 0.0664319992 -0.0111339996
v -0.0517590009 0.0719019994 0
v -0.0465810001 0.0795719996 -0.0107589997
v -0.0465810001 0.0795719996 -0.0107589997
v -0.0517590009 0.0719019994 0
v -0.0413720012 0.0896469951 0
v -0.0465810001 0.0795719996 -0.0107589997
v -0.0413720012 0.0896469951 0
v -0.0385719985 0.0917910039 -0.0103829997
v -0.0385719985 0.0917910039 -0.0103829997
v -0.0413720012 0.0896469951 0
v -0.0280719995 0.105379 0
v -0.0385719985 0.0917910039 -0.0103829997
v -0.0280719995 0.105379 0
v -0.0290990006 0.102959998 -0.0100069996
v -0.0290990006 0.102959998 -0.0100069996
v -0.0280719995 0.105379 0
v -0.0206610002 0.110938996 -0.0097099999
v -0.0280719995 0.105379 0
v -0.0121980002 0.118674994 0
v -0.0206610002 0.110938996 -0.0097099999
v -0.0206610002 0.110938996 -0.0097099999
v -0.0121980002 0.118674994 0
v -0.0114719998 0.118073002 -0.0094130002
v -0.0114719998 0.118073002 -0.0094130002
v -0.0121980002 0.118674994 0
v 0.000197999994 0.125280991 -0.00906299986
v 0.000197999994 0.125280991 -0.00906299986
v -0.0121980002 0.118674994 0
v 0.00572900008 0.129040003 0
v 0.000197999994 0.125280991 -0.00906299986
v 0.00572900008 0.129040003 0
v 0.0125860004 0.131092995 -0.00871300045
v 0.0125860004 0.131092995 -0.00871300045
v 0.00572900008 0.129040003 0
v 0.0250630006 0.136151001 0
v 0.0125860004 0.131092995 -0.00871300045
v 0.0250630006 0.136151001 0
v 0.0254430007 0.135416999 -0.00836499967
v 0.0254430007 0.135416999 -0.00836499967
v 0.0250630006 0.136151001 0
v 0.0388090014 0.138261005 -0.00801299978
v 0.0250630006 0.136151001 0
v 0.0452909991 0.139837995 0
v 0.0388090014 0.138261005 -0.00801299978
v 0.0635450035 0.0874039978 -0.0351939984
v 0.0640069991 0.0818959996 -0.0321820006
v 0.061108999 0.0871579945 -0.0360129997
v 0.061108999 0.0871579945 -0.0360129997
v 0.0640069991 0.0818959996 -0.0321820006
v 0.0620330013 0.0816330016 -0.032931
v 0.061108999 0.0871579945 -0.0360129997
v 0.0620330013 0.0816330016 -0.032931
v 0.0600770004 0.0812599957 -0.0336819999
v 0.0600770004 0.0812599957 -0.0336819999
v 0.0620330013 0.0816330016 -0.032931
v 0.0613269992 0.0762979984 -0.0296069998
v 0.0600770004 0.0812599957 -0.0336819999
v 0.0613269992 0.0762979984 -0.0296069998
v 0.0598200001 0.075849995 -0.0302629992
v 0.0598200001 0.075849995 -0.0302629992
v 0.0613269992 0.0762979984 -0.0296069998
v 0.0612539984 0.0715980008 -0.0252689999
v 0.0598200001 0.075849995 -0.0302629992
v 0.0612539984 0.0715980008 -0.0252689999
v 0.0568559989 0.0746989995 -0.0315909982
v 0.0568559989 0.0746989995 -0.0315909982
v 0.0612539984 0.0715980008 -0.0252689999
v 0.0590000004 0.0705529973 -0.0263780002
v 0.0568559989 0.0746989995 -0.0315909982
v 0.0590000004 0.0705529973 -0.0263780002
v 0.0540510006 0.0732419938 -0.0329070017
v 0.0540510006 0.0732419938 -0.0329070017
v 0.0590000004 0.0705529973 -0.0263780002
v 0.0568809994 0.0692849979 -0.0274769999
v 0.0630490035 0.0933219939 -0.0372430012
v 0.0635450035 0.0874039978 -0.0351939984
v 0.0601169989 0.0930909961 -0.0381090008
v 0.0601169989 0.0930909961 -0.0381090008
v 0.0635450035 0.0874039978 -0.0351939984
v 0.061108999 0.0871579945 -0.0360129997
v 0.0601169989 0.0930909961 -0.0381090008
v 0.061108999 0.0871579945 -0.0360129997
v 0.0586889982 0.0867760032 -0.0368349999
v 0.0586889982 0.0867760032 -0.0368349999
v 0.061108999 0.0871579945 -0.0360129997
v 0.0600770004 0.0812599957 -0.0336819999
v 0.0586889982 0.0867760032 -0.0368349999
v 0.0600770004 0.0812599957 -0.0336819999
v 0.0581579991 0.0807840005 -0.0344280005
v 0.0581579991 0.0807840005 -0.0344280005
v 0.0600770004 0.0812599957 -0.0336819999
v 0.0598200001 0.075849995 -0.0302629992
v 0.0581579991 0.0807840005 -0.0344280005
v 0.0598200001 0.075849995 -0.0302629992
v 0.0543709993 0.0795020014 -0.0359390005
v 0.0543709993 0.0795020014 -0.0359390005
v 0.0598200001 0.075849995 -0.0302629992
v 0.0568559989 0.0746989995 -0.0315909982
v 0.0543709993 0.0795020014 -0.0359390005
v 0.0568559989 0.0746989995 -0.0315909982
v 0.0507720001 0.0778199956 -0.037436001
v 0.0507720001 0.0778199956 -0.037436001
v 0.0568559989 0.0746989995 -0.0315909982
v 0.0540510006 0.0732419938 -0.0329070017
v 0.0624939986 0.099950999 -0.0383060016
v 0.0630490035 0.0933219939 -0.0372430012
v 0.0590079986 0.0997349992 -0.0391970016
v 0.0590079986 0.0997349992 -0.0391970016
v 0.0630490035 0.0933219939 -0.0372430012
v 0.0601169989 0.0930909961 -0.0381090008
v 0.0590079986 0.0997349992 -0.0391970016
v 0.0601169989 0.0930909961 -0.0381090008
v 0.0571999997 0.0926959962 -0.0389790013
v 0.0571999997 0.0926959962 -0.0389790013
v 0.0601169989 0.0930909961 -0.0381090008
v 0.0586889982 0.0867760032 -0.0368349999
v 0.0571999997 0.0926959962 -0.0389790013
v 0.0586889982 0.0867760032 -0.0368349999
v 0.056313999 0.0862639993 -0.0376509987
v 0.056313999 0.0862639993 -0.0376509987
v 0.0586889982 0.0867760032 -0.0368349999
v 0.0581579991 0.0807840005 -0.0344280005
v 0.056313999 0.0862639993 -0.0376509987
v 0.0581579991 0.0807840005 -0.0344280005
v 0.0516140014 0.084830001 -0.039303001
v 0.0516140014 0.084830001 -0.039303001
v 0.0581579991 0.0807840005 -0.0344280005
v 0.0543709993 0.0795020014 -0.0359390005
v 0.0516140014 0.084830001 -0.039303001
v 0.0543709993 0.0795020014 -0.0359390005
v 0.0471320003 0.0828949958 -0.0409400016
v 0.0471320003 0.0828949958 -0.0409400016
v 0.0543709993 0.0795020014 -0.0359390005
v 0.0507720001 0.0778199956 -0.037436001
v 0.0619329996 0.106659994 -0.0381590016
v 0.0624939986 0.099950999 -0.0383060016
v 0.0578860007 0.106457993 -0.0390469991
v 0.0578860007 0.106457993 -0.0390469991
v 0.0624939986 0.099950999 -0.0383060016
v 0.0590079986 0.0997349992 -0.0391970016
v 0.0578860007 0.106457993 -0.0390469991
v 0.0590079986 0.0997349992 -0.0391970016
v 0.0555349998 0.0993219987 -0.0400919989
v 0.0555349998 0.0993219987 -0.0400919989
v 0.0590079986 0.0997349992 -0.0391970016
v 0.0571999997 0.0926959962 -0.0389790013
v 0.0555349998 0.0993219987 -0.0400919989
v 0.0571999997 0.0926959962 -0.0389790013
v 0.0543369986 0.0921429992 -0.0398419984
v 0.0543369986 0.0921429992 -0.0398419984
v 0.0571999997 0.0926959962 -0.0389790013
v 0.056313999 0.0862639993 -0.0376509987
v 0.0543369986 0.0921429992 -0.0398419984
v 0.056313999 0.0862639993 -0.0376509987
v 0.0486579984 0.0905420035 -0.0415900014
v 0.0486579984 0.0905420035 -0.0415900014
v 0.056313999 0.0862639993 -0.0376509987
v 0.0516140014 0.084830001 -0.039303001
v 0.0486579984 0.0905420035 -0.0415900014
v 0.0516140014 0.084830001 -0.039303001
v 0.0432300009 0.088330999 -0.043322999
v 0.0432300009 0.088330999 -0.043322999
v 0.0516140014 0.084830001 -0.039303001
v 0.0471320003 0.0828949958 -0.0409400016
v 0.0613819994 0.113237999 -0.036807999
v 0.0619329996 0.106659994 -0.0381590016
v 0.0567860007 0.113050997 -0.0376639999
v 0.0567860007 0.113050997 -0.0376639999
v 0.0619329996 0.106659994 -0.0381590016
v 0.0578860007 0.106457993 -0.0390469991
v 0.0567860007 0.113050997 -0.0376639999
v 0.0578860007 0.106457993 -0.0390469991
v 0.0538499989 0.106027 -0.0399390012
v 0.0538499989 0.106027 -0.0399390012
v 0.0578860007 0.106457993 -0.0390469991
v 0.0555349998 0.0993219987 -0.0400919989
v 0.0538499989 0.106027 -0.0399390012
v 0.0555349998 0.0993219987 -0.0400919989
v 0.0521260016 0.0987219959 -0.0409790017
v 0.0521260016 0.0987219959 -0.0409790017
v 0.0555349998 0.0993219987 -0.0400919989
v 0.0543369986 0.0921429992 -0.0398419984
v 0.0521260016 0.0987219959 -0.0409790017
v 0.0543369986 0.0921429992 -0.0398419984
v 0.0453520007 0.0969309956 -0.0427770019
v 0.0453520007 0.0969309956 -0.0427770019
v 0.0543369986 0.0921429992 -0.0398419984
v 0.0486579984 0.0905420035 -0.0415900014
v 0.0453520007 0.0969309956 -0.0427770019
v 0.0486579984 0.0905420035 -0.0415900014
v 0.0388640016 0.0944090039 -0.0445600003
v 0.0388640016 0.0944090039 -0.0445600003
v 0.0486579984 0.0905420035 -0.0415900014
v 0.0432300009 0.088330999 -0.043322999
v 0.0608589984 0.119479999 -0.0342940018
v 0.0613819994 0.113237999 -0.036807999
v 0.0557390004 0.119309992 -0.0350919999
v 0.0557390004 0.119309992 -0.0350919999
v 0.0613819994 0.113237999 -0.036807999
v 0.0567860007 0.113050997 -0.0376639999
v 0.0557390004 0.119309992 -0.0350919999
v 0.0567860007 0.113050997 -0.0376639999
v 0.0521959998 0.112604 -0.0385250002
v 0.0521959998 0.112604 -0.0385250002
v 0.0567860007 0.113050997 -0.0376639999
v 0.0538499989 0.106027 -0.0399390012
v 0.0521959998 0.112604 -0.0385250002
v 0.0538499989 0.106027 -0.0399390012
v 0.0498889983 0.105379 -0.0408219993
v 0.0498889983 0.105379 -0.0408219993
v 0.0538499989 0.106027 -0.0399390012
v 0.0521260016 0.0987219959 -0.0409790017
v 0.0498889983 0.105379 -0.0408219993
v 0.0521260016 0.0987219959 -0.0409790017
v 0.0420069993 0.103395 -0.0426140018
v 0.0420069993 0.103395 -0.0426140018
v 0.0521260016 0.0987219959 -0.0409790017
v 0.0453520007 0.0969309956 -0.0427770019
v 0.0420069993 0.103395 -0.0426140018
v 0.0453520007 0.0969309956 -0.0427770019
v 0.0344480015 0.100557998 -0.0443889983
v 0.0344480015 0.100557998 -0.0443889983
v 0.0453520007 0.0969309956 -0.0427770019
v 0.0388640016 0.0944090039 -0.0445600003
v 0.0603789985 0.125190005 -0.0306969993
v 0.0608589984 0.119479999 -0.0342940018
v 0.054779999 0.125039995 -0.0314109996
v 0.054779999 0.125039995 -0.0314109996
v 0.0608589984 0.119479999 -0.0342940018
v 0.0557390004 0.119309992 -0.0350919999
v 0.054779999 0.125039995 -0.0314109996
v 0.0557390004 0.119309992 -0.0350919999
v 0.0506229997 0.118849993 -0.035893999
v 0.0506229997 0.118849993 -0.035893999
v 0.0557390004 0.119309992 -0.0350919999
v 0.0521959998 0.112604 -0.0385250002
v 0.0506229997 0.118849993 -0.035893999
v 0.0521959998 0.112604 -0.0385250002
v 0.0476940013 0.111909002 -0.0393770002
v 0.0476940013 0.111909002 -0.0393770002
v 0.0521959998 0.112604 -0.0385250002
v 0.0498889983 0.105379 -0.0408219993
v 0.0476940013 0.111909002 -0.0393770002
v 0.0498889983 0.105379 -0.0408219993
v 0.0387249999 0.109736994 -0.0411040001
v 0.0387249999 0.109736994 -0.0411040001
v 0.0498889983 0.105379 -0.0408219993
v 0.0420069993 0.103395 -0.0426140018
v 0.0387249999 0.109736994 -0.0411040001
v 0.0420069993 0.103395 -0.0426140018
v 0.0301150009 0.106592 -0.0428170003
v 0.0301150009 0.106592 -0.0428170003
v 0.0420069993 0.103395 -0.0426140018
v 0.0344480015 0.100557998 -0.0443889983
v 0.0599570014 0.130189002 -0.0261300001
v 0.0603789985 0.125190005 -0.0306969993
v 0.0539360009 0.130060002 -0.0267379992
v 0.0539360009 0.130060002 -0.0267379992
v 0.0603789985 0.125190005 -0.0306969993
v 0.054779999 0.125039995 -0.0314109996
v 0.0539360009 0.130060002 -0.0267379992
v 0.054779999 0.125039995 -0.0314109996
v 0.0491789989 0.124570996 -0.0321299993
v 0.0491789989 0.124570996 -0.0321299993
v 0.054779999 0.125039995 -0.0314109996
v 0.0506229997 0.118849993 -0.035893999
v 0.0491789989 0.124570996 -0.0321299993
v 0.0506229997 0.118849993 -0.035893999
v 0.045607999 0.118112996 -0.0366870016
v 0.045607999 0.118112996 -0.0366870016
v 0.0506229997 0.118849993 -0.035893999
v 0.0476940013 0.111909002 -0.0393770002
v 0.045607999 0.118112996 -0.0366870016
v 0.0476940013 0.111909002 -0.0393770002
v 0.0356049985 0.115765005 -0.0382970013
v 0.0356049985 0.115765005 -0.0382970013
v 0.0476940013 0.111909002 -0.0393770002
v 0.0387249999 0.109736994 -0.0411040001
v 0.0356049985 0.115765005 -0.0382970013
v 0.0387249999 0.109736994 -0.0411040001
v 0.0259959996 0.112329997 -0.0398930013
v 0.0259959996 0.112329997 -0.0398930013
v 0.0387249999 0.109736994 -0.0411040001
v 0.0301150009 0.106592 -0.0428170003
v 0.0596069992 0.134316996 -0.0207390003
v 0.0599570014 0.130189002 -0.0261300001
v 0.0532360002 0.134212002 -0.0212210007
v 0.0532360002 0.134212002 -0.0212210007
v 0.0599570014 0.130189002 -0.0261300001
v 0.0539360009 0.130060002 -0.0267379992
v 0.0532360002 0.134212002 -0.0212210007
v 0.0539360009 0.130060002 -0.0267379992
v 0.0479100011 0.129587993 -0.0273499992
v 0.0479100011 0.129587993 -0.0273499992
v 0.0539360009 0.130060002 -0.0267379992
v 0.0491789989 0.124570996 -0.0321299993
v 0.0479100011 0.129587993 -0.0273499992
v 0.0491789989 0.124570996 -0.0321299993
v 0.0436940007 0.123797998 -0.0328390002
v 0.0436940007 0.123797998 -0.0328390002
v 0.0491789989 0.124570996 -0.0321299993
v 0.045607999 0.118112996 -0.0366870016
v 0.0436940007 0.123797998 -0.0328390002
v 0.045607999 0.118112996 -0.0366870016
v 0.0327440016 0.121295005 -0.0342799984
v 0.0327440016 0.121295005 -0.0342799984
v 0.045607999 0.118112996 -0.0366870016
v 0.0356049985 0.115765005 -0.0382970013
v 0.0327440016 0.121295005 -0.0342799984
v 0.0356049985 0.115765005 -0.0382970013
v 0.0222190004 0.117598996 -0.035707999
v 0.0222190004 0.117598996 -0.035707999
v 0.0356049985 0.115765005 -0.0382970013
v 0.0259959996 0.112329997 -0.0398930013
v 0.0523290001 0.139548004 -0.00766400015
v 0.0591530018 0.139609993 -0.00749000022
v 0.0593400002 0.137444004 -0.0146920001
v 0.0593400002 0.137444004 -0.0146920001
v 0.0596069992 0.134316996 -0.0207390003
v 0.0527019985 0.137361005 -0.0150340004
v 0.0527019985 0.137361005 -0.0150340004
v 0.0596069992 0.134316996 -0.0207390003
v 0.0532360002 0.134212002 -0.0212210007
v 0.0527019985 0.137361005 -0.0150340004
v 0.0532360002 0.134212002 -0.0212210007
v 0.0468549989 0.133742005 -0.0217070002
v 0.0468549989 0.133742005 -0.0217070002
v 0.0532360002 0.134212002 -0.0212210007
v 0.0479100011 0.129587993 -0.0273499992
v 0.0468549989 0.133742005 -0.0217070002
v 0.0479100011 0.129587993 -0.0273499992
v 0.0420119986 0.128787994 -0.0279539991
v 0.0420119986 0.128787994 -0.0279539991
v 0.0479100011 0.129587993 -0.0273499992
v 0.0436940007 0.123797998 -0.0328390002
v 0.0420119986 0.128787994 -0.0279539991
v 0.0436940007 0.123797998 -0.0328390002
v 0.0302300006 0.126156002 -0.0291809998
v 0.0302300006 0.126156002 -0.0291809998
v 0.0436940007 0.123797998 -0.0328390002
v 0.0327440016 0.121295005 -0.0342799984
v 0.0302300006 0.126156002 -0.0291809998
v 0.0327440016 0.121295005 -0.0342799984
v 0.0189009998 0.122234002 -0.0303969998
v 0.0189009998 0.122234002 -0.0303969998
v 0.0327440016 0.121295005 -0.0342799984
v 0.0222190004 0.117598996 -0.035707999
v 0.0189009998 0.122234002 -0.0303969998
v 0.0161479991 0.126088992 -0.0241250005
v 0.0302300006 0.126156002 -0.0291809998
v 0.0302300006 0.126156002 -0.0291809998
v 0.0161479991 0.126088992 -0.0241250005
v 0.0281429999 0.130190998 -0.0231599994
v 0.0302300006 0.126156002 -0.0291809998
v 0.0281429999 0.130190998 -0.0231599994
v 0.0420119986 0.128787994 -0.0279539991
v 0.0420119986 0.128787994 -0.0279539991
v 0.0281429999 0.130190998 -0.0231599994
v 0.0406159982 0.132924005 -0.0221859999
v 0.0420119986 0.128787994 -0.0279539991
v 0.0406159982 0.132924005 -0.0221859999
v 0.0468549989 0.133742005 -0.0217070002
v 0.0468549989 0.133742005 -0.0217070002
v 0.0406159982 0.132924005 -0.0221859999
v 0.0460500009 0.136896998 -0.0153790005
v 0.0468549989 0.133742005 -0.0217070002
v 0.0460500009 0.136896998 -0.0153790005
v 0.0527019985 0.137361005 -0.0150340004
v 0.0527019985 0.137361005 -0.0150340004
v 0.0460500009 0.136896998 -0.0153790005
v 0.0523290001 0.139548004 -0.00766400015
v 0.0527019985 0.137361005 -0.0150340004
v 0.0523290001 0.139548004 -0.00766400015
v 0.0593400002 0.137444004 -0.0146920001
v 0.0161479991 0.126088992 -0.0241250005
v 0.0140500003 0.129032001 -0.0170910005
v 0.0281429999 0.130190998 -0.0231599994
v 0.0281429999 0.130190998 -0.0231599994
v 0.0140500003 0.129032001 -0.0170910005
v 0.0265529994 0.133267999 -0.0164080001
v 0.0281429999 0.130190998 -0.0231599994
v 0.0265529994 0.133267999 -0.0164080001
v 0.0406159982 0.132924005 -0.0221859999
v 0.0406159982 0.132924005 -0.0221859999
v 0.0265529994 0.133267999 -0.0164080001
v 0.0395519994 0.136069998 -0.015718
v 0.0406159982 0.132924005 -0.0221859999
v 0.0395519994 0.136069998 -0.015718
v 0.0460500009 0.136896998 -0.0153790005
v 0.0460500009 0.136896998 -0.0153790005
v 0.0395519994 0.136069998 -0.015718
v 0.0454870015 0.139091998 -0.00784000009
v 0.0460500009 0.136896998 -0.0153790005
v 0.0454870015 0.139091998 -0.00784000009
v 0.0523290001 0.139548004 -0.00766400015
v 0.0581489988 0.0602229983 -0.0161910001
v 0.0553800017 0.0620389991 -0.0237310007
v 0.0588690005 0.0613279976 -0.0156960003
v 0.0588690005 0.0613279976 -0.0156960003
v 0.0553800017 0.0620389991 -0.0237310007
v 0.0563950017 0.0633549988 -0.0230059996
v 0.0588690005 0.0613279976 -0.0156960003
v 0.0563950017 0.0633549988 -0.0230059996
v 0.059824001 0.0625479966 -0.0151129998
v 0.059824001 0.0625479966 -0.0151129998
v 0.0563950017 0.0633549988 -0.0230059996
v 0.0577230006 0.0647820011 -0.0221500006
v 0.0553800017 0.0620389991 -0.0237310007
v 0.0516350009 0.0644769967 -0.0306209996
v 0.0563950017 0.0633549988 -0.0230059996
v 0.0563950017 0.0633549988 -0.0230059996
v 0.0516350009 0.0644769967 -0.0306209996
v 0.0530490018 0.0660789981 -0.029685
v 0.0563950017 0.0633549988 -0.0230059996
v 0.0530490018 0.0660789981 -0.029685
v 0.0577230006 0.0647820011 -0.0221500006
v 0.0577230006 0.0647820011 -0.0221500006
v 0.0530490018 0.0660789981 -0.029685
v 0.0548859984 0.067786999 -0.0285810009
v 0.0581489988 0.0602229983 -0.0161910001
v 0.0544780008 0.0606359988 -0.024456
v 0.0553800017 0.0620389991 -0.0237310007
v 0.0553800017 0.0620389991 -0.0237310007
v 0.0544780008 0.0606359988 -0.024456
v 0.0503659993 0.062748 -0.0315570012
v 0.0553800017 0.0620389991 -0.0237310007
v 0.0503659993 0.062748 -0.0315570012
v 0.0516350009 0.0644769967 -0.0306209996
v 0.0516350009 0.0644769967 -0.0306209996
v 0.0503659993 0.062748 -0.0315570012
v 0.045299001 0.0653319955 -0.0377929993
v 0.0516350009 0.0644769967 -0.0306209996
v 0.045299001 0.0653319955 -0.0377929993
v 0.0470229983 0.0674600005 -0.0366719998
v 0.0470229983 0.0674600005 -0.0366719998
v 0.045299001 0.0653319955 -0.0377929993
v 0.0394189991 0.068314001 -0.0429949984
v 0.0470229983 0.0674600005 -0.0366719998
v 0.0394189991 0.068314001 -0.0429949984
v 0.0416719988 0.0709040016 -0.0417199992
v 0.0416719988 0.0709040016 -0.0417199992
v 0.0394189991 0.068314001 -0.0429949984
v 0.0328850001 0.0716110021 -0.0470190011
v 0.0416719988 0.0709040016 -0.0417199992
v 0.0328850001 0.0716110021 -0.0470190011
v 0.0357289985 0.0747149959 -0.0456239991
v 0.0357289985 0.0747149959 -0.0456239991
v 0.0328850001 0.0716110021 -0.0470190011
v 0.0258750003 0.0751369968 -0.0497549996
v 0.0357289985 0.0747149959 -0.0456239991
v 0.0258750003 0.0751369968 -0.0497549996
v 0.0293540005 0.0787909999 -0.0482800007
v 0.0293540005 0.0787909999 -0.0482800007
v 0.0258750003 0.0751369968 -0.0497549996
v 0.0180290006 0.0790759996 -0.0511760004
v 0.0293540005 0.0787909999 -0.0482800007
v 0.0180290006 0.0790759996 -0.0511760004
v 0.0222200006 0.0833459944 -0.0496580005
v 0.0222200006 0.0833459944 -0.0496580005
v 0.0180290006 0.0790759996 -0.0511760004
v 0.0100910002 0.0830599964 -0.0509800017
v 0.0222200006 0.0833459944 -0.0496580005
v 0.0100910002 0.0830599964 -0.0509800017
v 0.0150020001 0.0879520029 -0.0494679995
v 0.0150020001 0.0879520029 -0.0494679995
v 0.0100910002 0.0830599964 -0.0509800017
v 0.00230300007 0.0869709998 -0.0491739996
v 0.0150020001 0.0879520029 -0.0494679995
v 0.00230300007 0.0869709998 -0.0491739996
v 0.00792100001 0.0924739987 -0.0477159992
v 0.00792100001 0.0924739987 -0.0477159992
v 0.00230300007 0.0869709998 -0.0491739996
v -0.00509400014 0.0906949937 -0.0458160006
v 0.00792100001 0.0924739987 -0.0477159992
v -0.00509400014 0.0906949937 -0.0458160006
v 0.00119400001 0.0967779979 -0.0444569997
v 0.00119400001 0.0967779979 -0.0444569997
v -0.00509400014 0.0906949937 -0.0458160006
v -0.0118709998 0.0941199958 -0.0410099998
v 0.00119400001 0.0967779979 -0.0444569997
v -0.0118709998 0.0941199958 -0.0410099998
v -0.00497200014 0.100736998 -0.0397940017
v -0.00497200014 0.100736998 -0.0397940017
v -0.0118709998 0.0941199958 -0.0410099998
v -0.0178180002 0.0971429944 -0.0349100009
v -0.00497200014 0.100736998 -0.0397940017
v -0.0178180002 0.0971429944 -0.0349100009
v -0.0103839999 0.104227997 -0.0338740014
v -0.0103839999 0.104227997 -0.0338740014
v -0.0178180002 0.0971429944 -0.0349100009
v -0.0227450002 0.0996640027 -0.0277069993
v -0.0103839999 0.104227997 -0.0338740014
v -0.0227450002 0.0996640027 -0.0277069993
v -0.0148700001 0.107138999 -0.0268849991
v -0.0148700001 0.107138999 -0.0268849991
v -0.0227450002 0.0996640027 -0.0277069993
v -0.0264909994 0.101598993 -0.0196289998
v -0.0148700001 0.107138999 -0.0268849991
v -0.0264909994 0.101598993 -0.0196289998
v -0.0182830002 0.109369993 -0.0190469995
v 0.0516350009 0.0644769967 -0.0306209996
v 0.0470229983 0.0674600005 -0.0366719998
v 0.0530490018 0.0660789981 -0.029685
v 0.0530490018 0.0660789981 -0.029685
v 0.0470229983 0.0674600005 -0.0366719998
v 0.0489309989 0.0694149956 -0.0355510004
v 0.0530490018 0.0660789981 -0.029685
v 0.0489309989 0.0694149956 -0.0355510004
v 0.0548859984 0.067786999 -0.0285810009
v 0.0548859984 0.067786999 -0.0285810009
v 0.0489309989 0.0694149956 -0.0355510004
v 0.0513929985 0.0714730024 -0.0342289992
v 0.0470229983 0.0674600005 -0.0366719998
v 0.0416719988 0.0709040016 -0.0417199992
v 0.0489309989 0.0694149956 -0.0355510004
v 0.0489309989 0.0694149956 -0.0355510004
v 0.0416719988 0.0709040016 -0.0417199992
v 0.0441550016 0.0732679963 -0.0404440016
v 0.0489309989 0.0694149956 -0.0355510004
v 0.0441550016 0.0732679963 -0.0404440016
v 0.0513929985 0.0714730024 -0.0342289992
v 0.0513929985 0.0714730024 -0.0342289992
v 0.0441550016 0.0732679963 -0.0404440016
v 0.0473450013 0.0757329985 -0.0389400013
v 0.0416719988 0.0709040016 -0.0417199992
v 0.0357289985 0.0747149959 -0.0456239991
v 0.0441550016 0.0732679963 -0.0404440016
v 0.0441550016 0.0732679963 -0.0404440016
v 0.0357289985 0.0747149959 -0.0456239991
v 0.0388519987 0.0775339976 -0.0442299992
v 0.0441550016 0.0732679963 -0.0404440016
v 0.0388519987 0.0775339976 -0.0442299992
v 0.0473450013 0.0757329985 -0.0389400013
v 0.0473450013 0.0757329985 -0.0389400013
v 0.0388519987 0.0775339976 -0.0442299992
v 0.042851001 0.0804509968 -0.0425850004
v 0.0357289985 0.0747149959 -0.0456239991
v 0.0293540005 0.0787909999 -0.0482800007
v 0.0388519987 0.0775339976 -0.0442299992
v 0.0388519987 0.0775339976 -0.0442299992
v 0.0293540005 0.0787909999 -0.0482800007
v 0.0331650004 0.0820979998 -0.0468039997
v 0.0388519987 0.0775339976 -0.0442299992
v 0.0331650004 0.0820979998 -0.0468039997
v 0.042851001 0.0804509968 -0.0425850004
v 0.042851001 0.0804509968 -0.0425850004
v 0.0331650004 0.0820979998 -0.0468039997
v 0.038031999 0.0855019987 -0.0450630002
v 0.0293540005 0.0787909999 -0.0482800007
v 0.0222200006 0.0833459944 -0.0496580005
v 0.0331650004 0.0820979998 -0.0468039997
v 0.0331650004 0.0820979998 -0.0468039997
v 0.0222200006 0.0833459944 -0.0496580005
v 0.0268009994 0.0871990025 -0.0481400006
v 0.0331650004 0.0820979998 -0.0468039997
v 0.0268009994 0.0871990025 -0.0481400006
v 0.038031999 0.0855019987 -0.0450630002
v 0.038031999 0.0855019987 -0.0450630002
v 0.0268009994 0.0871990025 -0.0481400006
v 0.032641001 0.0911490023 -0.0463499986
v 0.0222200006 0.0833459944 -0.0496580005
v 0.0150020001 0.0879520029 -0.0494679995
v 0.0268009994 0.0871990025 -0.0481400006
v 0.0268009994 0.0871990025 -0.0481400006
v 0.0150020001 0.0879520029 -0.0494679995
v 0.0203629993 0.0923579931 -0.047956001
v 0.0268009994 0.0871990025 -0.0481400006
v 0.0203629993 0.0923579931 -0.047956001
v 0.032641001 0.0911490023 -0.0463499986
v 0.032641001 0.0911490023 -0.0463499986
v 0.0203629993 0.0923579931 -0.047956001
v 0.0271860007 0.096859999 -0.0461729988
v 0.0150020001 0.0879520029 -0.0494679995
v 0.00792100001 0.0924739987 -0.0477159992
v 0.0203629993 0.0923579931 -0.047956001
v 0.0203629993 0.0923579931 -0.047956001
v 0.00792100001 0.0924739987 -0.0477159992
v 0.0140460003 0.0974220037 -0.0462570004
v 0.0203629993 0.0923579931 -0.047956001
v 0.0140460003 0.0974220037 -0.0462570004
v 0.0271860007 0.096859999 -0.0461729988
v 0.0271860007 0.096859999 -0.0461729988
v 0.0140460003 0.0974220037 -0.0462570004
v 0.0218349993 0.102466002 -0.0445370004
v 0.00792100001 0.0924739987 -0.0477159992
v 0.00119400001 0.0967779979 -0.0444569997
v 0.0140460003 0.0974220037 -0.0462570004
v 0.0140460003 0.0974220037 -0.0462570004
v 0.00119400001 0.0967779979 -0.0444569997
v 0.00804399978 0.102241993 -0.0430979989
v 0.0140460003 0.0974220037 -0.0462570004
v 0.00804399978 0.102241993 -0.0430979989
v 0.0218349993 0.102466002 -0.0445370004
v 0.0218349993 0.102466002 -0.0445370004
v 0.00804399978 0.102241993 -0.0430979989
v 0.0167490002 0.107798994 -0.0414949991
v 0.00119400001 0.0967779979 -0.0444569997
v -0.00497200014 0.100736998 -0.0397940017
v 0.00804399978 0.102241993 -0.0430979989
v 0.00804399978 0.102241993 -0.0430979989
v -0.00497200014 0.100736998 -0.0397940017
v 0.00254200003 0.106672004 -0.0385779999
v 0.00804399978 0.102241993 -0.0430979989
v 0.00254200003 0.106672004 -0.0385779999
v 0.0167490002 0.107798994 -0.0414949991
v 0.0167490002 0.107798994 -0.0414949991
v 0.00254200003 0.106672004 -0.0385779999
v 0.0120860003 0.112699002 -0.0371429995
v -0.00497200014 0.100736998 -0.0397940017
v -0.0103839999 0.104227997 -0.0338740014
v 0.00254200003 0.106672004 -0.0385779999
v 0.00254200003 0.106672004 -0.0385779999
v -0.0103839999 0.104227997 -0.0338740014
v -0.00228899997 0.110577002 -0.0328390002
v 0.00254200003 0.106672004 -0.0385779999
v -0.00228899997 0.110577002 -0.0328390002
v 0.0120860003 0.112699002 -0.0371429995
v 0.0120860003 0.112699002 -0.0371429995
v -0.00228899997 0.110577002 -0.0328390002
v 0.00798999984 0.117014006 -0.0316179991
v -0.0103839999 0.104227997 -0.0338740014
v -0.0148700001 0.107138999 -0.0268849991
v -0.00228899997 0.110577002 -0.0328390002
v -0.00228899997 0.110577002 -0.0328390002
v -0.0148700001 0.107138999 -0.0268849991
v -0.00629599998 0.113830999 -0.0260630008
v -0.00228899997 0.110577002 -0.0328390002
v -0.00629599998 0.113830999 -0.0260630008
v 0.00798999984 0.117014006 -0.0316179991
v 0.00798999984 0.117014006 -0.0316179991
v -0.00629599998 0.113830999 -0.0260630008
v 0.00459200004 0.120607004 -0.0250940006
v -0.0148700001 0.107138999 -0.0268849991
v -0.0182830002 0.109369993 -0.0190469995
v -0.00629599998 0.113830999 -0.0260630008
v -0.00629599998 0.113830999 -0.0260630008
v -0.0182830002 0.109369993 -0.0190469995
v -0.00934599992 0.116322994 -0.0184649993
v -0.00629599998 0.113830999 -0.0260630008
v -0.00934599992 0.116322994 -0.0184649993
v 0.00459200004 0.120607004 -0.0250940006
v 0.00459200004 0.120607004 -0.0250940006
v -0.00934599992 0.116322994 -0.0184649993
v 0.00200399989 0.123354003 -0.0177779999
v 0.0611190014 0.061162997 -0.00766099989
v 0.0603940003 0.0600699969 -0.00795700029
v 0.0588690005 0.0613279976 -0.0156960003
v 0.0588690005 0.0613279976 -0.0156960003
v 0.0603940003 0.0600699969 -0.00795700029
v 0.0581489988 0.0602229983 -0.0161910001
v 0.0611190014 0.061162997 -0.00766099989
v 0.0588690005 0.0613279976 -0.0156960003
v 0.059824001 0.0625479966 -0.0151129998
v 0.0568460003 0.0575159974 -0.0173129998
v 0.0588979982 0.0567499995 -0.00877700001
v 0.0563310012 0.0559009984 -0.0179399997
v 0.0563310012 0.0559009984 -0.0179399997
v 0.0588979982 0.0567499995 -0.00877700001
v 0.0585330017 0.0553699993 -0.00909399986
v 0.0563310012 0.0559009984 -0.0179399997
v 0.0585330017 0.0553699993 -0.00909399986
v 0.0559770018 0.0542249978 -0.0185659993
v 0.0559770018 0.0542249978 -0.0185659993
v 0.0585330017 0.0553699993 -0.00909399986
v 0.0582970008 0.0539509989 -0.00941199996
v 0.0568460003 0.0575159974 -0.0173129998
v 0.0563310012 0.0559009984 -0.0179399997
v 0.052742999 0.0567529984 -0.0262940004
v 0.052742999 0.0567529984 -0.0262940004
v 0.0563310012 0.0559009984 -0.0179399997
v 0.0521910004 0.0546649992 -0.0272119995
v 0.052742999 0.0567529984 -0.0262940004
v 0.0521910004 0.0546649992 -0.0272119995
v 0.0470459983 0.0552539974 -0.0351129994
v 0.0521910004 0.0546649992 -0.0272119995
v 0.0563310012 0.0559009984 -0.0179399997
v 0.0559770018 0.0542249978 -0.0185659993
v 0.0418640003 0.0592889972 -0.0406330004
v 0.0348769985 0.0608970001 -0.0462250002
v 0.043407999 0.0624179989 -0.0392130017
v 0.043407999 0.0624179989 -0.0392130017
v 0.0348769985 0.0608970001 -0.0462250002
v 0.0369299985 0.0647459999 -0.0446100011
v 0.043407999 0.0624179989 -0.0392130017
v 0.0369299985 0.0647459999 -0.0446100011
v 0.045299001 0.0653319955 -0.0377929993
v 0.045299001 0.0653319955 -0.0377929993
v 0.0369299985 0.0647459999 -0.0446100011
v 0.0394189991 0.068314001 -0.0429949984
v 0.0348769985 0.0608970001 -0.0462250002
v 0.0271060001 0.0626740009 -0.0505519994
v 0.0369299985 0.0647459999 -0.0446100011
v 0.0369299985 0.0647459999 -0.0446100011
v 0.0271060001 0.0626740009 -0.0505519994
v 0.0297289994 0.0673189983 -0.048785001
v 0.0369299985 0.0647459999 -0.0446100011
v 0.0297289994 0.0673189983 -0.048785001
v 0.0394189991 0.068314001 -0.0429949984
v 0.0394189991 0.068314001 -0.0429949984
v 0.0297289994 0.0673189983 -0.048785001
v 0.0328850001 0.0716110021 -0.0470190011
v 0.0418640003 0.0592889972 -0.0406330004
v 0.0332840011 0.0568029992 -0.0478399992
v 0.0348769985 0.0608970001 -0.0462250002
v 0.0348769985 0.0608970001 -0.0462250002
v 0.0332840011 0.0568029992 -0.0478399992
v 0.0250460003 0.0577189997 -0.0523179993
v 0.0348769985 0.0608970001 -0.0462250002
v 0.0250460003 0.0577189997 -0.0523179993
v 0.0271060001 0.0626740009 -0.0505519994
v 0.0271060001 0.0626740009 -0.0505519994
v 0.0250460003 0.0577189997 -0.0523179993
v 0.0161949992 0.0586979985 -0.0553629994
v 0.0271060001 0.0626740009 -0.0505519994
v 0.0161949992 0.0586979985 -0.0553629994
v 0.0187609997 0.0645729974 -0.0534939989
v 0.0187609997 0.0645729974 -0.0534939989
v 0.0161949992 0.0586979985 -0.0553629994
v 0.00627900008 0.0597909987 -0.0569429994
v 0.0187609997 0.0645729974 -0.0534939989
v 0.00627900008 0.0597909987 -0.0569429994
v 0.00941599999 0.0666930005 -0.0550209992
v 0.00941599999 0.0666930005 -0.0550209992
v 0.00627900008 0.0597909987 -0.0569429994
v -0.00375499995 0.060895998 -0.0567249991
v 0.00941599999 0.0666930005 -0.0550209992
v -0.00375499995 0.060895998 -0.0567249991
v -3.9999999e-05 0.0688370019 -0.0548099987
v -3.9999999e-05 0.0688370019 -0.0548099987
v -0.00375499995 0.060895998 -0.0567249991
v -0.0135939997 0.061981 -0.0547159985
v -3.9999999e-05 0.0688370019 -0.0548099987
v -0.0135939997 0.061981 -0.0547159985
v -0.00931499992 0.0709429979 -0.0528689995
v -0.00931499992 0.0709429979 -0.0528689995
v -0.0135939997 0.061981 -0.0547159985
v -0.0229310002 0.063014999 -0.0509789996
v -0.00931499992 0.0709429979 -0.0528689995
v -0.0229310002 0.063014999 -0.0509789996
v -0.0181179997 0.0729489997 -0.0492580011
v -0.0181179997 0.0729489997 -0.0492580011
v -0.0229310002 0.063014999 -0.0509789996
v -0.0314720012 0.063966997 -0.045632001
v -0.0181179997 0.0729489997 -0.0492580011
v -0.0314720012 0.063966997 -0.045632001
v -0.0261770003 0.0747950003 -0.0440910012
v -0.0261770003 0.0747950003 -0.0440910012
v -0.0314720012 0.063966997 -0.045632001
v -0.0389479995 0.0648079962 -0.0388440005
v -0.0261770003 0.0747950003 -0.0440910012
v -0.0389479995 0.0648079962 -0.0388440005
v -0.0332380012 0.0764259994 -0.0375330001
v -0.0332380012 0.0764259994 -0.0375330001
v -0.0389479995 0.0648079962 -0.0388440005
v -0.0451240018 0.0655099973 -0.0308289994
v -0.0332380012 0.0764259994 -0.0375330001
v -0.0451240018 0.0655099973 -0.0308289994
v -0.0390769988 0.0777879953 -0.0297880005
v -0.0390769988 0.0777879953 -0.0297880005
v -0.0451240018 0.0655099973 -0.0308289994
v -0.0498000011 0.0660509989 -0.0218410008
v -0.0390769988 0.0777879953 -0.0297880005
v -0.0498000011 0.0660509989 -0.0218410008
v -0.0435060002 0.0788339972 -0.0211040005
v 0.0271060001 0.0626740009 -0.0505519994
v 0.0187609997 0.0645729974 -0.0534939989
v 0.0297289994 0.0673189983 -0.048785001
v 0.0297289994 0.0673189983 -0.048785001
v 0.0187609997 0.0645729974 -0.0534939989
v 0.0219999999 0.0700699985 -0.0516240001
v 0.0297289994 0.0673189983 -0.048785001
v 0.0219999999 0.0700699985 -0.0516240001
v 0.0328850001 0.0716110021 -0.0470190011
v 0.0328850001 0.0716110021 -0.0470190011
v 0.0219999999 0.0700699985 -0.0516240001
v 0.0258750003 0.0751369968 -0.0497549996
v 0.0187609997 0.0645729974 -0.0534939989
v 0.00941599999 0.0666930005 -0.0550209992
v 0.0219999999 0.0700699985 -0.0516240001
v 0.0219999999 0.0700699985 -0.0516240001
v 0.00941599999 0.0666930005 -0.0550209992
v 0.0133469999 0.0731429979 -0.0530980006
v 0.0219999999 0.0700699985 -0.0516240001
v 0.0133469999 0.0731429979 -0.0530980006
v 0.0258750003 0.0751369968 -0.0497549996
v 0.0258750003 0.0751369968 -0.0497549996
v 0.0133469999 0.0731429979 -0.0530980006
v 0.0180290006 0.0790759996 -0.0511760004
v 0.00941599999 0.0666930005 -0.0550209992
v -3.9999999e-05 0.0688370019 -0.0548099987
v 0.0133469999 0.0731429979 -0.0530980006
v 0.0133469999 0.0731429979 -0.0530980006
v -3.9999999e-05 0.0688370019 -0.0548099987
v 0.0045909998 0.0762500018 -0.0528949983
v 0.0133469999 0.0731429979 -0.0530980006
v 0.0045909998 0.0762500018 -0.0528949983
v 0.0180290006 0.0790759996 -0.0511760004
v 0.0180290006 0.0790759996 -0.0511760004
v 0.0045909998 0.0762500018 -0.0528949983
v 0.0100910002 0.0830599964 -0.0509800017
v -3.9999999e-05 0.0688370019 -0.0548099987
v -0.00931499992 0.0709429979 -0.0528689995
v 0.0045909998 0.0762500018 -0.0528949983
v 0.0045909998 0.0762500018 -0.0528949983
v -0.00931499992 0.0709429979 -0.0528689995
v -0.00399699993 0.079301998 -0.0510220006
v 0.0045909998 0.0762500018 -0.0528949983
v -0.00399699993 0.079301998 -0.0510220006
v 0.0100910002 0.0830599964 -0.0509800017
v 0.0100910002 0.0830599964 -0.0509800017
v -0.00399699993 0.079301998 -0.0510220006
v 0.00230300007 0.0869709998 -0.0491739996
v -0.00931499992 0.0709429979 -0.0528689995
v -0.0181179997 0.0729489997 -0.0492580011
v -0.00399699993 0.079301998 -0.0510220006
v -0.00399699993 0.079301998 -0.0510220006
v -0.0181179997 0.0729489997 -0.0492580011
v -0.0121520003 0.0822069943 -0.047536999
v -0.00399699993 0.079301998 -0.0510220006
v -0.0121520003 0.0822069943 -0.047536999
v 0.00230300007 0.0869709998 -0.0491739996
v 0.00230300007 0.0869709998 -0.0491739996
v -0.0121520003 0.0822069943 -0.047536999
v -0.00509400014 0.0906949937 -0.0458160006
v -0.0181179997 0.0729489997 -0.0492580011
v -0.0261770003 0.0747950003 -0.0440910012
v -0.0121520003 0.0822069943 -0.047536999
v -0.0121520003 0.0822069943 -0.047536999
v -0.0261770003 0.0747950003 -0.0440910012
v -0.0196209997 0.0848810002 -0.0425509997
v -0.0121520003 0.0822069943 -0.047536999
v -0.0196209997 0.0848810002 -0.0425509997
v -0.00509400014 0.0906949937 -0.0458160006
v -0.00509400014 0.0906949937 -0.0458160006
v -0.0196209997 0.0848810002 -0.0425509997
v -0.0118709998 0.0941199958 -0.0410099998
v -0.0261770003 0.0747950003 -0.0440910012
v -0.0332380012 0.0764259994 -0.0375330001
v -0.0196209997 0.0848810002 -0.0425509997
v -0.0196209997 0.0848810002 -0.0425509997
v -0.0332380012 0.0764259994 -0.0375330001
v -0.0261700004 0.087240994 -0.0362210013
v -0.0196209997 0.0848810002 -0.0425509997
v -0.0261700004 0.087240994 -0.0362210013
v -0.0118709998 0.0941199958 -0.0410099998
v -0.0118709998 0.0941199958 -0.0410099998
v -0.0261700004 0.087240994 -0.0362210013
v -0.0178180002 0.0971429944 -0.0349100009
v -0.0332380012 0.0764259994 -0.0375330001
v -0.0390769988 0.0777879953 -0.0297880005
v -0.0261700004 0.087240994 -0.0362210013
v -0.0261700004 0.087240994 -0.0362210013
v -0.0390769988 0.0777879953 -0.0297880005
v -0.0315920003 0.0892120004 -0.028748
v -0.0261700004 0.087240994 -0.0362210013
v -0.0315920003 0.0892120004 -0.028748
v -0.0178180002 0.0971429944 -0.0349100009
v -0.0178180002 0.0971429944 -0.0349100009
v -0.0315920003 0.0892120004 -0.028748
v -0.0227450002 0.0996640027 -0.0277069993
v -0.0390769988 0.0777879953 -0.0297880005
v -0.0435060002 0.0788339972 -0.0211040005
v -0.0315920003 0.0892120004 -0.028748
v -0.0315920003 0.0892120004 -0.028748
v -0.0435060002 0.0788339972 -0.0211040005
v -0.0357090011 0.0907249972 -0.020366
v -0.0315920003 0.0892120004 -0.028748
v -0.0357090011 0.0907249972 -0.020366
v -0.0227450002 0.0996640027 -0.0277069993
v -0.0227450002 0.0996640027 -0.0277069993
v -0.0357090011 0.0907249972 -0.020366
v -0.0264909994 0.101598993 -0.0196289998
v 0.0418640003 0.0592889972 -0.0406330004
v 0.043407999 0.0624179989 -0.0392130017
v 0.0489859991 0.060399998 -0.0327420011
v 0.0489859991 0.060399998 -0.0327420011
v 0.043407999 0.0624179989 -0.0392130017
v 0.0503659993 0.062748 -0.0315570012
v 0.0489859991 0.060399998 -0.0327420011
v 0.0503659993 0.062748 -0.0315570012
v 0.0544780008 0.0606359988 -0.024456
v 0.0503659993 0.062748 -0.0315570012
v 0.043407999 0.0624179989 -0.0392130017
v 0.045299001 0.0653319955 -0.0377929993
v 0 0.0524999984 -0.0560000017
v 0 0.0594999976 -0.0560000017
v -0.014494 0.0524999984 -0.0540920012
v -0.014494 0.0524999984 -0.0540920012
v 0 0.0594999976 -0.0560000017
v -0.014494 0.0594999976 -0.0540920012
v -0.014494 0.0524999984 -0.0540920012
v -0.014494 0.0594999976 -0.0540920012
v -0.0280000009 0.0524999984 -0.0484969988
v -0.0280000009 0.0524999984 -0.0484969988
v -0.014494 0.0594999976 -0.0540920012
v -0.0280000009 0.0594999976 -0.0484969988
v -0.0280000009 0.0524999984 -0.0484969988
v -0.0280000009 0.0594999976 -0.0484969988
v -0.0395979993 0.0524999984 -0.0395979993
v -0.0395979993 0.0524999984 -0.0395979993
v -0.0280000009 0.0594999976 -0.0484969988
v -0.0395979993 0.0594999976 -0.0395979993
v -0.0395979993 0.0524999984 -0.0395979993
v -0.0395979993 0.0594999976 -0.0395979993
v -0.0484969988 0.0524999984 -0.0280000009
v -0.0484969988 0.0524999984 -0.0280000009
v -0.0395979993 0.0594999976 -0.0395979993
v -0.0484969988 0.0594999976 -0.0280000009
v -0.0484969988 0.0524999984 -0.0280000009
v -0.0484969988 0.0594999976 -0.0280000009
v -0.0540920012 0.0524999984 -0.014494
v -0.0540920012 0.0524999984 -0.014494
v -0.0484969988 0.0594999976 -0.0280000009
v -0.0540920012 0.0594999976 -0.014494
v -0.0540920012 0.0524999984 -0.014494
v -0.0540920012 0.0594999976 -0.014494
v -0.0560000017 0.0524999984 0
v -0.0560000017 0.0524999984 0
v -0.0540920012 0.0594999976 -0.014494
v -0.0560000017 0.0594999976 0
v -0.0560000017 0.0524999984 0
v -0.0560000017 0.0594999976 0
v -0.0540920012 0.0524999984 0.014494
v -0.0540920012 0.0524999984 0.014494
v -0.0560000017 0.0594999976 0
v -0.0540920012 0.0594999976 0.014494
v -0.0540920012 0.0524999984 0.014494
v -0.0540920012 0.0594999976 0.014494
v -0.0484969988 0.0524999984 0.0280000009
v -0.0484969988 0.0524999984 0.0280000009
v -0.0540920012 0.0594999976 0.014494
v -0.0484969988 0.0594999976 0.0280000009
v -0.0484969988 0.0524999984 0.0280000009
v -0.0484969988 0.0594999976 0.0280000009
v -0.0395979993 0.0524999984 0.0395979993
v -0.0395979993 0.0524999984 0.0395979993
v -0.0484969988 0.0594999976 0.0280000009
v -0.0395979993 0.0594999976 0.0395979993
v -0.0395979993 0.0524999984 0.0395979993
v -0.0395979993 0.0594999976 0.0395979993
v -0.0280000009 0.0524999984 0.0484969988
v -0.0280000009 0.0524999984 0.0484969988
v -0.0395979993 0.0594999976 0.0395979993
v -0.0280000009 0.0594999976 0.0484969988
v -0.0280000009 0.0524999984 0.0484969988
v -0.0280000009 0.0594999976 0.0484969988
v -0.014494 0.0524999984 0.0540920012
v -0.014494 0.0524999984 0.0540920012
v -0.0280000009 0.0594999976 0.0484969988
v -0.014494 0.0594999976 0.0540920012
v -0.014494 0.0524999984 0.0540920012
v -0.014494 0.0594999976 0.0540920012
v 0 0.0524999984 0.0560000017
v 0 0.0524999984 0.0560000017
v -0.014494 0.0594999976 0.0540920012
v 0 0.0594999976 0.0560000017
v 0.326000005 0.102499999 0.0375000015
v 0.0710000023 0.102499999 0.0375000015
v 0.326000005 0.0909119993 0.0356650017
v 0.326000005 0.0909119993 0.0356650017
v 0.0710000023 0.102499999 0.0375000015
v 0.0710000023 0.0909119993 0.0356650017
v 0.326000005 0.0909119993 0.0356650017
v 0.0710000023 0.0909119993 0.0356650017
v 0.326000005 0.0804580003 0.0303380005
v 0.326000005 0.0804580003 0.0303380005
v 0.0710000023 0.0909119993 0.0356650017
v 0.0710000023 0.0804580003 0.0303380005
v 0.326000005 0.0804580003 0.0303380005
v 0.0710000023 0.0804580003 0.0303380005
v 0.326000005 0.0721620023 0.0220420007
v 0.326000005 0.0721620023 0.0220420007
v 0.0710000023 0.0804580003 0.0303380005
v 0.0710000023 0.0721620023 0.0220420007
v 0.326000005 0.0721620023 0.0220420007
v 0.0710000023 0.0721620023 0.0220420007
v 0.326000005 0.0668350011 0.0115879998
v 0.326000005 0.0668350011 0.0115879998
v 0.0710000023 0.0721620023 0.0220420007
v 0.0710000023 0.0668350011 0.0115879998
v 0.326000005 0.0668350011 0.0115879998
v 0.0710000023 0.0668350011 0.0115879998
v 0.326000005 0.0649999976 0
v 0.326000005 0.0649999976 0
v 0.0710000023 0.0668350011 0.0115879998
v 0.0710000023 0.0649999976 0
v 0.326000005 0.0649999976 0
v 0.0710000023 0.0649999976 0
v 0.326000005 0.0668350011 -0.0115879998
v 0.326000005 0.0668350011 -0.0115879998
v 0.0710000023 0.0649999976 0
v 0.0710000023 0.0668350011 -0.0115879998
v 0.326000005 0.0668350011 -0.0115879998
v 0.0710000023 0.0668350011 -0.0115879998
v 0.326000005 0.0721620023 -0.0220420007
v 0.326000005 0.0721620023 -0.0220420007
v 0.0710000023 0.0668350011 -0.0115879998
v 0.0710000023 0.0721620023 -0.0220420007
v 0.326000005 0.0721620023 -0.0220420007
v 0.0710000023 0.0721620023 -0.0220420007
v 0.326000005 0.0804580003 -0.0303380005
v 0.326000005 0.0804580003 -0.0303380005
v 0.0710000023 0.0721620023 -0.0220420007
v 0.0710000023 0.0804580003 -0.0303380005
v 0.326000005 0.0804580003 -0.0303380005
v 0.0710000023 0.0804580003 -0.0303380005
v 0.326000005 0.0909119993 -0.0356650017
v 0.326000005 0.0909119993 -0.0356650017
v 0.0710000023 0.0804580003 -0.0303380005
v 0.0710000023 0.0909119993 -0.0356650017
v 0.326000005 0.0909119993 -0.0356650017
v 0.0710000023 0.0909119993 -0.0356650017
v 0.326000005 0.102499999 -0.0375000015
v 0.326000005 0.102499999 -0.0375000015
v 0.0710000023 0.0909119993 -0.0356650017
v 0.0710000023 0.102499999 -0.0375000015
v 0.326000005 0.102499999 -0.0375000015
v 0.0710000023 0.102499999 -0.0375000015
v 0.326000005 0.114087999 -0.0356650017
v 0.326000005 0.114087999 -0.0356650017
v 0.0710000023 0.102499999 -0.0375000015
v 0.0710000023 0.114087999 -0.0356650017
v 0.326000005 0.114087999 -0.0356650017
v 0.0710000023 0.114087999 -0.0356650017
v 0.326000005 0.124541998 -0.0303380005
v 0.326000005 0.124541998 -0.0303380005
v 0.0710000023 0.114087999 -0.0356650017
v 0.0710000023 0.124541998 -0.0303380005
v 0.326000005 0.124541998 -0.0303380005
v 0.0710000023 0.124541998 -0.0303380005
v 0.326000005 0.132837996 -0.0220420007
v 0.326000005 0.132837996 -0.0220420007
v 0.0710000023 0.124541998 -0.0303380005
v 0.0710000023 0.132837996 -0.0220420007
v 0.326000005 0.132837996 -0.0220420007
v 0.0710000023 0.132837996 -0.0220420007
v 0.326000005 0.138164997 -0.0115879998
v 0.326000005 0.138164997 -0.0115879998
v 0.0710000023 0.132837996 -0.0220420007
v 0.0710000023 0.138164997 -0.0115879998
v 0.326000005 0.138164997 -0.0115879998
v 0.0710000023 0.138164997 -0.0115879998
v 0.326000005 0.140000001 0
v 0.326000005 0.140000001 0
v 0.0710000023 0.138164997 -0.0115879998
v 0.0710000023 0.140000001 0
v 0.326000005 0.140000001 0
v 0.0710000023 0.140000001 0
v 0.326000005 0.138164997 0.0115879998
v 0.326000005 0.138164997 0.0115879998
v 0.0710000023 0.140000001 0
v 0.0710000023 0.138164997 0.0115879998
v 0.326000005 0.138164997 0.0115879998
v 0.0710000023 0.138164997 0.0115879998
v 0.326000005 0.132837996 0.0220420007
v 0.326000005 0.132837996 0.0220420007
v 0.0710000023 0.138164997 0.0115879998
v 0.0710000023 0.132837996 0.0220420007
v 0.326000005 0.132837996 0.0220420007
v 0.0710000023 0.132837996 0.0220420007
v 0.326000005 0.124541998 0.0303380005
v 0.326000005 0.124541998 0.0303380005
v 0.0710000023 0.132837996 0.0220420007
v 0.0710000023 0.124541998 0.0303380005
v 0.326000005 0.124541998 0.0303380005
v 0.0710000023 0.124541998 0.0303380005
v 0.326000005 0.114087999 0.0356650017
v 0.326000005 0.114087999 0.0356650017
v 0.0710000023 0.124541998 0.0303380005
v 0.0710000023 0.114087999 0.0356650017
v 0.326000005 0.114087999 0.0356650017
v 0.0710000023 0.114087999 0.0356650017
v 0.326000005 0.102499999 0.0375000015
v 0.326000005 0.102499999 0.0375000015
v 0.0710000023 0.114087999 0.0356650017
v 0.0710000023 0.102499999 0.0375000015
v 0.0710000023 0.114087999 0.0356650017
v 0.0710000023 0.114056997 0.0355699994
v 0.0710000023 0.102499999 0.0375000015
v 0.0710000023 0.102499999 0.0375000015
v 0.0710000023 0.114056997 0.0355699994
v 0.0710000023 0.102499999 0.0373999998
v 0.0710000023 0.102499999 0.0375000015
v 0.0710000023 0.102499999 0.0373999998
v 0.0710000023 0.0909429938 0.0355699994
v 0.0710000023 0.114056997 0.0355699994
v 0.0710000023 0.114087999 0.0356650017
v 0.0710000023 0.124483004 0.0302569997
v 0.0710000023 0.124483004 0.0302569997
v 0.0710000023 0.114087999 0.0356650017
v 0.0710000023 0.124541998 0.0303380005
v 0.0710000023 0.124483004 0.0302569997
v 0.0710000023 0.124541998 0.0303380005
v 0.0710000023 0.132756993 0.0219829995
v 0.0710000023 0.132756993 0.0219829995
v 0.0710000023 0.124541998 0.0303380005
v 0.0710000023 0.132837996 0.0220420007
v 0.0710000023 0.132756993 0.0219829995
v 0.0710000023 0.132837996 0.0220420007
v 0.0710000023 0.138070002 0.0115569998
v 0.0710000023 0.138070002 0.0115569998
v 0.0710000023 0.132837996 0.0220420007
v 0.0710000023 0.138164997 0.0115879998
v 0.0710000023 0.138070002 0.0115569998
v 0.0710000023 0.138164997 0.0115879998
v 0.0710000023 0.139899999 0
v 0.0710000023 0.139899999 0
v 0.0710000023 0.138164997 0.0115879998
v 0.0710000023 0.140000001 0
v 0.0710000023 0.139899999 0
v 0.0710000023 0.140000001 0
v 0.0710000023 0.138164997 -0.0115879998
v 0.0710000023 0.139899999 0
v 0.0710000023 0.138164997 -0.0115879998
v 0.0710000023 0.138070002 -0.0115569998
v 0.0710000023 0.138070002 -0.0115569998
v 0.0710000023 0.138164997 -0.0115879998
v 0.0710000023 0.132837996 -0.0220420007
v 0.0710000023 0.138070002 -0.0115569998
v 0.0710000023 0.132837996 -0.0220420007
v 0.0710000023 0.132756993 -0.0219829995
v 0.0710000023 0.132756993 -0.0219829995
v 0.0710000023 0.132837996 -0.0220420007
v 0.0710000023 0.124541998 -0.0303380005
v 0.0710000023 0.132756993 -0.0219829995
v 0.0710000023 0.124541998 -0.0303380005
v 0.0710000023 0.124483004 -0.0302569997
v 0.0710000023 0.124483004 -0.0302569997
v 0.0710000023 0.124541998 -0.0303380005
v 0.0710000023 0.114087999 -0.0356650017
v 0.0710000023 0.124483004 -0.0302569997
v 0.0710000023 0.114087999 -0.0356650017
v 0.0710000023 0.114056997 -0.0355699994
v 0.0710000023 0.114056997 -0.0355699994
v 0.0710000023 0.114087999 -0.0356650017
v 0.0710000023 0.102499999 -0.0373999998
v 0.0710000023 0.102499999 -0.0373999998
v 0.0710000023 0.114087999 -0.0356650017
v 0.0710000023 0.102499999 -0.0375000015
v 0.0710000023 0.102499999 -0.0373999998
v 0.0710000023 0.102499999 -0.0375000015
v 0.0710000023 0.0909429938 -0.0355699994
v 0.0710000023 0.0909429938 -0.0355699994
v 0.0710000023 0.102499999 -0.0375000015
v 0.0710000023 0.0909119993 -0.0356650017
v 0.0710000023 0.0909429938 -0.0355699994
v 0.0710000023 0.0909119993 -0.0356650017
v 0.0710000023 0.080516994 -0.0302569997
v 0.0710000023 0.080516994 -0.0302569997
v 0.0710000023 0.0909119993 -0.0356650017
v 0.0710000023 0.0804580003 -0.0303380005
v 0.0710000023 0.080516994 -0.0302569997
v 0.0710000023 0.0804580003 -0.0303380005
v 0.0710000023 0.0722429976 -0.0219829995
v 0.0710000023 0.0722429976 -0.0219829995
v 0.0710000023 0.0804580003 -0.0303380005
v 0.0710000023 0.0721620023 -0.0220420007
v 0.0710000023 0.0722429976 -0.0219829995
v 0.0710000023 0.0721620023 -0.0220420007
v 0.0710000023 0.066929996 -0.0115569998
v 0.0710000023 0.066929996 -0.0115569998
v 0.0710000023 0.0721620023 -0.0220420007
v 0.0710000023 0.0668350011 -0.0115879998
v 0.0710000023 0.066929996 -0.0115569998
v 0.0710000023 0.0668350011 -0.0115879998
v 0.0710000023 0.0650999993 0
v 0.0710000023 0.0650999993 0
v 0.0710000023 0.0668350011 -0.0115879998
v 0.0710000023 0.0649999976 0
v 0.0710000023 0.0650999993 0
v 0.0710000023 0.0649999976 0
v 0.0710000023 0.0668350011 0.0115879998
v 0.0710000023 0.0650999993 0
v 0.0710000023 0.0668350011 0.0115879998
v 0.0710000023 0.066929996 0.0115569998
v 0.0710000023 0.066929996 0.0115569998
v 0.0710000023 0.0668350011 0.0115879998
v 0.0710000023 0.0721620023 0.0220420007
v 0.0710000023 0.066929996 0.0115569998
v 0.0710000023 0.0721620023 0.0220420007
v 0.0710000023 0.0722429976 0.0219829995
v 0.0710000023 0.0722429976 0.0219829995
v 0.0710000023 0.0721620023 0.0220420007
v 0.0710000023 0.0804580003 0.0303380005
v 0.0710000023 0.0722429976 0.0219829995
v 0.0710000023 0.0804580003 0.0303380005
v 0.0710000023 0.080516994 0.0302569997
v 0.0710000023 0.080516994 0.0302569997
v 0.0710000023 0.0804580003 0.0303380005
v 0.0710000023 0.0909119993 0.0356650017
v 0.0710000023 0.080516994 0.0302569997
v 0.0710000023 0.0909119993 0.0356650017
v 0.0710000023 0.0909429938 0.0355699994
v 0.0710000023 0.0909429938 0.0355699994
v 0.0710000023 0.0909119993 0.0356650017
v 0.0710000023 0.102499999 0.0375000015
v 0.0659999996 0.139279991 -0.00731399981
v 0.0659999996 0.140000001 0
v 0.0659999996 0.139899999 0
v 0.0659999996 0.139899999 0
v 0.0659999996 0.140000001 0
v 0.0659999996 0.139279991 0.00731399981
v 0.0659999996 0.139899999 0
v 0.0659999996 0.139279991 0.00731399981
v 0.0659999996 0.139181003 0.00729600014
v 0.0659999996 0.139181003 0.00729600014
v 0.0659999996 0.139279991 0.00731399981
v 0.0659999996 0.137052998 0.014312
v 0.0659999996 0.137052998 0.014312
v 0.0659999996 0.139279991 0.00731399981
v 0.0659999996 0.137144998 0.0143529996
v 0.0659999996 0.137052998 0.014312
v 0.0659999996 0.137144998 0.0143529996
v 0.0659999996 0.133597001 0.0207780004
v 0.0659999996 0.133597001 0.0207780004
v 0.0659999996 0.137144998 0.0143529996
v 0.0659999996 0.133679003 0.0208349992
v 0.0659999996 0.133597001 0.0207780004
v 0.0659999996 0.133679003 0.0208349992
v 0.0659999996 0.129017994 0.0265149996
v 0.0659999996 0.133597001 0.0207780004
v 0.0659999996 0.129017994 0.0265149996
v 0.0659999996 0.128945991 0.0264459997
v 0.0659999996 0.128945991 0.0264459997
v 0.0659999996 0.129017994 0.0265149996
v 0.0659999996 0.123334005 0.0311789997
v 0.0659999996 0.128945991 0.0264459997
v 0.0659999996 0.123334005 0.0311789997
v 0.0659999996 0.123277992 0.0310970005
v 0.0659999996 0.123277992 0.0310970005
v 0.0659999996 0.123334005 0.0311789997
v 0.0659999996 0.116852 0.0346449986
v 0.0659999996 0.123277992 0.0310970005
v 0.0659999996 0.116852 0.0346449986
v 0.0659999996 0.116812006 0.0345529988
v 0.0659999996 0.116812006 0.0345529988
v 0.0659999996 0.116852 0.0346449986
v 0.0659999996 0.109816 0.0367790014
v 0.0659999996 0.116812006 0.0345529988
v 0.0659999996 0.109816 0.0367790014
v 0.0659999996 0.109796003 0.0366810001
v 0.0659999996 0.109796003 0.0366810001
v 0.0659999996 0.109816 0.0367790014
v 0.0659999996 0.102499999 0.0375000015
v 0.0659999996 0.109796003 0.0366810001
v 0.0659999996 0.102499999 0.0375000015
v 0.0659999996 0.102499999 0.0373999998
v 0.0659999996 0.102499999 0.0373999998
v 0.0659999996 0.102499999 0.0375000015
v 0.0659999996 0.0952039957 0.0366810001
v 0.0659999996 0.0952039957 0.0366810001
v 0.0659999996 0.102499999 0.0375000015
v 0.0659999996 0.0951839983 0.0367790014
v 0.0659999996 0.0952039957 0.0366810001
v 0.0659999996 0.0951839983 0.0367790014
v 0.0659999996 0.088188 0.0345529988
v 0.0659999996 0.088188 0.0345529988
v 0.0659999996 0.0951839983 0.0367790014
v 0.0659999996 0.0881479979 0.0346449986
v 0.0659999996 0.088188 0.0345529988
v 0.0659999996 0.0881479979 0.0346449986
v 0.0659999996 0.0817219988 0.0310970005
v 0.0659999996 0.0817219988 0.0310970005
v 0.0659999996 0.0881479979 0.0346449986
v 0.0659999996 0.0816660002 0.0311789997
v 0.0659999996 0.0817219988 0.0310970005
v 0.0659999996 0.0816660002 0.0311789997
v 0.0659999996 0.0760539994 0.0264459997
v 0.0659999996 0.0760539994 0.0264459997
v 0.0659999996 0.0816660002 0.0311789997
v 0.0659999996 0.075981997 0.0265149996
v 0.0659999996 0.0760539994 0.0264459997
v 0.0659999996 0.075981997 0.0265149996
v 0.0659999996 0.0714029968 0.0207780004
v 0.0659999996 0.0714029968 0.0207780004
v 0.0659999996 0.075981997 0.0265149996
v 0.0659999996 0.0713209957 0.0208349992
v 0.0659999996 0.0714029968 0.0207780004
v 0.0659999996 0.0713209957 0.0208349992
v 0.0659999996 0.0678550005 0.0143529996
v 0.0659999996 0.0714029968 0.0207780004
v 0.0659999996 0.0678550005 0.0143529996
v 0.0659999996 0.0679470003 0.014312
v 0.0659999996 0.0679470003 0.014312
v 0.0659999996 0.0678550005 0.0143529996
v 0.0659999996 0.0657199994 0.00731399981
v 0.0659999996 0.0679470003 0.014312
v 0.0659999996 0.0657199994 0.00731399981
v 0.0659999996 0.0658189952 0.00729600014
v 0.0659999996 0.0658189952 0.00729600014
v 0.0659999996 0.0657199994 0.00731399981
v 0.0659999996 0.0650999993 0
v 0.0659999996 0.0650999993 0
v 0.0659999996 0.0657199994 0.00731399981
v 0.0659999996 0.0649999976 0
v 0.0659999996 0.0650999993 0
v 0.0659999996 0.0649999976 0
v 0.0659999996 0.0657199994 -0.00731399981
v 0.0659999996 0.0678550005 -0.0143529996
v 0.0659999996 0.0679470003 -0.014312
v 0.0659999996 0.0657199994 -0.00731399981
v 0.0659999996 0.0657199994 -0.00731399981
v 0.0659999996 0.0679470003 -0.014312
v 0.0659999996 0.0658189952 -0.00729600014
v 0.0659999996 0.0657199994 -0.00731399981
v 0.0659999996 0.0658189952 -0.00729600014
v 0.0659999996 0.0650999993 0
v 0.0659999996 0.0679470003 -0.014312
v 0.0659999996 0.0678550005 -0.0143529996
v 0.0659999996 0.0714029968 -0.0207780004
v 0.0659999996 0.0714029968 -0.0207780004
v 0.0659999996 0.0678550005 -0.0143529996
v 0.0659999996 0.0713209957 -0.0208349992
v 0.0659999996 0.0714029968 -0.0207780004
v 0.0659999996 0.0713209957 -0.0208349992
v 0.0659999996 0.075981997 -0.0265149996
v 0.0659999996 0.0714029968 -0.0207780004
v 0.0659999996 0.075981997 -0.0265149996
v 0.0659999996 0.0760539994 -0.0264459997
v 0.0659999996 0.0760539994 -0.0264459997
v 0.0659999996 0.075981997 -0.0265149996
v 0.0659999996 0.0816660002 -0.0311789997
v 0.0659999996 0.0760539994 -0.0264459997
v 0.0659999996 0.0816660002 -0.0311789997
v 0.0659999996 0.0817219988 -0.0310970005
v 0.0659999996 0.0817219988 -0.0310970005
v 0.0659999996 0.0816660002 -0.0311789997
v 0.0659999996 0.0881479979 -0.0346449986
v 0.0659999996 0.0817219988 -0.0310970005
v 0.0659999996 0.0881479979 -0.0346449986
v 0.0659999996 0.088188 -0.0345529988
v 0.0659999996 0.088188 -0.0345529988
v 0.0659999996 0.0881479979 -0.0346449986
v 0.0659999996 0.0951839983 -0.0367790014
v 0.0659999996 0.088188 -0.0345529988
v 0.0659999996 0.0951839983 -0.0367790014
v 0.0659999996 0.0952039957 -0.0366810001
v 0.0659999996 0.0952039957 -0.0366810001
v 0.0659999996 0.0951839983 -0.0367790014
v 0.0659999996 0.102499999 -0.0375000015
v 0.0659999996 0.0952039957 -0.0366810001
v 0.0659999996 0.102499999 -0.0375000015
v 0.0659999996 0.102499999 -0.0373999998
v 0.0659999996 0.102499999 -0.0373999998
v 0.0659999996 0.102499999 -0.0375000015
v 0.0659999996 0.109796003 -0.0366810001
v 0.0659999996 0.109796003 -0.0366810001
v 0.0659999996 0.102499999 -0.0375000015
v 0.0659999996 0.109816 -0.0367790014
v 0.0659999996 0.109796003 -0.0366810001
v 0.0659999996 0.109816 -0.0367790014
v 0.0659999996 0.116812006 -0.0345529988
v 0.0659999996 0.116812006 -0.0345529988
v 0.0659999996 0.109816 -0.0367790014
v 0.0659999996 0.116852 -0.0346449986
v 0.0659999996 0.116812006 -0.0345529988
v 0.0659999996 0.116852 -0.0346449986
v 0.0659999996 0.123277992 -0.0310970005
v 0.0659999996 0.123277992 -0.0310970005
v 0.0659999996 0.116852 -0.0346449986
v 0.0659999996 0.123334005 -0.0311789997
v 0.0659999996 0.123277992 -0.0310970005
v 0.0659999996 0.123334005 -0.0311789997
v 0.0659999996 0.128945991 -0.0264459997
v 0.0659999996 0.128945991 -0.0264459997
v 0.0659999996 0.123334005 -0.0311789997
v 0.0659999996 0.129017994 -0.0265149996
v 0.0659999996 0.128945991 -0.0264459997
v 0.0659999996 0.129017994 -0.0265149996
v 0.0659999996 0.133597001 -0.0207780004
v 0.0659999996 0.133597001 -0.0207780004
v 0.0659999996 0.129017994 -0.0265149996
v 0.0659999996 0.133679003 -0.0208349992
v 0.0659999996 0.133597001 -0.0207780004
v 0.0659999996 0.133679003 -0.0208349992
v 0.0659999996 0.137144998 -0.0143529996
v 0.0659999996 0.133597001 -0.0207780004
v 0.0659999996 0.137144998 -0.0143529996
v 0.0659999996 0.137052998 -0.014312
v 0.0659999996 0.137052998 -0.014312
v 0.0659999996 0.137144998 -0.0143529996
v 0.0659999996 0.139279991 -0.00731399981
v 0.0659999996 0.137052998 -0.014312
v 0.0659999996 0.139279991 -0.00731399981
v 0.0659999996 0.139181003 -0.00729600014
v 0.0659999996 0.139181003 -0.00729600014
v 0.0659999996 0.139279991 -0.00731399981
v 0.0659999996 0.139899999 0
v -0.014494 0.0594999976 0.0540920012
v -0.014494 0.0594999976 -0.0540920012
v 0 0.0594999976 0.0560000017
v 0 0.0594999976 0.0560000017
v -0.014494 0.0594999976 -0.0540920012
v 0 0.0594999976 -0.0560000017
v 0 0.0594999976 0.0560000017
v 0 0.0594999976 -0.0560000017
v 0.014494 0.0594999976 0.0540920012
v 0.014494 0.0594999976 0.0540920012
v 0 0.0594999976 -0.0560000017
v 0.014494 0.0594999976 -0.0540920012
v 0.014494 0.0594999976 0.0540920012
v 0.014494 0.0594999976 -0.0540920012
v 0.0280000009 0.0594999976 0.0484969988
v 0.0280000009 0.0594999976 0.0484969988
v 0.014494 0.0594999976 -0.0540920012
v 0.0280000009 0.0594999976 -0.0484969988
v 0.0280000009 0.0594999976 0.0484969988
v 0.0280000009 0.0594999976 -0.0484969988
v 0.0395979993 0.0594999976 0.0395979993
v 0.0395979993 0.0594999976 0.0395979993
v 0.0280000009 0.0594999976 -0.0484969988
v 0.0395979993 0.0594999976 -0.0395979993
v 0.0395979993 0.0594999976 0.0395979993
v 0.0395979993 0.0594999976 -0.0395979993
v 0.0484969988 0.0594999976 0.0280000009
v 0.0484969988 0.0594999976 0.0280000009
v 0.0395979993 0.0594999976 -0.0395979993
v 0.0484969988 0.0594999976 -0.0280000009
v 0.0484969988 0.0594999976 0.0280000009
v 0.0484969988 0.0594999976 -0.0280000009
v 0.0540920012 0.0594999976 0.014494
v 0.0540920012 0.0594999976 0.014494
v 0.0484969988 0.0594999976 -0.0280000009
v 0.0540920012 0.0594999976 -0.014494
v 0.0540920012 0.0594999976 0.014494
v 0.0540920012 0.0594999976 -0.014494
v 0.0560000017 0.0594999976 0
v -0.014494 0.0594999976 -0.0540920012
v -0.014494 0.0594999976 0.0540920012
v -0.0280000009 0.0594999976 -0.0484969988
v -0.0280000009 0.0594999976 -0.0484969988
v -0.014494 0.0594999976 0.0540920012
v -0.0280000009 0.0594999976 0.0484969988
v -0.0280000009 0.0594999976 -0.0484969988
v -0.0280000009 0.0594999976 0.0484969988
v -0.0395979993 0.0594999976 -0.0395979993
v -0.0395979993 0.0594999976 -0.0395979993
v -0.0280000009 0.0594999976 0.0484969988
v -0.0395979993 0.0594999976 0.0395979993
v -0.0395979993 0.0594999976 -0.0395979993
v -0.0395979993 0.0594999976 0.0395979993
v -0.0484969988 0.0594999976 -0.0280000009
v -0.0484969988 0.0594999976 -0.0280000009
v -0.0395979993 0.0594999976 0.0395979993
v -0.0484969988 0.0594999976 0.0280000009
v -0.0484969988 0.0594999976 -0.0280000009
v -0.0484969988 0.0594999976 0.0280000009
v -0.0540920012 0.0594999976 -0.014494
v -0.0540920012 0.0594999976 -0.014494
v -0.0484969988 0.0594999976 0.0280000009
v -0.0540920012 0.0594999976 0.014494
v -0.0540920012 0.0594999976 -0.014494
v -0.0540920012 0.0594999976 0.014494
v -0.0560000017 0.0594999976 0
v 0 0.0524999984 0.0560000017
v 0 0.0594999976 0.0560000017
v 0.014494 0.0524999984 0.0540920012
v 0.014494 0.0524999984 0.0540920012
v 0 0.0594999976 0.0560000017
v 0.014494 0.0594999976 0.0540920012
v 0.014494 0.0524999984 0.0540920012
v 0.014494 0.0594999976 0.0540920012
v 0.0280000009 0.0524999984 0.0484969988
v 0.0280000009 0.0524999984 0.0484969988
v 0.014494 0.0594999976 0.0540920012
v 0.0280000009 0.0594999976 0.0484969988
v 0.0280000009 0.0524999984 0.0484969988
v 0.0280000009 0.0594999976 0.0484969988
v 0.0395979993 0.0524999984 0.0395979993
v 0.0395979993 0.0524999984 0.0395979993
v 0.0280000009 0.0594999976 0.0484969988
v 0.0395979993 0.0594999976 0.0395979993
v 0.0395979993 0.0524999984 0.0395979993
v 0.0395979993 0.0594999976 0.0395979993
v 0.0484969988 0.0524999984 0.0280000009
v 0.0484969988 0.0524999984 0.0280000009
v 0.0395979993 0.0594999976 0.0395979993
v 0.0484969988 0.0594999976 0.0280000009
v 0.0484969988 0.0524999984 0.0280000009
v 0.0484969988 0.0594999976 0.0280000009
v 0.0540920012 0.0524999984 0.014494
v 0.0540920012 0.0524999984 0.014494
v 0.0484969988 0.0594999976 0.0280000009
v 0.0540920012 0.0594999976 0.014494
v 0.0540920012 0.0524999984 0.014494
v 0.0540920012 0.0594999976 0.014494
v 0.0560000017 0.0524999984 0
v 0.0560000017 0.0524999984 0
v 0.0540920012 0.0594999976 0.014494
v 0.0560000017 0.0594999976 0
v 0.0560000017 0.0524999984 0
v 0.0560000017 0.0594999976 0
v 0.0540920012 0.0524999984 -0.014494
v 0.0540920012 0.0524999984 -0.014494
v 0.0560000017 0.0594999976 0
v 0.0540920012 0.0594999976 -0.014494
v 0.0540920012 0.0524999984 -0.014494
v 0.0540920012 0.0594999976 -0.014494
v 0.0484969988 0.0524999984 -0.0280000009
v 0.0484969988 0.0524999984 -0.0280000009
v 0.0540920012 0.0594999976 -0.014494
v 0.0484969988 0.0594999976 -0.0280000009
v 0.0484969988 0.0524999984 -0.0280000009
v 0.0484969988 0.0594999976 -0.0280000009
v 0.0395979993 0.0524999984 -0.0395979993
v 0.0395979993 0.0524999984 -0.0395979993
v 0.0484969988 0.0594999976 -0.0280000009
v 0.0395979993 0.0594999976 -0.0395979993
v 0.0395979993 0.0524999984 -0.0395979993
v 0.0395979993 0.0594999976 -0.0395979993
v 0.0280000009 0.0524999984 -0.0484969988
v 0.0280000009 0.0524999984 -0.0484969988
v 0.0395979993 0.0594999976 -0.0395979993
v 0.0280000009 0.0594999976 -0.0484969988
v 0.0280000009 0.0524999984 -0.0484969988
v 0.0280000009 0.0594999976 -0.0484969988
v 0.014494 0.0524999984 -0.0540920012
v 0.014494 0.0524999984 -0.0540920012
v 0.0280000009 0.0594999976 -0.0484969988
v 0.014494 0.0594999976 -0.0540920012
v 0.014494 0.0524999984 -0.0540920012
v 0.014494 0.0594999976 -0.0540920012
v 0 0.0524999984 -0.0560000017
v 0 0.0524999984 -0.0560000017
v 0.014494 0.0594999976 -0.0540920012
v 0 0.0594999976 -0.0560000017
v -0.0578670017 0.0524999984 0.0115069998
v -0.0590000004 0.0524999984 0
v -0.0560000017 0.0524999984 0
v -0.0560000017 0.0524999984 0
v -0.0590000004 0.0524999984 0
v -0.0578670017 0.0524999984 -0.0115069998
v -0.0560000017 0.0524999984 0
v -0.0578670017 0.0524999984 -0.0115069998
v -0.0540920012 0.0524999984 -0.014494
v -0.0540920012 0.0524999984 -0.014494
v -0.0578670017 0.0524999984 -0.0115069998
v -0.0545080006 0.0524999984 -0.0225820001
v -0.0540920012 0.0524999984 -0.014494
v -0.0545080006 0.0524999984 -0.0225820001
v -0.0484969988 0.0524999984 -0.0280000009
v -0.0484969988 0.0524999984 -0.0280000009
v -0.0545080006 0.0524999984 -0.0225820001
v -0.0490549989 0.0524999984 -0.0327799991
v -0.0484969988 0.0524999984 -0.0280000009
v -0.0490549989 0.0524999984 -0.0327799991
v -0.0395979993 0.0524999984 -0.0395979993
v -0.0395979993 0.0524999984 -0.0395979993
v -0.0490549989 0.0524999984 -0.0327799991
v -0.0417219996 0.0524999984 -0.0417170003
v -0.0395979993 0.0524999984 -0.0395979993
v -0.0417219996 0.0524999984 -0.0417170003
v -0.0327799991 0.0524999984 -0.0490549989
v -0.0395979993 0.0524999984 -0.0395979993
v -0.0327799991 0.0524999984 -0.0490549989
v -0.0280000009 0.0524999984 -0.0484969988
v -0.0280000009 0.0524999984 -0.0484969988
v -0.0327799991 0.0524999984 -0.0490549989
v -0.0225799996 0.0524999984 -0.0545080006
v -0.0280000009 0.0524999984 -0.0484969988
v -0.0225799996 0.0524999984 -0.0545080006
v -0.014494 0.0524999984 -0.0540920012
v -0.014494 0.0524999984 -0.0540920012
v -0.0225799996 0.0524999984 -0.0545080006
v -0.0115099996 0.0524999984 -0.0578659996
v -0.014494 0.0524999984 -0.0540920012
v -0.0115099996 0.0524999984 -0.0578659996
v 0 0.0524999984 -0.0560000017
v 0 0.0524999984 -0.0560000017
v -0.0115099996 0.0524999984 -0.0578659996
v 0 0.0524999984 -0.0590000004
v 0 0.0524999984 -0.0560000017
v 0 0.0524999984 -0.0590000004
v 0.0115099996 0.0524999984 -0.0578659996
v 0 0.0524999984 -0.0560000017
v 0.0115099996 0.0524999984 -0.0578659996
v 0.014494 0.0524999984 -0.0540920012
v 0.014494 0.0524999984 -0.0540920012
v 0.0115099996 0.0524999984 -0.0578659996
v 0.0225799996 0.0524999984 -0.0545080006
v 0.014494 0.0524999984 -0.0540920012
v 0.0225799996 0.0524999984 -0.0545080006
v 0.0280000009 0.0524999984 -0.0484969988
v 0.0280000009 0.0524999984 -0.0484969988
v 0.0225799996 0.0524999984 -0.0545080006
v 0.0327799991 0.0524999984 -0.0490549989
v 0.0280000009 0.0524999984 -0.0484969988
v 0.0327799991 0.0524999984 -0.0490549989
v 0.0395979993 0.0524999984 -0.0395979993
v 0.0395979993 0.0524999984 -0.0395979993
v 0.0327799991 0.0524999984 -0.0490549989
v 0.0417219996 0.0524999984 -0.0417170003
v 0.0395979993 0.0524999984 -0.0395979993
v 0.0417219996 0.0524999984 -0.0417170003
v 0.0490549989 0.0524999984 -0.0327799991
v 0.0395979993 0.0524999984 -0.0395979993
v 0.0490549989 0.0524999984 -0.0327799991
v 0.0484969988 0.0524999984 -0.0280000009
v 0.0484969988 0.0524999984 -0.0280000009
v 0.0490549989 0.0524999984 -0.0327799991
v 0.0545080006 0.0524999984 -0.0225820001
v 0.0484969988 0.0524999984 -0.0280000009
v 0.0545080006 0.0524999984 -0.0225820001
v 0.0540920012 0.0524999984 -0.014494
v 0.0540920012 0.0524999984 -0.014494
v 0.0545080006 0.0524999984 -0.0225820001
v 0.0578670017 0.0524999984 -0.0115069998
v 0.0540920012 0.0524999984 -0.014494
v 0.0578670017 0.0524999984 -0.0115069998
v 0.0560000017 0.0524999984 0
v 0.0560000017 0.0524999984 0
v 0.0578670017 0.0524999984 -0.0115069998
v 0.0590000004 0.0524999984 0
v 0.0560000017 0.0524999984 0
v 0.0590000004 0.0524999984 0
v 0.0578670017 0.0524999984 0.0115069998
v 0.0560000017 0.0524999984 0
v 0.0578670017 0.0524999984 0.0115069998
v 0.0540920012 0.0524999984 0.014494
v 0.0540920012 0.0524999984 0.014494
v 0.0578670017 0.0524999984 0.0115069998
v 0.0545080006 0.0524999984 0.0225820001
v 0.0540920012 0.0524999984 0.014494
v 0.0545080006 0.0524999984 0.0225820001
v 0.0484969988 0.0524999984 0.0280000009
v 0.0484969988 0.0524999984 0.0280000009
v 0.0545080006 0.0524999984 0.0225820001
v 0.0490549989 0.0524999984 0.0327799991
v 0.0484969988 0.0524999984 0.0280000009
v 0.0490549989 0.0524999984 0.0327799991
v 0.0395979993 0.0524999984 0.0395979993
v 0.0395979993 0.0524999984 0.0395979993
v 0.0490549989 0.0524999984 0.0327799991
v 0.0417219996 0.0524999984 0.0417170003
v 0.0395979993 0.0524999984 0.0395979993
v 0.0417219996 0.0524999984 0.0417170003
v 0.0327799991 0.0524999984 0.0490549989
v 0.0395979993 0.0524999984 0.0395979993
v 0.0327799991 0.0524999984 0.0490549989
v 0.0280000009 0.0524999984 0.0484969988
v 0.0280000009 0.0524999984 0.0484969988
v 0.0327799991 0.0524999984 0.0490549989
v 0.0225799996 0.0524999984 0.0545080006
v 0.0280000009 0.0524999984 0.0484969988
v 0.0225799996 0.0524999984 0.0545080006
v 0.014494 0.0524999984 0.0540920012
v 0.014494 0.0524999984 0.0540920012
v 0.0225799996 0.0524999984 0.0545080006
v 0.0115099996 0.0524999984 0.0578659996
v 0.014494 0.0524999984 0.0540920012
v 0.0115099996 0.0524999984 0.0578659996
v 0 0.0524999984 0.0560000017
v 0 0.0524999984 0.0560000017
v 0.0115099996 0.0524999984 0.0578659996
v 0 0.0524999984 0.0590000004
v 0 0.0524999984 0.0560000017
v 0 0.0524999984 0.0590000004
v -0.0115099996 0.0524999984 0.0578659996
v 0 0.0524999984 0.0560000017
v -0.0115099996 0.0524999984 0.0578659996
v -0.014494 0.0524999984 0.0540920012
v -0.014494 0.0524999984 0.0540920012
v -0.0115099996 0.0524999984 0.0578659996
v -0.0225799996 0.0524999984 0.0545080006
v -0.014494 0.0524999984 0.0540920012
v -0.0225799996 0.0524999984 0.0545080006
v -0.0280000009 0.0524999984 0.0484969988
v -0.0280000009 0.0524999984 0.0484969988
v -0.0225799996 0.0524999984 0.0545080006
v -0.0327799991 0.0524999984 0.0490549989
v -0.0280000009 0.0524999984 0.0484969988
v -0.0327799991 0.0524999984 0.0490549989
v -0.0395979993 0.0524999984 0.0395979993
v -0.0395979993 0.0524999984 0.0395979993
v -0.0327799991 0.0524999984 0.0490549989
v -0.0417219996 0.0524999984 0.0417170003
v -0.0395979993 0.0524999984 0.0395979993
v -0.0417219996 0.0524999984 0.0417170003
v -0.0490549989 0.0524999984 0.0327799991
v -0.0395979993 0.0524999984 0.0395979993
v -0.0490549989 0.0524999984 0.0327799991
v -0.0484969988 0.0524999984 0.0280000009
v -0.0484969988 0.0524999984 0.0280000009
v -0.0490549989 0.0524999984 0.0327799991
v -0.0545080006 0.0524999984 0.0225820001
v -0.0484969988 0.0524999984 0.0280000009
v -0.0545080006 0.0524999984 0.0225820001
v -0.0540920012 0.0524999984 0.014494
v -0.0540920012 0.0524999984 0.014494
v -0.0545080006 0.0524999984 0.0225820001
v -0.0578670017 0.0524999984 0.0115069998
v -0.0540920012 0.0524999984 0.014494
v -0.0578670017 0.0524999984 0.0115069998
v -0.0560000017 0.0524999984 0
v 0.0578670017 0.0524999984 0.0115069998
v 0.0590000004 0.0524999984 0
v 0.0588029996 0.0538899973 0.00559400022
v 0.0588029996 0.0538899973 0.00559400022
v 0.0590000004 0.0524999984 0
v 0.0595160015 0.0562159978 0
v 0.0588029996 0.0538899973 0.00559400022
v 0.0595160015 0.0562159978 0
v 0.0590149984 0.055251997 0.00540499995
v 0.0590149984 0.055251997 0.00540499995
v 0.0595160015 0.0562159978 0
v 0.059347 0.0565799996 0.00521600014
v 0.0590149984 0.055251997 0.00540499995
v 0.059347 0.0565799996 0.00521600014
v 0.0576770008 0.0572069995 0.0145089999
v 0.0576770008 0.0572069995 0.0145089999
v 0.059347 0.0565799996 0.00521600014
v 0.0582729988 0.0586659983 0.0139830001
v 0.0576770008 0.0572069995 0.0145089999
v 0.0582729988 0.0586659983 0.0139830001
v 0.0553730018 0.0601729974 0.0224980004
v 0.0553730018 0.0601729974 0.0224980004
v 0.0582729988 0.0586659983 0.0139830001
v 0.0561960004 0.0615059994 0.02183
v 0.0553730018 0.0601729974 0.0224980004
v 0.0561960004 0.0615059994 0.02183
v 0.0523979999 0.063981995 0.0294029992
v 0.0523979999 0.063981995 0.0294029992
v 0.0561960004 0.0615059994 0.02183
v 0.0537299998 0.0655249953 0.0285039991
v 0.0523979999 0.063981995 0.0294029992
v 0.0537299998 0.0655249953 0.0285039991
v 0.0494230017 0.0690170005 0.034945
v 0.0494230017 0.0690170005 0.034945
v 0.0537299998 0.0655249953 0.0285039991
v 0.0518109985 0.0710330009 0.0336450003
v 0.0494230017 0.0690170005 0.034945
v 0.0518109985 0.0710330009 0.0336450003
v 0.0475040004 0.0755659938 0.038784001
v 0.0475040004 0.0755659938 0.038784001
v 0.0518109985 0.0710330009 0.0336450003
v 0.0509000011 0.0776409954 0.0372859985
v 0.0475040004 0.0755659938 0.038784001
v 0.0509000011 0.0776409954 0.0372859985
v 0.0469920002 0.0830899999 0.0410489999
v 0.0469920002 0.0830899999 0.0410489999
v 0.0509000011 0.0776409954 0.0372859985
v 0.0515079983 0.0850359946 0.0394069999
v 0.0469920002 0.0830899999 0.0410489999
v 0.0515079983 0.0850359946 0.0394069999
v 0.0483210012 0.0911940038 0.0417749994
v 0.0483210012 0.0911940038 0.0417749994
v 0.0515079983 0.0850359946 0.0394069999
v 0.0541110002 0.0928139985 0.0400190018
v 0.0483210012 0.0911940038 0.0417749994
v 0.0541110002 0.0928139985 0.0400190018
v 0.0518940017 0.0994109958 0.0410230011
v 0.0518940017 0.0994109958 0.0410230011
v 0.0541110002 0.0928139985 0.0400190018
v 0.0588920005 0.100429997 0.0392390005
v 0.0518940017 0.0994109958 0.0410230011
v 0.0588920005 0.100429997 0.0392390005
v 0.057771001 0.107148997 0.0389610007
v 0.057771001 0.107148997 0.0389610007
v 0.0588920005 0.100429997 0.0392390005
v 0.0659999996 0.102499999 0.0375000015
v 0.057771001 0.107148997 0.0389610007
v 0.0659999996 0.102499999 0.0375000015
v 0.0659999996 0.109816 0.0367790014
v 0.0595160015 0.0562159978 0
v 0.0609109998 0.0596399978 0
v 0.059347 0.0565799996 0.00521600014
v 0.059347 0.0565799996 0.00521600014
v 0.0609109998 0.0596399978 0
v 0.0597949997 0.0578649975 0.0050280001
v 0.059347 0.0565799996 0.00521600014
v 0.0597949997 0.0578649975 0.0050280001
v 0.0582729988 0.0586659983 0.0139830001
v 0.0582729988 0.0586659983 0.0139830001
v 0.0597949997 0.0578649975 0.0050280001
v 0.0588390008 0.0597679988 0.0135690002
v 0.0582729988 0.0586659983 0.0139830001
v 0.0588390008 0.0597679988 0.0135690002
v 0.0561960004 0.0615059994 0.02183
v 0.0561960004 0.0615059994 0.02183
v 0.0588390008 0.0597679988 0.0135690002
v 0.0571230017 0.0627589971 0.0211629998
v 0.0561960004 0.0615059994 0.02183
v 0.0571230017 0.0627589971 0.0211629998
v 0.0537299998 0.0655249953 0.0285039991
v 0.0537299998 0.0655249953 0.0285039991
v 0.0571230017 0.0627589971 0.0211629998
v 0.0554630011 0.0671759993 0.0274439994
v 0.0537299998 0.0655249953 0.0285039991
v 0.0554630011 0.0671759993 0.0274439994
v 0.0518109985 0.0710330009 0.0336450003
v 0.0518109985 0.0710330009 0.0336450003
v 0.0554630011 0.0671759993 0.0274439994
v 0.0543889999 0.0727690011 0.032345999
v 0.0518109985 0.0710330009 0.0336450003
v 0.0543889999 0.0727690011 0.032345999
v 0.0509000011 0.0776409954 0.0372859985
v 0.0509000011 0.0776409954 0.0372859985
v 0.0543889999 0.0727690011 0.032345999
v 0.0544690005 0.0793140009 0.0357949995
v 0.0509000011 0.0776409954 0.0372859985
v 0.0544690005 0.0793140009 0.0357949995
v 0.0515079983 0.0850359946 0.0394069999
v 0.0515079983 0.0850359946 0.0394069999
v 0.0544690005 0.0793140009 0.0357949995
v 0.0562429987 0.0864749998 0.0377510004
v 0.0515079983 0.0850359946 0.0394069999
v 0.0562429987 0.0864749998 0.0377510004
v 0.0541110002 0.0928139985 0.0400190018
v 0.0541110002 0.0928139985 0.0400190018
v 0.0562429987 0.0864749998 0.0377510004
v 0.0600039996 0.0937680006 0.0382779986
v 0.0541110002 0.0928139985 0.0400190018
v 0.0600039996 0.0937680006 0.0382779986
v 0.0588920005 0.100429997 0.0392390005
v 0.0588920005 0.100429997 0.0392390005
v 0.0600039996 0.0937680006 0.0382779986
v 0.0659999996 0.0951839983 0.0367790014
v 0.0588920005 0.100429997 0.0392390005
v 0.0659999996 0.0951839983 0.0367790014
v 0.0659999996 0.102499999 0.0375000015
v 0.0631010011 0.0626180023 0
v 0.0614029989 0.0608579963 0.00455299998
v 0.0609109998 0.0596399978 0
v 0.0609109998 0.0596399978 0
v 0.0614029989 0.0608579963 0.00455299998
v 0.0607290007 0.0597919971 0.00472899992
v 0.0609109998 0.0596399978 0
v 0.0607290007 0.0597919971 0.00472899992
v 0.0602280013 0.0588459969 0.00487799989
v 0.0602280013 0.0588459969 0.00487799989
v 0.0607290007 0.0597919971 0.00472899992
v 0.0594860017 0.0608199984 0.013154
v 0.0602280013 0.0588459969 0.00487799989
v 0.0594860017 0.0608199984 0.013154
v 0.0588390008 0.0597679988 0.0135690002
v 0.0588390008 0.0597679988 0.0135690002
v 0.0594860017 0.0608199984 0.013154
v 0.0571230017 0.0627589971 0.0211629998
v 0.0659999996 0.0649999976 0
v 0.0639339983 0.0636789948 0.00402599992
v 0.0631010011 0.0626180023 0
v 0.0631010011 0.0626180023 0
v 0.0639339983 0.0636789948 0.00402599992
v 0.0630050004 0.0628030002 0.00420199987
v 0.0631010011 0.0626180023 0
v 0.0630050004 0.0628030002 0.00420199987
v 0.0621640012 0.0618649982 0.00437799981
v 0.0621640012 0.0618649982 0.00437799981
v 0.0630050004 0.0628030002 0.00420199987
v 0.0623559989 0.0640599951 0.0116889998
v 0.0621640012 0.0618649982 0.00437799981
v 0.0623559989 0.0640599951 0.0116889998
v 0.0613080002 0.0630729944 0.0121759996
v 0.0613080002 0.0630729944 0.0121759996
v 0.0623559989 0.0640599951 0.0116889998
v 0.0611229986 0.0664469972 0.0188059993
v 0.0613080002 0.0630729944 0.0121759996
v 0.0611229986 0.0664469972 0.0188059993
v 0.0596820004 0.0653589964 0.0195889995
v 0.0596820004 0.0653589964 0.0195889995
v 0.0611229986 0.0664469972 0.0188059993
v 0.0593539998 0.069867 0.0253289994
v 0.0596820004 0.0653589964 0.0195889995
v 0.0593539998 0.069867 0.0253289994
v 0.0573490001 0.068629995 0.0263839997
v 0.0573490001 0.068629995 0.0263839997
v 0.0593539998 0.069867 0.0253289994
v 0.0571120009 0.0742039979 0.0310520008
v 0.0573490001 0.068629995 0.0263839997
v 0.0571120009 0.0742039979 0.0310520008
v 0.0543889999 0.0727690011 0.032345999
v 0.0543889999 0.0727690011 0.032345999
v 0.0571120009 0.0742039979 0.0310520008
v 0.0544690005 0.0793140009 0.0357949995
v 0.0639339983 0.0636789948 0.00402599992
v 0.0659999996 0.0649999976 0
v 0.0649309978 0.0644700006 0.00385099999
v 0.0649309978 0.0644700006 0.00385099999
v 0.0659999996 0.0649999976 0
v 0.0659999996 0.0657199994 0.00731399981
v 0.0649309978 0.0644700006 0.00385099999
v 0.0659999996 0.0657199994 0.00731399981
v 0.0647130013 0.0657439977 0.0107100001
v 0.0647130013 0.0657439977 0.0107100001
v 0.0659999996 0.0657199994 0.00731399981
v 0.0659999996 0.0678550005 0.0143529996
v 0.0647130013 0.0657439977 0.0107100001
v 0.0659999996 0.0678550005 0.0143529996
v 0.0642990023 0.0681779981 0.0172320008
v 0.0642990023 0.0681779981 0.0172320008
v 0.0659999996 0.0678550005 0.0143529996
v 0.0659999996 0.0713209957 0.0208349992
v 0.0642990023 0.0681779981 0.0172320008
v 0.0659999996 0.0713209957 0.0208349992
v 0.0637049973 0.0716859996 0.023209
v 0.0637049973 0.0716859996 0.023209
v 0.0659999996 0.0713209957 0.0208349992
v 0.0659999996 0.075981997 0.0265149996
v 0.0637049973 0.0716859996 0.023209
v 0.0659999996 0.075981997 0.0265149996
v 0.0629530028 0.0761540011 0.0284529999
v 0.0629530028 0.0761540011 0.0284529999
v 0.0659999996 0.075981997 0.0265149996
v 0.0659999996 0.0816660002 0.0311789997
v 0.0629530028 0.0761540011 0.0284529999
v 0.0659999996 0.0816660002 0.0311789997
v 0.062066 0.0814379975 0.0327990018
v 0.062066 0.0814379975 0.0327990018
v 0.0659999996 0.0816660002 0.0311789997
v 0.0659999996 0.0881479979 0.0346449986
v 0.062066 0.0814379975 0.0327990018
v 0.0659999996 0.0881479979 0.0346449986
v 0.0610730015 0.0873709992 0.0361090004
v 0.0610730015 0.0873709992 0.0361090004
v 0.0659999996 0.0881479979 0.0346449986
v 0.0659999996 0.0951839983 0.0367790014
v 0.0610730015 0.0873709992 0.0361090004
v 0.0659999996 0.0951839983 0.0367790014
v 0.0600039996 0.0937680006 0.0382779986
v 0.057771001 0.107148997 0.0389610007
v 0.0659999996 0.109816 0.0367790014
v 0.0566739999 0.113718003 0.0374520011
v 0.0566739999 0.113718003 0.0374520011
v 0.0659999996 0.109816 0.0367790014
v 0.0659999996 0.116852 0.0346449986
v 0.0566739999 0.113718003 0.0374520011
v 0.0659999996 0.116852 0.0346449986
v 0.0556359999 0.119930997 0.0347599983
v 0.0556359999 0.119930997 0.0347599983
v 0.0659999996 0.116852 0.0346449986
v 0.0659999996 0.123334005 0.0311789997
v 0.0556359999 0.119930997 0.0347599983
v 0.0659999996 0.123334005 0.0311789997
v 0.0546859987 0.125595003 0.030971
v 0.0546859987 0.125595003 0.030971
v 0.0659999996 0.123334005 0.0311789997
v 0.0659999996 0.129017994 0.0265149996
v 0.0546859987 0.125595003 0.030971
v 0.0659999996 0.129017994 0.0265149996
v 0.0538569987 0.130531996 0.0262039993
v 0.0538569987 0.130531996 0.0262039993
v 0.0659999996 0.129017994 0.0265149996
v 0.0659999996 0.133679003 0.0208349992
v 0.0538569987 0.130531996 0.0262039993
v 0.0659999996 0.133679003 0.0208349992
v 0.0531719998 0.134585992 0.0206090007
v 0.0531719998 0.134585992 0.0206090007
v 0.0659999996 0.133679003 0.0208349992
v 0.0659999996 0.137144998 0.0143529996
v 0.0531719998 0.134585992 0.0206090007
v 0.0659999996 0.137144998 0.0143529996
v 0.0526570007 0.137624994 0.0143640004
v 0.0526570007 0.137624994 0.0143640004
v 0.0659999996 0.137144998 0.0143529996
v 0.0659999996 0.139279991 0.00731399981
v 0.0526570007 0.137624994 0.0143640004
v 0.0659999996 0.139279991 0.00731399981
v 0.0523290001 0.139548004 0.00766400015
v 0.0523290001 0.139548004 0.00766400015
v 0.0659999996 0.139279991 0.00731399981
v 0.0659999996 0.140000001 0
v 0.0523290001 0.139548004 0.00766400015
v 0.0659999996 0.140000001 0
v 0.0452909991 0.139837995 0
v 0.0523290001 0.139548004 0.00766400015
v 0.0452909991 0.139837995 0
v 0.0388090014 0.138261005 0.00801299978
v 0.0388090014 0.138261005 0.00801299978
v 0.0452909991 0.139837995 0
v 0.0250630006 0.136151001 0
v 0.0388090014 0.138261005 0.00801299978
v 0.0250630006 0.136151001 0
v 0.0254430007 0.135416999 0.00836499967
v 0.0254430007 0.135416999 0.00836499967
v 0.0250630006 0.136151001 0
v 0.0125860004 0.131092995 0.00871300045
v 0.0254430007 0.135416999 0.00836499967
v 0.0125860004 0.131092995 0.00871300045
v 0.0138729997 0.129280001 0.0163289998
v 0.0138729997 0.129280001 0.0163289998
v 0.0125860004 0.131092995 0.00871300045
v 0.00178599998 0.123585999 0.0169849992
v 0.0138729997 0.129280001 0.0163289998
v 0.00178599998 0.123585999 0.0169849992
v 0.0042849998 0.120931998 0.0243699998
v 0.0042849998 0.120931998 0.0243699998
v 0.00178599998 0.123585999 0.0169849992
v -0.00665799994 0.114125997 0.0253110006
v 0.0042849998 0.120931998 0.0243699998
v -0.00665799994 0.114125997 0.0253110006
v -0.00274499995 0.110946 0.032182999
v -0.00274499995 0.110946 0.032182999
v -0.00665799994 0.114125997 0.0253110006
v -0.0108930003 0.104557998 0.0331970006
v -0.00274499995 0.110946 0.032182999
v -0.0108930003 0.104557998 0.0331970006
v -0.0055689998 0.101121999 0.039237
v -0.0055689998 0.101121999 0.039237
v -0.0108930003 0.104557998 0.0331970006
v -0.0125289997 0.0944529995 0.0404359996
v -0.0055689998 0.101121999 0.039237
v -0.0125289997 0.0944529995 0.0404359996
v -0.0058269999 0.091064997 0.0453829989
v -0.0058269999 0.091064997 0.0453829989
v -0.0125289997 0.0944529995 0.0404359996
v -0.01296 0.0824960023 0.0470880009
v -0.0058269999 0.091064997 0.0453829989
v -0.01296 0.0824960023 0.0470880009
v -0.00486500002 0.0796099976 0.0507339984
v -0.00486500002 0.0796099976 0.0507339984
v -0.01296 0.0824960023 0.0470880009
v -0.0102519998 0.0711559951 0.0525709987
v -0.00486500002 0.0796099976 0.0507339984
v -0.0102519998 0.0711559951 0.0525709987
v -0.00101300003 0.069058001 0.0546890013
v -0.00101300003 0.069058001 0.0546890013
v -0.0102519998 0.0711559951 0.0525709987
v -0.0047869999 0.0610089973 0.0566000007
v -0.00101300003 0.069058001 0.0546890013
v -0.0047869999 0.0610089973 0.0566000007
v 0.00524199987 0.059905 0.057004001
v 0.00524199987 0.059905 0.057004001
v -0.0047869999 0.0610089973 0.0566000007
v 0 0.0524999984 0.0590000004
v 0.00524199987 0.059905 0.057004001
v 0 0.0524999984 0.0590000004
v 0.0115099996 0.0524999984 0.0578659996
v 0.0250630006 0.136151001 0
v 0.00572900008 0.129040003 0
v 0.0125860004 0.131092995 0.00871300045
v 0.0125860004 0.131092995 0.00871300045
v 0.00572900008 0.129040003 0
v 0.000197999994 0.125280991 0.00906299986
v 0.0125860004 0.131092995 0.00871300045
v 0.000197999994 0.125280991 0.00906299986
v 0.00178599998 0.123585999 0.0169849992
v 0.00178599998 0.123585999 0.0169849992
v 0.000197999994 0.125280991 0.00906299986
v -0.00960200001 0.116532996 0.0176410004
v 0.00178599998 0.123585999 0.0169849992
v -0.00960200001 0.116532996 0.0176410004
v -0.00665799994 0.114125997 0.0253110006
v -0.00665799994 0.114125997 0.0253110006
v -0.00960200001 0.116532996 0.0176410004
v -0.0152749997 0.107402995 0.0261100009
v -0.00665799994 0.114125997 0.0253110006
v -0.0152749997 0.107402995 0.0261100009
v -0.0108930003 0.104557998 0.0331970006
v -0.0108930003 0.104557998 0.0331970006
v -0.0152749997 0.107402995 0.0261100009
v -0.0183780007 0.097427994 0.0342120007
v -0.0108930003 0.104557998 0.0331970006
v -0.0183780007 0.097427994 0.0342120007
v -0.0125289997 0.0944529995 0.0404359996
v -0.0125289997 0.0944529995 0.0404359996
v -0.0183780007 0.097427994 0.0342120007
v -0.0203450006 0.0851410031 0.0419550017
v -0.0125289997 0.0944529995 0.0404359996
v -0.0203450006 0.0851410031 0.0419550017
v -0.01296 0.0824960023 0.0470880009
v -0.01296 0.0824960023 0.0470880009
v -0.0203450006 0.0851410031 0.0419550017
v -0.0189909991 0.0731479973 0.0487929992
v -0.01296 0.0824960023 0.0470880009
v -0.0189909991 0.0731479973 0.0487929992
v -0.0102519998 0.0711559951 0.0525709987
v -0.0102519998 0.0711559951 0.0525709987
v -0.0189909991 0.0731479973 0.0487929992
v -0.0145889996 0.0620910004 0.0544079989
v -0.0102519998 0.0711559951 0.0525709987
v -0.0145889996 0.0620910004 0.0544079989
v -0.0047869999 0.0610089973 0.0566000007
v -0.0047869999 0.0610089973 0.0566000007
v -0.0145889996 0.0620910004 0.0544079989
v -0.0115099996 0.0524999984 0.0578659996
v -0.0047869999 0.0610089973 0.0566000007
v -0.0115099996 0.0524999984 0.0578659996
v 0 0.0524999984 0.0590000004
v 0.00572900008 0.129040003 0
v -0.0121980002 0.118674994 0
v 0.000197999994 0.125280991 0.00906299986
v 0.000197999994 0.125280991 0.00906299986
v -0.0121980002 0.118674994 0
v -0.0114719998 0.118073002 0.0094130002
v 0.000197999994 0.125280991 0.00906299986
v -0.0114719998 0.118073002 0.0094130002
v -0.00960200001 0.116532996 0.0176410004
v -0.00960200001 0.116532996 0.0176410004
v -0.0114719998 0.118073002 0.0094130002
v -0.0185700003 0.109558001 0.018197
v -0.00960200001 0.116532996 0.0176410004
v -0.0185700003 0.109558001 0.018197
v -0.0152749997 0.107402995 0.0261100009
v -0.0152749997 0.107402995 0.0261100009
v -0.0185700003 0.109558001 0.018197
v -0.0231899992 0.0998930037 0.0269080009
v -0.0152749997 0.107402995 0.0261100009
v -0.0231899992 0.0998930037 0.0269080009
v -0.0183780007 0.097427994 0.0342120007
v -0.0183780007 0.097427994 0.0342120007
v -0.0231899992 0.0998930037 0.0269080009
v -0.0267859995 0.0874650031 0.0354969986
v -0.0183780007 0.097427994 0.0342120007
v -0.0267859995 0.0874650031 0.0354969986
v -0.0203450006 0.0851410031 0.0419550017
v -0.0203450006 0.0851410031 0.0419550017
v -0.0267859995 0.0874650031 0.0354969986
v -0.0269579999 0.0749749988 0.0434739999
v -0.0203450006 0.0851410031 0.0419550017
v -0.0269579999 0.0749749988 0.0434739999
v -0.0189909991 0.0731479973 0.0487929992
v -0.0189909991 0.0731479973 0.0487929992
v -0.0269579999 0.0749749988 0.0434739999
v -0.0238559991 0.0631169975 0.0504980013
v -0.0189909991 0.0731479973 0.0487929992
v -0.0238559991 0.0631169975 0.0504980013
v -0.0145889996 0.0620910004 0.0544079989
v -0.0145889996 0.0620910004 0.0544079989
v -0.0238559991 0.0631169975 0.0504980013
v -0.0225799996 0.0524999984 0.0545080006
v -0.0145889996 0.0620910004 0.0544079989
v -0.0225799996 0.0524999984 0.0545080006
v -0.0115099996 0.0524999984 0.0578659996
v -0.0114719998 0.118073002 0.0094130002
v -0.0121980002 0.118674994 0
v -0.0206610002 0.110938996 0.0097099999
v -0.0206610002 0.110938996 0.0097099999
v -0.0121980002 0.118674994 0
v -0.0280719995 0.105379 0
v -0.0206610002 0.110938996 0.0097099999
v -0.0280719995 0.105379 0
v -0.0290990006 0.102959998 0.0100069996
v -0.0290990006 0.102959998 0.0100069996
v -0.0280719995 0.105379 0
v -0.0385719985 0.0917910039 0.0103829997
v -0.0290990006 0.102959998 0.0100069996
v -0.0385719985 0.0917910039 0.0103829997
v -0.0360549986 0.0908529982 0.0194579996
v -0.0360549986 0.0908529982 0.0194579996
v -0.0385719985 0.0917910039 0.0103829997
v -0.0438780002 0.0789219961 0.0201619994
v -0.0360549986 0.0908529982 0.0194579996
v -0.0438780002 0.0789219961 0.0201619994
v -0.0396040007 0.077910997 0.0289290007
v -0.0396040007 0.077910997 0.0289290007
v -0.0438780002 0.0789219961 0.0201619994
v -0.0456800014 0.0655739978 0.0299399998
v -0.0396040007 0.077910997 0.0289290007
v -0.0456800014 0.0655739978 0.0299399998
v -0.039650999 0.0648870021 0.0380680002
v -0.039650999 0.0648870021 0.0380680002
v -0.0456800014 0.0655739978 0.0299399998
v -0.0490549989 0.0524999984 0.0327799991
v -0.039650999 0.0648870021 0.0380680002
v -0.0490549989 0.0524999984 0.0327799991
v -0.0417219996 0.0524999984 0.0417170003
v -0.0280719995 0.105379 0
v -0.0413720012 0.0896469951 0
v -0.0385719985 0.0917910039 0.0103829997
v -0.0385719985 0.0917910039 0.0103829997
v -0.0413720012 0.0896469951 0
v -0.0465810001 0.0795719996 0.0107589997
v -0.0385719985 0.0917910039 0.0103829997
v -0.0465810001 0.0795719996 0.0107589997
v -0.0438780002 0.0789219961 0.0201619994
v -0.0438780002 0.0789219961 0.0201619994
v -0.0465810001 0.0795719996 0.0107589997
v -0.0501919985 0.0660960004 0.0208669994
v -0.0438780002 0.0789219961 0.0201619994
v -0.0501919985 0.0660960004 0.0208669994
v -0.0456800014 0.0655739978 0.0299399998
v -0.0456800014 0.0655739978 0.0299399998
v -0.0501919985 0.0660960004 0.0208669994
v -0.0545080006 0.0524999984 0.0225820001
v -0.0456800014 0.0655739978 0.0299399998
v -0.0545080006 0.0524999984 0.0225820001
v -0.0490549989 0.0524999984 0.0327799991
v -0.0413720012 0.0896469951 0
v -0.0517590009 0.0719019994 0
v -0.0465810001 0.0795719996 0.0107589997
v -0.0465810001 0.0795719996 0.0107589997
v -0.0517590009 0.0719019994 0
v -0.0530409999 0.0664319992 0.0111339996
v -0.0465810001 0.0795719996 0.0107589997
v -0.0530409999 0.0664319992 0.0111339996
v -0.0501919985 0.0660960004 0.0208669994
v -0.0501919985 0.0660960004 0.0208669994
v -0.0530409999 0.0664319992 0.0111339996
v -0.0545080006 0.0524999984 0.0225820001
v -0.0517590009 0.0719019994 0
v -0.0590000004 0.0524999984 0
v -0.0530409999 0.0664319992 0.0111339996
v -0.0530409999 0.0664319992 0.0111339996
v -0.0590000004 0.0524999984 0
v -0.0578670017 0.0524999984 0.0115069998
v -0.0530409999 0.0664319992 0.0111339996
v -0.0578670017 0.0524999984 0.0115069998
v -0.0545080006 0.0524999984 0.0225820001
v -0.039650999 0.0648870021 0.0380680002
v -0.0417219996 0.0524999984 0.0417170003
v -0.0322990008 0.0640589967 0.0449929982
v -0.0322990008 0.0640589967 0.0449929982
v -0.0417219996 0.0524999984 0.0417170003
v -0.0327799991 0.0524999984 0.0490549989
v -0.0322990008 0.0640589967 0.0449929982
v -0.0327799991 0.0524999984 0.0490549989
v -0.0238559991 0.0631169975 0.0504980013
v -0.0238559991 0.0631169975 0.0504980013
v -0.0327799991 0.0524999984 0.0490549989
v -0.0225799996 0.0524999984 0.0545080006
v 0.00524199987 0.059905 0.057004001
v 0.0115099996 0.0524999984 0.0578659996
v 0.0151840001 0.0588089973 0.055608999
v 0.0151840001 0.0588089973 0.055608999
v 0.0115099996 0.0524999984 0.0578659996
v 0.0225799996 0.0524999984 0.0545080006
v 0.0151840001 0.0588089973 0.055608999
v 0.0225799996 0.0524999984 0.0545080006
v 0.0247280002 0.0577539988 0.0524570011
v 0.0247280002 0.0577539988 0.0524570011
v 0.0225799996 0.0524999984 0.0545080006
v 0.0327799991 0.0524999984 0.0490549989
v 0.0247280002 0.0577539988 0.0524570011
v 0.0327799991 0.0524999984 0.0490549989
v 0.0335749984 0.056770999 0.0476480015
v 0.0335749984 0.056770999 0.0476480015
v 0.0327799991 0.0524999984 0.0490549989
v 0.0414469987 0.0558879972 0.0413350016
v 0.0335749984 0.056770999 0.0476480015
v 0.0414469987 0.0558879972 0.0413350016
v 0.0351510011 0.060833998 0.0460399985
v 0.0351510011 0.060833998 0.0460399985
v 0.0414469987 0.0558879972 0.0413350016
v 0.0425829999 0.0591229983 0.0399399996
v 0.0351510011 0.060833998 0.0460399985
v 0.0425829999 0.0591229983 0.0399399996
v 0.037184 0.0646549985 0.0444310009
v 0.037184 0.0646549985 0.0444310009
v 0.0425829999 0.0591229983 0.0399399996
v 0.044075001 0.0621779971 0.0385439992
v 0.037184 0.0646549985 0.0444310009
v 0.044075001 0.0621779971 0.0385439992
v 0.0396489985 0.068196997 0.0428219996
v 0.0396489985 0.068196997 0.0428219996
v 0.044075001 0.0621779971 0.0385439992
v 0.0459050015 0.0650239959 0.0371490009
v 0.0396489985 0.068196997 0.0428219996
v 0.0459050015 0.0650239959 0.0371490009
v 0.0418820009 0.0707699955 0.0415519997
v 0.0418820009 0.0707699955 0.0415519997
v 0.0459050015 0.0650239959 0.0371490009
v 0.0475739986 0.0671039969 0.0360470004
v 0.0418820009 0.0707699955 0.0415519997
v 0.0475739986 0.0671039969 0.0360470004
v 0.044342 0.0731180012 0.0402819999
v 0.044342 0.0731180012 0.0402819999
v 0.0475739986 0.0671039969 0.0360470004
v 0.0494230017 0.0690170005 0.034945
v 0.044342 0.0731180012 0.0402819999
v 0.0494230017 0.0690170005 0.034945
v 0.0475040004 0.0755659938 0.038784001
v 0.0327799991 0.0524999984 0.0490549989
v 0.0417219996 0.0524999984 0.0417170003
v 0.0414469987 0.0558879972 0.0413350016
v 0.0414469987 0.0558879972 0.0413350016
v 0.0417219996 0.0524999984 0.0417170003
v 0.048094999 0.0551349968 0.033716999
v 0.0414469987 0.0558879972 0.0413350016
v 0.048094999 0.0551349968 0.033716999
v 0.0425829999 0.0591229983 0.0399399996
v 0.0425829999 0.0591229983 0.0399399996
v 0.048094999 0.0551349968 0.033716999
v 0.0488669984 0.0576629974 0.0325779989
v 0.0425829999 0.0591229983 0.0399399996
v 0.0488669984 0.0576629974 0.0325779989
v 0.044075001 0.0621779971 0.0385439992
v 0.044075001 0.0621779971 0.0385439992
v 0.0488669984 0.0576629974 0.0325779989
v 0.0499069989 0.0600639991 0.031440001
v 0.044075001 0.0621779971 0.0385439992
v 0.0499069989 0.0600639991 0.031440001
v 0.0459050015 0.0650239959 0.0371490009
v 0.0459050015 0.0650239959 0.0371490009
v 0.0499069989 0.0600639991 0.031440001
v 0.0512039997 0.0623189993 0.0303019993
v 0.0459050015 0.0650239959 0.0371490009
v 0.0512039997 0.0623189993 0.0303019993
v 0.0475739986 0.0671039969 0.0360470004
v 0.0475739986 0.0671039969 0.0360470004
v 0.0512039997 0.0623189993 0.0303019993
v 0.0523979999 0.063981995 0.0294029992
v 0.0475739986 0.0671039969 0.0360470004
v 0.0523979999 0.063981995 0.0294029992
v 0.0494230017 0.0690170005 0.034945
v 0.0417219996 0.0524999984 0.0417170003
v 0.0490549989 0.0524999984 0.0327799991
v 0.048094999 0.0551349968 0.033716999
v 0.048094999 0.0551349968 0.033716999
v 0.0490549989 0.0524999984 0.0327799991
v 0.0533079989 0.0545359999 0.0250330009
v 0.048094999 0.0551349968 0.033716999
v 0.0533079989 0.0545359999 0.0250330009
v 0.0488669984 0.0576629974 0.0325779989
v 0.0488669984 0.0576629974 0.0325779989
v 0.0533079989 0.0545359999 0.0250330009
v 0.0538010001 0.0565029979 0.0241880007
v 0.0488669984 0.0576629974 0.0325779989
v 0.0538010001 0.0565029979 0.0241880007
v 0.0499069989 0.0600639991 0.031440001
v 0.0499069989 0.0600639991 0.031440001
v 0.0538010001 0.0565029979 0.0241880007
v 0.0544920005 0.0583869964 0.0233430006
v 0.0499069989 0.0600639991 0.031440001
v 0.0544920005 0.0583869964 0.0233430006
v 0.0512039997 0.0623189993 0.0303019993
v 0.0512039997 0.0623189993 0.0303019993
v 0.0544920005 0.0583869964 0.0233430006
v 0.0553730018 0.0601729974 0.0224980004
v 0.0512039997 0.0623189993 0.0303019993
v 0.0553730018 0.0601729974 0.0224980004
v 0.0523979999 0.063981995 0.0294029992
v 0.0490549989 0.0524999984 0.0327799991
v 0.0545080006 0.0524999984 0.0225820001
v 0.0533079989 0.0545359999 0.0250330009
v 0.0533079989 0.0545359999 0.0250330009
v 0.0545080006 0.0524999984 0.0225820001
v 0.0569179989 0.054113999 0.015559
v 0.0533079989 0.0545359999 0.0250330009
v 0.0569179989 0.054113999 0.015559
v 0.0538010001 0.0565029979 0.0241880007
v 0.0538010001 0.0565029979 0.0241880007
v 0.0569179989 0.054113999 0.015559
v 0.0572229996 0.0556869991 0.0150340004
v 0.0538010001 0.0565029979 0.0241880007
v 0.0572229996 0.0556869991 0.0150340004
v 0.0544920005 0.0583869964 0.0233430006
v 0.0544920005 0.0583869964 0.0233430006
v 0.0572229996 0.0556869991 0.0150340004
v 0.0576770008 0.0572069995 0.0145089999
v 0.0544920005 0.0583869964 0.0233430006
v 0.0576770008 0.0572069995 0.0145089999
v 0.0553730018 0.0601729974 0.0224980004
v 0.0545080006 0.0524999984 0.0225820001
v 0.0578670017 0.0524999984 0.0115069998
v 0.0569179989 0.054113999 0.015559
v 0.0569179989 0.054113999 0.015559
v 0.0578670017 0.0524999984 0.0115069998
v 0.0588029996 0.0538899973 0.00559400022
v 0.0569179989 0.054113999 0.015559
v 0.0588029996 0.0538899973 0.00559400022
v 0.0572229996 0.0556869991 0.0150340004
v 0.0572229996 0.0556869991 0.0150340004
v 0.0588029996 0.0538899973 0.00559400022
v 0.0590149984 0.055251997 0.00540499995
v 0.0572229996 0.0556869991 0.0150340004
v 0.0590149984 0.055251997 0.00540499995
v 0.0576770008 0.0572069995 0.0145089999
v 0.0614029989 0.0608579963 0.00455299998
v 0.0631010011 0.0626180023 0
v 0.0621640012 0.0618649982 0.00437799981
v 0.0597949997 0.0578649975 0.0050280001
v 0.0609109998 0.0596399978 0
v 0.0602280013 0.0588459969 0.00487799989
v 0.0588390008 0.0597679988 0.0135690002
v 0.0597949997 0.0578649975 0.0050280001
v 0.0602280013 0.0588459969 0.00487799989
v 0.0247280002 0.0577539988 0.0524570011
v 0.0335749984 0.056770999 0.0476480015
v 0.0268060006 0.0627419949 0.0506860018
v 0.0268060006 0.0627419949 0.0506860018
v 0.0335749984 0.056770999 0.0476480015
v 0.0351510011 0.060833998 0.0460399985
v 0.0268060006 0.0627419949 0.0506860018
v 0.0351510011 0.060833998 0.0460399985
v 0.0294509996 0.0674180016 0.0489149988
v 0.0294509996 0.0674180016 0.0489149988
v 0.0351510011 0.060833998 0.0460399985
v 0.037184 0.0646549985 0.0444310009
v 0.0294509996 0.0674180016 0.0489149988
v 0.037184 0.0646549985 0.0444310009
v 0.0326329991 0.0717379972 0.0471439995
v 0.0326329991 0.0717379972 0.0471439995
v 0.037184 0.0646549985 0.0444310009
v 0.0396489985 0.068196997 0.0428219996
v 0.0326329991 0.0717379972 0.0471439995
v 0.0396489985 0.068196997 0.0428219996
v 0.0355000012 0.0748619959 0.0457459986
v 0.0355000012 0.0748619959 0.0457459986
v 0.0396489985 0.068196997 0.0428219996
v 0.0418820009 0.0707699955 0.0415519997
v 0.0355000012 0.0748619959 0.0457459986
v 0.0418820009 0.0707699955 0.0415519997
v 0.0386469997 0.0776979998 0.0443469994
v 0.0386469997 0.0776979998 0.0443469994
v 0.0418820009 0.0707699955 0.0415519997
v 0.044342 0.0731180012 0.0402819999
v 0.0386469997 0.0776979998 0.0443469994
v 0.044342 0.0731180012 0.0402819999
v 0.0426779985 0.0806329995 0.0426979996
v 0.0426779985 0.0806329995 0.0426979996
v 0.044342 0.0731180012 0.0402819999
v 0.0475040004 0.0755659938 0.038784001
v 0.0426779985 0.0806329995 0.0426979996
v 0.0475040004 0.0755659938 0.038784001
v 0.0469920002 0.0830899999 0.0410489999
v 0.0151840001 0.0588089973 0.055608999
v 0.0247280002 0.0577539988 0.0524570011
v 0.0178079996 0.0647889972 0.0537309982
v 0.0178079996 0.0647889972 0.0537309982
v 0.0247280002 0.0577539988 0.0524570011
v 0.0268060006 0.0627419949 0.0506860018
v 0.0178079996 0.0647889972 0.0537309982
v 0.0268060006 0.0627419949 0.0506860018
v 0.0211169999 0.0703839958 0.0518539995
v 0.0211169999 0.0703839958 0.0518539995
v 0.0268060006 0.0627419949 0.0506860018
v 0.0294509996 0.0674180016 0.0489149988
v 0.0211169999 0.0703839958 0.0518539995
v 0.0294509996 0.0674180016 0.0489149988
v 0.0250749998 0.0755390003 0.0499759987
v 0.0250749998 0.0755390003 0.0499759987
v 0.0294509996 0.0674180016 0.0489149988
v 0.0326329991 0.0717379972 0.0471439995
v 0.0250749998 0.0755390003 0.0499759987
v 0.0326329991 0.0717379972 0.0471439995
v 0.0286270007 0.0792559981 0.048494
v 0.0286270007 0.0792559981 0.048494
v 0.0326329991 0.0717379972 0.0471439995
v 0.0355000012 0.0748619959 0.0457459986
v 0.0286270007 0.0792559981 0.048494
v 0.0355000012 0.0748619959 0.0457459986
v 0.0325159989 0.0826189965 0.0470120013
v 0.0325159989 0.0826189965 0.0470120013
v 0.0355000012 0.0748619959 0.0457459986
v 0.0386469997 0.0776979998 0.0443469994
v 0.0325159989 0.0826189965 0.0470120013
v 0.0386469997 0.0776979998 0.0443469994
v 0.0374820009 0.0860790014 0.0452639982
v 0.0374820009 0.0860790014 0.0452639982
v 0.0386469997 0.0776979998 0.0443469994
v 0.0426779985 0.0806329995 0.0426979996
v 0.0374820009 0.0860790014 0.0452639982
v 0.0426779985 0.0806329995 0.0426979996
v 0.0427850001 0.0889509991 0.0435150005
v 0.0427850001 0.0889509991 0.0435150005
v 0.0426779985 0.0806329995 0.0426979996
v 0.0469920002 0.0830899999 0.0410489999
v 0.0427850001 0.0889509991 0.0435150005
v 0.0469920002 0.0830899999 0.0410489999
v 0.0483210012 0.0911940038 0.0417749994
v 0.00524199987 0.059905 0.057004001
v 0.0151840001 0.0588089973 0.055608999
v 0.00843800046 0.066914998 0.0550800003
v 0.00843800046 0.066914998 0.0550800003
v 0.0151840001 0.0588089973 0.055608999
v 0.0178079996 0.0647889972 0.0537309982
v 0.00843800046 0.066914998 0.0550800003
v 0.0178079996 0.0647889972 0.0537309982
v 0.012441 0.0734649971 0.0531550013
v 0.012441 0.0734649971 0.0531550013
v 0.0178079996 0.0647889972 0.0537309982
v 0.0211169999 0.0703839958 0.0518539995
v 0.012441 0.0734649971 0.0531550013
v 0.0211169999 0.0703839958 0.0518539995
v 0.0172080006 0.0794879943 0.0512310006
v 0.0172080006 0.0794879943 0.0512310006
v 0.0211169999 0.0703839958 0.0518539995
v 0.0250749998 0.0755390003 0.0499759987
v 0.0172080006 0.0794879943 0.0512310006
v 0.0250749998 0.0755390003 0.0499759987
v 0.0214740001 0.083821997 0.0497110002
v 0.0214740001 0.083821997 0.0497110002
v 0.0250749998 0.0755390003 0.0499759987
v 0.0286270007 0.0792559981 0.048494
v 0.0214740001 0.083821997 0.0497110002
v 0.0286270007 0.0792559981 0.048494
v 0.0261349995 0.0877330005 0.0481919982
v 0.0261349995 0.0877330005 0.0481919982
v 0.0286270007 0.0792559981 0.048494
v 0.0325159989 0.0826189965 0.0470120013
v 0.0261349995 0.0877330005 0.0481919982
v 0.0325159989 0.0826189965 0.0470120013
v 0.0320769995 0.0917399973 0.0463999994
v 0.0320769995 0.0917399973 0.0463999994
v 0.0325159989 0.0826189965 0.0470120013
v 0.0374820009 0.0860790014 0.0452639982
v 0.0320769995 0.0917399973 0.0463999994
v 0.0374820009 0.0860790014 0.0452639982
v 0.038408 0.0950450003 0.0446080007
v 0.038408 0.0950450003 0.0446080007
v 0.0374820009 0.0860790014 0.0452639982
v 0.0427850001 0.0889509991 0.0435150005
v 0.038408 0.0950450003 0.0446080007
v 0.0427850001 0.0889509991 0.0435150005
v 0.0450059995 0.0975999981 0.0428230017
v 0.0450059995 0.0975999981 0.0428230017
v 0.0427850001 0.0889509991 0.0435150005
v 0.0483210012 0.0911940038 0.0417749994
v 0.0450059995 0.0975999981 0.0428230017
v 0.0483210012 0.0911940038 0.0417749994
v 0.0518940017 0.0994109958 0.0410230011
v -0.0238559991 0.0631169975 0.0504980013
v -0.0269579999 0.0749749988 0.0434739999
v -0.0322990008 0.0640589967 0.0449929982
v -0.0322990008 0.0640589967 0.0449929982
v -0.0269579999 0.0749749988 0.0434739999
v -0.0339020006 0.0765800029 0.0367829986
v -0.0322990008 0.0640589967 0.0449929982
v -0.0339020006 0.0765800029 0.0367829986
v -0.039650999 0.0648870021 0.0380680002
v -0.039650999 0.0648870021 0.0380680002
v -0.0339020006 0.0765800029 0.0367829986
v -0.0396040007 0.077910997 0.0289290007
v 0.012441 0.0734649971 0.0531550013
v 0.00369099993 0.0765699968 0.0527779981
v 0.00843800046 0.066914998 0.0550800003
v 0.00843800046 0.066914998 0.0550800003
v 0.00369099993 0.0765699968 0.0527779981
v -0.00101300003 0.069058001 0.0546890013
v 0.00843800046 0.066914998 0.0550800003
v -0.00101300003 0.069058001 0.0546890013
v 0.00524199987 0.059905 0.057004001
v -0.00101300003 0.069058001 0.0546890013
v 0.00369099993 0.0765699968 0.0527779981
v -0.00486500002 0.0796099976 0.0507339984
v -0.00486500002 0.0796099976 0.0507339984
v 0.00369099993 0.0765699968 0.0527779981
v 0.00151600002 0.0873669982 0.0488969982
v -0.00486500002 0.0796099976 0.0507339984
v 0.00151600002 0.0873669982 0.0488969982
v -0.0058269999 0.091064997 0.0453829989
v -0.0058269999 0.091064997 0.0453829989
v 0.00151600002 0.0873669982 0.0488969982
v 0.000526999997 0.0972059965 0.0440369993
v -0.0058269999 0.091064997 0.0453829989
v 0.000526999997 0.0972059965 0.0440369993
v -0.0055689998 0.101121999 0.039237
v -0.0055689998 0.101121999 0.039237
v 0.000526999997 0.0972059965 0.0440369993
v 0.00200799992 0.107102998 0.0380380005
v -0.0055689998 0.101121999 0.039237
v 0.00200799992 0.107102998 0.0380380005
v -0.00274499995 0.110946 0.032182999
v -0.00274499995 0.110946 0.032182999
v 0.00200799992 0.107102998 0.0380380005
v 0.00760400016 0.117422 0.0309859999
v -0.00274499995 0.110946 0.032182999
v 0.00760400016 0.117422 0.0309859999
v 0.0042849998 0.120931998 0.0243699998
v 0.0042849998 0.120931998 0.0243699998
v 0.00760400016 0.117422 0.0309859999
v 0.0158990007 0.126437992 0.0234290008
v 0.0042849998 0.120931998 0.0243699998
v 0.0158990007 0.126437992 0.0234290008
v 0.0138729997 0.129280001 0.0163289998
v 0.0138729997 0.129280001 0.0163289998
v 0.0158990007 0.126437992 0.0234290008
v 0.0264190007 0.133526996 0.0156759992
v 0.0138729997 0.129280001 0.0163289998
v 0.0264190007 0.133526996 0.0156759992
v 0.0254430007 0.135416999 0.00836499967
v 0.0254430007 0.135416999 0.00836499967
v 0.0264190007 0.133526996 0.0156759992
v 0.0388090014 0.138261005 0.00801299978
v 0.00369099993 0.0765699968 0.0527779981
v 0.012441 0.0734649971 0.0531550013
v 0.0092740003 0.083468996 0.0508669987
v 0.0092740003 0.083468996 0.0508669987
v 0.012441 0.0734649971 0.0531550013
v 0.0172080006 0.0794879943 0.0512310006
v 0.0092740003 0.083468996 0.0508669987
v 0.0172080006 0.0794879943 0.0512310006
v 0.0142599996 0.0884259939 0.0493590012
v 0.0142599996 0.0884259939 0.0493590012
v 0.0172080006 0.0794879943 0.0512310006
v 0.0214740001 0.083821997 0.0497110002
v 0.0142599996 0.0884259939 0.0493590012
v 0.0214740001 0.083821997 0.0497110002
v 0.0197000001 0.092888996 0.0478500016
v 0.0197000001 0.092888996 0.0478500016
v 0.0214740001 0.083821997 0.0497110002
v 0.0261349995 0.0877330005 0.0481919982
v 0.0197000001 0.092888996 0.0478500016
v 0.0261349995 0.0877330005 0.0481919982
v 0.0266249999 0.0974479988 0.0460710004
v 0.0266249999 0.0974479988 0.0460710004
v 0.0261349995 0.0877330005 0.0481919982
v 0.0320769995 0.0917399973 0.0463999994
v 0.0266249999 0.0974479988 0.0460710004
v 0.0320769995 0.0917399973 0.0463999994
v 0.0339940004 0.101190001 0.0442910008
v 0.0339940004 0.101190001 0.0442910008
v 0.0320769995 0.0917399973 0.0463999994
v 0.038408 0.0950450003 0.0446080007
v 0.0339940004 0.101190001 0.0442910008
v 0.038408 0.0950450003 0.0446080007
v 0.0416629985 0.104059994 0.0425200015
v 0.0416629985 0.104059994 0.0425200015
v 0.038408 0.0950450003 0.0446080007
v 0.0450059995 0.0975999981 0.0428230017
v 0.0416629985 0.104059994 0.0425200015
v 0.0450059995 0.0975999981 0.0428230017
v 0.0496589988 0.106063999 0.040732
v 0.0496589988 0.106063999 0.040732
v 0.0450059995 0.0975999981 0.0428230017
v 0.0518940017 0.0994109958 0.0410230011
v 0.0496589988 0.106063999 0.040732
v 0.0518940017 0.0994109958 0.0410230011
v 0.057771001 0.107148997 0.0389610007
v -0.0339020006 0.0765800029 0.0367829986
v -0.0269579999 0.0749749988 0.0434739999
v -0.0267859995 0.0874650031 0.0354969986
v -0.0396040007 0.077910997 0.0289290007
v -0.0339020006 0.0765800029 0.0367829986
v -0.0320810005 0.0893909931 0.0279179998
v -0.0320810005 0.0893909931 0.0279179998
v -0.0339020006 0.0765800029 0.0367829986
v -0.0267859995 0.0874650031 0.0354969986
v -0.0320810005 0.0893909931 0.0279179998
v -0.0267859995 0.0874650031 0.0354969986
v -0.0231899992 0.0998930037 0.0269080009
v -0.0396040007 0.077910997 0.0289290007
v -0.0320810005 0.0893909931 0.0279179998
v -0.0360549986 0.0908529982 0.0194579996
v -0.0360549986 0.0908529982 0.0194579996
v -0.0320810005 0.0893909931 0.0279179998
v -0.0268060006 0.101761997 0.0187529996
v -0.0360549986 0.0908529982 0.0194579996
v -0.0268060006 0.101761997 0.0187529996
v -0.0290990006 0.102959998 0.0100069996
v -0.0290990006 0.102959998 0.0100069996
v -0.0268060006 0.101761997 0.0187529996
v -0.0206610002 0.110938996 0.0097099999
v -0.0268060006 0.101761997 0.0187529996
v -0.0320810005 0.0893909931 0.0279179998
v -0.0231899992 0.0998930037 0.0269080009
v 0.0594860017 0.0608199984 0.013154
v 0.0607290007 0.0597919971 0.00472899992
v 0.0603469983 0.0619889982 0.0126649998
v 0.0603469983 0.0619889982 0.0126649998
v 0.0607290007 0.0597919971 0.00472899992
v 0.0614029989 0.0608579963 0.00455299998
v 0.0603469983 0.0619889982 0.0126649998
v 0.0614029989 0.0608579963 0.00455299998
v 0.0613080002 0.0630729944 0.0121759996
v 0.0613080002 0.0630729944 0.0121759996
v 0.0614029989 0.0608579963 0.00455299998
v 0.0621640012 0.0618649982 0.00437799981
v 0.0571230017 0.0627589971 0.0211629998
v 0.0594860017 0.0608199984 0.013154
v 0.0583419986 0.0641250014 0.0203760006
v 0.0583419986 0.0641250014 0.0203760006
v 0.0594860017 0.0608199984 0.013154
v 0.0603469983 0.0619889982 0.0126649998
v 0.0583419986 0.0641250014 0.0203760006
v 0.0603469983 0.0619889982 0.0126649998
v 0.0596820004 0.0653589964 0.0195889995
v 0.0596820004 0.0653589964 0.0195889995
v 0.0603469983 0.0619889982 0.0126649998
v 0.0613080002 0.0630729944 0.0121759996
v 0.0571230017 0.0627589971 0.0211629998
v 0.0583419986 0.0641250014 0.0203760006
v 0.0554630011 0.0671759993 0.0274439994
v 0.0554630011 0.0671759993 0.0274439994
v 0.0583419986 0.0641250014 0.0203760006
v 0.0573490001 0.068629995 0.0263839997
v 0.0554630011 0.0671759993 0.0274439994
v 0.0573490001 0.068629995 0.0263839997
v 0.0543889999 0.0727690011 0.032345999
v 0.0573490001 0.068629995 0.0263839997
v 0.0583419986 0.0641250014 0.0203760006
v 0.0596820004 0.0653589964 0.0195889995
v 0.0266249999 0.0974479988 0.0460710004
v 0.0212939996 0.103032999 0.0442860015
v 0.0197000001 0.092888996 0.0478500016
v 0.0197000001 0.092888996 0.0478500016
v 0.0212939996 0.103032999 0.0442860015
v 0.0134070003 0.0979340002 0.0459970012
v 0.0197000001 0.092888996 0.0478500016
v 0.0134070003 0.0979340002 0.0459970012
v 0.0142599996 0.0884259939 0.0493590012
v 0.0142599996 0.0884259939 0.0493590012
v 0.0134070003 0.0979340002 0.0459970012
v 0.00720500015 0.0929310024 0.0474469997
v 0.0142599996 0.0884259939 0.0493590012
v 0.00720500015 0.0929310024 0.0474469997
v 0.0092740003 0.083468996 0.0508669987
v 0.0092740003 0.083468996 0.0508669987
v 0.00720500015 0.0929310024 0.0474469997
v 0.00151600002 0.0873669982 0.0488969982
v 0.0092740003 0.083468996 0.0508669987
v 0.00151600002 0.0873669982 0.0488969982
v 0.00369099993 0.0765699968 0.0527779981
v 0.0212939996 0.103032999 0.0442860015
v 0.0162450001 0.108328998 0.0411040001
v 0.0134070003 0.0979340002 0.0459970012
v 0.0134070003 0.0979340002 0.0459970012
v 0.0162450001 0.108328998 0.0411040001
v 0.00744900014 0.102720998 0.0426909998
v 0.0134070003 0.0979340002 0.0459970012
v 0.00744900014 0.102720998 0.0426909998
v 0.00720500015 0.0929310024 0.0474469997
v 0.00720500015 0.0929310024 0.0474469997
v 0.00744900014 0.102720998 0.0426909998
v 0.000526999997 0.0972059965 0.0440369993
v 0.00720500015 0.0929310024 0.0474469997
v 0.000526999997 0.0972059965 0.0440369993
v 0.00151600002 0.0873669982 0.0488969982
v 0.0212939996 0.103032999 0.0442860015
v 0.0266249999 0.0974479988 0.0460710004
v 0.0296759997 0.107201993 0.0425760001
v 0.0296759997 0.107201993 0.0425760001
v 0.0266249999 0.0974479988 0.0460710004
v 0.0339940004 0.101190001 0.0442910008
v 0.0296759997 0.107201993 0.0425760001
v 0.0339940004 0.101190001 0.0442910008
v 0.0383929983 0.110377997 0.0408729985
v 0.0383929983 0.110377997 0.0408729985
v 0.0339940004 0.101190001 0.0442910008
v 0.0416629985 0.104059994 0.0425200015
v 0.0383929983 0.110377997 0.0408729985
v 0.0416629985 0.104059994 0.0425200015
v 0.0474720001 0.112570003 0.039154999
v 0.0474720001 0.112570003 0.039154999
v 0.0416629985 0.104059994 0.0425200015
v 0.0496589988 0.106063999 0.040732
v 0.0474720001 0.112570003 0.039154999
v 0.0496589988 0.106063999 0.040732
v 0.0566739999 0.113718003 0.0374520011
v 0.0566739999 0.113718003 0.0374520011
v 0.0496589988 0.106063999 0.040732
v 0.057771001 0.107148997 0.0389610007
v 0.0162450001 0.108328998 0.0411040001
v 0.0116330003 0.113174997 0.0366230011
v 0.00744900014 0.102720998 0.0426909998
v 0.00744900014 0.102720998 0.0426909998
v 0.0116330003 0.113174997 0.0366230011
v 0.00200799992 0.107102998 0.0380380005
v 0.00744900014 0.102720998 0.0426909998
v 0.00200799992 0.107102998 0.0380380005
v 0.000526999997 0.0972059965 0.0440369993
v 0.0162450001 0.108328998 0.0411040001
v 0.0212939996 0.103032999 0.0442860015
v 0.0255880002 0.112900004 0.0395159982
v 0.0255880002 0.112900004 0.0395159982
v 0.0212939996 0.103032999 0.0442860015
v 0.0296759997 0.107201993 0.0425760001
v 0.0255880002 0.112900004 0.0395159982
v 0.0296759997 0.107201993 0.0425760001
v 0.0352960005 0.116363004 0.0379359983
v 0.0352960005 0.116363004 0.0379359983
v 0.0296759997 0.107201993 0.0425760001
v 0.0383929983 0.110377997 0.0408729985
v 0.0352960005 0.116363004 0.0379359983
v 0.0383929983 0.110377997 0.0408729985
v 0.0454009995 0.118727997 0.0363410003
v 0.0454009995 0.118727997 0.0363410003
v 0.0383929983 0.110377997 0.0408729985
v 0.0474720001 0.112570003 0.039154999
v 0.0454009995 0.118727997 0.0363410003
v 0.0474720001 0.112570003 0.039154999
v 0.0556359999 0.119930997 0.0347599983
v 0.0556359999 0.119930997 0.0347599983
v 0.0474720001 0.112570003 0.039154999
v 0.0566739999 0.113718003 0.0374520011
v 0.00200799992 0.107102998 0.0380380005
v 0.0116330003 0.113174997 0.0366230011
v 0.00760400016 0.117422 0.0309859999
v 0.00760400016 0.117422 0.0309859999
v 0.0116330003 0.113174997 0.0366230011
v 0.0185889993 0.122671992 0.0297890007
v 0.00760400016 0.117422 0.0309859999
v 0.0185889993 0.122671992 0.0297890007
v 0.0158990007 0.126437992 0.0234290008
v 0.0158990007 0.126437992 0.0234290008
v 0.0185889993 0.122671992 0.0297890007
v 0.0279539991 0.130556002 0.0224920008
v 0.0158990007 0.126437992 0.0234290008
v 0.0279539991 0.130556002 0.0224920008
v 0.0264190007 0.133526996 0.0156759992
v 0.0264190007 0.133526996 0.0156759992
v 0.0279539991 0.130556002 0.0224920008
v 0.0394629985 0.136334002 0.015017
v 0.0264190007 0.133526996 0.0156759992
v 0.0394629985 0.136334002 0.015017
v 0.0388090014 0.138261005 0.00801299978
v 0.0388090014 0.138261005 0.00801299978
v 0.0394629985 0.136334002 0.015017
v 0.0523290001 0.139548004 0.00766400015
v 0.0116330003 0.113174997 0.0366230011
v 0.0162450001 0.108328998 0.0411040001
v 0.0218529999 0.118110001 0.0352090001
v 0.0218529999 0.118110001 0.0352090001
v 0.0162450001 0.108328998 0.0411040001
v 0.0255880002 0.112900004 0.0395159982
v 0.0218529999 0.118110001 0.0352090001
v 0.0255880002 0.112900004 0.0395159982
v 0.0324660018 0.121831998 0.0337999985
v 0.0324660018 0.121831998 0.0337999985
v 0.0255880002 0.112900004 0.0395159982
v 0.0352960005 0.116363004 0.0379359983
v 0.0324660018 0.121831998 0.0337999985
v 0.0352960005 0.116363004 0.0379359983
v 0.0435080007 0.124349996 0.0323799998
v 0.0435080007 0.124349996 0.0323799998
v 0.0352960005 0.116363004 0.0379359983
v 0.0454009995 0.118727997 0.0363410003
v 0.0435080007 0.124349996 0.0323799998
v 0.0454009995 0.118727997 0.0363410003
v 0.0546859987 0.125595003 0.030971
v 0.0546859987 0.125595003 0.030971
v 0.0454009995 0.118727997 0.0363410003
v 0.0556359999 0.119930997 0.0347599983
v -0.0185700003 0.109558001 0.018197
v -0.0114719998 0.118073002 0.0094130002
v -0.0206610002 0.110938996 0.0097099999
v 0.0623559989 0.0640599951 0.0116889998
v 0.0630050004 0.0628030002 0.00420199987
v 0.063500002 0.0649579987 0.0111969998
v 0.063500002 0.0649579987 0.0111969998
v 0.0630050004 0.0628030002 0.00420199987
v 0.0639339983 0.0636789948 0.00402599992
v 0.063500002 0.0649579987 0.0111969998
v 0.0639339983 0.0636789948 0.00402599992
v 0.0647130013 0.0657439977 0.0107100001
v 0.0647130013 0.0657439977 0.0107100001
v 0.0639339983 0.0636789948 0.00402599992
v 0.0649309978 0.0644700006 0.00385099999
v 0.0611229986 0.0664469972 0.0188059993
v 0.0623559989 0.0640599951 0.0116889998
v 0.0626740009 0.0673939958 0.0180149991
v 0.0626740009 0.0673939958 0.0180149991
v 0.0623559989 0.0640599951 0.0116889998
v 0.063500002 0.0649579987 0.0111969998
v 0.0626740009 0.0673939958 0.0180149991
v 0.063500002 0.0649579987 0.0111969998
v 0.0642990023 0.0681779981 0.0172320008
v 0.0642990023 0.0681779981 0.0172320008
v 0.063500002 0.0649579987 0.0111969998
v 0.0647130013 0.0657439977 0.0107100001
v 0.0593539998 0.069867 0.0253289994
v 0.0611229986 0.0664469972 0.0188059993
v 0.0614910014 0.0708950013 0.0242640004
v 0.0614910014 0.0708950013 0.0242640004
v 0.0611229986 0.0664469972 0.0188059993
v 0.0626740009 0.0673939958 0.0180149991
v 0.0614910014 0.0708950013 0.0242640004
v 0.0626740009 0.0673939958 0.0180149991
v 0.0637049973 0.0716859996 0.023209
v 0.0637049973 0.0716859996 0.023209
v 0.0626740009 0.0673939958 0.0180149991
v 0.0642990023 0.0681779981 0.0172320008
v 0.0571120009 0.0742039979 0.0310520008
v 0.0593539998 0.069867 0.0253289994
v 0.0599909984 0.0753419995 0.029747
v 0.0599909984 0.0753419995 0.029747
v 0.0593539998 0.069867 0.0253289994
v 0.0614910014 0.0708950013 0.0242640004
v 0.0599909984 0.0753419995 0.029747
v 0.0614910014 0.0708950013 0.0242640004
v 0.0629530028 0.0761540011 0.0284529999
v 0.0629530028 0.0761540011 0.0284529999
v 0.0614910014 0.0708950013 0.0242640004
v 0.0637049973 0.0716859996 0.023209
v 0.0544690005 0.0793140009 0.0357949995
v 0.0571120009 0.0742039979 0.0310520008
v 0.0582230017 0.0805899948 0.0342900008
v 0.0582230017 0.0805899948 0.0342900008
v 0.0571120009 0.0742039979 0.0310520008
v 0.0599909984 0.0753419995 0.029747
v 0.0582230017 0.0805899948 0.0342900008
v 0.0599909984 0.0753419995 0.029747
v 0.062066 0.0814379975 0.0327990018
v 0.062066 0.0814379975 0.0327990018
v 0.0599909984 0.0753419995 0.029747
v 0.0629530028 0.0761540011 0.0284529999
v 0.0544690005 0.0793140009 0.0357949995
v 0.0582230017 0.0805899948 0.0342900008
v 0.0562429987 0.0864749998 0.0377510004
v 0.0562429987 0.0864749998 0.0377510004
v 0.0582230017 0.0805899948 0.0342900008
v 0.0610730015 0.0873709992 0.0361090004
v 0.0562429987 0.0864749998 0.0377510004
v 0.0610730015 0.0873709992 0.0361090004
v 0.0600039996 0.0937680006 0.0382779986
v 0.0610730015 0.0873709992 0.0361090004
v 0.0582230017 0.0805899948 0.0342900008
v 0.062066 0.0814379975 0.0327990018
v 0.0435080007 0.124349996 0.0323799998
v 0.0418540016 0.129257992 0.0273960009
v 0.0324660018 0.121831998 0.0337999985
v 0.0324660018 0.121831998 0.0337999985
v 0.0418540016 0.129257992 0.0273960009
v 0.0299929995 0.126614004 0.0285979994
v 0.0324660018 0.121831998 0.0337999985
v 0.0299929995 0.126614004 0.0285979994
v 0.0218529999 0.118110001 0.0352090001
v 0.0218529999 0.118110001 0.0352090001
v 0.0299929995 0.126614004 0.0285979994
v 0.0185889993 0.122671992 0.0297890007
v 0.0218529999 0.118110001 0.0352090001
v 0.0185889993 0.122671992 0.0297890007
v 0.0116330003 0.113174997 0.0366230011
v 0.0418540016 0.129257992 0.0273960009
v 0.0404900014 0.133297995 0.0215460006
v 0.0299929995 0.126614004 0.0285979994
v 0.0299929995 0.126614004 0.0285979994
v 0.0404900014 0.133297995 0.0215460006
v 0.0279539991 0.130556002 0.0224920008
v 0.0299929995 0.126614004 0.0285979994
v 0.0279539991 0.130556002 0.0224920008
v 0.0185889993 0.122671992 0.0297890007
v 0.0546859987 0.125595003 0.030971
v 0.0538569987 0.130531996 0.0262039993
v 0.0435080007 0.124349996 0.0323799998
v 0.0435080007 0.124349996 0.0323799998
v 0.0538569987 0.130531996 0.0262039993
v 0.0418540016 0.129257992 0.0273960009
v 0.0279539991 0.130556002 0.0224920008
v 0.0404900014 0.133297995 0.0215460006
v 0.0394629985 0.136334002 0.015017
v 0.0394629985 0.136334002 0.015017
v 0.0404900014 0.133297995 0.0215460006
v 0.0526570007 0.137624994 0.0143640004
v 0.0394629985 0.136334002 0.015017
v 0.0526570007 0.137624994 0.0143640004
v 0.0523290001 0.139548004 0.00766400015
v 0.0538569987 0.130531996 0.0262039993
v 0.0531719998 0.134585992 0.0206090007
v 0.0418540016 0.129257992 0.0273960009
v 0.0418540016 0.129257992 0.0273960009
v 0.0531719998 0.134585992 0.0206090007
v 0.0404900014 0.133297995 0.0215460006
v 0.0531719998 0.134585992 0.0206090007
v 0.0526570007 0.137624994 0.0143640004
v 0.0404900014 0.133297995 0.0215460006
v -0.0231899992 0.0998930037 0.0269080009
v -0.0185700003 0.109558001 0.018197
v -0.0268060006 0.101761997 0.0187529996
v -0.0268060006 0.101761997 0.0187529996
v -0.0185700003 0.109558001 0.018197
v -0.0206610002 0.110938996 0.0097099999
v 0.331 0.114087999 0.0356650017
v 0.331 0.114056997 0.0355699994
v 0.331 0.102499999 0.0375000015
v 0.331 0.102499999 0.0375000015
v 0.331 0.114056997 0.0355699994
v 0.331 0.102499999 0.0373999998
v 0.331 0.102499999 0.0375000015
v 0.331 0.102499999 0.0373999998
v 0.331 0.0909429938 0.0355699994
v 0.331 0.114056997 0.0355699994
v 0.331 0.114087999 0.0356650017
v 0.331 0.124483004 0.0302569997
v 0.331 0.124483004 0.0302569997
v 0.331 0.114087999 0.0356650017
v 0.331 0.124541998 0.0303380005
v 0.331 0.124483004 0.0302569997
v 0.331 0.124541998 0.0303380005
v 0.331 0.132756993 0.0219829995
v 0.331 0.132756993 0.0219829995
v 0.331 0.124541998 0.0303380005
v 0.331 0.132837996 0.0220420007
v 0.331 0.132756993 0.0219829995
v 0.331 0.132837996 0.0220420007
v 0.331 0.138070002 0.0115569998
v 0.331 0.138070002 0.0115569998
v 0.331 0.132837996 0.0220420007
v 0.331 0.138164997 0.0115879998
v 0.331 0.138070002 0.0115569998
v 0.331 0.138164997 0.0115879998
v 0.331 0.139899999 0
v 0.331 0.139899999 0
v 0.331 0.138164997 0.0115879998
v 0.331 0.140000001 0
v 0.331 0.139899999 0
v 0.331 0.140000001 0
v 0.331 0.138164997 -0.0115879998
v 0.331 0.139899999 0
v 0.331 0.138164997 -0.0115879998
v 0.331 0.138070002 -0.0115569998
v 0.331 0.138070002 -0.0115569998
v 0.331 0.138164997 -0.0115879998
v 0.331 0.132837996 -0.0220420007
v 0.331 0.138070002 -0.0115569998
v 0.331 0.132837996 -0.0220420007
v 0.331 0.132756993 -0.0219829995
v 0.331 0.132756993 -0.0219829995
v 0.331 0.132837996 -0.0220420007
v 0.331 0.124541998 -0.0303380005
v 0.331 0.132756993 -0.0219829995
v 0.331 0.124541998 -0.0303380005
v 0.331 0.124483004 -0.0302569997
v 0.331 0.124483004 -0.0302569997
v 0.331 0.124541998 -0.0303380005
v 0.331 0.114087999 -0.0356650017
v 0.331 0.124483004 -0.0302569997
v 0.331 0.114087999 -0.0356650017
v 0.331 0.114056997 -0.0355699994
v 0.331 0.114056997 -0.0355699994
v 0.331 0.114087999 -0.0356650017
v 0.331 0.102499999 -0.0373999998
v 0.331 0.102499999 -0.0373999998
v 0.331 0.114087999 -0.0356650017
v 0.331 0.102499999 -0.0375000015
v 0.331 0.102499999 -0.0373999998
v 0.331 0.102499999 -0.0375000015
v 0.331 0.0909429938 -0.0355699994
v 0.331 0.0909429938 -0.0355699994
v 0.331 0.102499999 -0.0375000015
v 0.331 0.0909119993 -0.0356650017
v 0.331 0.0909429938 -0.0355699994
v 0.331 0.0909119993 -0.0356650017
v 0.331 0.080516994 -0.0302569997
v 0.331 0.080516994 -0.0302569997
v 0.331 0.0909119993 -0.0356650017
v 0.331 0.0804580003 -0.0303380005
v 0.331 0.080516994 -0.0302569997
v 0.331 0.0804580003 -0.0303380005
v 0.331 0.0722429976 -0.0219829995
v 0.331 0.0722429976 -0.0219829995
v 0.331 0.0804580003 -0.0303380005
v 0.331 0.0721620023 -0.0220420007
v 0.331 0.0722429976 -0.0219829995
v 0.331 0.0721620023 -0.0220420007
v 0.331 0.066929996 -0.0115569998
v 0.331 0.066929996 -0.0115569998
v 0.331 0.0721620023 -0.0220420007
v 0.331 0.0668350011 -0.0115879998
v 0.331 0.066929996 -0.0115569998
v 0.331 0.0668350011 -0.0115879998
v 0.331 0.0650999993 0
v 0.331 0.0650999993 0
v 0.331 0.0668350011 -0.0115879998
v 0.331 0.0649999976 0
v 0.331 0.0650999993 0
v 0.331 0.0649999976 0
v 0.331 0.0668350011 0.0115879998
v 0.331 0.0650999993 0
v 0.331 0.0668350011 0.0115879998
v 0.331 0.066929996 0.0115569998
v 0.331 0.066929996 0.0115569998
v 0.331 0.0668350011 0.0115879998
v 0.331 0.0721620023 0.0220420007
v 0.331 0.066929996 0.0115569998
v 0.331 0.0721620023 0.0220420007
v 0.331 0.0722429976 0.0219829995
v 0.331 0.0722429976 0.0219829995
v 0.331 0.0721620023 0.0220420007
v 0.331 0.0804580003 0.0303380005
v 0.331 0.0722429976 0.0219829995
v 0.331 0.0804580003 0.0303380005
v 0.331 0.080516994 0.0302569997
v 0.331 0.080516994 0.0302569997
v 0.331 0.0804580003 0.0303380005
v 0.331 0.0909119993 0.0356650017
v 0.331 0.080516994 0.0302569997
v 0.331 0.0909119993 0.0356650017
v 0.331 0.0909429938 0.0355699994
v 0.331 0.0909429938 0.0355699994
v 0.331 0.0909119993 0.0356650017
v 0.331 0.102499999 0.0375000015
v 0.326000005 0.114087999 -0.0356650017
v 0.326000005 0.114056997 -0.0355699994
v 0.326000005 0.102499999 -0.0375000015
v 0.326000005 0.102499999 -0.0375000015
v 0.326000005 0.114056997 -0.0355699994
v 0.326000005 0.102499999 -0.0373999998
v 0.326000005 0.102499999 -0.0375000015
v 0.326000005 0.102499999 -0.0373999998
v 0.326000005 0.0909429938 -0.0355699994
v 0.326000005 0.114056997 -0.0355699994
v 0.326000005 0.114087999 -0.0356650017
v 0.326000005 0.124483004 -0.0302569997
v 0.326000005 0.124483004 -0.0302569997
v 0.326000005 0.114087999 -0.0356650017
v 0.326000005 0.124541998 -0.0303380005
v 0.326000005 0.124483004 -0.0302569997
v 0.326000005 0.124541998 -0.0303380005
v 0.326000005 0.132756993 -0.0219829995
v 0.326000005 0.132756993 -0.0219829995
v 0.326000005 0.124541998 -0.0303380005
v 0.326000005 0.132837996 -0.0220420007
v 0.326000005 0.132756993 -0.0219829995
v 0.326000005 0.132837996 -0.0220420007
v 0.326000005 0.138070002 -0.0115569998
v 0.326000005 0.138070002 -0.0115569998
v 0.326000005 0.132837996 -0.0220420007
v 0.326000005 0.138164997 -0.0115879998
v 0.326000005 0.138070002 -0.0115569998
v 0.326000005 0.138164997 -0.0115879998
v 0.326000005 0.139899999 0
v 0.326000005 0.139899999 0
v 0.326000005 0.138164997 -0.0115879998
v 0.326000005 0.140000001 0
v 0.326000005 0.139899999 0
v 0.326000005 0.140000001 0
v 0.326000005 0.138164997 0.0115879998
v 0.326000005 0.139899999 0
v 0.326000005 0.138164997 0.0115879998
v 0.326000005 0.138070002 0.0115569998
v 0.326000005 0.138070002 0.0115569998
v 0.326000005 0.138164997 0.0115879998
v 0.326000005 0.132837996 0.0220420007
v 0.326000005 0.138070002 0.0115569998
v 0.326000005 0.132837996 0.0220420007
v 0.326000005 0.132756993 0.0219829995
v 0.326000005 0.132756993 0.0219829995
v 0.326000005 0.132837996 0.0220420007
v 0.326000005 0.124541998 0.0303380005
v 0.326000005 0.132756993 0.0219829995
v 0.326000005 0.124541998 0.0303380005
v 0.326000005 0.124483004 0.0302569997
v 0.326000005 0.124483004 0.0302569997
v 0.326000005 0.124541998 0.0303380005
v 0.326000005 0.114087999 0.0356650017
v 0.326000005 0.124483004 0.0302569997
v 0.326000005 0.114087999 0.0356650017
v 0.326000005 0.114056997 0.0355699994
v 0.326000005 0.114056997 0.0355699994
v 0.326000005 0.114087999 0.0356650017
v 0.326000005 0.102499999 0.0373999998
v 0.326000005 0.102499999 0.0373999998
v 0.326000005 0.114087999 0.0356650017
v 0.326000005 0.102499999 0.0375000015
v 0.326000005 0.102499999 0.0373999998
v 0.326000005 0.102499999 0.0375000015
v 0.326000005 0.0909429938 0.0355699994
v 0.326000005 0.0909429938 0.0355699994
v 0.326000005 0.102499999 0.0375000015
v 0.326000005 0.0909119993 0.0356650017
v 0.326000005 0.0909429938 0.0355699994
v 0.326000005 0.0909119993 0.0356650017
v 0.326000005 0.080516994 0.0302569997
v 0.326000005 0.080516994 0.0302569997
v 0.326000005 0.0909119993 0.0356650017
v 0.326000005 0.0804580003 0.0303380005
v 0.326000005 0.080516994 0.0302569997
v 0.326000005 0.0804580003 0.0303380005
v 0.326000005 0.0722429976 0.0219829995
v 0.326000005 0.0722429976 0.0219829995
v 0.326000005 0.0804580003 0.0303380005
v 0.326000005 0.0721620023 0.0220420007
v 0.326000005 0.0722429976 0.0219829995
v 0.326000005 0.0721620023 0.0220420007
v 0.326000005 0.066929996 0.0115569998
v 0.326000005 0.066929996 0.0115569998
v 0.326000005 0.0721620023 0.0220420007
v 0.326000005 0.0668350011 0.0115879998
v 0.326000005 0.066929996 0.0115569998
v 0.326000005 0.0668350011 0.0115879998
v 0.326000005 0.0650999993 0
v 0.326000005 0.0650999993 0
v 0.326000005 0.0668350011 0.0115879998
v 0.326000005 0.0649999976 0
v 0.326000005 0.0650999993 0
v 0.326000005 0.0649999976 0
v 0.326000005 0.0668350011 -0.0115879998
v 0.326000005 0.0650999993 0
v 0.326000005 0.0668350011 -0.0115879998
v 0.326000005 0.066929996 -0.0115569998
v 0.326000005 0.066929996 -0.0115569998
v 0.326000005 0.0668350011 -0.0115879998
v 0.326000005 0.0721620023 -0.0220420007
v 0.326000005 0.066929996 -0.0115569998
v 0.326000005 0.0721620023 -0.0220420007
v 0.326000005 0.0722429976 -0.0219829995
v 0.326000005 0.0722429976 -0.0219829995
v 0.326000005 0.0721620023 -0.0220420007
v 0.326000005 0.0804580003 -0.0303380005
v 0.326000005 0.0722429976 -0.0219829995
v 0.326000005 0.0804580003 -0.0303380005
v 0.326000005 0.080516994 -0.0302569997
v 0.326000005 0.080516994 -0.0302569997
v 0.326000005 0.0804580003 -0.0303380005
v 0.326000005 0.0909119993 -0.0356650017
v 0.326000005 0.080516994 -0.0302569997
v 0.326000005 0.0909119993 -0.0356650017
v 0.326000005 0.0909429938 -0.0355699994
v 0.326000005 0.0909429938 -0.0355699994
v 0.326000005 0.0909119993 -0.0356650017
v 0.326000005 0.102499999 -0.0375000015
v 0.364102989 0.139605999 0.0366160013
v 0.375999987 0.136418 0.0384999998
v 0.375999987 0.136418 0.0383000001
v 0.375999987 0.136418 0.0383000001
v 0.375999987 0.136418 0.0384999998
v 0.387897015 0.133230001 0.0366160013
v 0.375999987 0.136418 0.0383000001
v 0.387897015 0.133230001 0.0366160013
v 0.387834996 0.133247003 0.0364249982
v 0.387834996 0.133247003 0.0364249982
v 0.387897015 0.133230001 0.0366160013
v 0.398629993 0.130354002 0.0311469994
v 0.387834996 0.133247003 0.0364249982
v 0.398629993 0.130354002 0.0311469994
v 0.398512006 0.130385995 0.0309849996
v 0.398512006 0.130385995 0.0309849996
v 0.398629993 0.130354002 0.0311469994
v 0.40714699 0.128071994 0.0226300005
v 0.398512006 0.130385995 0.0309849996
v 0.40714699 0.128071994 0.0226300005
v 0.406985015 0.128115997 0.0225120001
v 0.406985015 0.128115997 0.0225120001
v 0.40714699 0.128071994 0.0226300005
v 0.412616014 0.126607001 0.0118969996
v 0.406985015 0.128115997 0.0225120001
v 0.412616014 0.126607001 0.0118969996
v 0.412425011 0.126657993 0.0118349995
v 0.412425011 0.126657993 0.0118349995
v 0.412616014 0.126607001 0.0118969996
v 0.414499998 0.126102 0
v 0.412425011 0.126657993 0.0118349995
v 0.414499998 0.126102 0
v 0.414299995 0.126156002 0
v 0.414299995 0.126156002 0
v 0.414499998 0.126102 0
v 0.412425011 0.126657993 -0.0118349995
v 0.412425011 0.126657993 -0.0118349995
v 0.414499998 0.126102 0
v 0.412616014 0.126607001 -0.0118969996
v 0.412425011 0.126657993 -0.0118349995
v 0.412616014 0.126607001 -0.0118969996
v 0.406985015 0.128115997 -0.0225120001
v 0.406985015 0.128115997 -0.0225120001
v 0.412616014 0.126607001 -0.0118969996
v 0.40714699 0.128071994 -0.0226300005
v 0.406985015 0.128115997 -0.0225120001
v 0.40714699 0.128071994 -0.0226300005
v 0.398512006 0.130385995 -0.0309849996
v 0.398512006 0.130385995 -0.0309849996
v 0.40714699 0.128071994 -0.0226300005
v 0.398629993 0.130354002 -0.0311469994
v 0.398512006 0.130385995 -0.0309849996
v 0.398629993 0.130354002 -0.0311469994
v 0.387834996 0.133247003 -0.0364249982
v 0.387834996 0.133247003 -0.0364249982
v 0.398629993 0.130354002 -0.0311469994
v 0.387897015 0.133230001 -0.0366160013
v 0.387834996 0.133247003 -0.0364249982
v 0.387897015 0.133230001 -0.0366160013
v 0.375999987 0.136418 -0.0383000001
v 0.375999987 0.136418 -0.0383000001
v 0.387897015 0.133230001 -0.0366160013
v 0.375999987 0.136418 -0.0384999998
v 0.375999987 0.136418 -0.0383000001
v 0.375999987 0.136418 -0.0384999998
v 0.364102989 0.139605999 -0.0366160013
v 0.375999987 0.136418 -0.0383000001
v 0.364102989 0.139605999 -0.0366160013
v 0.364165008 0.139588997 -0.0364249982
v 0.364165008 0.139588997 -0.0364249982
v 0.364102989 0.139605999 -0.0366160013
v 0.353370011 0.142481998 -0.0311469994
v 0.364165008 0.139588997 -0.0364249982
v 0.353370011 0.142481998 -0.0311469994
v 0.353487998 0.142450005 -0.0309849996
v 0.353487998 0.142450005 -0.0309849996
v 0.353370011 0.142481998 -0.0311469994
v 0.344853014 0.144763991 -0.0226300005
v 0.353487998 0.142450005 -0.0309849996
v 0.344853014 0.144763991 -0.0226300005
v 0.345014989 0.144721001 -0.0225120001
v 0.345014989 0.144721001 -0.0225120001
v 0.344853014 0.144763991 -0.0226300005
v 0.33938399 0.146228999 -0.0118969996
v 0.345014989 0.144721001 -0.0225120001
v 0.33938399 0.146228999 -0.0118969996
v 0.339574009 0.146177992 -0.0118349995
v 0.339574009 0.146177992 -0.0118349995
v 0.33938399 0.146228999 -0.0118969996
v 0.337500006 0.146733999 0
v 0.339574009 0.146177992 -0.0118349995
v 0.337500006 0.146733999 0
v 0.337700009 0.146680996 0
v 0.337700009 0.146680996 0
v 0.337500006 0.146733999 0
v 0.339574009 0.146177992 0.0118349995
v 0.339574009 0.146177992 0.0118349995
v 0.337500006 0.146733999 0
v 0.33938399 0.146228999 0.0118969996
v 0.339574009 0.146177992 0.0118349995
v 0.33938399 0.146228999 0.0118969996
v 0.345014989 0.144721001 0.0225120001
v 0.345014989 0.144721001 0.0225120001
v 0.33938399 0.146228999 0.0118969996
v 0.344853014 0.144763991 0.0226300005
v 0.345014989 0.144721001 0.0225120001
v 0.344853014 0.144763991 0.0226300005
v 0.353487998 0.142450005 0.0309849996
v 0.353487998 0.142450005 0.0309849996
v 0.344853014 0.144763991 0.0226300005
v 0.353370011 0.142481998 0.0311469994
v 0.353487998 0.142450005 0.0309849996
v 0.353370011 0.142481998 0.0311469994
v 0.364165008 0.139588997 0.0364249982
v 0.364165008 0.139588997 0.0364249982
v 0.353370011 0.142481998 0.0311469994
v 0.364102989 0.139605999 0.0366160013
v 0.364165008 0.139588997 0.0364249982
v 0.364102989 0.139605999 0.0366160013
v 0.375999987 0.136418 0.0383000001
v 0.364102989 0.053199999 0.0366160013
v 0.364165008 0.053199999 0.0364249982
v 0.375999987 0.053199999 0.0384999998
v 0.375999987 0.053199999 0.0384999998
v 0.364165008 0.053199999 0.0364249982
v 0.375999987 0.053199999 0.0383000001
v 0.375999987 0.053199999 0.0384999998
v 0.375999987 0.053199999 0.0383000001
v 0.387834996 0.053199999 0.0364249982
v 0.364165008 0.053199999 0.0364249982
v 0.364102989 0.053199999 0.0366160013
v 0.353487998 0.053199999 0.0309849996
v 0.353487998 0.053199999 0.0309849996
v 0.364102989 0.053199999 0.0366160013
v 0.353370011 0.053199999 0.0311469994
v 0.353487998 0.053199999 0.0309849996
v 0.353370011 0.053199999 0.0311469994
v 0.345014989 0.053199999 0.0225120001
v 0.345014989 0.053199999 0.0225120001
v 0.353370011 0.053199999 0.0311469994
v 0.344853014 0.053199999 0.0226300005
v 0.345014989 0.053199999 0.0225120001
v 0.344853014 0.053199999 0.0226300005
v 0.339574009 0.053199999 0.0118349995
v 0.339574009 0.053199999 0.0118349995
v 0.344853014 0.053199999 0.0226300005
v 0.33938399 0.053199999 0.0118969996
v 0.339574009 0.053199999 0.0118349995
v 0.33938399 0.053199999 0.0118969996
v 0.337700009 0.053199999 0
v 0.337700009 0.053199999 0
v 0.33938399 0.053199999 0.0118969996
v 0.337500006 0.053199999 0
v 0.337700009 0.053199999 0
v 0.337500006 0.053199999 0
v 0.33938399 0.053199999 -0.0118969996
v 0.337700009 0.053199999 0
v 0.33938399 0.053199999 -0.0118969996
v 0.339574009 0.053199999 -0.0118349995
v 0.339574009 0.053199999 -0.0118349995
v 0.33938399 0.053199999 -0.0118969996
v 0.344853014 0.053199999 -0.0226300005
v 0.339574009 0.053199999 -0.0118349995
v 0.344853014 0.053199999 -0.0226300005
v 0.345014989 0.053199999 -0.0225120001
v 0.345014989 0.053199999 -0.0225120001
v 0.344853014 0.053199999 -0.0226300005
v 0.353370011 0.053199999 -0.0311469994
v 0.345014989 0.053199999 -0.0225120001
v 0.353370011 0.053199999 -0.0311469994
v 0.353487998 0.053199999 -0.0309849996
v 0.353487998 0.053199999 -0.0309849996
v 0.353370011 0.053199999 -0.0311469994
v 0.364102989 0.053199999 -0.0366160013
v 0.353487998 0.053199999 -0.0309849996
v 0.364102989 0.053199999 -0.0366160013
v 0.364165008 0.053199999 -0.0364249982
v 0.364165008 0.053199999 -0.0364249982
v 0.364102989 0.053199999 -0.0366160013
v 0.375999987 0.053199999 -0.0383000001
v 0.375999987 0.053199999 -0.0383000001
v 0.364102989 0.053199999 -0.0366160013
v 0.375999987 0.053199999 -0.0384999998
v 0.375999987 0.053199999 -0.0383000001
v 0.375999987 0.053199999 -0.0384999998
v 0.387834996 0.053199999 -0.0364249982
v 0.387834996 0.053199999 -0.0364249982
v 0.375999987 0.053199999 -0.0384999998
v 0.387897015 0.053199999 -0.0366160013
v 0.387834996 0.053199999 -0.0364249982
v 0.387897015 0.053199999 -0.0366160013
v 0.398512006 0.053199999 -0.0309849996
v 0.398512006 0.053199999 -0.0309849996
v 0.387897015 0.053199999 -0.0366160013
v 0.398629993 0.053199999 -0.0311469994
v 0.398512006 0.053199999 -0.0309849996
v 0.398629993 0.053199999 -0.0311469994
v 0.406985015 0.053199999 -0.0225120001
v 0.406985015 0.053199999 -0.0225120001
v 0.398629993 0.053199999 -0.0311469994
v 0.40714699 0.053199999 -0.0226300005
v 0.406985015 0.053199999 -0.0225120001
v 0.40714699 0.053199999 -0.0226300005
v 0.412425011 0.053199999 -0.0118349995
v 0.412425011 0.053199999 -0.0118349995
v 0.40714699 0.053199999 -0.0226300005
v 0.412616014 0.053199999 -0.0118969996
v 0.412425011 0.053199999 -0.0118349995
v 0.412616014 0.053199999 -0.0118969996
v 0.414299995 0.053199999 0
v 0.414299995 0.053199999 0
v 0.412616014 0.053199999 -0.0118969996
v 0.414499998 0.053199999 0
v 0.414299995 0.053199999 0
v 0.414499998 0.053199999 0
v 0.412616014 0.053199999 0.0118969996
v 0.414299995 0.053199999 0
v 0.412616014 0.053199999 0.0118969996
v 0.412425011 0.053199999 0.0118349995
v 0.412425011 0.053199999 0.0118349995
v 0.412616014 0.053199999 0.0118969996
v 0.40714699 0.053199999 0.0226300005
v 0.412425011 0.053199999 0.0118349995
v 0.40714699 0.053199999 0.0226300005
v 0.406985015 0.053199999 0.0225120001
v 0.406985015 0.053199999 0.0225120001
v 0.40714699 0.053199999 0.0226300005
v 0.398629993 0.053199999 0.0311469994
v 0.406985015 0.053199999 0.0225120001
v 0.398629993 0.053199999 0.0311469994
v 0.398512006 0.053199999 0.0309849996
v 0.398512006 0.053199999 0.0309849996
v 0.398629993 0.053199999 0.0311469994
v 0.387897015 0.053199999 0.0366160013
v 0.398512006 0.053199999 0.0309849996
v 0.387897015 0.053199999 0.0366160013
v 0.387834996 0.053199999 0.0364249982
v 0.387834996 0.053199999 0.0364249982
v 0.387897015 0.053199999 0.0366160013
v 0.375999987 0.053199999 0.0384999998
v 0.375999987 0.136418 0.0384999998
v 0.367282003 0.102499999 0.0375000015
v 0.375999987 0.053199999 0.0384999998
v 0.375999987 0.053199999 0.0384999998
v 0.367282003 0.102499999 0.0375000015
v 0.367058992 0.100514993 0.0374470018
v 0.375999987 0.053199999 0.0384999998
v 0.367058992 0.100514993 0.0374470018
v 0.364102989 0.053199999 0.0366160013
v 0.364102989 0.053199999 0.0366160013
v 0.367058992 0.100514993 0.0374470018
v 0.366501004 0.0987280011 0.0373100005
v 0.364102989 0.053199999 0.0366160013
v 0.366501004 0.0987280011 0.0373100005
v 0.364798009 0.095464997 0.0368340015
v 0.367282003 0.102499999 0.0375000015
v 0.375999987 0.136418 0.0384999998
v 0.367058992 0.104484998 0.0374470018
v 0.367058992 0.104484998 0.0374470018
v 0.375999987 0.136418 0.0384999998
v 0.364102989 0.139605999 0.0366160013
v 0.367058992 0.104484998 0.0374470018
v 0.364102989 0.139605999 0.0366160013
v 0.366501004 0.106271997 0.0373100005
v 0.366501004 0.106271997 0.0373100005
v 0.364102989 0.139605999 0.0366160013
v 0.364798009 0.109534994 0.0368340015
v 0.364798009 0.109534994 0.0368340015
v 0.364102989 0.139605999 0.0366160013
v 0.360204011 0.115673006 0.0351100005
v 0.360204011 0.115673006 0.0351100005
v 0.364102989 0.139605999 0.0366160013
v 0.353370011 0.142481998 0.0311469994
v 0.360204011 0.115673006 0.0351100005
v 0.353370011 0.142481998 0.0311469994
v 0.354961991 0.121647999 0.0322429985
v 0.354961991 0.121647999 0.0322429985
v 0.353370011 0.142481998 0.0311469994
v 0.349792004 0.127214998 0.0282019991
v 0.349792004 0.127214998 0.0282019991
v 0.353370011 0.142481998 0.0311469994
v 0.344853014 0.144763991 0.0226300005
v 0.349792004 0.127214998 0.0282019991
v 0.344853014 0.144763991 0.0226300005
v 0.345100999 0.132144004 0.0229669996
v 0.345100999 0.132144004 0.0229669996
v 0.344853014 0.144763991 0.0226300005
v 0.341105014 0.136288002 0.0162659995
v 0.341105014 0.136288002 0.0162659995
v 0.344853014 0.144763991 0.0226300005
v 0.33938399 0.146228999 0.0118969996
v 0.341105014 0.136288002 0.0162659995
v 0.33938399 0.146228999 0.0118969996
v 0.338431001 0.139043003 0.00841700006
v 0.338431001 0.139043003 0.00841700006
v 0.33938399 0.146228999 0.0118969996
v 0.337500006 0.146733999 0
v 0.338431001 0.139043003 0.00841700006
v 0.337500006 0.146733999 0
v 0.337500006 0.140000001 0
v 0.337500006 0.140000001 0
v 0.337500006 0.146733999 0
v 0.338431001 0.139043003 -0.00841700006
v 0.338431001 0.139043003 -0.00841700006
v 0.337500006 0.146733999 0
v 0.33938399 0.146228999 -0.0118969996
v 0.338431001 0.139043003 -0.00841700006
v 0.33938399 0.146228999 -0.0118969996
v 0.341105014 0.136288002 -0.0162659995
v 0.341105014 0.136288002 -0.0162659995
v 0.33938399 0.146228999 -0.0118969996
v 0.344853014 0.144763991 -0.0226300005
v 0.341105014 0.136288002 -0.0162659995
v 0.344853014 0.144763991 -0.0226300005
v 0.345100999 0.132144004 -0.0229669996
v 0.345100999 0.132144004 -0.0229669996
v 0.344853014 0.144763991 -0.0226300005
v 0.349792004 0.127214998 -0.0282019991
v 0.349792004 0.127214998 -0.0282019991
v 0.344853014 0.144763991 -0.0226300005
v 0.353370011 0.142481998 -0.0311469994
v 0.349792004 0.127214998 -0.0282019991
v 0.353370011 0.142481998 -0.0311469994
v 0.354961991 0.121647999 -0.0322429985
v 0.354961991 0.121647999 -0.0322429985
v 0.353370011 0.142481998 -0.0311469994
v 0.360204011 0.115673006 -0.0351100005
v 0.360204011 0.115673006 -0.0351100005
v 0.353370011 0.142481998 -0.0311469994
v 0.364102989 0.139605999 -0.0366160013
v 0.360204011 0.115673006 -0.0351100005
v 0.364102989 0.139605999 -0.0366160013
v 0.364798009 0.109534994 -0.0368340015
v 0.364798009 0.109534994 -0.0368340015
v 0.364102989 0.139605999 -0.0366160013
v 0.366501004 0.106271997 -0.0373100005
v 0.366501004 0.106271997 -0.0373100005
v 0.364102989 0.139605999 -0.0366160013
v 0.367058992 0.104484998 -0.0374470018
v 0.367058992 0.104484998 -0.0374470018
v 0.364102989 0.139605999 -0.0366160013
v 0.367282003 0.102499999 -0.0375000015
v 0.367282003 0.102499999 -0.0375000015
v 0.364102989 0.139605999 -0.0366160013
v 0.375999987 0.136418 -0.0384999998
v 0.367282003 0.102499999 -0.0375000015
v 0.375999987 0.136418 -0.0384999998
v 0.375999987 0.053199999 -0.0384999998
v 0.375999987 0.053199999 -0.0384999998
v 0.364102989 0.053199999 -0.0366160013
v 0.367282003 0.102499999 -0.0375000015
v 0.367282003 0.102499999 -0.0375000015
v 0.364102989 0.053199999 -0.0366160013
v 0.367058992 0.100514993 -0.0374470018
v 0.367058992 0.100514993 -0.0374470018
v 0.364102989 0.053199999 -0.0366160013
v 0.366501004 0.0987280011 -0.0373100005
v 0.366501004 0.0987280011 -0.0373100005
v 0.364102989 0.053199999 -0.0366160013
v 0.364798009 0.095464997 -0.0368340015
v 0.364798009 0.095464997 -0.0368340015
v 0.364102989 0.053199999 -0.0366160013
v 0.360204011 0.0893270001 -0.0351100005
v 0.360204011 0.0893270001 -0.0351100005
v 0.364102989 0.053199999 -0.0366160013
v 0.353370011 0.053199999 -0.0311469994
v 0.360204011 0.0893270001 -0.0351100005
v 0.353370011 0.053199999 -0.0311469994
v 0.354961991 0.0833519995 -0.0322429985
v 0.354961991 0.0833519995 -0.0322429985
v 0.353370011 0.053199999 -0.0311469994
v 0.349792004 0.0777850002 -0.0282019991
v 0.349792004 0.0777850002 -0.0282019991
v 0.353370011 0.053199999 -0.0311469994
v 0.344853014 0.053199999 -0.0226300005
v 0.349792004 0.0777850002 -0.0282019991
v 0.344853014 0.053199999 -0.0226300005
v 0.345100999 0.0728559941 -0.0229669996
v 0.345100999 0.0728559941 -0.0229669996
v 0.344853014 0.053199999 -0.0226300005
v 0.341105014 0.0687119961 -0.0162659995
v 0.341105014 0.0687119961 -0.0162659995
v 0.344853014 0.053199999 -0.0226300005
v 0.33938399 0.053199999 -0.0118969996
v 0.341105014 0.0687119961 -0.0162659995
v 0.33938399 0.053199999 -0.0118969996
v 0.338431001 0.0659569949 -0.00841700006
v 0.338431001 0.0659569949 -0.00841700006
v 0.33938399 0.053199999 -0.0118969996
v 0.337500006 0.053199999 0
v 0.338431001 0.0659569949 -0.00841700006
v 0.337500006 0.053199999 0
v 0.337500006 0.0649999976 0
v 0.337500006 0.0649999976 0
v 0.337500006 0.053199999 0
v 0.338431001 0.0659569949 0.00841700006
v 0.338431001 0.0659569949 0.00841700006
v 0.337500006 0.053199999 0
v 0.33938399 0.053199999 0.0118969996
v 0.338431001 0.0659569949 0.00841700006
v 0.33938399 0.053199999 0.0118969996
v 0.341105014 0.0687119961 0.0162659995
v 0.341105014 0.0687119961 0.0162659995
v 0.33938399 0.053199999 0.0118969996
v 0.344853014 0.053199999 0.0226300005
v 0.341105014 0.0687119961 0.0162659995
v 0.344853014 0.053199999 0.0226300005
v 0.345100999 0.0728559941 0.0229669996
v 0.345100999 0.0728559941 0.0229669996
v 0.344853014 0.053199999 0.0226300005
v 0.349792004 0.0777850002 0.0282019991
v 0.349792004 0.0777850002 0.0282019991
v 0.344853014 0.053199999 0.0226300005
v 0.353370011 0.053199999 0.0311469994
v 0.349792004 0.0777850002 0.0282019991
v 0.353370011 0.053199999 0.0311469994
v 0.354961991 0.0833519995 0.0322429985
v 0.354961991 0.0833519995 0.0322429985
v 0.353370011 0.053199999 0.0311469994
v 0.364102989 0.053199999 0.0366160013
v 0.354961991 0.0833519995 0.0322429985
v 0.364102989 0.053199999 0.0366160013
v 0.360204011 0.0893270001 0.0351100005
v 0.360204011 0.0893270001 0.0351100005
v 0.364102989 0.053199999 0.0366160013
v 0.364798009 0.095464997 0.0368340015
v 0.367282003 0.102499999 -0.0375000015
v 0.331 0.102499999 -0.0375000015
v 0.367058992 0.104484998 -0.0374470018
v 0.367058992 0.104484998 -0.0374470018
v 0.331 0.102499999 -0.0375000015
v 0.366501004 0.106271997 -0.0373100005
v 0.366501004 0.106271997 -0.0373100005
v 0.331 0.102499999 -0.0375000015
v 0.364798009 0.109534994 -0.0368340015
v 0.364798009 0.109534994 -0.0368340015
v 0.331 0.102499999 -0.0375000015
v 0.331 0.114087999 -0.0356650017
v 0.364798009 0.109534994 -0.0368340015
v 0.331 0.114087999 -0.0356650017
v 0.360204011 0.115673006 -0.0351100005
v 0.360204011 0.115673006 -0.0351100005
v 0.331 0.114087999 -0.0356650017
v 0.354961991 0.121647999 -0.0322429985
v 0.354961991 0.121647999 -0.0322429985
v 0.331 0.114087999 -0.0356650017
v 0.331 0.124541998 -0.0303380005
v 0.354961991 0.121647999 -0.0322429985
v 0.331 0.124541998 -0.0303380005
v 0.349792004 0.127214998 -0.0282019991
v 0.349792004 0.127214998 -0.0282019991
v 0.331 0.124541998 -0.0303380005
v 0.331 0.132837996 -0.0220420007
v 0.349792004 0.127214998 -0.0282019991
v 0.331 0.132837996 -0.0220420007
v 0.345100999 0.132144004 -0.0229669996
v 0.345100999 0.132144004 -0.0229669996
v 0.331 0.132837996 -0.0220420007
v 0.341105014 0.136288002 -0.0162659995
v 0.341105014 0.136288002 -0.0162659995
v 0.331 0.132837996 -0.0220420007
v 0.331 0.138164997 -0.0115879998
v 0.341105014 0.136288002 -0.0162659995
v 0.331 0.138164997 -0.0115879998
v 0.338431001 0.139043003 -0.00841700006
v 0.338431001 0.139043003 -0.00841700006
v 0.331 0.138164997 -0.0115879998
v 0.331 0.140000001 0
v 0.338431001 0.139043003 -0.00841700006
v 0.331 0.140000001 0
v 0.337500006 0.140000001 0
v 0.337500006 0.140000001 0
v 0.331 0.140000001 0
v 0.338431001 0.139043003 0.00841700006
v 0.338431001 0.139043003 0.00841700006
v 0.331 0.140000001 0
v 0.331 0.138164997 0.0115879998
v 0.338431001 0.139043003 0.00841700006
v 0.331 0.138164997 0.0115879998
v 0.341105014 0.136288002 0.0162659995
v 0.341105014 0.136288002 0.0162659995
v 0.331 0.138164997 0.0115879998
v 0.331 0.132837996 0.0220420007
v 0.341105014 0.136288002 0.0162659995
v 0.331 0.132837996 0.0220420007
v 0.345100999 0.132144004 0.0229669996
v 0.345100999 0.132144004 0.0229669996
v 0.331 0.132837996 0.0220420007
v 0.349792004 0.127214998 0.0282019991
v 0.349792004 0.127214998 0.0282019991
v 0.331 0.132837996 0.0220420007
v 0.331 0.124541998 0.0303380005
v 0.349792004 0.127214998 0.0282019991
v 0.331 0.124541998 0.0303380005
v 0.354961991 0.121647999 0.0322429985
v 0.354961991 0.121647999 0.0322429985
v 0.331 0.124541998 0.0303380005
v 0.331 0.114087999 0.0356650017
v 0.354961991 0.121647999 0.0322429985
v 0.331 0.114087999 0.0356650017
v 0.360204011 0.115673006 0.0351100005
v 0.360204011 0.115673006 0.0351100005
v 0.331 0.114087999 0.0356650017
v 0.364798009 0.109534994 0.0368340015
v 0.364798009 0.109534994 0.0368340015
v 0.331 0.114087999 0.0356650017
v 0.331 0.102499999 0.0375000015
v 0.364798009 0.109534994 0.0368340015
v 0.331 0.102499999 0.0375000015
v 0.366501004 0.106271997 0.0373100005
v 0.366501004 0.106271997 0.0373100005
v 0.331 0.102499999 0.0375000015
v 0.367058992 0.104484998 0.0374470018
v 0.367058992 0.104484998 0.0374470018
v 0.331 0.102499999 0.0375000015
v 0.367282003 0.102499999 0.0375000015
v 0.375999987 0.0481999964 -0.0383000001
v 0.375999987 0.053199999 -0.0383000001
v 0.387834996 0.0481999964 -0.0364249982
v 0.387834996 0.0481999964 -0.0364249982
v 0.375999987 0.053199999 -0.0383000001
v 0.387834996 0.053199999 -0.0364249982
v 0.387834996 0.0481999964 -0.0364249982
v 0.387834996 0.053199999 -0.0364249982
v 0.398512006 0.0481999964 -0.0309849996
v 0.398512006 0.0481999964 -0.0309849996
v 0.387834996 0.053199999 -0.0364249982
v 0.398512006 0.053199999 -0.0309849996
v 0.398512006 0.0481999964 -0.0309849996
v 0.398512006 0.053199999 -0.0309849996
v 0.406985015 0.0481999964 -0.0225120001
v 0.406985015 0.0481999964 -0.0225120001
v 0.398512006 0.053199999 -0.0309849996
v 0.406985015 0.053199999 -0.0225120001
v 0.406985015 0.0481999964 -0.0225120001
v 0.406985015 0.053199999 -0.0225120001
v 0.412425011 0.0481999964 -0.0118349995
v 0.412425011 0.0481999964 -0.0118349995
v 0.406985015 0.053199999 -0.0225120001
v 0.412425011 0.053199999 -0.0118349995
v 0.412425011 0.0481999964 -0.0118349995
v 0.412425011 0.053199999 -0.0118349995
v 0.414299995 0.0481999964 0
v 0.414299995 0.0481999964 0
v 0.412425011 0.053199999 -0.0118349995
v 0.414299995 0.053199999 0
v 0.414299995 0.0481999964 0
v 0.414299995 0.053199999 0
v 0.412425011 0.0481999964 0.0118349995
v 0.412425011 0.0481999964 0.0118349995
v 0.414299995 0.053199999 0
v 0.412425011 0.053199999 0.0118349995
v 0.412425011 0.0481999964 0.0118349995
v 0.412425011 0.053199999 0.0118349995
v 0.406985015 0.0481999964 0.0225120001
v 0.406985015 0.0481999964 0.0225120001
v 0.412425011 0.053199999 0.0118349995
v 0.406985015 0.053199999 0.0225120001
v 0.406985015 0.0481999964 0.0225120001
v 0.406985015 0.053199999 0.0225120001
v 0.398512006 0.0481999964 0.0309849996
v 0.398512006 0.0481999964 0.0309849996
v 0.406985015 0.053199999 0.0225120001
v 0.398512006 0.053199999 0.0309849996
v 0.398512006 0.0481999964 0.0309849996
v 0.398512006 0.053199999 0.0309849996
v 0.387834996 0.0481999964 0.0364249982
v 0.387834996 0.0481999964 0.0364249982
v 0.398512006 0.053199999 0.0309849996
v 0.387834996 0.053199999 0.0364249982
v 0.387834996 0.0481999964 0.0364249982
v 0.387834996 0.053199999 0.0364249982
v 0.375999987 0.0481999964 0.0383000001
v 0.375999987 0.0481999964 0.0383000001
v 0.387834996 0.053199999 0.0364249982
v 0.375999987 0.053199999 0.0383000001
v 0.375999987 0.157299995 0.0383000001
v 0.375999987 0.136418 0.0383000001
v 0.387834996 0.157299995 0.0364249982
v 0.387834996 0.157299995 0.0364249982
v 0.375999987 0.136418 0.0383000001
v 0.387834996 0.133247003 0.0364249982
v 0.387834996 0.157299995 0.0364249982
v 0.387834996 0.133247003 0.0364249982
v 0.398512006 0.157299995 0.0309849996
v 0.398512006 0.157299995 0.0309849996
v 0.387834996 0.133247003 0.0364249982
v 0.398512006 0.130385995 0.0309849996
v 0.398512006 0.157299995 0.0309849996
v 0.398512006 0.130385995 0.0309849996
v 0.406985015 0.157299995 0.0225120001
v 0.406985015 0.157299995 0.0225120001
v 0.398512006 0.130385995 0.0309849996
v 0.406985015 0.128115997 0.0225120001
v 0.406985015 0.157299995 0.0225120001
v 0.406985015 0.128115997 0.0225120001
v 0.412425011 0.157299995 0.0118349995
v 0.412425011 0.157299995 0.0118349995
v 0.406985015 0.128115997 0.0225120001
v 0.412425011 0.126657993 0.0118349995
v 0.412425011 0.157299995 0.0118349995
v 0.412425011 0.126657993 0.0118349995
v 0.414299995 0.157299995 0
v 0.414299995 0.157299995 0
v 0.412425011 0.126657993 0.0118349995
v 0.414299995 0.126156002 0
v 0.414299995 0.157299995 0
v 0.414299995 0.126156002 0
v 0.412425011 0.126657993 -0.0118349995
v 0.414299995 0.157299995 0
v 0.412425011 0.126657993 -0.0118349995
v 0.412425011 0.157299995 -0.0118349995
v 0.412425011 0.157299995 -0.0118349995
v 0.412425011 0.126657993 -0.0118349995
v 0.406985015 0.128115997 -0.0225120001
v 0.412425011 0.157299995 -0.0118349995
v 0.406985015 0.128115997 -0.0225120001
v 0.406985015 0.157299995 -0.0225120001
v 0.406985015 0.157299995 -0.0225120001
v 0.406985015 0.128115997 -0.0225120001
v 0.398512006 0.130385995 -0.0309849996
v 0.406985015 0.157299995 -0.0225120001
v 0.398512006 0.130385995 -0.0309849996
v 0.398512006 0.157299995 -0.0309849996
v 0.398512006 0.157299995 -0.0309849996
v 0.398512006 0.130385995 -0.0309849996
v 0.387834996 0.133247003 -0.0364249982
v 0.398512006 0.157299995 -0.0309849996
v 0.387834996 0.133247003 -0.0364249982
v 0.387834996 0.157299995 -0.0364249982
v 0.387834996 0.157299995 -0.0364249982
v 0.387834996 0.133247003 -0.0364249982
v 0.375999987 0.136418 -0.0383000001
v 0.387834996 0.157299995 -0.0364249982
v 0.375999987 0.136418 -0.0383000001
v 0.375999987 0.157299995 -0.0383000001
v 0.375999987 0.162055001 -0.0348449983
v 0.375999987 0.162300006 -0.0333000012
v 0.386557996 0.162223995 -0.0324960016
v 0.386557996 0.162223995 -0.0324960016
v 0.375999987 0.162300006 -0.0333000012
v 0.386290014 0.162300006 -0.0316700004
v 0.386557996 0.162223995 -0.0324960016
v 0.386290014 0.162300006 -0.0316700004
v 0.396084011 0.162223995 -0.0276430007
v 0.396084011 0.162223995 -0.0276430007
v 0.386290014 0.162300006 -0.0316700004
v 0.39557299 0.162300006 -0.0269399993
v 0.396084011 0.162223995 -0.0276430007
v 0.39557299 0.162300006 -0.0269399993
v 0.403643012 0.162223995 -0.0200839993
v 0.403643012 0.162223995 -0.0200839993
v 0.39557299 0.162300006 -0.0269399993
v 0.402940005 0.162300006 -0.0195729993
v 0.403643012 0.162223995 -0.0200839993
v 0.402940005 0.162300006 -0.0195729993
v 0.408495992 0.162223995 -0.0105590001
v 0.408495992 0.162223995 -0.0105590001
v 0.402940005 0.162300006 -0.0195729993
v 0.407669991 0.162300006 -0.0102899997
v 0.408495992 0.162223995 -0.0105590001
v 0.407669991 0.162300006 -0.0102899997
v 0.410167992 0.162223995 0
v 0.410167992 0.162223995 0
v 0.407669991 0.162300006 -0.0102899997
v 0.409299999 0.162300006 0
v 0.410167992 0.162223995 0
v 0.409299999 0.162300006 0
v 0.408495992 0.162223995 0.0105590001
v 0.408495992 0.162223995 0.0105590001
v 0.409299999 0.162300006 0
v 0.407669991 0.162300006 0.0102899997
v 0.408495992 0.162223995 0.0105590001
v 0.407669991 0.162300006 0.0102899997
v 0.403643012 0.162223995 0.0200839993
v 0.403643012 0.162223995 0.0200839993
v 0.407669991 0.162300006 0.0102899997
v 0.402940005 0.162300006 0.0195729993
v 0.403643012 0.162223995 0.0200839993
v 0.402940005 0.162300006 0.0195729993
v 0.396084011 0.162223995 0.0276430007
v 0.396084011 0.162223995 0.0276430007
v 0.402940005 0.162300006 0.0195729993
v 0.39557299 0.162300006 0.0269399993
v 0.396084011 0.162223995 0.0276430007
v 0.39557299 0.162300006 0.0269399993
v 0.386557996 0.162223995 0.0324960016
v 0.386557996 0.162223995 0.0324960016
v 0.39557299 0.162300006 0.0269399993
v 0.386290014 0.162300006 0.0316700004
v 0.386557996 0.162223995 0.0324960016
v 0.386290014 0.162300006 0.0316700004
v 0.375999987 0.162300006 0.0333000012
v 0.375999987 0.162300006 0.0333000012
v 0.375999987 0.162055001 0.0348449983
v 0.386557996 0.162223995 0.0324960016
v 0.386557996 0.162223995 0.0324960016
v 0.375999987 0.162055001 0.0348449983
v 0.387062997 0.161630005 0.0340479985
v 0.386557996 0.162223995 0.0324960016
v 0.387062997 0.161630005 0.0340479985
v 0.396084011 0.162223995 0.0276430007
v 0.396084011 0.162223995 0.0276430007
v 0.387062997 0.161630005 0.0340479985
v 0.39704299 0.161630005 0.0289629996
v 0.396084011 0.162223995 0.0276430007
v 0.39704299 0.161630005 0.0289629996
v 0.403643012 0.162223995 0.0200839993
v 0.403643012 0.162223995 0.0200839993
v 0.39704299 0.161630005 0.0289629996
v 0.404962987 0.161630005 0.0210430007
v 0.403643012 0.162223995 0.0200839993
v 0.404962987 0.161630005 0.0210430007
v 0.408495992 0.162223995 0.0105590001
v 0.408495992 0.162223995 0.0105590001
v 0.404962987 0.161630005 0.0210430007
v 0.410048008 0.161630005 0.0110630002
v 0.408495992 0.162223995 0.0105590001
v 0.410048008 0.161630005 0.0110630002
v 0.410167992 0.162223995 0
v 0.410167992 0.162223995 0
v 0.410048008 0.161630005 0.0110630002
v 0.411799997 0.161630005 0
v 0.410167992 0.162223995 0
v 0.411799997 0.161630005 0
v 0.408495992 0.162223995 -0.0105590001
v 0.408495992 0.162223995 -0.0105590001
v 0.411799997 0.161630005 0
v 0.410048008 0.161630005 -0.0110630002
v 0.408495992 0.162223995 -0.0105590001
v 0.410048008 0.161630005 -0.0110630002
v 0.403643012 0.162223995 -0.0200839993
v 0.403643012 0.162223995 -0.0200839993
v 0.410048008 0.161630005 -0.0110630002
v 0.404962987 0.161630005 -0.0210430007
v 0.403643012 0.162223995 -0.0200839993
v 0.404962987 0.161630005 -0.0210430007
v 0.396084011 0.162223995 -0.0276430007
v 0.396084011 0.162223995 -0.0276430007
v 0.404962987 0.161630005 -0.0210430007
v 0.39704299 0.161630005 -0.0289629996
v 0.396084011 0.162223995 -0.0276430007
v 0.39704299 0.161630005 -0.0289629996
v 0.386557996 0.162223995 -0.0324960016
v 0.386557996 0.162223995 -0.0324960016
v 0.39704299 0.161630005 -0.0289629996
v 0.387062997 0.161630005 -0.0340479985
v 0.386557996 0.162223995 -0.0324960016
v 0.387062997 0.161630005 -0.0340479985
v 0.375999987 0.162055001 -0.0348449983
v 0.375999987 0.162055001 -0.0348449983
v 0.387062997 0.161630005 -0.0340479985
v 0.375999987 0.161345005 -0.0362389982
v 0.375999987 0.161345005 -0.0362389982
v 0.387062997 0.161630005 -0.0340479985
v 0.387474 0.160513997 -0.035312999
v 0.375999987 0.161345005 -0.0362389982
v 0.387474 0.160513997 -0.035312999
v 0.375999987 0.160238996 -0.0373449996
v 0.375999987 0.160238996 -0.0373449996
v 0.387474 0.160513997 -0.035312999
v 0.387742013 0.159009993 -0.0361390002
v 0.375999987 0.160238996 -0.0373449996
v 0.387742013 0.159009993 -0.0361390002
v 0.375999987 0.158844993 -0.038054999
v 0.375999987 0.158844993 -0.038054999
v 0.387742013 0.159009993 -0.0361390002
v 0.387834996 0.157299995 -0.0364249982
v 0.375999987 0.158844993 -0.038054999
v 0.387834996 0.157299995 -0.0364249982
v 0.375999987 0.157299995 -0.0383000001
v 0.375999987 0.162055001 0.0348449983
v 0.375999987 0.161345005 0.0362389982
v 0.387062997 0.161630005 0.0340479985
v 0.387062997 0.161630005 0.0340479985
v 0.375999987 0.161345005 0.0362389982
v 0.387474 0.160513997 0.035312999
v 0.387062997 0.161630005 0.0340479985
v 0.387474 0.160513997 0.035312999
v 0.39704299 0.161630005 0.0289629996
v 0.39704299 0.161630005 0.0289629996
v 0.387474 0.160513997 0.035312999
v 0.397825003 0.160513997 0.0300389994
v 0.39704299 0.161630005 0.0289629996
v 0.397825003 0.160513997 0.0300389994
v 0.404962987 0.161630005 0.0210430007
v 0.404962987 0.161630005 0.0210430007
v 0.397825003 0.160513997 0.0300389994
v 0.406039 0.160513997 0.0218250006
v 0.404962987 0.161630005 0.0210430007
v 0.406039 0.160513997 0.0218250006
v 0.410048008 0.161630005 0.0110630002
v 0.410048008 0.161630005 0.0110630002
v 0.406039 0.160513997 0.0218250006
v 0.411312997 0.160513997 0.0114740003
v 0.410048008 0.161630005 0.0110630002
v 0.411312997 0.160513997 0.0114740003
v 0.411799997 0.161630005 0
v 0.411799997 0.161630005 0
v 0.411312997 0.160513997 0.0114740003
v 0.413129985 0.160513997 0
v 0.411799997 0.161630005 0
v 0.413129985 0.160513997 0
v 0.410048008 0.161630005 -0.0110630002
v 0.410048008 0.161630005 -0.0110630002
v 0.413129985 0.160513997 0
v 0.411312997 0.160513997 -0.0114740003
v 0.410048008 0.161630005 -0.0110630002
v 0.411312997 0.160513997 -0.0114740003
v 0.404962987 0.161630005 -0.0210430007
v 0.404962987 0.161630005 -0.0210430007
v 0.411312997 0.160513997 -0.0114740003
v 0.406039 0.160513997 -0.0218250006
v 0.404962987 0.161630005 -0.0210430007
v 0.406039 0.160513997 -0.0218250006
v 0.39704299 0.161630005 -0.0289629996
v 0.39704299 0.161630005 -0.0289629996
v 0.406039 0.160513997 -0.0218250006
v 0.397825003 0.160513997 -0.0300389994
v 0.39704299 0.161630005 -0.0289629996
v 0.397825003 0.160513997 -0.0300389994
v 0.387062997 0.161630005 -0.0340479985
v 0.387062997 0.161630005 -0.0340479985
v 0.397825003 0.160513997 -0.0300389994
v 0.387474 0.160513997 -0.035312999
v 0.375999987 0.161345005 0.0362389982
v 0.375999987 0.160238996 0.0373449996
v 0.387474 0.160513997 0.035312999
v 0.387474 0.160513997 0.035312999
v 0.375999987 0.160238996 0.0373449996
v 0.387742013 0.159009993 0.0361390002
v 0.387474 0.160513997 0.035312999
v 0.387742013 0.159009993 0.0361390002
v 0.397825003 0.160513997 0.0300389994
v 0.397825003 0.160513997 0.0300389994
v 0.387742013 0.159009993 0.0361390002
v 0.39833501 0.159009993 0.0307410005
v 0.397825003 0.160513997 0.0300389994
v 0.39833501 0.159009993 0.0307410005
v 0.406039 0.160513997 0.0218250006
v 0.406039 0.160513997 0.0218250006
v 0.39833501 0.159009993 0.0307410005
v 0.406740993 0.159009993 0.0223350003
v 0.406039 0.160513997 0.0218250006
v 0.406740993 0.159009993 0.0223350003
v 0.411312997 0.160513997 0.0114740003
v 0.411312997 0.160513997 0.0114740003
v 0.406740993 0.159009993 0.0223350003
v 0.412138999 0.159009993 0.0117419995
v 0.411312997 0.160513997 0.0114740003
v 0.412138999 0.159009993 0.0117419995
v 0.413129985 0.160513997 0
v 0.413129985 0.160513997 0
v 0.412138999 0.159009993 0.0117419995
v 0.413998008 0.159009993 0
v 0.413129985 0.160513997 0
v 0.413998008 0.159009993 0
v 0.411312997 0.160513997 -0.0114740003
v 0.411312997 0.160513997 -0.0114740003
v 0.413998008 0.159009993 0
v 0.412138999 0.159009993 -0.0117419995
v 0.411312997 0.160513997 -0.0114740003
v 0.412138999 0.159009993 -0.0117419995
v 0.406039 0.160513997 -0.0218250006
v 0.406039 0.160513997 -0.0218250006
v 0.412138999 0.159009993 -0.0117419995
v 0.406740993 0.159009993 -0.0223350003
v 0.406039 0.160513997 -0.0218250006
v 0.406740993 0.159009993 -0.0223350003
v 0.397825003 0.160513997 -0.0300389994
v 0.397825003 0.160513997 -0.0300389994
v 0.406740993 0.159009993 -0.0223350003
v 0.39833501 0.159009993 -0.0307410005
v 0.397825003 0.160513997 -0.0300389994
v 0.39833501 0.159009993 -0.0307410005
v 0.387474 0.160513997 -0.035312999
v 0.387474 0.160513997 -0.035312999
v 0.39833501 0.159009993 -0.0307410005
v 0.387742013 0.159009993 -0.0361390002
v 0.375999987 0.160238996 0.0373449996
v 0.375999987 0.158844993 0.038054999
v 0.387742013 0.159009993 0.0361390002
v 0.387742013 0.159009993 0.0361390002
v 0.375999987 0.158844993 0.038054999
v 0.387834996 0.157299995 0.0364249982
v 0.387742013 0.159009993 0.0361390002
v 0.387834996 0.157299995 0.0364249982
v 0.39833501 0.159009993 0.0307410005
v 0.39833501 0.159009993 0.0307410005
v 0.387834996 0.157299995 0.0364249982
v 0.398512006 0.157299995 0.0309849996
v 0.39833501 0.159009993 0.0307410005
v 0.398512006 0.157299995 0.0309849996
v 0.406740993 0.159009993 0.0223350003
v 0.406740993 0.159009993 0.0223350003
v 0.398512006 0.157299995 0.0309849996
v 0.406985015 0.157299995 0.0225120001
v 0.406740993 0.159009993 0.0223350003
v 0.406985015 0.157299995 0.0225120001
v 0.412138999 0.159009993 0.0117419995
v 0.412138999 0.159009993 0.0117419995
v 0.406985015 0.157299995 0.0225120001
v 0.412425011 0.157299995 0.0118349995
v 0.412138999 0.159009993 0.0117419995
v 0.412425011 0.157299995 0.0118349995
v 0.413998008 0.159009993 0
v 0.413998008 0.159009993 0
v 0.412425011 0.157299995 0.0118349995
v 0.414299995 0.157299995 0
v 0.413998008 0.159009993 0
v 0.414299995 0.157299995 0
v 0.412138999 0.159009993 -0.0117419995
v 0.412138999 0.159009993 -0.0117419995
v 0.414299995 0.157299995 0
v 0.412425011 0.157299995 -0.0118349995
v 0.412138999 0.159009993 -0.0117419995
v 0.412425011 0.157299995 -0.0118349995
v 0.406740993 0.159009993 -0.0223350003
v 0.406740993 0.159009993 -0.0223350003
v 0.412425011 0.157299995 -0.0118349995
v 0.406985015 0.157299995 -0.0225120001
v 0.406740993 0.159009993 -0.0223350003
v 0.406985015 0.157299995 -0.0225120001
v 0.39833501 0.159009993 -0.0307410005
v 0.39833501 0.159009993 -0.0307410005
v 0.406985015 0.157299995 -0.0225120001
v 0.398512006 0.157299995 -0.0309849996
v 0.39833501 0.159009993 -0.0307410005
v 0.398512006 0.157299995 -0.0309849996
v 0.387742013 0.159009993 -0.0361390002
v 0.387742013 0.159009993 -0.0361390002
v 0.398512006 0.157299995 -0.0309849996
v 0.387834996 0.157299995 -0.0364249982
v 0.375999987 0.158844993 0.038054999
v 0.375999987 0.157299995 0.0383000001
v 0.387834996 0.157299995 0.0364249982
v 0.375999987 0.0419999994 0.0355000012
v 0.386970013 0.0419999994 0.0337629989
v 0.375999987 0.0481999964 0.0355000012
v 0.375999987 0.0481999964 0.0355000012
v 0.386970013 0.0419999994 0.0337629989
v 0.386970013 0.0481999964 0.0337629989
v 0.386970013 0.0481999964 0.0337629989
v 0.386970013 0.0419999994 0.0337629989
v 0.396865994 0.0419999994 0.0287200008
v 0.386970013 0.0481999964 0.0337629989
v 0.396865994 0.0419999994 0.0287200008
v 0.396865994 0.0481999964 0.0287200008
v 0.396865994 0.0481999964 0.0287200008
v 0.396865994 0.0419999994 0.0287200008
v 0.404720008 0.0419999994 0.0208659992
v 0.396865994 0.0481999964 0.0287200008
v 0.404720008 0.0419999994 0.0208659992
v 0.404720008 0.0481999964 0.0208659992
v 0.404720008 0.0481999964 0.0208659992
v 0.404720008 0.0419999994 0.0208659992
v 0.409761995 0.0419999994 0.0109700002
v 0.404720008 0.0481999964 0.0208659992
v 0.409761995 0.0419999994 0.0109700002
v 0.409761995 0.0481999964 0.0109700002
v 0.409761995 0.0481999964 0.0109700002
v 0.409761995 0.0419999994 0.0109700002
v 0.411500007 0.0419999994 0
v 0.409761995 0.0481999964 0.0109700002
v 0.411500007 0.0419999994 0
v 0.411500007 0.0481999964 0
v 0.411500007 0.0481999964 0
v 0.411500007 0.0419999994 0
v 0.409761995 0.0419999994 -0.0109700002
v 0.411500007 0.0481999964 0
v 0.409761995 0.0419999994 -0.0109700002
v 0.409761995 0.0481999964 -0.0109700002
v 0.409761995 0.0481999964 -0.0109700002
v 0.409761995 0.0419999994 -0.0109700002
v 0.404720008 0.0419999994 -0.0208659992
v 0.409761995 0.0481999964 -0.0109700002
v 0.404720008 0.0419999994 -0.0208659992
v 0.404720008 0.0481999964 -0.0208659992
v 0.404720008 0.0481999964 -0.0208659992
v 0.404720008 0.0419999994 -0.0208659992
v 0.396865994 0.0419999994 -0.0287200008
v 0.404720008 0.0481999964 -0.0208659992
v 0.396865994 0.0419999994 -0.0287200008
v 0.396865994 0.0481999964 -0.0287200008
v 0.396865994 0.0481999964 -0.0287200008
v 0.396865994 0.0419999994 -0.0287200008
v 0.386970013 0.0419999994 -0.0337629989
v 0.396865994 0.0481999964 -0.0287200008
v 0.386970013 0.0419999994 -0.0337629989
v 0.386970013 0.0481999964 -0.0337629989
v 0.386970013 0.0481999964 -0.0337629989
v 0.386970013 0.0419999994 -0.0337629989
v 0.375999987 0.0481999964 -0.0355000012
v 0.375999987 0.0481999964 -0.0355000012
v 0.386970013 0.0419999994 -0.0337629989
v 0.375999987 0.0419999994 -0.0355000012
v 0.326000005 0.102499999 -0.0373999998
v 0.331 0.102499999 -0.0373999998
v 0.326000005 0.0909429938 -0.0355699994
v 0.326000005 0.0909429938 -0.0355699994
v 0.331 0.102499999 -0.0373999998
v 0.331 0.0909429938 -0.0355699994
v 0.326000005 0.0909429938 -0.0355699994
v 0.331 0.0909429938 -0.0355699994
v 0.326000005 0.080516994 -0.0302569997
v 0.326000005 0.080516994 -0.0302569997
v 0.331 0.0909429938 -0.0355699994
v 0.331 0.080516994 -0.0302569997
v 0.326000005 0.080516994 -0.0302569997
v 0.331 0.080516994 -0.0302569997
v 0.326000005 0.0722429976 -0.0219829995
v 0.326000005 0.0722429976 -0.0219829995
v 0.331 0.080516994 -0.0302569997
v 0.331 0.0722429976 -0.0219829995
v 0.326000005 0.0722429976 -0.0219829995
v 0.331 0.0722429976 -0.0219829995
v 0.326000005 0.066929996 -0.0115569998
v 0.326000005 0.066929996 -0.0115569998
v 0.331 0.0722429976 -0.0219829995
v 0.331 0.066929996 -0.0115569998
v 0.326000005 0.066929996 -0.0115569998
v 0.331 0.066929996 -0.0115569998
v 0.326000005 0.0650999993 0
v 0.326000005 0.0650999993 0
v 0.331 0.066929996 -0.0115569998
v 0.331 0.0650999993 0
v 0.326000005 0.0650999993 0
v 0.331 0.0650999993 0
v 0.326000005 0.066929996 0.0115569998
v 0.326000005 0.066929996 0.0115569998
v 0.331 0.0650999993 0
v 0.331 0.066929996 0.0115569998
v 0.326000005 0.066929996 0.0115569998
v 0.331 0.066929996 0.0115569998
v 0.326000005 0.0722429976 0.0219829995
v 0.326000005 0.0722429976 0.0219829995
v 0.331 0.066929996 0.0115569998
v 0.331 0.0722429976 0.0219829995
v 0.326000005 0.0722429976 0.0219829995
v 0.331 0.0722429976 0.0219829995
v 0.326000005 0.080516994 0.0302569997
v 0.326000005 0.080516994 0.0302569997
v 0.331 0.0722429976 0.0219829995
v 0.331 0.080516994 0.0302569997
v 0.326000005 0.080516994 0.0302569997
v 0.331 0.080516994 0.0302569997
v 0.326000005 0.0909429938 0.0355699994
v 0.326000005 0.0909429938 0.0355699994
v 0.331 0.080516994 0.0302569997
v 0.331 0.0909429938 0.0355699994
v 0.326000005 0.0909429938 0.0355699994
v 0.331 0.0909429938 0.0355699994
v 0.326000005 0.102499999 0.0373999998
v 0.326000005 0.102499999 0.0373999998
v 0.331 0.0909429938 0.0355699994
v 0.331 0.102499999 0.0373999998
v 0.0659999996 0.102499999 -0.0373999998
v 0.0710000023 0.102499999 -0.0373999998
v 0.0659999996 0.0952039957 -0.0366810001
v 0.0659999996 0.0952039957 -0.0366810001
v 0.0710000023 0.102499999 -0.0373999998
v 0.0710000023 0.0909429938 -0.0355699994
v 0.0659999996 0.0952039957 -0.0366810001
v 0.0710000023 0.0909429938 -0.0355699994
v 0.0659999996 0.088188 -0.0345529988
v 0.0659999996 0.088188 -0.0345529988
v 0.0710000023 0.0909429938 -0.0355699994
v 0.0710000023 0.080516994 -0.0302569997
v 0.0659999996 0.088188 -0.0345529988
v 0.0710000023 0.080516994 -0.0302569997
v 0.0659999996 0.0817219988 -0.0310970005
v 0.0659999996 0.0817219988 -0.0310970005
v 0.0710000023 0.080516994 -0.0302569997
v 0.0659999996 0.0760539994 -0.0264459997
v 0.0659999996 0.0760539994 -0.0264459997
v 0.0710000023 0.080516994 -0.0302569997
v 0.0710000023 0.0722429976 -0.0219829995
v 0.0659999996 0.0760539994 -0.0264459997
v 0.0710000023 0.0722429976 -0.0219829995
v 0.0659999996 0.0714029968 -0.0207780004
v 0.0659999996 0.0714029968 -0.0207780004
v 0.0710000023 0.0722429976 -0.0219829995
v 0.0659999996 0.0679470003 -0.014312
v 0.0659999996 0.0679470003 -0.014312
v 0.0710000023 0.0722429976 -0.0219829995
v 0.0710000023 0.066929996 -0.0115569998
v 0.0659999996 0.0679470003 -0.014312
v 0.0710000023 0.066929996 -0.0115569998
v 0.0659999996 0.0658189952 -0.00729600014
v 0.0659999996 0.0658189952 -0.00729600014
v 0.0710000023 0.066929996 -0.0115569998
v 0.0710000023 0.0650999993 0
v 0.0659999996 0.0658189952 -0.00729600014
v 0.0710000023 0.0650999993 0
v 0.0659999996 0.0650999993 0
v 0.0659999996 0.0650999993 0
v 0.0710000023 0.0650999993 0
v 0.0659999996 0.0658189952 0.00729600014
v 0.0659999996 0.0658189952 0.00729600014
v 0.0710000023 0.0650999993 0
v 0.0710000023 0.066929996 0.0115569998
v 0.0659999996 0.0658189952 0.00729600014
v 0.0710000023 0.066929996 0.0115569998
v 0.0659999996 0.0679470003 0.014312
v 0.0659999996 0.0679470003 0.014312
v 0.0710000023 0.066929996 0.0115569998
v 0.0710000023 0.0722429976 0.0219829995
v 0.0659999996 0.0679470003 0.014312
v 0.0710000023 0.0722429976 0.0219829995
v 0.0659999996 0.0714029968 0.0207780004
v 0.0659999996 0.0714029968 0.0207780004
v 0.0710000023 0.0722429976 0.0219829995
v 0.0659999996 0.0760539994 0.0264459997
v 0.0659999996 0.0760539994 0.0264459997
v 0.0710000023 0.0722429976 0.0219829995
v 0.0710000023 0.080516994 0.0302569997
v 0.0659999996 0.0760539994 0.0264459997
v 0.0710000023 0.080516994 0.0302569997
v 0.0659999996 0.0817219988 0.0310970005
v 0.0659999996 0.0817219988 0.0310970005
v 0.0710000023 0.080516994 0.0302569997
v 0.0659999996 0.088188 0.0345529988
v 0.0659999996 0.088188 0.0345529988
v 0.0710000023 0.080516994 0.0302569997
v 0.0710000023 0.0909429938 0.0355699994
v 0.0659999996 0.088188 0.0345529988
v 0.0710000023 0.0909429938 0.0355699994
v 0.0659999996 0.0952039957 0.0366810001
v 0.0659999996 0.0952039957 0.0366810001
v 0.0710000023 0.0909429938 0.0355699994
v 0.0710000023 0.102499999 0.0373999998
v 0.0659999996 0.0952039957 0.0366810001
v 0.0710000023 0.102499999 0.0373999998
v 0.0659999996 0.102499999 0.0373999998
v 0.0659999996 0.102499999 0.0373999998
v 0.0710000023 0.102499999 0.0373999998
v 0.0659999996 0.109796003 0.0366810001
v 0.0659999996 0.109796003 0.0366810001
v 0.0710000023 0.102499999 0.0373999998
v 0.0710000023 0.114056997 0.0355699994
v 0.0659999996 0.109796003 0.0366810001
v 0.0710000023 0.114056997 0.0355699994
v 0.0659999996 0.116812006 0.0345529988
v 0.0659999996 0.116812006 0.0345529988
v 0.0710000023 0.114056997 0.0355699994
v 0.0710000023 0.124483004 0.0302569997
v 0.0659999996 0.116812006 0.0345529988
v 0.0710000023 0.124483004 0.0302569997
v 0.0659999996 0.123277992 0.0310970005
v 0.0659999996 0.123277992 0.0310970005
v 0.0710000023 0.124483004 0.0302569997
v 0.0659999996 0.128945991 0.0264459997
v 0.0659999996 0.128945991 0.0264459997
v 0.0710000023 0.124483004 0.0302569997
v 0.0710000023 0.132756993 0.0219829995
v 0.0659999996 0.128945991 0.0264459997
v 0.0710000023 0.132756993 0.0219829995
v 0.0659999996 0.133597001 0.0207780004
v 0.0659999996 0.133597001 0.0207780004
v 0.0710000023 0.132756993 0.0219829995
v 0.0659999996 0.137052998 0.014312
v 0.0659999996 0.137052998 0.014312
v 0.0710000023 0.132756993 0.0219829995
v 0.0710000023 0.138070002 0.0115569998
v 0.0659999996 0.137052998 0.014312
v 0.0710000023 0.138070002 0.0115569998
v 0.0659999996 0.139181003 0.00729600014
v 0.0659999996 0.139181003 0.00729600014
v 0.0710000023 0.138070002 0.0115569998
v 0.0710000023 0.139899999 0
v 0.0659999996 0.139181003 0.00729600014
v 0.0710000023 0.139899999 0
v 0.0659999996 0.139899999 0
v 0.0659999996 0.139899999 0
v 0.0710000023 0.139899999 0
v 0.0659999996 0.139181003 -0.00729600014
v 0.0659999996 0.139181003 -0.00729600014
v 0.0710000023 0.139899999 0
v 0.0710000023 0.138070002 -0.0115569998
v 0.0659999996 0.139181003 -0.00729600014
v 0.0710000023 0.138070002 -0.0115569998
v 0.0659999996 0.137052998 -0.014312
v 0.0659999996 0.137052998 -0.014312
v 0.0710000023 0.138070002 -0.0115569998
v 0.0710000023 0.132756993 -0.0219829995
v 0.0659999996 0.137052998 -0.014312
v 0.0710000023 0.132756993 -0.0219829995
v 0.0659999996 0.133597001 -0.0207780004
v 0.0659999996 0.133597001 -0.0207780004
v 0.0710000023 0.132756993 -0.0219829995
v 0.0659999996 0.128945991 -0.0264459997
v 0.0659999996 0.128945991 -0.0264459997
v 0.0710000023 0.132756993 -0.0219829995
v 0.0710000023 0.124483004 -0.0302569997
v 0.0659999996 0.128945991 -0.0264459997
v 0.0710000023 0.124483004 -0.0302569997
v 0.0659999996 0.123277992 -0.0310970005
v 0.0659999996 0.123277992 -0.0310970005
v 0.0710000023 0.124483004 -0.0302569997
v 0.0659999996 0.116812006 -0.0345529988
v 0.0659999996 0.116812006 -0.0345529988
v 0.0710000023 0.124483004 -0.0302569997
v 0.0710000023 0.114056997 -0.0355699994
v 0.0659999996 0.116812006 -0.0345529988
v 0.0710000023 0.114056997 -0.0355699994
v 0.0659999996 0.109796003 -0.0366810001
v 0.0659999996 0.109796003 -0.0366810001
v 0.0710000023 0.114056997 -0.0355699994
v 0.0710000023 0.102499999 -0.0373999998
v 0.0659999996 0.109796003 -0.0366810001
v 0.0710000023 0.102499999 -0.0373999998
v 0.0659999996 0.102499999 -0.0373999998
v 0.326000005 0.102499999 0.0373999998
v 0.331 0.102499999 0.0373999998
v 0.326000005 0.114056997 0.0355699994
v 0.326000005 0.114056997 0.0355699994
v 0.331 0.102499999 0.0373999998
v 0.331 0.114056997 0.0355699994
v 0.326000005 0.114056997 0.0355699994
v 0.331 0.114056997 0.0355699994
v 0.326000005 0.124483004 0.0302569997
v 0.326000005 0.124483004 0.0302569997
v 0.331 0.114056997 0.0355699994
v 0.331 0.124483004 0.0302569997
v 0.326000005 0.124483004 0.0302569997
v 0.331 0.124483004 0.0302569997
v 0.326000005 0.132756993 0.0219829995
v 0.326000005 0.132756993 0.0219829995
v 0.331 0.124483004 0.0302569997
v 0.331 0.132756993 0.0219829995
v 0.326000005 0.132756993 0.0219829995
v 0.331 0.132756993 0.0219829995
v 0.326000005 0.138070002 0.0115569998
v 0.326000005 0.138070002 0.0115569998
v 0.331 0.132756993 0.0219829995
v 0.331 0.138070002 0.0115569998
v 0.326000005 0.138070002 0.0115569998
v 0.331 0.138070002 0.0115569998
v 0.326000005 0.139899999 0
v 0.326000005 0.139899999 0
v 0.331 0.138070002 0.0115569998
v 0.331 0.139899999 0
v 0.326000005 0.139899999 0
v 0.331 0.139899999 0
v 0.326000005 0.138070002 -0.0115569998
v 0.326000005 0.138070002 -0.0115569998
v 0.331 0.139899999 0
v 0.331 0.138070002 -0.0115569998
v 0.326000005 0.138070002 -0.0115569998
v 0.331 0.138070002 -0.0115569998
v 0.326000005 0.132756993 -0.0219829995
v 0.326000005 0.132756993 -0.0219829995
v 0.331 0.138070002 -0.0115569998
v 0.331 0.132756993 -0.0219829995
v 0.326000005 0.132756993 -0.0219829995
v 0.331 0.132756993 -0.0219829995
v 0.326000005 0.124483004 -0.0302569997
v 0.326000005 0.124483004 -0.0302569997
v 0.331 0.132756993 -0.0219829995
v 0.331 0.124483004 -0.0302569997
v 0.326000005 0.124483004 -0.0302569997
v 0.331 0.124483004 -0.0302569997
v 0.326000005 0.114056997 -0.0355699994
v 0.326000005 0.114056997 -0.0355699994
v 0.331 0.124483004 -0.0302569997
v 0.331 0.114056997 -0.0355699994
v 0.326000005 0.114056997 -0.0355699994
v 0.331 0.114056997 -0.0355699994
v 0.326000005 0.102499999 -0.0373999998
v 0.326000005 0.102499999 -0.0373999998
v 0.331 0.114056997 -0.0355699994
v 0.331 0.102499999 -0.0373999998
v 0.365029991 0.0419999994 0.0337629989
v 0.365029991 0.0419999994 -0.0337629989
v 0.375999987 0.0419999994 0.0355000012
v 0.375999987 0.0419999994 0.0355000012
v 0.365029991 0.0419999994 -0.0337629989
v 0.375999987 0.0419999994 -0.0355000012
v 0.375999987 0.0419999994 0.0355000012
v 0.375999987 0.0419999994 -0.0355000012
v 0.386970013 0.0419999994 0.0337629989
v 0.386970013 0.0419999994 0.0337629989
v 0.375999987 0.0419999994 -0.0355000012
v 0.386970013 0.0419999994 -0.0337629989
v 0.386970013 0.0419999994 0.0337629989
v 0.386970013 0.0419999994 -0.0337629989
v 0.396865994 0.0419999994 0.0287200008
v 0.396865994 0.0419999994 0.0287200008
v 0.386970013 0.0419999994 -0.0337629989
v 0.396865994 0.0419999994 -0.0287200008
v 0.396865994 0.0419999994 0.0287200008
v 0.396865994 0.0419999994 -0.0287200008
v 0.404720008 0.0419999994 0.0208659992
v 0.404720008 0.0419999994 0.0208659992
v 0.396865994 0.0419999994 -0.0287200008
v 0.404720008 0.0419999994 -0.0208659992
v 0.404720008 0.0419999994 0.0208659992
v 0.404720008 0.0419999994 -0.0208659992
v 0.409761995 0.0419999994 0.0109700002
v 0.409761995 0.0419999994 0.0109700002
v 0.404720008 0.0419999994 -0.0208659992
v 0.409761995 0.0419999994 -0.0109700002
v 0.409761995 0.0419999994 0.0109700002
v 0.409761995 0.0419999994 -0.0109700002
v 0.411500007 0.0419999994 0
v 0.365029991 0.0419999994 -0.0337629989
v 0.365029991 0.0419999994 0.0337629989
v 0.35513401 0.0419999994 -0.0287200008
v 0.35513401 0.0419999994 -0.0287200008
v 0.365029991 0.0419999994 0.0337629989
v 0.35513401 0.0419999994 0.0287200008
v 0.35513401 0.0419999994 -0.0287200008
v 0.35513401 0.0419999994 0.0287200008
v 0.347279996 0.0419999994 -0.0208659992
v 0.347279996 0.0419999994 -0.0208659992
v 0.35513401 0.0419999994 0.0287200008
v 0.347279996 0.0419999994 0.0208659992
v 0.347279996 0.0419999994 -0.0208659992
v 0.347279996 0.0419999994 0.0208659992
v 0.342236996 0.0419999994 -0.0109700002
v 0.342236996 0.0419999994 -0.0109700002
v 0.347279996 0.0419999994 0.0208659992
v 0.342236996 0.0419999994 0.0109700002
v 0.342236996 0.0419999994 -0.0109700002
v 0.342236996 0.0419999994 0.0109700002
v 0.340499997 0.0419999994 0
v 0.36570999 0.162300006 -0.0316700004
v 0.36570999 0.162300006 0.0316700004
v 0.375999987 0.162300006 -0.0333000012
v 0.375999987 0.162300006 -0.0333000012
v 0.36570999 0.162300006 0.0316700004
v 0.375999987 0.162300006 0.0333000012
v 0.375999987 0.162300006 -0.0333000012
v 0.375999987 0.162300006 0.0333000012
v 0.386290014 0.162300006 -0.0316700004
v 0.386290014 0.162300006 -0.0316700004
v 0.375999987 0.162300006 0.0333000012
v 0.386290014 0.162300006 0.0316700004
v 0.386290014 0.162300006 -0.0316700004
v 0.386290014 0.162300006 0.0316700004
v 0.39557299 0.162300006 -0.0269399993
v 0.39557299 0.162300006 -0.0269399993
v 0.386290014 0.162300006 0.0316700004
v 0.39557299 0.162300006 0.0269399993
v 0.39557299 0.162300006 -0.0269399993
v 0.39557299 0.162300006 0.0269399993
v 0.402940005 0.162300006 -0.0195729993
v 0.402940005 0.162300006 -0.0195729993
v 0.39557299 0.162300006 0.0269399993
v 0.402940005 0.162300006 0.0195729993
v 0.402940005 0.162300006 -0.0195729993
v 0.402940005 0.162300006 0.0195729993
v 0.407669991 0.162300006 -0.0102899997
v 0.407669991 0.162300006 -0.0102899997
v 0.402940005 0.162300006 0.0195729993
v 0.407669991 0.162300006 0.0102899997
v 0.407669991 0.162300006 -0.0102899997
v 0.407669991 0.162300006 0.0102899997
v 0.409299999 0.162300006 0
v 0.36570999 0.162300006 0.0316700004
v 0.36570999 0.162300006 -0.0316700004
v 0.356427014 0.162300006 0.0269399993
v 0.356427014 0.162300006 0.0269399993
v 0.36570999 0.162300006 -0.0316700004
v 0.356427014 0.162300006 -0.0269399993
v 0.356427014 0.162300006 0.0269399993
v 0.356427014 0.162300006 -0.0269399993
v 0.349059999 0.162300006 0.0195729993
v 0.349059999 0.162300006 0.0195729993
v 0.356427014 0.162300006 -0.0269399993
v 0.349059999 0.162300006 -0.0195729993
v 0.349059999 0.162300006 0.0195729993
v 0.349059999 0.162300006 -0.0195729993
v 0.344330013 0.162300006 0.0102899997
v 0.344330013 0.162300006 0.0102899997
v 0.349059999 0.162300006 -0.0195729993
v 0.344330013 0.162300006 -0.0102899997
v 0.344330013 0.162300006 0.0102899997
v 0.344330013 0.162300006 -0.0102899997
v 0.342700005 0.162300006 0
v 0.375999987 0.0481999964 -0.0355000012
v 0.375999987 0.0419999994 -0.0355000012
v 0.365029991 0.0481999964 -0.0337629989
v 0.365029991 0.0481999964 -0.0337629989
v 0.375999987 0.0419999994 -0.0355000012
v 0.365029991 0.0419999994 -0.0337629989
v 0.365029991 0.0481999964 -0.0337629989
v 0.365029991 0.0419999994 -0.0337629989
v 0.35513401 0.0419999994 -0.0287200008
v 0.365029991 0.0481999964 -0.0337629989
v 0.35513401 0.0419999994 -0.0287200008
v 0.35513401 0.0481999964 -0.0287200008
v 0.35513401 0.0481999964 -0.0287200008
v 0.35513401 0.0419999994 -0.0287200008
v 0.347279996 0.0419999994 -0.0208659992
v 0.35513401 0.0481999964 -0.0287200008
v 0.347279996 0.0419999994 -0.0208659992
v 0.347279996 0.0481999964 -0.0208659992
v 0.347279996 0.0481999964 -0.0208659992
v 0.347279996 0.0419999994 -0.0208659992
v 0.342236996 0.0419999994 -0.0109700002
v 0.347279996 0.0481999964 -0.0208659992
v 0.342236996 0.0419999994 -0.0109700002
v 0.342236996 0.0481999964 -0.0109700002
v 0.342236996 0.0481999964 -0.0109700002
v 0.342236996 0.0419999994 -0.0109700002
v 0.340499997 0.0419999994 0
v 0.342236996 0.0481999964 -0.0109700002
v 0.340499997 0.0419999994 0
v 0.340499997 0.0481999964 0
v 0.340499997 0.0481999964 0
v 0.340499997 0.0419999994 0
v 0.342236996 0.0419999994 0.0109700002
v 0.340499997 0.0481999964 0
v 0.342236996 0.0419999994 0.0109700002
v 0.342236996 0.0481999964 0.0109700002
v 0.342236996 0.0481999964 0.0109700002
v 0.342236996 0.0419999994 0.0109700002
v 0.347279996 0.0419999994 0.0208659992
v 0.342236996 0.0481999964 0.0109700002
v 0.347279996 0.0419999994 0.0208659992
v 0.347279996 0.0481999964 0.0208659992
v 0.347279996 0.0481999964 0.0208659992
v 0.347279996 0.0419999994 0.0208659992
v 0.35513401 0.0419999994 0.0287200008
v 0.347279996 0.0481999964 0.0208659992
v 0.35513401 0.0419999994 0.0287200008
v 0.35513401 0.0481999964 0.0287200008
v 0.35513401 0.0481999964 0.0287200008
v 0.35513401 0.0419999994 0.0287200008
v 0.365029991 0.0419999994 0.0337629989
v 0.35513401 0.0481999964 0.0287200008
v 0.365029991 0.0419999994 0.0337629989
v 0.365029991 0.0481999964 0.0337629989
v 0.365029991 0.0481999964 0.0337629989
v 0.365029991 0.0419999994 0.0337629989
v 0.375999987 0.0419999994 0.0355000012
v 0.365029991 0.0481999964 0.0337629989
v 0.375999987 0.0419999994 0.0355000012
v 0.375999987 0.0481999964 0.0355000012
v 0.375999987 0.157299995 0.0383000001
v 0.375999987 0.158844993 0.038054999
v 0.364165008 0.157299995 0.0364249982
v 0.364165008 0.157299995 0.0364249982
v 0.375999987 0.158844993 0.038054999
v 0.364257991 0.159009993 0.0361390002
v 0.364165008 0.157299995 0.0364249982
v 0.364257991 0.159009993 0.0361390002
v 0.353487998 0.157299995 0.0309849996
v 0.353487998 0.157299995 0.0309849996
v 0.364257991 0.159009993 0.0361390002
v 0.353664994 0.159009993 0.0307410005
v 0.353487998 0.157299995 0.0309849996
v 0.353664994 0.159009993 0.0307410005
v 0.345014989 0.157299995 0.0225120001
v 0.345014989 0.157299995 0.0225120001
v 0.353664994 0.159009993 0.0307410005
v 0.345259011 0.159009993 0.0223350003
v 0.345014989 0.157299995 0.0225120001
v 0.345259011 0.159009993 0.0223350003
v 0.339574009 0.157299995 0.0118349995
v 0.339574009 0.157299995 0.0118349995
v 0.345259011 0.159009993 0.0223350003
v 0.339861006 0.159009993 0.0117419995
v 0.339574009 0.157299995 0.0118349995
v 0.339861006 0.159009993 0.0117419995
v 0.337700009 0.157299995 0
v 0.337700009 0.157299995 0
v 0.339861006 0.159009993 0.0117419995
v 0.338001013 0.159009993 0
v 0.337700009 0.157299995 0
v 0.338001013 0.159009993 0
v 0.339574009 0.157299995 -0.0118349995
v 0.339574009 0.157299995 -0.0118349995
v 0.338001013 0.159009993 0
v 0.339861006 0.159009993 -0.0117419995
v 0.339574009 0.157299995 -0.0118349995
v 0.339861006 0.159009993 -0.0117419995
v 0.345014989 0.157299995 -0.0225120001
v 0.345014989 0.157299995 -0.0225120001
v 0.339861006 0.159009993 -0.0117419995
v 0.345259011 0.159009993 -0.0223350003
v 0.345014989 0.157299995 -0.0225120001
v 0.345259011 0.159009993 -0.0223350003
v 0.353487998 0.157299995 -0.0309849996
v 0.353487998 0.157299995 -0.0309849996
v 0.345259011 0.159009993 -0.0223350003
v 0.353664994 0.159009993 -0.0307410005
v 0.353487998 0.157299995 -0.0309849996
v 0.353664994 0.159009993 -0.0307410005
v 0.364165008 0.157299995 -0.0364249982
v 0.364165008 0.157299995 -0.0364249982
v 0.353664994 0.159009993 -0.0307410005
v 0.364257991 0.159009993 -0.0361390002
v 0.364165008 0.157299995 -0.0364249982
v 0.364257991 0.159009993 -0.0361390002
v 0.375999987 0.158844993 -0.038054999
v 0.375999987 0.158844993 -0.038054999
v 0.364257991 0.159009993 -0.0361390002
v 0.375999987 0.160238996 -0.0373449996
v 0.375999987 0.160238996 -0.0373449996
v 0.364257991 0.159009993 -0.0361390002
v 0.364526004 0.160513997 -0.035312999
v 0.375999987 0.160238996 -0.0373449996
v 0.364526004 0.160513997 -0.035312999
v 0.375999987 0.161345005 -0.0362389982
v 0.375999987 0.161345005 -0.0362389982
v 0.364526004 0.160513997 -0.035312999
v 0.364937007 0.161630005 -0.0340479985
v 0.375999987 0.161345005 -0.0362389982
v 0.364937007 0.161630005 -0.0340479985
v 0.375999987 0.162055001 -0.0348449983
v 0.375999987 0.162055001 -0.0348449983
v 0.364937007 0.161630005 -0.0340479985
v 0.365440995 0.162223995 -0.0324960016
v 0.375999987 0.162055001 -0.0348449983
v 0.365440995 0.162223995 -0.0324960016
v 0.375999987 0.162300006 -0.0333000012
v 0.375999987 0.162300006 -0.0333000012
v 0.365440995 0.162223995 -0.0324960016
v 0.36570999 0.162300006 -0.0316700004
v 0.36570999 0.162300006 -0.0316700004
v 0.365440995 0.162223995 -0.0324960016
v 0.356427014 0.162300006 -0.0269399993
v 0.356427014 0.162300006 -0.0269399993
v 0.365440995 0.162223995 -0.0324960016
v 0.355915993 0.162223995 -0.0276430007
v 0.356427014 0.162300006 -0.0269399993
v 0.355915993 0.162223995 -0.0276430007
v 0.349059999 0.162300006 -0.0195729993
v 0.349059999 0.162300006 -0.0195729993
v 0.355915993 0.162223995 -0.0276430007
v 0.348356992 0.162223995 -0.0200839993
v 0.349059999 0.162300006 -0.0195729993
v 0.348356992 0.162223995 -0.0200839993
v 0.344330013 0.162300006 -0.0102899997
v 0.344330013 0.162300006 -0.0102899997
v 0.348356992 0.162223995 -0.0200839993
v 0.343504012 0.162223995 -0.0105590001
v 0.344330013 0.162300006 -0.0102899997
v 0.343504012 0.162223995 -0.0105590001
v 0.342700005 0.162300006 0
v 0.342700005 0.162300006 0
v 0.343504012 0.162223995 -0.0105590001
v 0.341832012 0.162223995 0
v 0.342700005 0.162300006 0
v 0.341832012 0.162223995 0
v 0.344330013 0.162300006 0.0102899997
v 0.344330013 0.162300006 0.0102899997
v 0.341832012 0.162223995 0
v 0.343504012 0.162223995 0.0105590001
v 0.344330013 0.162300006 0.0102899997
v 0.343504012 0.162223995 0.0105590001
v 0.349059999 0.162300006 0.0195729993
v 0.349059999 0.162300006 0.0195729993
v 0.343504012 0.162223995 0.0105590001
v 0.348356992 0.162223995 0.0200839993
v 0.349059999 0.162300006 0.0195729993
v 0.348356992 0.162223995 0.0200839993
v 0.356427014 0.162300006 0.0269399993
v 0.356427014 0.162300006 0.0269399993
v 0.348356992 0.162223995 0.0200839993
v 0.355915993 0.162223995 0.0276430007
v 0.356427014 0.162300006 0.0269399993
v 0.355915993 0.162223995 0.0276430007
v 0.36570999 0.162300006 0.0316700004
v 0.36570999 0.162300006 0.0316700004
v 0.355915993 0.162223995 0.0276430007
v 0.365440995 0.162223995 0.0324960016
v 0.36570999 0.162300006 0.0316700004
v 0.365440995 0.162223995 0.0324960016
v 0.375999987 0.162300006 0.0333000012
v 0.375999987 0.162300006 0.0333000012
v 0.365440995 0.162223995 0.0324960016
v 0.375999987 0.162055001 0.0348449983
v 0.375999987 0.162055001 0.0348449983
v 0.365440995 0.162223995 0.0324960016
v 0.364937007 0.161630005 0.0340479985
v 0.375999987 0.162055001 0.0348449983
v 0.364937007 0.161630005 0.0340479985
v 0.375999987 0.161345005 0.0362389982
v 0.375999987 0.161345005 0.0362389982
v 0.364937007 0.161630005 0.0340479985
v 0.364526004 0.160513997 0.035312999
v 0.375999987 0.161345005 0.0362389982
v 0.364526004 0.160513997 0.035312999
v 0.375999987 0.160238996 0.0373449996
v 0.375999987 0.160238996 0.0373449996
v 0.364526004 0.160513997 0.035312999
v 0.364257991 0.159009993 0.0361390002
v 0.375999987 0.160238996 0.0373449996
v 0.364257991 0.159009993 0.0361390002
v 0.375999987 0.158844993 0.038054999
v 0.375999987 0.158844993 -0.038054999
v 0.375999987 0.157299995 -0.0383000001
v 0.364165008 0.157299995 -0.0364249982
v 0.364937007 0.161630005 0.0340479985
v 0.365440995 0.162223995 0.0324960016
v 0.354957014 0.161630005 0.0289629996
v 0.354957014 0.161630005 0.0289629996
v 0.365440995 0.162223995 0.0324960016
v 0.355915993 0.162223995 0.0276430007
v 0.354957014 0.161630005 0.0289629996
v 0.355915993 0.162223995 0.0276430007
v 0.347036988 0.161630005 0.0210430007
v 0.347036988 0.161630005 0.0210430007
v 0.355915993 0.162223995 0.0276430007
v 0.348356992 0.162223995 0.0200839993
v 0.347036988 0.161630005 0.0210430007
v 0.348356992 0.162223995 0.0200839993
v 0.341951996 0.161630005 0.0110630002
v 0.341951996 0.161630005 0.0110630002
v 0.348356992 0.162223995 0.0200839993
v 0.343504012 0.162223995 0.0105590001
v 0.341951996 0.161630005 0.0110630002
v 0.343504012 0.162223995 0.0105590001
v 0.340200007 0.161630005 0
v 0.340200007 0.161630005 0
v 0.343504012 0.162223995 0.0105590001
v 0.341832012 0.162223995 0
v 0.340200007 0.161630005 0
v 0.341832012 0.162223995 0
v 0.341951996 0.161630005 -0.0110630002
v 0.341951996 0.161630005 -0.0110630002
v 0.341832012 0.162223995 0
v 0.343504012 0.162223995 -0.0105590001
v 0.341951996 0.161630005 -0.0110630002
v 0.343504012 0.162223995 -0.0105590001
v 0.347036988 0.161630005 -0.0210430007
v 0.347036988 0.161630005 -0.0210430007
v 0.343504012 0.162223995 -0.0105590001
v 0.348356992 0.162223995 -0.0200839993
v 0.347036988 0.161630005 -0.0210430007
v 0.348356992 0.162223995 -0.0200839993
v 0.354957014 0.161630005 -0.0289629996
v 0.354957014 0.161630005 -0.0289629996
v 0.348356992 0.162223995 -0.0200839993
v 0.355915993 0.162223995 -0.0276430007
v 0.354957014 0.161630005 -0.0289629996
v 0.355915993 0.162223995 -0.0276430007
v 0.364937007 0.161630005 -0.0340479985
v 0.364937007 0.161630005 -0.0340479985
v 0.355915993 0.162223995 -0.0276430007
v 0.365440995 0.162223995 -0.0324960016
v 0.353664994 0.159009993 0.0307410005
v 0.364257991 0.159009993 0.0361390002
v 0.364526004 0.160513997 0.035312999
v 0.364526004 0.160513997 0.035312999
v 0.364937007 0.161630005 0.0340479985
v 0.354175001 0.160513997 0.0300389994
v 0.354175001 0.160513997 0.0300389994
v 0.364937007 0.161630005 0.0340479985
v 0.354957014 0.161630005 0.0289629996
v 0.354175001 0.160513997 0.0300389994
v 0.354957014 0.161630005 0.0289629996
v 0.345961004 0.160513997 0.0218250006
v 0.345961004 0.160513997 0.0218250006
v 0.354957014 0.161630005 0.0289629996
v 0.347036988 0.161630005 0.0210430007
v 0.345961004 0.160513997 0.0218250006
v 0.347036988 0.161630005 0.0210430007
v 0.340687007 0.160513997 0.0114740003
v 0.340687007 0.160513997 0.0114740003
v 0.347036988 0.161630005 0.0210430007
v 0.341951996 0.161630005 0.0110630002
v 0.340687007 0.160513997 0.0114740003
v 0.341951996 0.161630005 0.0110630002
v 0.338869989 0.160513997 0
v 0.338869989 0.160513997 0
v 0.341951996 0.161630005 0.0110630002
v 0.340200007 0.161630005 0
v 0.338869989 0.160513997 0
v 0.340200007 0.161630005 0
v 0.340687007 0.160513997 -0.0114740003
v 0.340687007 0.160513997 -0.0114740003
v 0.340200007 0.161630005 0
v 0.341951996 0.161630005 -0.0110630002
v 0.340687007 0.160513997 -0.0114740003
v 0.341951996 0.161630005 -0.0110630002
v 0.345961004 0.160513997 -0.0218250006
v 0.345961004 0.160513997 -0.0218250006
v 0.341951996 0.161630005 -0.0110630002
v 0.347036988 0.161630005 -0.0210430007
v 0.345961004 0.160513997 -0.0218250006
v 0.347036988 0.161630005 -0.0210430007
v 0.354175001 0.160513997 -0.0300389994
v 0.354175001 0.160513997 -0.0300389994
v 0.347036988 0.161630005 -0.0210430007
v 0.354957014 0.161630005 -0.0289629996
v 0.354175001 0.160513997 -0.0300389994
v 0.354957014 0.161630005 -0.0289629996
v 0.364526004 0.160513997 -0.035312999
v 0.364526004 0.160513997 -0.035312999
v 0.354957014 0.161630005 -0.0289629996
v 0.364937007 0.161630005 -0.0340479985
v 0.345259011 0.159009993 0.0223350003
v 0.353664994 0.159009993 0.0307410005
v 0.354175001 0.160513997 0.0300389994
v 0.354175001 0.160513997 0.0300389994
v 0.353664994 0.159009993 0.0307410005
v 0.364526004 0.160513997 0.035312999
v 0.345259011 0.159009993 0.0223350003
v 0.354175001 0.160513997 0.0300389994
v 0.345961004 0.160513997 0.0218250006
v 0.339861006 0.159009993 0.0117419995
v 0.345259011 0.159009993 0.0223350003
v 0.345961004 0.160513997 0.0218250006
v 0.339861006 0.159009993 0.0117419995
v 0.345961004 0.160513997 0.0218250006
v 0.340687007 0.160513997 0.0114740003
v 0.338001013 0.159009993 0
v 0.339861006 0.159009993 0.0117419995
v 0.340687007 0.160513997 0.0114740003
v 0.338001013 0.159009993 0
v 0.340687007 0.160513997 0.0114740003
v 0.338869989 0.160513997 0
v 0.339861006 0.159009993 -0.0117419995
v 0.338001013 0.159009993 0
v 0.338869989 0.160513997 0
v 0.339861006 0.159009993 -0.0117419995
v 0.338869989 0.160513997 0
v 0.340687007 0.160513997 -0.0114740003
v 0.345259011 0.159009993 -0.0223350003
v 0.339861006 0.159009993 -0.0117419995
v 0.340687007 0.160513997 -0.0114740003
v 0.345259011 0.159009993 -0.0223350003
v 0.340687007 0.160513997 -0.0114740003
v 0.345961004 0.160513997 -0.0218250006
v 0.353664994 0.159009993 -0.0307410005
v 0.345259011 0.159009993 -0.0223350003
v 0.345961004 0.160513997 -0.0218250006
v 0.353664994 0.159009993 -0.0307410005
v 0.345961004 0.160513997 -0.0218250006
v 0.354175001 0.160513997 -0.0300389994
v 0.364257991 0.159009993 -0.0361390002
v 0.353664994 0.159009993 -0.0307410005
v 0.354175001 0.160513997 -0.0300389994
v 0.364257991 0.159009993 -0.0361390002
v 0.354175001 0.160513997 -0.0300389994
v 0.364526004 0.160513997 -0.035312999
v 0.387834996 0.0481999964 -0.0364249982
v 0.386970013 0.0481999964 -0.0337629989
v 0.375999987 0.0481999964 -0.0383000001
v 0.375999987 0.0481999964 -0.0383000001
v 0.386970013 0.0481999964 -0.0337629989
v 0.375999987 0.0481999964 -0.0355000012
v 0.375999987 0.0481999964 -0.0383000001
v 0.375999987 0.0481999964 -0.0355000012
v 0.364165008 0.0481999964 -0.0364249982
v 0.364165008 0.0481999964 -0.0364249982
v 0.375999987 0.0481999964 -0.0355000012
v 0.365029991 0.0481999964 -0.0337629989
v 0.364165008 0.0481999964 -0.0364249982
v 0.365029991 0.0481999964 -0.0337629989
v 0.35513401 0.0481999964 -0.0287200008
v 0.386970013 0.0481999964 -0.0337629989
v 0.387834996 0.0481999964 -0.0364249982
v 0.396865994 0.0481999964 -0.0287200008
v 0.396865994 0.0481999964 -0.0287200008
v 0.387834996 0.0481999964 -0.0364249982
v 0.398512006 0.0481999964 -0.0309849996
v 0.396865994 0.0481999964 -0.0287200008
v 0.398512006 0.0481999964 -0.0309849996
v 0.404720008 0.0481999964 -0.0208659992
v 0.404720008 0.0481999964 -0.0208659992
v 0.398512006 0.0481999964 -0.0309849996
v 0.406985015 0.0481999964 -0.0225120001
v 0.404720008 0.0481999964 -0.0208659992
v 0.406985015 0.0481999964 -0.0225120001
v 0.409761995 0.0481999964 -0.0109700002
v 0.409761995 0.0481999964 -0.0109700002
v 0.406985015 0.0481999964 -0.0225120001
v 0.412425011 0.0481999964 -0.0118349995
v 0.409761995 0.0481999964 -0.0109700002
v 0.412425011 0.0481999964 -0.0118349995
v 0.411500007 0.0481999964 0
v 0.411500007 0.0481999964 0
v 0.412425011 0.0481999964 -0.0118349995
v 0.414299995 0.0481999964 0
v 0.411500007 0.0481999964 0
v 0.414299995 0.0481999964 0
v 0.412425011 0.0481999964 0.0118349995
v 0.411500007 0.0481999964 0
v 0.412425011 0.0481999964 0.0118349995
v 0.409761995 0.0481999964 0.0109700002
v 0.409761995 0.0481999964 0.0109700002
v 0.412425011 0.0481999964 0.0118349995
v 0.406985015 0.0481999964 0.0225120001
v 0.409761995 0.0481999964 0.0109700002
v 0.406985015 0.0481999964 0.0225120001
v 0.404720008 0.0481999964 0.0208659992
v 0.404720008 0.0481999964 0.0208659992
v 0.406985015 0.0481999964 0.0225120001
v 0.398512006 0.0481999964 0.0309849996
v 0.404720008 0.0481999964 0.0208659992
v 0.398512006 0.0481999964 0.0309849996
v 0.396865994 0.0481999964 0.0287200008
v 0.396865994 0.0481999964 0.0287200008
v 0.398512006 0.0481999964 0.0309849996
v 0.387834996 0.0481999964 0.0364249982
v 0.396865994 0.0481999964 0.0287200008
v 0.387834996 0.0481999964 0.0364249982
v 0.386970013 0.0481999964 0.0337629989
v 0.386970013 0.0481999964 0.0337629989
v 0.387834996 0.0481999964 0.0364249982
v 0.375999987 0.0481999964 0.0383000001
v 0.386970013 0.0481999964 0.0337629989
v 0.375999987 0.0481999964 0.0383000001
v 0.375999987 0.0481999964 0.0355000012
v 0.375999987 0.0481999964 0.0355000012
v 0.375999987 0.0481999964 0.0383000001
v 0.365029991 0.0481999964 0.0337629989
v 0.365029991 0.0481999964 0.0337629989
v 0.375999987 0.0481999964 0.0383000001
v 0.364165008 0.0481999964 0.0364249982
v 0.365029991 0.0481999964 0.0337629989
v 0.364165008 0.0481999964 0.0364249982
v 0.35513401 0.0481999964 0.0287200008
v 0.35513401 0.0481999964 0.0287200008
v 0.364165008 0.0481999964 0.0364249982
v 0.353487998 0.0481999964 0.0309849996
v 0.35513401 0.0481999964 0.0287200008
v 0.353487998 0.0481999964 0.0309849996
v 0.347279996 0.0481999964 0.0208659992
v 0.347279996 0.0481999964 0.0208659992
v 0.353487998 0.0481999964 0.0309849996
v 0.345014989 0.0481999964 0.0225120001
v 0.347279996 0.0481999964 0.0208659992
v 0.345014989 0.0481999964 0.0225120001
v 0.342236996 0.0481999964 0.0109700002
v 0.342236996 0.0481999964 0.0109700002
v 0.345014989 0.0481999964 0.0225120001
v 0.339574009 0.0481999964 0.0118349995
v 0.342236996 0.0481999964 0.0109700002
v 0.339574009 0.0481999964 0.0118349995
v 0.340499997 0.0481999964 0
v 0.340499997 0.0481999964 0
v 0.339574009 0.0481999964 0.0118349995
v 0.337700009 0.0481999964 0
v 0.340499997 0.0481999964 0
v 0.337700009 0.0481999964 0
v 0.339574009 0.0481999964 -0.0118349995
v 0.340499997 0.0481999964 0
v 0.339574009 0.0481999964 -0.0118349995
v 0.342236996 0.0481999964 -0.0109700002
v 0.342236996 0.0481999964 -0.0109700002
v 0.339574009 0.0481999964 -0.0118349995
v 0.345014989 0.0481999964 -0.0225120001
v 0.342236996 0.0481999964 -0.0109700002
v 0.345014989 0.0481999964 -0.0225120001
v 0.347279996 0.0481999964 -0.0208659992
v 0.347279996 0.0481999964 -0.0208659992
v 0.345014989 0.0481999964 -0.0225120001
v 0.353487998 0.0481999964 -0.0309849996
v 0.347279996 0.0481999964 -0.0208659992
v 0.353487998 0.0481999964 -0.0309849996
v 0.35513401 0.0481999964 -0.0287200008
v 0.35513401 0.0481999964 -0.0287200008
v 0.353487998 0.0481999964 -0.0309849996
v 0.364165008 0.0481999964 -0.0364249982
v 0.375999987 0.136418 -0.0383000001
v 0.364165008 0.139588997 -0.0364249982
v 0.375999987 0.157299995 -0.0383000001
v 0.375999987 0.157299995 -0.0383000001
v 0.364165008 0.139588997 -0.0364249982
v 0.364165008 0.157299995 -0.0364249982
v 0.364165008 0.157299995 -0.0364249982
v 0.364165008 0.139588997 -0.0364249982
v 0.353487998 0.142450005 -0.0309849996
v 0.364165008 0.157299995 -0.0364249982
v 0.353487998 0.142450005 -0.0309849996
v 0.353487998 0.157299995 -0.0309849996
v 0.353487998 0.157299995 -0.0309849996
v 0.353487998 0.142450005 -0.0309849996
v 0.345014989 0.144721001 -0.0225120001
v 0.353487998 0.157299995 -0.0309849996
v 0.345014989 0.144721001 -0.0225120001
v 0.345014989 0.157299995 -0.0225120001
v 0.345014989 0.157299995 -0.0225120001
v 0.345014989 0.144721001 -0.0225120001
v 0.339574009 0.146177992 -0.0118349995
v 0.345014989 0.157299995 -0.0225120001
v 0.339574009 0.146177992 -0.0118349995
v 0.339574009 0.157299995 -0.0118349995
v 0.339574009 0.157299995 -0.0118349995
v 0.339574009 0.146177992 -0.0118349995
v 0.337700009 0.146680996 0
v 0.339574009 0.157299995 -0.0118349995
v 0.337700009 0.146680996 0
v 0.337700009 0.157299995 0
v 0.337700009 0.157299995 0
v 0.337700009 0.146680996 0
v 0.339574009 0.157299995 0.0118349995
v 0.339574009 0.157299995 0.0118349995
v 0.337700009 0.146680996 0
v 0.339574009 0.146177992 0.0118349995
v 0.339574009 0.157299995 0.0118349995
v 0.339574009 0.146177992 0.0118349995
v 0.345014989 0.157299995 0.0225120001
v 0.345014989 0.157299995 0.0225120001
v 0.339574009 0.146177992 0.0118349995
v 0.345014989 0.144721001 0.0225120001
v 0.345014989 0.157299995 0.0225120001
v 0.345014989 0.144721001 0.0225120001
v 0.353487998 0.157299995 0.0309849996
v 0.353487998 0.157299995 0.0309849996
v 0.345014989 0.144721001 0.0225120001
v 0.353487998 0.142450005 0.0309849996
v 0.353487998 0.157299995 0.0309849996
v 0.353487998 0.142450005 0.0309849996
v 0.364165008 0.157299995 0.0364249982
v 0.364165008 0.157299995 0.0364249982
v 0.353487998 0.142450005 0.0309849996
v 0.364165008 0.139588997 0.0364249982
v 0.364165008 0.157299995 0.0364249982
v 0.364165008 0.139588997 0.0364249982
v 0.375999987 0.157299995 0.0383000001
v 0.375999987 0.157299995 0.0383000001
v 0.364165008 0.139588997 0.0364249982
v 0.375999987 0.136418 0.0383000001
v 0.375999987 0.0481999964 0.0383000001
v 0.375999987 0.053199999 0.0383000001
v 0.364165008 0.0481999964 0.0364249982
v 0.364165008 0.0481999964 0.0364249982
v 0.375999987 0.053199999 0.0383000001
v 0.364165008 0.053199999 0.0364249982
v 0.364165008 0.0481999964 0.0364249982
v 0.364165008 0.053199999 0.0364249982
v 0.353487998 0.0481999964 0.0309849996
v 0.353487998 0.0481999964 0.0309849996
v 0.364165008 0.053199999 0.0364249982
v 0.353487998 0.053199999 0.0309849996
v 0.353487998 0.0481999964 0.0309849996
v 0.353487998 0.053199999 0.0309849996
v 0.345014989 0.0481999964 0.0225120001
v 0.345014989 0.0481999964 0.0225120001
v 0.353487998 0.053199999 0.0309849996
v 0.345014989 0.053199999 0.0225120001
v 0.345014989 0.0481999964 0.0225120001
v 0.345014989 0.053199999 0.0225120001
v 0.339574009 0.0481999964 0.0118349995
v 0.339574009 0.0481999964 0.0118349995
v 0.345014989 0.053199999 0.0225120001
v 0.339574009 0.053199999 0.0118349995
v 0.339574009 0.0481999964 0.0118349995
v 0.339574009 0.053199999 0.0118349995
v 0.337700009 0.0481999964 0
v 0.337700009 0.0481999964 0
v 0.339574009 0.053199999 0.0118349995
v 0.337700009 0.053199999 0
v 0.337700009 0.0481999964 0
v 0.337700009 0.053199999 0
v 0.339574009 0.0481999964 -0.0118349995
v 0.339574009 0.0481999964 -0.0118349995
v 0.337700009 0.053199999 0
v 0.339574009 0.053199999 -0.0118349995
v 0.339574009 0.0481999964 -0.0118349995
v 0.339574009 0.053199999 -0.0118349995
v 0.345014989 0.0481999964 -0.0225120001
v 0.345014989 0.0481999964 -0.0225120001
v 0.339574009 0.053199999 -0.0118349995
v 0.345014989 0.053199999 -0.0225120001
v 0.345014989 0.0481999964 -0.0225120001
v 0.345014989 0.053199999 -0.0225120001
v 0.353487998 0.0481999964 -0.0309849996
v 0.353487998 0.0481999964 -0.0309849996
v 0.345014989 0.053199999 -0.0225120001
v 0.353487998 0.053199999 -0.0309849996
v 0.353487998 0.0481999964 -0.0309849996
v 0.353487998 0.053199999 -0.0309849996
v 0.364165008 0.0481999964 -0.0364249982
v 0.364165008 0.0481999964 -0.0364249982
v 0.353487998 0.053199999 -0.0309849996
v 0.364165008 0.053199999 -0.0364249982
v 0.364165008 0.0481999964 -0.0364249982
v 0.364165008 0.053199999 -0.0364249982
v 0.375999987 0.0481999964 -0.0383000001
v 0.375999987 0.0481999964 -0.0383000001
v 0.364165008 0.053199999 -0.0364249982
v 0.375999987 0.053199999 -0.0383000001

# 1318 UV coordinates
vt -26.7999992 1.17809701 0
vt -30.1798344 0.707679987 0
vt -26.7999992 0 0
vt -30.3501186 0.377851009 0
vt -30.4059181 0.198551998 0
vt -26.7999992 2.35619402 0
vt -29.1961689 2.00959611 0
vt -29.7204018 1.34597707 0
vt -28.6792374 2.69850993 0
vt -26.7999992 3.53429198 0
vt -28.210083 3.41865897 0
vt -27.8105011 4.20802879 0
vt -26.7999992 4.71238899 0
vt -27.5431461 5.04153299 0
vt -26.7999992 5.89048576 0
vt -27.4500008 5.89048576 0
vt -27.5431461 6.73943901 0
vt -26.7999992 7.06858301 0
vt -27.8105011 7.57294273 0
vt -26.7999992 8.24668026 0
vt -28.210083 8.36231327 0
vt -28.6792374 9.08246231 0
vt -26.7999992 9.42477798 0
vt -29.1961689 9.77137661 0
vt -26.7999992 10.6028748 0
vt -29.7204018 10.4349957 0
vt -30.1798344 11.0732918 0
vt -26.7999992 11.7809715 0
vt -30.3501186 11.403121 0
vt -30.4059181 11.5824203 0
vt -30.4282207 11.7809715 0
vt -30.4282207 0 0
vt -2.58819103 0 0
vt -2.90697408 1.20951295 0
vt -10.9099998 0 0
vt -10.9099998 1.20951295 0
vt -3.19455194 2.4190259 0
vt -10.9099998 2.4190259 0
vt -3.42277598 3.62854004 0
vt -10.9099998 3.62854004 0
vt -3.56930399 4.83805275 0
vt -10.9099998 4.83805275 0
vt -3.61979508 6.04756594 0
vt -10.9099998 6.04756594 0
vt -10.9099998 7.25707912 0
vt -3.56930399 7.25707912 0
vt -10.9099998 8.46659184 0
vt -3.42277598 8.46659184 0
vt -10.9099998 9.6761055 0
vt -3.19455194 9.6761055 0
vt -10.9099998 10.8856182 0
vt -2.90697408 10.8856182 0
vt -10.9099998 12.0951319 0
vt -2.58819103 12.0951319 0
vt 0.911432028 0 0
vt 0.911695004 0.383296013 0
vt 0 0 0
vt 0.911695004 0.766591012 0
vt 0 1.15328693 0
vt 0.911695004 1.15307498 0
vt 0.911695004 1.53318298 0
vt 1.82338905 1.53318298 0
vt 0.911695004 2.30657506 0
vt 1.82338905 2.30657506 0
vt 0.911695004 3.07316589 0
vt 1.82338905 3.07316589 0
vt 0.911695004 3.84315801 0
vt 1.82338905 3.84315801 0
vt 0.911695004 4.61314917 0
vt 1.82338905 4.61314917 0
vt 0.911695004 5.26597214 0
vt 1.82338905 5.26597214 0
vt 0.911695004 5.91879511 0
vt 1.82338905 5.91879511 0
vt 0.911695004 6.7456708 0
vt 1.82338905 6.7456708 0
vt 0.911695004 7.57254696 0
vt 1.82338905 7.57254696 0
vt 0.911695004 8.39942265 0
vt 1.82338905 8.39942265 0
vt 0.911427021 9.22629833 0
vt 1.82368302 9.22629833 0
vt 2.6496129 8.39942265 0
vt 2.73521209 9.22628593 0
vt 3.47583604 8.39942265 0
vt 3.64654112 9.22629833 0
vt 4.30205917 8.39942265 0
vt 4.55835199 9.22628307 0
vt 5.12828302 8.39942265 0
vt 5.47000408 9.22629833 0
vt 5.95450497 8.39942265 0
vt 6.3818531 9.22627926 0
vt 6.78072882 8.39942265 0
vt 7.29355717 9.22629833 0
vt 7.60695219 8.39942265 0
vt 8.2052536 9.22627354 0
vt 8.43317509 8.39942265 0
vt 9.11711025 9.22629833 0
vt 9.20241737 8.39942265 0
vt 10.0287552 9.22626781 0
vt 9.97166061 8.39942265 0
vt 10.7409029 8.39942265 0
vt 10.7409029 7.57254696 0
vt 11.5101452 7.57254696 0
vt 11.5101452 6.7456708 0
vt 12.2793865 6.7456708 0
vt 12.2793865 5.91879511 0
vt 13.0486298 5.91879511 0
vt 13.0486298 5.26597214 0
vt 13.817872 5.26597214 0
vt 13.817872 4.61314917 0
vt 14.5871143 4.61314917 0
vt 13.817872 3.84315801 0
vt 13.817872 3.07316589 0
vt 13.0486298 3.84315801 0
vt 13.0486298 3.07316589 0
vt 12.2793865 3.84315801 0
vt 12.2793865 3.07316589 0
vt 11.5101452 3.84315801 0
vt 11.5101452 3.07316589 0
vt 10.7409029 3.84315801 0
vt 10.7409029 3.07316589 0
vt 9.97166061 3.84315801 0
vt 9.97166061 3.07316589 0
vt 9.20241737 3.84315801 0
vt 9.20241737 3.07316589 0
vt 8.43317509 3.84315801 0
vt 8.43317509 3.07316589 0
vt 7.60695219 3.84315801 0
vt 7.60695219 3.07316589 0
vt 6.78072882 3.84315801 0
vt 6.78072882 3.07316589 0
vt 5.95450497 3.84315801 0
vt 5.95450497 3.07316589 0
vt 5.12828302 3.84315801 0
vt 5.12828302 3.07316589 0
vt 4.30205917 3.84315801 0
vt 4.30205917 3.07316589 0
vt 3.47583604 3.84315801 0
vt 3.47583604 3.07316589 0
vt 2.6496129 3.84315801 0
vt 2.6496129 3.07316589 0
vt 1.82338905 0.383296013 0
vt 1.82369101 0 0
vt 2.6496129 0.383296013 0
vt 2.73521709 0 0
vt 3.47583604 0.383296013 0
vt 3.64654112 0 0
vt 4.30205917 0.383296013 0
vt 4.5583539 0 0
vt 5.12828302 0.383296013 0
vt 5.47000408 0 0
vt 5.95450497 0.383296013 0
vt 6.38185596 0 0
vt 6.78072882 0.383296013 0
vt 7.29355717 0 0
vt 7.60695219 0.383296013 0
vt 8.20525837 0 0
vt 8.43317509 0.383296013 0
vt 9.11711121 0 0
vt 9.20241737 0.383296013 0
vt 10.02876 0 0
vt 9.97166061 0.383296013 0
vt 10.7409029 0.383296013 0
vt 9.97166061 0.766591012 0
vt 10.7409029 0.766591012 0
vt 10.7409029 1.15078402 0
vt 11.5101452 1.15060401 0
vt 11.5101452 1.53318298 0
vt 12.2793865 1.53318298 0
vt 11.5101452 2.30657506 0
vt 12.2793865 2.30657506 0
vt 10.9405727 0 0
vt 11.5101452 0.383296013 0
vt 11.5101452 0.766591012 0
vt 12.2793865 1.15042496 0
vt 13.0486298 1.53318298 0
vt 13.0486298 2.30657506 0
vt 11.8518972 0 0
vt 12.2793865 0.383296013 0
vt 12.2793865 0.766591012 0
vt 13.0486298 1.15024602 0
vt 13.817872 1.53318298 0
vt 13.817872 2.30657506 0
vt 12.7634239 0 0
vt 13.0486298 0.383296013 0
vt 13.0486298 0.766591012 0
vt 13.817872 1.15006602 0
vt 14.5871143 2.30657506 0
vt 13.6756821 0 0
vt 13.817872 0.383296013 0
vt 13.817872 0.766591012 0
vt 14.5871143 0 0
vt 14.5871143 6.91972399 0
vt 13.817872 5.91879511 0
vt 13.0486298 6.7456708 0
vt 12.2793865 7.57254696 0
vt 11.5101452 8.39942265 0
vt 10.9405727 9.22629833 0
vt 14.5871143 9.22629833 0
vt 13.817872 7.57254696 0
vt 13.817872 6.7456708 0
vt 13.817872 8.39942265 0
vt 13.6756868 9.22629833 0
vt 13.0486298 8.39942265 0
vt 12.7634315 9.22629833 0
vt 12.2793865 8.39942265 0
vt 11.8518972 9.226264 0
vt 0 9.22629833 0
vt 0 8.0730114 0
vt 0 6.91972399 0
vt 0 5.76643705 0
vt 0 4.61314917 0
vt 0 3.45986199 0
vt 0 2.30657506 0
vt 9.20241737 0.766591012 0
vt 9.97166061 1.15096295 0
vt 10.7409029 1.53318298 0
vt 10.7409029 2.30657506 0
vt 8.43317509 0.766591012 0
vt 9.20241737 1.151142 0
vt 9.97166061 1.53318298 0
vt 9.97166061 2.30657506 0
vt 7.60695219 0.766591012 0
vt 8.43317509 1.15132201 0
vt 9.20241737 1.53318298 0
vt 9.20241737 2.30657506 0
vt 6.78072882 0.766591012 0
vt 7.60695219 1.15151405 0
vt 8.43317509 1.53318298 0
vt 8.43317509 2.30657506 0
vt 5.95450497 0.766591012 0
vt 6.78072882 1.15170693 0
vt 7.60695219 1.53318298 0
vt 7.60695219 2.30657506 0
vt 5.12828302 0.766591012 0
vt 5.95450497 1.15189898 0
vt 6.78072882 1.53318298 0
vt 6.78072882 2.30657506 0
vt 4.30205917 0.766591012 0
vt 5.12828302 1.15209198 0
vt 5.95450497 1.53318298 0
vt 5.95450497 2.30657506 0
vt 3.47583604 0.766591012 0
vt 4.30205917 1.15228498 0
vt 5.12828302 1.53318298 0
vt 5.12828302 2.30657506 0
vt 2.6496129 0.766591012 0
vt 3.47583604 1.15247703 0
vt 4.30205917 1.53318298 0
vt 4.30205917 2.30657506 0
vt 1.82338905 0.766591012 0
vt 2.6496129 1.15267003 0
vt 3.47583604 1.53318298 0
vt 3.47583604 2.30657506 0
vt 2.6496129 2.30657506 0
vt 2.6496129 1.53318298 0
vt 1.82338905 1.15286195 0
vt 12.2793865 5.26597214 0
vt 13.0486298 4.61314917 0
vt 12.2793865 4.61314917 0
vt 11.5101452 5.26597214 0
vt 11.5101452 4.61314917 0
vt 11.5101452 5.91879511 0
vt 10.7409029 5.91879511 0
vt 10.7409029 5.26597214 0
vt 9.97166061 5.91879511 0
vt 9.97166061 5.26597214 0
vt 9.20241737 5.91879511 0
vt 9.20241737 5.26597214 0
vt 8.43317509 5.91879511 0
vt 8.43317509 5.26597214 0
vt 7.60695219 5.91879511 0
vt 7.60695219 5.26597214 0
vt 6.78072882 5.91879511 0
vt 6.78072882 5.26597214 0
vt 5.95450497 5.91879511 0
vt 5.95450497 5.26597214 0
vt 5.12828302 5.91879511 0
vt 5.12828302 5.26597214 0
vt 4.30205917 5.91879511 0
vt 4.30205917 5.26597214 0
vt 3.47583604 5.91879511 0
vt 3.47583604 5.26597214 0
vt 2.6496129 5.91879511 0
vt 2.6496129 5.26597214 0
vt 10.7409029 4.61314917 0
vt 9.97166061 4.61314917 0
vt 9.20241737 4.61314917 0
vt 8.43317509 4.61314917 0
vt 7.60695219 4.61314917 0
vt 6.78072882 4.61314917 0
vt 5.95450497 4.61314917 0
vt 5.12828302 4.61314917 0
vt 4.30205917 4.61314917 0
vt 3.47583604 4.61314917 0
vt 2.6496129 4.61314917 0
vt 13.0486298 7.57254696 0
vt 9.97166061 7.57254696 0
vt 10.7409029 6.7456708 0
vt 9.97166061 6.7456708 0
vt 9.20241737 7.57254696 0
vt 9.20241737 6.7456708 0
vt 8.43317509 7.57254696 0
vt 7.60695219 7.57254696 0
vt 6.78072882 7.57254696 0
vt 5.95450497 7.57254696 0
vt 5.12828302 7.57254696 0
vt 4.30205917 7.57254696 0
vt 3.47583604 7.57254696 0
vt 2.6496129 7.57254696 0
vt 8.43317509 6.7456708 0
vt 7.60695219 6.7456708 0
vt 6.78072882 6.7456708 0
vt 5.95450497 6.7456708 0
vt 5.12828302 6.7456708 0
vt 4.30205917 6.7456708 0
vt 3.47583604 6.7456708 0
vt 2.6496129 6.7456708 0
vt 20.8391914 0 0
vt 20.1391926 0 0
vt 20.8391914 -1.46607697 0
vt 20.1391926 -1.46607697 0
vt 20.8391914 -2.93215299 0
vt 20.1391926 -2.93215299 0
vt 20.8391914 -4.39823008 0
vt 20.1391926 -4.39823008 0
vt 20.8391914 -5.86430597 0
vt 20.1391926 -5.86430597 0
vt 20.8391914 -7.33038282 0
vt 20.1391926 -7.33038282 0
vt 20.8391914 -8.7964592 0
vt 20.1391926 -8.7964592 0
vt 20.8391914 -10.262536 0
vt 20.1391926 -10.262536 0
vt 20.8391914 -11.7286129 0
vt 20.1391926 -11.7286129 0
vt 20.8391914 -13.1946888 0
vt 20.1391926 -13.1946888 0
vt 20.8391914 -14.6607656 0
vt 20.1391926 -14.6607656 0
vt 20.8391914 -16.1268425 0
vt 20.1391926 -16.1268425 0
vt 20.8391914 -17.5929184 0
vt 20.1391926 -17.5929184 0
vt -26.2999992 0 0
vt -0.800000012 0 0
vt -26.2999992 1.17809701 0
vt -0.800000012 1.17809701 0
vt -26.2999992 2.35619402 0
vt -0.800000012 2.35619402 0
vt -26.2999992 3.53429198 0
vt -0.800000012 3.53429198 0
vt -26.2999992 4.71238899 0
vt -0.800000012 4.71238899 0
vt -26.2999992 5.89048576 0
vt -0.800000012 5.89048576 0
vt -26.2999992 7.06858301 0
vt -0.800000012 7.06858301 0
vt -26.2999992 8.24668026 0
vt -0.800000012 8.24668026 0
vt -26.2999992 9.42477798 0
vt -0.800000012 9.42477798 0
vt -26.2999992 10.6028748 0
vt -0.800000012 10.6028748 0
vt -26.2999992 11.7809715 0
vt -0.800000012 11.7809715 0
vt -26.2999992 -11.7809715 0
vt -0.800000012 -11.7809715 0
vt -26.2999992 -10.6028748 0
vt -0.800000012 -10.6028748 0
vt -26.2999992 -9.42477798 0
vt -0.800000012 -9.42477798 0
vt -26.2999992 -8.24668026 0
vt -0.800000012 -8.24668026 0
vt -26.2999992 -7.06858301 0
vt -0.800000012 -7.06858301 0
vt -26.2999992 -5.89048576 0
vt -0.800000012 -5.89048576 0
vt -26.2999992 -4.71238899 0
vt -0.800000012 -4.71238899 0
vt -26.2999992 -3.53429198 0
vt -0.800000012 -3.53429198 0
vt -26.2999992 -2.35619402 0
vt -0.800000012 -2.35619402 0
vt -26.2999992 -1.17809701 0
vt -0.800000012 -1.17809701 0
vt -3.56646204 -1.19381404 0
vt -3.55695105 -1.19072402 0
vt -3.75 -0.0350000001 0
vt -3.74000001 -0.0350000001 0
vt -3.55695105 1.12072396 0
vt -3.02572298 -2.2333169 0
vt -3.03381395 -2.23919511 0
vt -2.19831705 -3.06072402 0
vt -2.20419502 -3.06881404 0
vt -1.15572405 -3.59195089 0
vt -1.15881395 -3.60146189 0
vt 0 -3.7750001 0
vt 0 -3.78500009 0
vt 1.15881395 -3.60146189 0
vt 1.15572405 -3.59195089 0
vt 2.20419502 -3.06881404 0
vt 2.19831705 -3.06072402 0
vt 3.03381395 -2.23919511 0
vt 3.02572298 -2.2333169 0
vt 3.56646204 -1.19381404 0
vt 3.55695105 -1.19072402 0
vt 3.74000001 -0.0350000001 0
vt 3.75 -0.0350000001 0
vt 3.55695105 1.12072396 0
vt 3.56646204 1.12381399 0
vt 3.02572298 2.16331697 0
vt 3.03381395 2.16919494 0
vt 2.19831705 2.99072409 0
vt 2.20419502 2.99881411 0
vt 1.15572405 3.52195096 0
vt 1.15881395 3.53146195 0
vt 0 3.70499992 0
vt 0 3.71499991 0
vt -1.15881395 3.53146195 0
vt -1.15572405 3.52195096 0
vt -2.20419502 2.99881411 0
vt -2.19831705 2.99072409 0
vt -3.03381395 2.16919494 0
vt -3.02572298 2.16331697 0
vt -3.56646204 1.12381399 0
vt -0.731382012 -3.71299505 0
vt 0.731382012 -3.71299505 0
vt 0.72963798 -3.70313692 0
vt 1.43123603 -3.490309 0
vt 1.43529201 -3.49946094 0
vt 2.07783294 -3.144696 0
vt 2.08345699 -3.15291691 0
vt 2.65152192 -2.68678904 0
vt 2.64457893 -2.67957902 0
vt 3.11792207 -2.11844206 0
vt 3.10969591 -2.11283302 0
vt 3.46450496 -1.47018695 0
vt 3.45530891 -1.466236 0
vt 3.67789602 -0.766583979 0
vt 3.66813707 -0.764638007 0
vt 3.75000811 -0.0350000001 0
vt 3.66813707 0.694638014 0
vt 3.67789602 0.696583986 0
vt 3.45530891 1.39623594 0
vt 3.46450496 1.40018702 0
vt 3.10969591 2.04283309 0
vt 3.11792207 2.04844189 0
vt 2.64457893 2.60957909 0
vt 2.65152192 2.61678886 0
vt 2.07783294 3.07469606 0
vt 2.08345699 3.08291698 0
vt 1.43529201 3.429461 0
vt 1.43123603 3.42031002 0
vt 0.731382012 3.64299488 0
vt 0.72963798 3.63313699 0
vt -0.731382012 3.64299488 0
vt -1.43529201 3.429461 0
vt -1.43123603 3.42031002 0
vt -0.72963798 3.63313699 0
vt -2.07783294 3.07469606 0
vt -2.08345699 3.08291698 0
vt -2.65152192 2.61678886 0
vt -2.64457893 2.60957909 0
vt -3.11792207 2.04844189 0
vt -3.10969591 2.04283309 0
vt -3.46450496 1.40018702 0
vt -3.45530891 1.39623594 0
vt -3.67789602 0.696583986 0
vt -3.66813707 0.694638014 0
vt -3.75000811 -0.0350000001 0
vt -3.66813707 -0.764638007 0
vt -3.67789602 -0.766583979 0
vt -3.45530891 -1.466236 0
vt -3.46450496 -1.47018695 0
vt -3.10969591 -2.11283302 0
vt -3.11792207 -2.11844206 0
vt -2.64457893 -2.67957902 0
vt -2.65152192 -2.68678904 0
vt -2.07783294 -3.144696 0
vt -2.08345699 -3.15291691 0
vt -1.43529201 -3.49946094 0
vt -1.43123603 -3.490309 0
vt -0.72963798 -3.70313692 0
vt -5.40918398 -1.44938707 0
vt 5.40918398 -1.44938707 0
vt -5.5999999 0 0
vt 5.5999999 0 0
vt -5.40918398 1.44938707 0
vt 5.40918398 1.44938707 0
vt -4.84974194 2.79999995 0
vt 4.84974194 2.79999995 0
vt -3.95979786 3.95979786 0
vt 3.95979786 3.95979786 0
vt -2.79999995 4.84974194 0
vt 2.79999995 4.84974194 0
vt -1.44938707 5.40918398 0
vt 1.44938707 5.40918398 0
vt 0 5.5999999 0
vt 4.84974194 -2.79999995 0
vt -4.84974194 -2.79999995 0
vt 3.95979786 -3.95979786 0
vt -3.95979786 -3.95979786 0
vt 2.79999995 -4.84974194 0
vt -2.79999995 -4.84974194 0
vt 1.44938707 -5.40918398 0
vt -1.44938707 -5.40918398 0
vt 0 -5.5999999 0
vt 20.8391914 17.5929184 0
vt 20.1391926 17.5929184 0
vt 20.8391914 16.1268425 0
vt 20.1391926 16.1268425 0
vt 20.8391914 14.6607656 0
vt 20.1391926 14.6607656 0
vt 20.8391914 13.1946888 0
vt 20.1391926 13.1946888 0
vt 20.8391914 11.7286129 0
vt 20.1391926 11.7286129 0
vt 20.8391914 10.262536 0
vt 20.1391926 10.262536 0
vt 20.8391914 8.7964592 0
vt 20.1391926 8.7964592 0
vt 20.8391914 7.33038282 0
vt 20.1391926 7.33038282 0
vt 20.8391914 5.86430597 0
vt 20.1391926 5.86430597 0
vt 20.8391914 4.39823008 0
vt 20.1391926 4.39823008 0
vt 20.8391914 2.93215299 0
vt 20.1391926 2.93215299 0
vt 20.8391914 1.46607697 0
vt 20.1391926 1.46607697 0
vt -1.15070295 -5.78671408 0
vt -0 -5.9000001 0
vt 1.15070295 -5.78671408 0
vt 2.258183 -5.45075703 0
vt 3.27796602 -4.90552616 0
vt 4.1717248 -4.17215204 0
vt 4.90552807 -3.27795196 0
vt 5.45082092 -2.25802994 0
vt 5.78655624 -1.15102601 0
vt 5.90001202 0 0
vt 5.78655624 1.15102601 0
vt 5.45082092 2.25802994 0
vt 4.90552807 3.27795196 0
vt 4.1717248 4.17215204 0
vt 3.27796602 4.90552616 0
vt 2.258183 5.45075703 0
vt 1.15070295 5.78671408 0
vt 0 5.9000001 0
vt -1.15070295 5.78671408 0
vt -2.258183 5.45075703 0
vt -3.27796602 4.90552616 0
vt -4.1717248 4.17215204 0
vt -4.90552807 3.27795196 0
vt -5.45082092 2.25802994 0
vt -5.78655624 1.15102601 0
vt -5.90001202 -0 0
vt -5.78655624 -1.15102601 0
vt -5.45082092 -2.25802994 0
vt -4.90552807 -3.27795196 0
vt -4.1717248 -4.17215204 0
vt -3.27796602 -4.90552616 0
vt -2.258183 -5.45075703 0
vt 15.4985418 9.22629833 0
vt 15.0429621 8.39942265 0
vt 15.0429621 7.57254696 0
vt 15.0429621 6.7456708 0
vt 15.8691845 6.7456708 0
vt 15.8691845 5.91879511 0
vt 16.6954079 5.91879511 0
vt 16.6954079 5.26597214 0
vt 17.5216312 5.26597214 0
vt 17.5216312 4.61314917 0
vt 18.3478546 4.61314917 0
vt 18.3478546 3.84315801 0
vt 19.174078 3.84315801 0
vt 19.174078 3.07316589 0
vt 20.0003014 3.07316589 0
vt 20.0003014 2.30657506 0
vt 20.8265247 2.30657506 0
vt 20.8265247 1.53318298 0
vt 21.6527481 1.53318298 0
vt 21.6527481 0.766591012 0
vt 22.4789715 0.766591012 0
vt 21.8806705 0 0
vt 22.7923717 0 0
vt 15.0429621 5.91879511 0
vt 15.8691845 5.26597214 0
vt 16.6954079 4.61314917 0
vt 17.5216312 3.84315801 0
vt 18.3478546 3.07316589 0
vt 19.174078 2.30657506 0
vt 20.0003014 1.53318298 0
vt 20.8265247 0.766591012 0
vt 20.9689713 0 0
vt 15.0429621 3.84315801 0
vt 15.0429621 4.61314917 0
vt 15.0429621 5.26597214 0
vt 15.8691845 4.61314917 0
vt 15.0429621 1.53318298 0
vt 15.0429621 2.30657506 0
vt 15.0429621 3.07316589 0
vt 15.8691845 2.30657506 0
vt 15.8691845 3.07316589 0
vt 16.6954079 2.30657506 0
vt 16.6954079 3.07316589 0
vt 17.5216312 2.30657506 0
vt 17.5216312 3.07316589 0
vt 18.3478546 2.30657506 0
vt 15.0429621 0.766591012 0
vt 15.4985466 0 0
vt 15.8691845 0.766591012 0
vt 16.4108047 0 0
vt 16.6954079 0.766591012 0
vt 17.3223305 0 0
vt 17.5216312 0.766591012 0
vt 18.2336559 0 0
vt 18.3478546 0.766591012 0
vt 19.1454697 0 0
vt 19.174078 0.766591012 0
vt 20.0571175 0 0
vt 20.0003014 0.766591012 0
vt 23.3051949 0.766591012 0
vt 23.7042255 0 0
vt 24.1314182 0.766591012 0
vt 24.6158733 0 0
vt 24.9576416 0.766591012 0
vt 25.5276871 0 0
vt 25.783865 0.766591012 0
vt 26.4390125 0 0
vt 26.6100883 0.766591012 0
vt 27.3505383 0 0
vt 27.4363098 0.766591012 0
vt 28.2627964 0 0
vt 28.2625332 0.766591012 0
vt 29.1742287 0 0
vt 29.1742287 1.15328693 0
vt 28.2625332 1.53318298 0
vt 29.1742287 2.30657506 0
vt 28.2625332 2.30657506 0
vt 28.2625332 3.07316589 0
vt 27.4363098 3.07316589 0
vt 27.4363098 3.84315801 0
vt 26.6100883 3.84315801 0
vt 26.6100883 4.61314917 0
vt 25.783865 4.61314917 0
vt 25.783865 5.26597214 0
vt 24.9576416 5.26597214 0
vt 24.9576416 5.91879511 0
vt 24.1314182 5.91879511 0
vt 24.1314182 6.7456708 0
vt 23.3051949 6.7456708 0
vt 23.3051949 7.57254696 0
vt 22.4789715 7.57254696 0
vt 22.4789715 8.39942265 0
vt 21.6527481 8.39942265 0
vt 21.8806705 9.22629833 0
vt 20.9689751 9.22627354 0
vt 29.1742287 3.45986199 0
vt 28.2625332 3.84315801 0
vt 27.4363098 4.61314917 0
vt 26.6100883 5.26597214 0
vt 25.783865 5.91879511 0
vt 24.9576416 6.7456708 0
vt 24.1314182 7.57254696 0
vt 23.3051949 8.39942265 0
vt 22.7923756 9.22627926 0
vt 29.1742287 4.61314917 0
vt 28.2625332 4.61314917 0
vt 27.4363098 5.26597214 0
vt 26.6100883 5.91879511 0
vt 25.783865 6.7456708 0
vt 24.9576416 7.57254696 0
vt 24.1314182 8.39942265 0
vt 23.7042236 9.22629833 0
vt 28.2625332 5.26597214 0
vt 29.1742287 5.76643705 0
vt 28.2625332 5.91879511 0
vt 28.2625332 6.7456708 0
vt 27.4363098 6.7456708 0
vt 27.4363098 7.57254696 0
vt 26.6100883 7.57254696 0
vt 26.6100883 8.39942265 0
vt 25.783865 8.39942265 0
vt 26.4390163 9.22628593 0
vt 25.5276871 9.22629833 0
vt 29.1742287 6.91972399 0
vt 28.2625332 7.57254696 0
vt 27.4363098 8.39942265 0
vt 27.3505459 9.22629833 0
vt 29.1742287 8.0730114 0
vt 28.2625332 8.39942265 0
vt 29.1742287 9.22629833 0
vt 28.2628021 9.22629833 0
vt 24.9576416 8.39942265 0
vt 24.6158772 9.22628307 0
vt 20.8265247 8.39942265 0
vt 20.0571175 9.22629833 0
vt 20.0003014 8.39942265 0
vt 19.1454735 9.22626781 0
vt 19.174078 8.39942265 0
vt 18.3478546 8.39942265 0
vt 19.174078 7.57254696 0
vt 18.3478546 7.57254696 0
vt 19.174078 6.7456708 0
vt 18.3478546 6.7456708 0
vt 19.174078 5.91879511 0
vt 18.3478546 5.91879511 0
vt 19.174078 5.26597214 0
vt 18.3478546 5.26597214 0
vt 19.174078 4.61314917 0
vt 18.2336559 9.22629833 0
vt 17.5216312 8.39942265 0
vt 17.5216312 7.57254696 0
vt 17.5216312 6.7456708 0
vt 17.5216312 5.91879511 0
vt 17.3223324 9.226264 0
vt 16.6954079 8.39942265 0
vt 16.6954079 7.57254696 0
vt 16.6954079 6.7456708 0
vt 16.4107971 9.22629833 0
vt 15.8691845 8.39942265 0
vt 15.8691845 7.57254696 0
vt 20.0003014 7.57254696 0
vt 20.0003014 6.7456708 0
vt 20.0003014 5.91879511 0
vt 20.0003014 5.26597214 0
vt 20.0003014 4.61314917 0
vt 20.0003014 3.84315801 0
vt 20.8265247 7.57254696 0
vt 20.8265247 6.7456708 0
vt 20.8265247 5.91879511 0
vt 20.8265247 5.26597214 0
vt 20.8265247 4.61314917 0
vt 20.8265247 3.84315801 0
vt 20.8265247 3.07316589 0
vt 21.6527481 7.57254696 0
vt 21.6527481 6.7456708 0
vt 21.6527481 5.91879511 0
vt 21.6527481 5.26597214 0
vt 21.6527481 4.61314917 0
vt 21.6527481 3.84315801 0
vt 21.6527481 3.07316589 0
vt 21.6527481 2.30657506 0
vt 25.783865 7.57254696 0
vt 22.4789715 6.7456708 0
vt 23.3051949 5.91879511 0
vt 24.1314182 5.26597214 0
vt 24.9576416 4.61314917 0
vt 25.783865 3.84315801 0
vt 26.6100883 3.07316589 0
vt 27.4363098 2.30657506 0
vt 22.4789715 5.91879511 0
vt 22.4789715 5.26597214 0
vt 22.4789715 4.61314917 0
vt 22.4789715 3.84315801 0
vt 22.4789715 3.07316589 0
vt 22.4789715 2.30657506 0
vt 22.4789715 1.53318298 0
vt 26.6100883 6.7456708 0
vt 27.4363098 5.91879511 0
vt 15.8691845 3.84315801 0
vt 16.6954079 3.84315801 0
vt 23.3051949 3.84315801 0
vt 23.3051949 4.61314917 0
vt 23.3051949 5.26597214 0
vt 24.1314182 3.84315801 0
vt 24.1314182 4.61314917 0
vt 23.3051949 3.07316589 0
vt 23.3051949 2.30657506 0
vt 23.3051949 1.53318298 0
vt 24.9576416 3.84315801 0
vt 24.1314182 3.07316589 0
vt 24.1314182 2.30657506 0
vt 24.1314182 1.53318298 0
vt 25.783865 3.07316589 0
vt 26.6100883 2.30657506 0
vt 27.4363098 1.53318298 0
vt 24.9576416 3.07316589 0
vt 24.9576416 2.30657506 0
vt 24.9576416 1.53318298 0
vt 15.8691845 1.53318298 0
vt 16.6954079 1.53318298 0
vt 17.5216312 1.53318298 0
vt 18.3478546 1.53318298 0
vt 19.174078 1.53318298 0
vt 25.783865 1.53318298 0
vt 25.783865 2.30657506 0
vt 26.6100883 1.53318298 0
vt -32.9151688 3.66156793 0
vt -34.1468506 3.8499999 0
vt -34.1468506 3.82999992 0
vt -35.3785362 3.66156793 0
vt -35.3721352 3.64254594 0
vt -36.4896545 3.1147151 0
vt -36.4774818 3.09853506 0
vt -37.3714409 2.26297307 0
vt -37.3546906 2.25121808 0
vt -37.9375839 1.18971503 0
vt -37.9178925 1.18353498 0
vt -38.1326637 -0 0
vt -38.1119576 -0 0
vt -37.9178925 -1.18353498 0
vt -37.9375839 -1.18971503 0
vt -37.3546906 -2.25121808 0
vt -37.3714409 -2.26297307 0
vt -36.4774818 -3.09853506 0
vt -36.4896545 -3.1147151 0
vt -35.3721352 -3.64254594 0
vt -35.3785362 -3.66156793 0
vt -34.1468506 -3.82999992 0
vt -34.1468506 -3.8499999 0
vt -32.9151688 -3.66156793 0
vt -32.921566 -3.64254594 0
vt -31.8040485 -3.1147151 0
vt -31.8162193 -3.09853506 0
vt -30.9222603 -2.26297307 0
vt -30.9390106 -2.25121808 0
vt -30.3561172 -1.18971503 0
vt -30.3758087 -1.18353498 0
vt -30.1610374 0 0
vt -30.1817436 0 0
vt -30.3758087 1.18353498 0
vt -30.3561172 1.18971503 0
vt -30.9390106 2.25121808 0
vt -30.9222603 2.26297307 0
vt -31.8162193 3.09853506 0
vt -31.8040485 3.1147151 0
vt -32.921566 3.64254594 0
vt -3.66156793 -1.18971503 0
vt -3.64254594 -1.18353498 0
vt -3.8499999 0 0
vt -3.82999992 0 0
vt -3.64254594 1.18353498 0
vt -3.09853506 -2.25121808 0
vt -3.1147151 -2.26297307 0
vt -2.25121808 -3.09853506 0
vt -2.26297307 -3.1147151 0
vt -1.18353498 -3.64254594 0
vt -1.18971503 -3.66156793 0
vt 0 -3.82999992 0
vt 0 -3.8499999 0
vt 1.18971503 -3.66156793 0
vt 1.18353498 -3.64254594 0
vt 2.26297307 -3.1147151 0
vt 2.25121808 -3.09853506 0
vt 3.1147151 -2.26297307 0
vt 3.09853506 -2.25121808 0
vt 3.66156793 -1.18971503 0
vt 3.64254594 -1.18353498 0
vt 3.82999992 0 0
vt 3.8499999 0 0
vt 3.64254594 1.18353498 0
vt 3.66156793 1.18971503 0
vt 3.09853506 2.25121808 0
vt 3.1147151 2.26297307 0
vt 2.25121808 3.09853506 0
vt 2.26297307 3.1147151 0
vt 1.18353498 3.64254594 0
vt 1.18971503 3.66156793 0
vt 0 3.82999992 0
vt 0 3.8499999 0
vt -1.18971503 3.66156793 0
vt -1.18353498 3.64254594 0
vt -2.26297307 3.1147151 0
vt -2.25121808 3.09853506 0
vt -3.1147151 2.26297307 0
vt -3.09853506 2.25121808 0
vt -3.66156793 1.18971503 0
vt -2.58819103 -12.0951319 0
vt -5.98000002 -11.2157249 0
vt -10.9099998 -12.0951319 0
vt -6.17845917 -11.192812 0
vt -10.9099998 -10.8856182 0
vt -6.35721207 -11.1353397 0
vt -6.6834898 -10.9585257 0
vt -5.78154087 -11.192812 0
vt -2.26940703 -10.8856182 0
vt -5.60278797 -11.1353397 0
vt -5.27651024 -10.9585257 0
vt -4.66273594 -10.4674788 0
vt -1.98182893 -9.6761055 0
vt -4.06522608 -9.8693428 0
vt -3.50845504 -9.21242237 0
vt -1.75360501 -8.46659184 0
vt -3.01561308 -8.5084219 0
vt -2.6011529 -7.72689104 0
vt -1.60707593 -7.25707912 0
vt -2.32569408 -6.8961401 0
vt -1.55658603 -6.04756594 0
vt -2.23000002 -6.04756594 0
vt -2.32569408 -5.19899178 0
vt -1.60707593 -4.83805275 0
vt -2.6011529 -4.36824083 0
vt -1.75360501 -3.62854004 0
vt -3.01561308 -3.58670998 0
vt -3.50845504 -2.88270998 0
vt -1.98182893 -2.4190259 0
vt -4.06522608 -2.22578907 0
vt -4.66273594 -1.627653 0
vt -2.26940703 -1.20951295 0
vt -5.27651024 -1.13660598 0
vt -5.60278797 -0.959792018 0
vt -5.78154087 -0.902319014 0
vt -5.98000002 -0.879406989 0
vt -10.9099998 -1.20951295 0
vt -6.17845917 -0.902319014 0
vt -6.35721207 -0.959792018 0
vt -6.6834898 -1.13660598 0
vt -7.2972641 -1.627653 0
vt -10.9099998 -2.4190259 0
vt -7.89477396 -2.22578907 0
vt -8.45154572 -2.88270998 0
vt -10.9099998 -3.62854004 0
vt -8.94438553 -3.58670998 0
vt -9.35884666 -4.36824083 0
vt -10.9099998 -4.83805275 0
vt -9.63430595 -5.19899178 0
vt -10.9099998 -6.04756594 0
vt -9.72999954 -6.04756594 0
vt -9.63430595 -6.8961401 0
vt -10.9099998 -7.25707912 0
vt -9.35884666 -7.72689104 0
vt -10.9099998 -8.46659184 0
vt -8.94438553 -8.5084219 0
vt -8.45154572 -9.21242237 0
vt -10.9099998 -9.6761055 0
vt -7.89477396 -9.8693428 0
vt -7.2972641 -10.4674788 0
vt -30.4282207 -11.7809715 0
vt -26.7999992 -11.7809715 0
vt -30.4059181 -11.5824203 0
vt -30.3501186 -11.403121 0
vt -30.1798344 -11.0732918 0
vt -26.7999992 -10.6028748 0
vt -29.7204018 -10.4349957 0
vt -29.1961689 -9.77137661 0
vt -26.7999992 -9.42477798 0
vt -28.6792374 -9.08246231 0
vt -26.7999992 -8.24668026 0
vt -28.210083 -8.36231327 0
vt -27.8105011 -7.57294273 0
vt -26.7999992 -7.06858301 0
vt -27.5431461 -6.73943901 0
vt -26.7999992 -5.89048576 0
vt -27.4500008 -5.89048576 0
vt -27.5431461 -5.04153299 0
vt -26.7999992 -4.71238899 0
vt -27.8105011 -4.20802879 0
vt -26.7999992 -3.53429198 0
vt -28.210083 -3.41865897 0
vt -28.6792374 -2.69850993 0
vt -26.7999992 -2.35619402 0
vt -29.1961689 -2.00959611 0
vt -26.7999992 -1.17809701 0
vt -29.7204018 -1.34597707 0
vt -30.1798344 -0.707679987 0
vt -30.3501186 -0.377851009 0
vt -30.4059181 -0.198551998 0
vt -0.5 0 0
vt -0.5 1.20323002 0
vt -0 1.20323002 0
vt -0.5 2.40646005 0
vt -0 2.40646005 0
vt -0.5 3.60968995 0
vt -0 3.60968995 0
vt -0.5 4.81292009 0
vt -0 4.81292009 0
vt -0.5 6.01615 0
vt -0 6.01615 0
vt -0.5 7.2193799 0
vt -0 7.2193799 0
vt -0.5 8.42261028 0
vt -0 8.42261028 0
vt -0.5 9.62584019 0
vt -0 9.62584019 0
vt -0.5 10.8290701 0
vt -0 10.8290701 0
vt -0.5 12.0323 0
vt -0 12.0323 0
vt -16.0480194 0 0
vt -13.9598284 0 0
vt -16.0480194 1.20323002 0
vt -13.6427011 1.20323002 0
vt -16.0480194 2.40646005 0
vt -13.356617 2.40646005 0
vt -16.0480194 3.60968995 0
vt -13.1295786 3.60968995 0
vt -16.0480194 4.81292009 0
vt -12.9838114 4.81292009 0
vt -16.0480194 6.01615 0
vt -12.9335833 6.01615 0
vt -12.9838114 7.2193799 0
vt -16.0480194 7.2193799 0
vt -13.1295786 8.42261028 0
vt -16.0480194 8.42261028 0
vt -13.356617 9.62584019 0
vt -16.0480194 9.62584019 0
vt -13.6427011 10.8290701 0
vt -16.0480194 10.8290701 0
vt -13.9598284 12.0323 0
vt -16.0480194 12.0323 0
vt 0.628319025 0 0
vt 0.785398006 0 0
vt 0.698131979 1.15722203 0
vt 0.785398006 1.15722203 0
vt 0.698131979 2.31444502 0
vt 0.785398006 2.31444502 0
vt 0.698131979 3.47166705 0
vt 0.785398006 3.47166705 0
vt 0.698131979 4.62889004 0
vt 0.785398006 4.62889004 0
vt 0.698131979 5.78611183 0
vt 0.785398006 5.78611183 0
vt 0.698131979 6.94333506 0
vt 0.785398006 6.94333506 0
vt 0.698131979 8.10055733 0
vt 0.785398006 8.10055733 0
vt 0.698131979 9.25777912 0
vt 0.785398006 9.25777912 0
vt 0.698131979 10.4150019 0
vt 0.785398006 10.4150019 0
vt 0.785398006 11.5722246 0
vt 0.628319025 11.5722246 0
vt 0.523599029 10.4150019 0
vt 0.523599029 9.25777912 0
vt 0.523599029 8.10055733 0
vt 0.523599029 6.94333506 0
vt 0.523599029 5.78611183 0
vt 0.523599029 4.62889004 0
vt 0.523599029 3.47166705 0
vt 0.523599029 2.31444502 0
vt 0.523599029 1.15722203 0
vt 0.471239001 0 0
vt 0.349065989 1.15722203 0
vt 0.314159006 0 0
vt 0.174532995 1.15722203 0
vt 0.157079995 0 0
vt -0 1.15722203 0
vt 0.471239001 11.5722246 0
vt 0.349065989 10.4150019 0
vt 0.349065989 9.25777912 0
vt 0.349065989 8.10055733 0
vt 0.349065989 6.94333506 0
vt 0.349065989 5.78611183 0
vt 0.349065989 4.62889004 0
vt 0.349065989 3.47166705 0
vt 0.349065989 2.31444502 0
vt 0.314159006 11.5722246 0
vt 0.174532995 10.4150019 0
vt 0.174532995 9.25777912 0
vt 0.174532995 8.10055733 0
vt 0.174532995 6.94333506 0
vt 0.174532995 5.78611183 0
vt 0.174532995 4.62889004 0
vt 0.174532995 3.47166705 0
vt 0.174532995 2.31444502 0
vt 0.157079995 11.5722246 0
vt -0 10.4150019 0
vt -0 9.25777912 0
vt -0 8.10055733 0
vt -0 6.94333506 0
vt -0 5.78611183 0
vt -0 4.62889004 0
vt -0 3.47166705 0
vt -0 2.31444502 0
vt -0 11.5722246 0
vt 0 1.11526501 0
vt -0.620000005 0 0
vt -0.620000005 1.11526501 0
vt -0 2.23053098 0
vt -0.620000005 2.23053098 0
vt -0 3.34579611 0
vt -0.620000005 3.34579611 0
vt -0 4.461061 0
vt -0.620000005 4.461061 0
vt -0 5.57632685 0
vt -0.620000005 5.57632685 0
vt -0 6.69159222 0
vt -0.620000005 6.69159222 0
vt -0 7.80685806 0
vt -0.620000005 7.80685806 0
vt -0 8.92212296 0
vt -0.620000005 8.92212296 0
vt -0 10.0373888 0
vt -0.620000005 10.0373888 0
vt -0.620000005 11.1526537 0
vt -0 11.1526537 0
vt -0.5 1.17495596 0
vt -0 1.17495596 0
vt -0.5 2.34991097 0
vt -0 2.34991097 0
vt -0.5 3.52486706 0
vt -0 3.52486706 0
vt -0.5 4.69982195 0
vt -0 4.69982195 0
vt -0.5 5.87477779 0
vt -0 5.87477779 0
vt -0.5 7.04973412 0
vt -0 7.04973412 0
vt -0.5 8.22468948 0
vt -0 8.22468948 0
vt -0.5 9.39964485 0
vt -0 9.39964485 0
vt -0.5 10.5746012 0
vt -0 10.5746012 0
vt -0.5 11.7495575 0
vt -0 11.7495575 0
vt -0.5 0.734346986 0
vt -0.5 1.46869504 0
vt -0.5 2.20304203 0
vt -0.5 2.9373889 0
vt -0.5 3.671736 0
vt -0.5 4.40608406 0
vt -0.5 5.14043093 0
vt -0.5 6.60912609 0
vt -0.5 7.34347296 0
vt -0.5 8.07781982 0
vt -0.5 8.81216717 0
vt -0.5 9.54651451 0
vt -0.5 10.2808619 0
vt -0.5 11.0152092 0
vt -0.5 -11.7495575 0
vt -0 -11.7495575 0
vt -0.5 -11.0152092 0
vt -0 -10.5746012 0
vt -0.5 -10.2808619 0
vt -0 -9.39964485 0
vt -0.5 -9.54651451 0
vt -0.5 -8.81216717 0
vt -0 -8.22468948 0
vt -0.5 -8.07781982 0
vt -0.5 -7.34347296 0
vt -0 -7.04973412 0
vt -0.5 -6.60912609 0
vt -0 -5.87477779 0
vt -0.5 -5.87477779 0
vt -0.5 -5.14043093 0
vt 0 -4.69982195 0
vt -0.5 -4.40608406 0
vt 0 -3.52486706 0
vt -0.5 -3.671736 0
vt -0.5 -2.9373889 0
vt 0 -2.34991097 0
vt -0.5 -2.20304203 0
vt -0.5 -1.46869504 0
vt 0 -1.17495596 0
vt -0.5 -0.734346986 0
vt -0.5 -10.5746012 0
vt -0.5 -9.39964485 0
vt -0.5 -8.22468948 0
vt -0.5 -7.04973412 0
vt -0.5 -4.69982195 0
vt -0.5 -3.52486706 0
vt -0.5 -2.34991097 0
vt -0.5 -1.17495596 0
vt -3.37625098 -1.09701002 0
vt 3.37625098 -1.09701002 0
vt -3.54999995 0 0
vt 3.54999995 0 0
vt -3.37625098 1.09701002 0
vt 3.37625098 1.09701002 0
vt -2.87200999 2.08663797 0
vt 2.87200999 2.08663797 0
vt -2.08663797 2.87200999 0
vt 2.08663797 2.87200999 0
vt -1.09701002 3.37625098 0
vt 1.09701002 3.37625098 0
vt 0 3.54999995 0
vt 2.87200999 -2.08663797 0
vt -2.87200999 -2.08663797 0
vt 2.08663797 -2.87200999 0
vt -2.08663797 -2.87200999 0
vt 1.09701002 -3.37625098 0
vt -1.09701002 -3.37625098 0
vt 0 -3.54999995 0
vt -3.16701794 -1.02902699 0
vt 3.16701794 -1.02902699 0
vt -3.32999992 0 0
vt 3.32999992 0 0
vt -3.16701794 1.02902699 0
vt 3.16701794 1.02902699 0
vt -2.69402695 1.95732498 0
vt 2.69402695 1.95732498 0
vt -1.95732498 2.69402695 0
vt 1.95732498 2.69402695 0
vt -1.02902699 3.16701794 0
vt 1.02902699 3.16701794 0
vt -0 3.32999992 0
vt 2.69402695 -1.95732498 0
vt -2.69402695 -1.95732498 0
vt 1.95732498 -2.69402695 0
vt -1.95732498 -2.69402695 0
vt 1.02902699 -3.16701794 0
vt -1.02902699 -3.16701794 0
vt -0 -3.32999992 0
vt -0.620000005 -11.1526537 0
vt -0 -11.1526537 0
vt -0.620000005 -10.0373888 0
vt -0 -10.0373888 0
vt -0 -8.92212296 0
vt -0.620000005 -8.92212296 0
vt -0 -7.80685806 0
vt -0.620000005 -7.80685806 0
vt -0 -6.69159222 0
vt -0.620000005 -6.69159222 0
vt -0 -5.57632685 0
vt -0.620000005 -5.57632685 0
vt -0 -4.461061 0
vt -0.620000005 -4.461061 0
vt -0 -3.34579611 0
vt -0.620000005 -3.34579611 0
vt -0 -2.23053098 0
vt -0.620000005 -2.23053098 0
vt -0 -1.11526501 0
vt -0.620000005 -1.11526501 0
vt -0 -11.5722246 0
vt 0.157079995 -11.5722246 0
vt -0 -10.4150019 0
vt 0.174532995 -10.4150019 0
vt -0 -9.25777912 0
vt 0.174532995 -9.25777912 0
vt -0 -8.10055733 0
vt 0.174532995 -8.10055733 0
vt -0 -6.94333506 0
vt 0.174532995 -6.94333506 0
vt -0 -5.78611183 0
vt 0.174532995 -5.78611183 0
vt -0 -4.62889004 0
vt 0.174532995 -4.62889004 0
vt -0 -3.47166705 0
vt 0.174532995 -3.47166705 0
vt -0 -2.31444502 0
vt 0.174532995 -2.31444502 0
vt -0 -1.15722203 0
vt 0.174532995 -1.15722203 0
vt 0.349065989 -1.15722203 0
vt 0.523599029 -1.15722203 0
vt 0.698131979 -1.15722203 0
vt 0.785398006 -1.15722203 0
vt 0.785398006 -2.31444502 0
vt 0.698131979 -2.31444502 0
vt 0.785398006 -3.47166705 0
vt 0.698131979 -3.47166705 0
vt 0.785398006 -4.62889004 0
vt 0.698131979 -4.62889004 0
vt 0.785398006 -5.78611183 0
vt 0.698131979 -5.78611183 0
vt 0.785398006 -6.94333506 0
vt 0.698131979 -6.94333506 0
vt 0.785398006 -8.10055733 0
vt 0.698131979 -8.10055733 0
vt 0.785398006 -9.25777912 0
vt 0.698131979 -9.25777912 0
vt 0.785398006 -10.4150019 0
vt 0.698131979 -10.4150019 0
vt 0.785398006 -11.5722246 0
vt 0.628319025 -11.5722246 0
vt 0.523599029 -10.4150019 0
vt 0.471239001 -11.5722246 0
vt 0.349065989 -10.4150019 0
vt 0.314159006 -11.5722246 0
vt 0.523599029 -9.25777912 0
vt 0.523599029 -8.10055733 0
vt 0.523599029 -6.94333506 0
vt 0.523599029 -5.78611183 0
vt 0.523599029 -4.62889004 0
vt 0.523599029 -3.47166705 0
vt 0.523599029 -2.31444502 0
vt 0.349065989 -9.25777912 0
vt 0.349065989 -8.10055733 0
vt 0.349065989 -6.94333506 0
vt 0.349065989 -5.78611183 0
vt 0.349065989 -4.62889004 0
vt 0.349065989 -3.47166705 0
vt 0.349065989 -2.31444502 0
vt -13.9598284 -12.0323 0
vt -14.2769556 -10.8290701 0
vt -16.0480194 -12.0323 0
vt -16.0480194 -10.8290701 0
vt -14.5630407 -9.62584019 0
vt -16.0480194 -9.62584019 0
vt -14.7900782 -8.42261028 0
vt -16.0480194 -8.42261028 0
vt -14.9358463 -7.2193799 0
vt -16.0480194 -7.2193799 0
vt -14.9860744 -6.01615 0
vt -16.0480194 -6.01615 0
vt -16.0480194 -4.81292009 0
vt -14.9358463 -4.81292009 0
vt -16.0480194 -3.60968995 0
vt -14.7900782 -3.60968995 0
vt -16.0480194 -2.40646005 0
vt -14.5630407 -2.40646005 0
vt -16.0480194 -1.20323002 0
vt -14.2769556 -1.20323002 0
vt -0.5 -12.0323 0
vt -0 -12.0323 0
vt -0.5 -10.8290701 0
vt -0 -10.8290701 0
vt -0.5 -9.62584019 0
vt -0 -9.62584019 0
vt -0.5 -8.42261028 0
vt -0 -8.42261028 0
vt -0.5 -7.2193799 0
vt -0 -7.2193799 0
vt -0.5 -6.01615 0
vt -0 -6.01615 0
vt -0.5 -4.81292009 0
vt -0 -4.81292009 0
vt -0.5 -3.60968995 0
vt -0 -3.60968995 0
vt -0.5 -2.40646005 0
vt -0 -2.40646005 0
vt -0.5 -1.20323002 0
vt -0 -1.20323002 0

# 697 vertex normals
vn 0 -30.9016991 95.1056519
vn 0 -18.7596607 98.224617
vn 0 0 100
vn 0 -10.0589857 99.4927979
vn 0 -5.29224491 99.8598633
vn 0 -58.7785263 80.9017029
vn 0 -51.0608406 85.9813385
vn 0 -35.1269951 93.6274261
vn 0 -65.9085999 75.2067566
vn 0 -80.9017029 58.7785263
vn 0 -79.0510635 61.2448273
vn 0 -90.1031265 43.3754158
vn 0 -95.1056519 30.9016991
vn 0 -97.4483643 22.4458637
vn 0 -100 0
vn 0 -97.4483643 -22.4458637
vn 0 -95.1056519 -30.9016991
vn 0 -90.1031265 -43.3754158
vn 0 -80.9017029 -58.7785263
vn 0 -79.0510635 -61.2448273
vn 0 -65.9085999 -75.2067566
vn 0 -58.7785263 -80.9017029
vn 0 -51.0608406 -85.9813385
vn 0 -30.9016991 -95.1056519
vn 0 -35.1269951 -93.6274261
vn 0 -18.7596607 -98.224617
vn 0 0 -100
vn 0 -10.0589857 -99.4927979
vn 0 -5.29224491 -99.8598633
vn 30.9016991 0 -95.1056519
vn 58.7785263 0 -80.9017029
vn 80.9017029 0 -58.7785263
vn 95.1056519 0 -30.9016991
vn 100 0 0
vn 95.1056519 0 30.9016991
vn 80.9017029 0 58.7785263
vn 58.7785263 0 80.9017029
vn 30.9016991 0 95.1056519
vn 8.01934719 97.7638855 -19.4399605
vn 2.40734506 98.0839615 -19.3323784
vn 7.81844282 99.6938934 0
vn -3.20960999 98.0786057 -19.2428055
vn -9.40798569 99.5564651 0
vn -8.85885525 97.7442322 -19.1725445
vn -14.3828344 97.0956573 -19.119833
vn -12.4131889 91.9870224 -37.2061806
vn -25.454113 94.8110123 -19.0514965
vn -22.9049625 90.0476913 -36.9699364
vn -36.094593 91.2984924 -19.0201244
vn -33.0103912 86.9094772 -36.838253
vn -46.2796211 86.5843124 -19.0092945
vn -42.6974182 82.6090393 -36.7787552
vn -55.9327507 80.684639 -19.0135841
vn -51.8858376 77.169281 -36.7799187
vn -63.5485039 74.8329163 -19.0163555
vn -59.144165 71.7457123 -36.8038101
vn -70.4926758 68.3331985 -19.0093784
vn -65.7750473 65.7053986 -36.8299332
vn -78.3528595 59.1627769 -18.9893589
vn -73.3025589 57.1616707 -36.8683968
vn -85.035408 49.0911636 -18.9482594
vn -79.7405548 47.7527122 -36.8933907
vn -90.4410782 38.2602081 -18.883007
vn -84.9971924 37.6078529 -36.8934555
vn -94.4863052 26.82061 -18.7880955
vn -88.989563 26.8632774 -36.8676262
vn -77.2123489 36.5873947 -51.9578285
vn -80.103775 26.8006287 -53.5267372
vn -66.968895 35.1445007 -65.4219513
vn -68.1733856 26.5654488 -68.1664658
vn -54.5529556 33.2896957 -76.9140472
vn -53.6291313 26.128727 -80.2571259
vn -40.3008194 31.0566978 -86.0890579
vn -37.0071793 25.4922276 -89.3342896
vn -24.6134052 28.5016556 -92.6381989
vn -18.9057617 24.6787128 -95.044899
vn -7.96012592 25.6977692 -96.3133469
vn 0 23.7139511 -97.1475601
vn 9.12990856 22.7242813 -96.954895
vn 19.0043182 22.6016388 -95.5405731
vn 26.0922794 19.647459 -94.5154495
vn 37.3944855 21.286541 -90.2692413
vn 41.2719803 16.7138023 -89.5392227
vn 54.4811821 19.6031494 -81.5323105
vn 55.4178047 13.6755037 -82.108757
vn 68.1527786 10.3996992 -72.4364929
vn 69.0186539 2.632025 -72.3152695
vn 79.4660797 -2.07658505 -60.669838
vn 78.8647232 -10.9927931 -60.4939194
vn 86.613739 -16.41535 -47.2080078
vn 84.4393539 -25.7188797 -46.9950485
vn 89.4687653 -30.7650604 -32.3859673
vn 86.8034821 -37.7784462 -32.2171478
vn 89.562645 -41.2896042 -16.5439301
vn 86.3386078 -47.7068863 -16.4224682
vn 87.2506027 -48.8603363 0
vn 81.9515533 -54.962307 -16.2199936
vn 76.956665 -61.831562 -15.9539757
vn 79.1352844 -52.3070183 -31.6477966
vn 73.9929962 -59.5821724 -31.2250023
vn 74.7389297 -47.8826866 -46.0580063
vn 69.69841 -55.3595772 -45.5790367
vn 68.9331207 -41.6978378 -59.2411613
vn 64.3532639 -49.0431786 -58.7658386
vn 61.8154449 -33.8300247 -70.9533691
vn 58.0325737 -40.7367973 -70.5176086
vn 53.4680519 -24.4190197 -80.9004211
vn 50.7520828 -30.640213 -80.5320053
vn 44.0143547 -13.6787748 -88.7447357
vn 42.5637627 -19.0194454 -88.4680023
vn 33.6551437 -1.908728 -94.1471634
vn 33.5999222 -6.21632719 -93.9808655
vn 21.8688812 11.4129009 -96.9097366
vn 23.3792267 8.33737183 -96.8705292
vn 9.86999321 24.861618 -96.3560257
vn 12.9374046 23.0885487 -96.4341354
vn -1.82134402 37.843956 -92.5446777
vn 2.72745991 37.3794708 -92.7110367
vn -12.7275257 49.8507614 -85.7491226
vn -6.82137489 50.6366882 -85.961586
vn -22.4754086 60.513298 -76.3740616
vn -15.3645554 62.435833 -76.5878372
vn -30.8135395 69.6051483 -64.850975
vn -22.6647091 72.508873 -65.0290222
vn -37.588604 77.0005264 -51.5559502
vn -28.5769329 80.702652 -51.6763039
vn 3.43612909 92.5067062 -37.8246193
vn 8.71030426 92.0342407 -38.1291122
vn 5.03691387 84.4612198 -53.300396
vn 9.97637367 82.7306137 -55.2821617
vn 7.27500916 73.8081055 -67.0778503
vn 11.8345985 70.2172089 -70.2102966
vn 10.1006393 60.8565903 -78.7048416
vn 14.2321854 54.9935837 -82.2991562
vn 13.4156313 46.0057678 -87.7695312
vn 17.050972 37.7111359 -91.033699
vn 17.0811329 29.7536354 -93.9305954
vn 20.1334724 19.1096573 -96.0700989
vn 20.9343853 12.6815987 -96.9583893
vn 23.3092117 0 -97.2454681
vn 24.8135605 -4.57950974 -96.7642288
vn 26.4384823 -18.8149662 -94.5886002
vn 28.5886078 -21.3956738 -93.4072647
vn 29.4581738 -36.5733337 -88.2870712
vn 31.9519539 -36.1247482 -87.601799
vn 32.437912 -52.5549088 -78.6496277
vn 35.1954041 -49.5031624 -79.4400406
vn 38.4465523 -61.1225281 -69.180191
vn 37.9767303 -47.2100563 -79.5548782
vn 41.8182297 -58.6898003 -69.3306808
vn 45.0174484 -56.0648117 -69.4993973
vn 49.3229027 -65.2236176 -57.5597992
vn 52.7202682 -62.2938385 -57.7931747
vn 57.2640648 -68.854187 -44.4963799
vn 58.9812508 -55.9003754 -58.2782974
vn 63.9051094 -62.3371925 -45.057869
vn 35.6528664 -66.0671387 -66.0606308
vn 41.9467583 -70.5568771 -57.1156464
vn 45.7222137 -67.9885178 -57.3327217
vn 53.6910782 -71.8544998 -44.2063179
vn 61.6151009 -72.7590408 -30.1612568
vn 68.1810684 -66.3839493 -30.7329235
vn 39.6099815 -76.3447418 -51.0149994
vn 45.9874725 -77.3550415 -43.6044731
vn 49.9247856 -74.6965714 -43.9082947
vn 58.1100731 -75.7120743 -29.8479633
vn 65.1806564 -74.2955551 -15.2201214
vn 71.388176 -68.2611847 -15.6249542
vn 44.7943497 -82.5982361 -34.2198448
vn 50.6045914 -81.1733856 -29.1557369
vn 54.4349251 -78.5228271 -29.5127945
vn 61.893486 -77.1007156 -14.9892082
vn 72.6570358 -68.7092056 0
vn 50.4840508 -84.6637039 -16.8350391
vn 54.9110718 -82.3146667 -14.4592476
vn 58.4672737 -79.7773666 -14.7360048
vn 53.325367 -84.5955353 0
vn 96.5484924 -26.0458927 0
vn 92.3160477 -34.661705 -16.6226997
vn 92.0548553 -21.6452942 -32.5174522
vn 87.8009491 -7.09289503 -47.335865
vn 79.1333847 6.653234 -60.7753372
vn 69.6591034 17.2105427 -69.6520386
vn 99.9920349 -1.26220596 0
vn 97.1087341 -17.1093006 -16.6483097
vn 95.1120834 -25.9999046 -16.6642475
vn 98.2860184 -8.04980087 -16.5849094
vn 98.0611725 1.94869804 -19.4989395
vn 94.5059357 -3.07890391 -32.5445518
vn 92.0744705 8.19748211 -38.1456795
vn 88.032341 2.16083908 -47.3881607
vn 82.376709 13.5668526 -55.0456047
vn -96.3482208 26.7772255 0
vn -90.3228073 42.9160919 0
vn -81.6382523 57.7511597 0
vn -70.554512 70.8665009 0
vn -57.3462334 81.9231949 0
vn -42.4364433 90.5491486 0
vn -26.31954 96.4742584 0
vn 34.0033646 -33.9534531 -87.6979675
vn 40.5888901 -44.748127 -79.6878128
vn 48.0126762 -53.2839661 -69.6821518
vn 53.4637756 -47.2180634 -70.0862274
vn 29.8076782 -19.3258896 -93.4773331
vn 35.887764 -31.6555882 -87.8065567
vn 43.0019112 -42.1570511 -79.8349457
vn 47.2962799 -36.5527916 -80.1682968
vn 25.0644474 -2.61343813 -96.7726364
vn 30.861002 -17.1883621 -93.5529709
vn 37.5818138 -29.2727585 -87.9244766
vn 40.4548607 -24.2181358 -88.1866531
vn 20.1842098 14.5175276 -96.8598938
vn 25.1520653 -0.656108022 -96.7829666
vn 31.7369213 -15.0252752 -93.632309
vn 32.9994202 -10.5869999 -93.802742
vn 15.3431978 31.4008217 -93.694046
vn 19.277401 16.2626286 -96.7672882
vn 25.0822163 1.25156093 -96.7952271
vn 24.4932194 4.95722198 -96.8272095
vn 10.7460604 47.3903694 -87.3995132
vn 13.461751 32.879467 -93.4757843
vn 18.2407856 17.8798389 -96.6829071
vn 15.7727146 20.7755299 -96.5380707
vn 6.58990097 61.9167213 -78.2489166
vn 7.95284891 48.5422859 -87.0654831
vn 11.4861403 34.1593208 -93.2802734
vn 7.20717287 36.172348 -92.9495468
vn 3.03735399 74.5198441 -66.6150665
vn 2.97992897 62.6990166 -77.8457031
vn 5.10738182 49.4404716 -86.7730026
vn -0.837334991 50.525177 -86.2931366
vn 0.201739997 84.8523865 -52.9153328
vn -1.27453601 74.9274063 -66.2137375
vn -0.637589991 63.1926346 -77.5002213
vn -8.05369663 63.3544731 -76.9503021
vn -1.85570502 92.6530304 -37.5762291
vn -4.68637085 84.9266052 -52.5881119
vn -5.550704 75.0294342 -65.8769608
vn -14.2205505 74.3392563 -65.3563385
vn -19.1985416 83.2830048 -51.9168282
vn -9.50082493 84.6900787 -52.3194542
vn -7.18616199 92.4759827 -37.370472
vn 82.0381241 -32.9132919 -46.7596169
vn 83.5929565 -44.5956116 -31.9913807
vn 79.0303879 -39.9339828 -46.4701538
vn 75.3188477 -27.0155163 -59.9769402
vn 72.7415009 -33.8910866 -59.6663094
vn 77.2719421 -20.0026588 -60.2406883
vn 68.153717 -13.6640234 -71.8913422
vn 66.7990952 -20.1384525 -71.6402359
vn 57.320797 -6.6664629 -81.6693573
vn 56.6720047 -12.3033485 -81.4672394
vn 45.0547867 0.959820986 -89.2700653
vn 45.177475 -3.60400105 -89.1403809
vn 31.6982117 9.09156322 -94.406395
vn 32.6229858 5.77352905 -94.3525696
vn 16.6265068 18.1358223 -96.9260101
vn 18.4163513 16.2719765 -96.9332809
vn 1.388942 27.1686478 -96.2285614
vn 4.02751398 26.7947578 -96.2591324
vn -13.4088583 35.8412094 -92.3883667
vn -9.94966888 36.9114685 -92.4042587
vn -27.2259827 43.8490181 -85.6505051
vn -22.9843121 46.2522507 -85.6297302
vn -39.635334 50.9638863 -76.365715
vn -34.6633568 54.5464211 -76.3095016
vn -50.3313637 57.0359879 -64.9126282
vn -44.7012177 61.6229324 -64.8414612
vn -59.1014748 61.9728966 -51.6369629
vn -52.9096947 67.3812027 -51.5784683
vn 64.8512344 -26.5285378 -71.3481216
vn 55.5042152 -17.9234238 -81.2282791
vn 44.89048 -8.22838974 -88.978302
vn 33.2729607 2.31351399 -94.2738419
vn 20.0917625 14.1806259 -96.9290009
vn 6.71306896 26.1147137 -96.2961884
vn -6.29469919 37.6060829 -92.4454422
vn -18.4194965 48.219326 -85.6482239
vn -29.2648907 57.6397247 -76.2969742
vn -38.5626259 65.6732254 -64.8070297
vn -46.1438332 72.2101212 -51.5407143
vn 93.7329788 -12.3920336 -32.5663338
vn 56.7704277 7.22716284 -82.0054092
vn 69.0443878 -5.41769314 -72.135437
vn 57.4335938 0.424165994 -81.8608704
vn 43.0623245 11.8550243 -89.4711914
vn 44.3526154 6.59006119 -89.3835373
vn 28.2768612 16.5654125 -94.4775467
vn 11.7053423 21.6658249 -96.9204636
vn -5.00212622 26.6884499 -96.2429504
vn -21.2564926 31.4815254 -92.5044632
vn -36.5185242 35.8962631 -85.8944473
vn -50.3311424 39.8081169 -76.6947861
vn -62.3267517 43.125 -65.2350388
vn -72.212616 45.7858925 -51.8554688
vn 30.1729374 13.043087 -94.442955
vn 14.2279205 20.1432533 -96.911377
vn -1.86594105 27.195013 -96.2130432
vn -17.5043678 33.9517441 -92.4168625
vn -32.1432877 40.1895218 -85.741539
vn -45.3396606 45.732563 -76.5039062
vn -56.7583084 50.4583588 -65.0572739
vn -66.1487808 54.2871284 -51.7421074
vn 25.8819046 0 96.5925827
vn 50 0 86.6025391
vn 70.7106781 0 70.7106781
vn 86.6025391 0 50
vn 96.5925827 0 25.8819046
vn 96.5925827 0 -25.8819046
vn 86.6025391 0 -50
vn 70.7106781 0 -70.7106781
vn 50 0 -86.6025391
vn 25.8819046 0 -96.5925827
vn 0 30.9016991 -95.1056519
vn 0 58.7785263 -80.9017029
vn 0 80.9017029 -58.7785263
vn 0 95.1056519 -30.9016991
vn 0 100 0
vn 0 95.1056519 30.9016991
vn 0 80.9017029 58.7785263
vn 0 58.7785263 80.9017029
vn 0 30.9016991 95.1056519
vn -100 0 0
vn -25.8819046 -0 -96.5925827
vn -50 -0 -86.6025391
vn -70.7106781 -0 -70.7106781
vn -86.6025391 -0 -50
vn -96.5925827 -0 -25.8819046
vn -96.5925827 0 25.8819046
vn -86.6025391 0 50
vn -70.7106781 0 70.7106781
vn -50 0 86.6025391
vn -25.8819046 0 96.5925827
vn 98.0611725 1.94869804 19.4989395
vn 99.0607452 -9.45587444 9.87700939
vn 97.7880478 -18.4092484 9.92958832
vn 95.7236786 -27.1651917 9.95135021
vn 93.3321915 -23.2549896 27.3552227
vn 90.6541061 -32.2335243 27.2549686
vn 85.9525909 -27.0960522 43.3353882
vn 83.4647751 -34.2759781 43.1136665
vn 76.7034378 -28.1796856 57.6410294
vn 74.0302658 -35.1091728 57.3311882
vn 65.8030777 -27.4103451 70.1329269
vn 62.6689415 -34.7840347 69.7328796
vn 53.7984657 -24.7941437 80.5665894
vn 51.0388489 -31.0445251 80.1952209
vn 42.2440567 -18.5627155 88.7178955
vn 40.1887283 -23.7325974 88.4399796
vn 32.139183 -9.01189423 94.2648315
vn 31.0639935 -13.3778381 94.1066513
vn 24.3792095 2.96570897 96.9373932
vn 24.5635147 -0.851117015 96.9324951
vn 19.6785145 16.2841854 96.6828918
vn 23.3092117 0 97.2454681
vn 20.1334724 19.1096573 96.0700989
vn 92.8931961 -35.6671066 9.93535519
vn 87.9428101 -39.1262016 27.1146126
vn 80.3828201 -41.275238 42.8363914
vn 70.1092224 -42.9712715 56.9048958
vn 58.7828026 -41.7528381 69.2912903
vn 47.5370407 -36.9810143 79.8287811
vn 37.3725624 -28.7655106 88.1807098
vn 29.3272991 -17.6352692 93.962265
vn 26.4384823 -18.8149662 94.5886002
vn 82.5895767 -55.5423203 9.69599438
vn 86.9298706 -48.4432983 9.8205843
vn 90.1357956 -42.1625481 9.89230347
vn 84.7120361 -45.817215 26.9193935
vn 66.1194992 -74.4734955 9.05041027
vn 72.1936417 -68.5659714 9.31588364
vn 77.6641388 -62.2695694 9.52798271
vn 69.4051514 -67.2207031 25.7740612
vn 75.1510162 -60.5334358 26.2302914
vn 65.0844574 -63.6126213 41.4421005
vn 70.9190979 -56.6523399 41.9641991
vn 59.9367828 -57.266613 55.9295692
vn 65.4172363 -50.3658752 56.4257393
vn 54.107975 -48.2864685 68.8530579
vn 59.5739708 -79.8420792 8.72838116
vn 50.4840508 -84.6637039 16.8350391
vn 55.9057083 -79.1776428 24.605957
vn 44.7943497 -82.5982361 34.2198448
vn 51.0780296 -75.9655151 40.252636
vn 39.6099815 -76.3447418 51.0149994
vn 46.4724312 -69.4361496 54.9448318
vn 35.6528664 -66.0671387 66.0606308
vn 42.2444534 -59.8387756 68.0788269
vn 32.437912 -52.5549088 78.6496277
vn 38.1203957 -47.6707497 79.210701
vn 29.4581738 -36.5733337 88.2870712
vn 33.8521729 -33.4323044 87.9563065
vn 14.853178 33.1038284 93.1854019
vn 17.050972 37.7111359 91.033699
vn 10.292901 48.9672127 86.5809937
vn 14.2321854 54.9935837 82.2991562
vn 6.192276 63.3149986 77.1548233
vn 11.8345985 70.2172089 70.2102966
vn 2.70935488 75.6988373 65.286644
vn 9.97637367 82.7306137 55.2821617
vn -0.0479150005 85.7815704 51.3957214
vn 8.71030426 92.0342407 38.1291122
vn -2.02348995 93.3085251 35.9085693
vn 8.01934719 97.7638855 19.4399605
vn -3.20960999 98.0786057 19.2428055
vn -14.3828344 97.0956573 19.119833
vn -25.454113 94.8110123 19.0514965
vn -36.094593 91.2984924 19.0201244
vn -33.3822556 87.4346542 35.225071
vn -43.1277161 83.0841522 35.1713486
vn -38.1964264 77.665802 50.0904808
vn -46.8256416 72.798317 50.0775833
vn -39.4286537 66.4201508 63.5117683
vn -45.6377106 62.2809601 63.5474739
vn -35.7807541 55.3361931 75.217308
vn -40.8244591 51.6415176 75.2762756
vn -28.5792694 44.6281204 84.8030472
vn -33.5798264 40.7964096 84.9002228
vn -19.0710278 34.622963 91.8561172
vn -22.8871784 31.9568729 91.9507217
vn -6.71187305 27.1963673 95.9963989
vn -9.70993614 25.9961109 96.0724716
vn 7.35974121 23.0369987 97.031601
vn 0 23.7139511 97.1475601
vn 19.0043182 22.6016388 95.5405731
vn -46.2796211 86.5843124 19.0092945
vn -52.3708725 77.5894547 35.1734047
vn -53.6491623 67.8991776 50.1145592
vn -51.3308601 57.6004791 63.6186104
vn -46.6070137 46.2602882 75.4173203
vn -38.0193825 36.3250923 85.0588837
vn -26.2867413 28.7779236 92.0914688
vn -18.9057617 24.6787128 95.044899
vn -55.9327507 80.684639 19.0135841
vn -59.6715927 72.1151733 35.1952095
vn -59.8925552 62.4165077 50.1703224
vn -57.8273773 50.8970146 63.7611809
vn -51.6605682 40.1795311 75.6094589
vn -41.8467674 31.3030052 85.258255
vn -37.0071793 25.4922276 89.3342896
vn -63.5485039 74.8329163 19.0163555
vn -70.4926758 68.3331985 19.0093784
vn -78.3528595 59.1627769 18.9893589
vn -73.9080582 57.4031754 35.2487488
vn -80.3768463 47.916111 35.2648468
vn -73.1055527 46.0223579 50.3738136
vn -78.1371078 36.7127495 50.4655037
vn -68.1343384 35.3131523 64.1146927
vn -80.103775 26.8006287 53.5267372
vn -68.1733856 26.5654488 68.1664658
vn -85.035408 49.0911636 18.9482594
vn -85.6535645 37.6900291 35.2551994
vn -88.989563 26.8632774 36.8676262
vn -90.4410782 38.2602081 18.883007
vn -94.4863052 26.82061 18.7880955
vn -55.9273529 33.4994431 75.8282166
vn -53.6291313 26.128727 80.2571259
vn 24.3601017 19.9693985 94.9094772
vn 37.3944855 21.286541 90.2692413
vn 40.7245407 16.8244038 89.7688751
vn 54.4811821 19.6031494 81.5323105
vn 55.9181862 13.5588188 81.7882309
vn 69.4660568 10.011591 71.2336655
vn 57.2535553 7.05612183 81.6837921
vn 70.2748032 2.11770892 71.1123581
vn 57.8930626 0.201083004 81.5374298
vn 70.2298355 -6.048738 70.9308319
vn 57.7504387 -6.93842697 81.3433762
vn 69.2565765 -14.4009104 70.6833801
vn 57.073967 -12.6109934 81.1389236
vn 67.8293076 -20.9511356 70.4289322
vn 55.8750687 -18.2640209 80.8974838
vn 69.6591034 17.2105427 69.6520386
vn 80.9465332 5.88626909 58.4209747
vn 81.1764984 -2.97552896 58.322567
vn 80.4626236 -12.0035028 58.1522369
vn 78.7518921 -21.1049423 57.9026871
vn 82.376709 13.5668526 55.0456047
vn 89.9545441 0.861917019 43.6742096
vn 89.5775223 -8.44993877 43.6401863
vn 88.2515182 -17.7974606 43.5306778
vn 92.0744705 8.19748211 38.1456795
vn 96.0685349 -4.85962582 27.3353348
vn 95.1389618 -14.1075268 27.3780079
vn 42.5302811 12.0287352 89.7022018
vn 43.8435173 6.82532501 89.616745
vn 44.5762863 1.25401497 89.5063248
vn 44.7284279 -3.26627493 89.3795242
vn 44.4754982 -7.85012484 89.2205429
vn 43.6447258 -13.2578754 88.9908218
vn 26.5863247 17.092762 94.8736267
vn 28.5482635 13.7729044 94.8435745
vn 30.1646137 10.0175362 94.8142624
vn 31.179142 6.8457408 94.7681198
vn 31.9349613 3.52292395 94.6981888
vn 32.460453 -0.55409199 94.5833588
vn 32.5653305 -4.73925114 94.4300766
vn 9.97458839 22.1907063 96.9952621
vn 12.5608654 20.878233 96.9862061
vn 15.0487013 19.0757141 97.0033722
vn 16.9272423 17.3656864 97.0149536
vn 18.7082424 15.4196482 97.0166779
vn 20.6295757 12.8071556 97.0072021
vn 22.3024845 9.86406803 96.9809189
vn 23.595583 6.5912509 96.9525833
vn -63.4515686 43.4313889 63.9344406
vn -3.51243591 27.9102669 95.9618683
vn -14.8896856 36.703125 91.8214493
vn -24.259491 47.1608276 84.7781448
vn -30.3011684 58.5364952 75.2018509
vn -31.5887852 70.4503174 63.5523491
vn -29.1058273 81.4393997 50.2043304
vn -23.214035 90.6189804 35.3455696
vn -0.170073003 28.0864162 95.9746017
vn 2.55468202 27.8651199 96.0052567
vn 5.34257317 27.3300571 96.0443878
vn 8.63905525 26.2334805 96.1102066
vn 11.8639336 24.5964661 96.1990662
vn 14.8738976 22.3966885 96.3179932
vn 17.5336552 19.589119 96.4823151
vn -66.996727 54.6300392 50.2692528
vn -66.3400116 66.0206833 35.2175026
vn 80.2605209 -53.3848419 26.6140385
vn 76.0188522 -49.1968651 42.4358635
vn -2.99166894 39.1362953 91.9749985
vn -7.59583378 38.7488594 91.8739853
vn -11.3477716 37.9171371 91.8341904
vn -13.7935486 51.0190773 84.8928223
vn -19.6047859 49.2515793 84.7934799
vn 1.703655 38.8047218 92.148201
vn 6.34602404 37.7121811 92.3986969
vn 10.8047857 35.7936516 92.7473526
vn -23.4058762 61.5283623 75.2756653
vn -7.75558186 51.9285316 85.1074524
vn -1.62587094 51.9274292 85.4452972
vn 4.48039913 50.9393578 85.9366531
vn -23.3424377 73.4454651 63.7251472
vn -19.642313 84.0868301 50.4339561
vn -12.6539993 92.6017609 35.5638885
vn -16.1798725 63.5600853 75.4872665
vn -8.7427845 64.579277 75.8490677
vn -1.18680596 64.5099182 76.4006729
vn 62.9444122 -73.4936218 25.2326813
vn 58.4216766 -70.1193161 40.8679466
vn 53.5710297 -63.7007065 55.4289169
vn 48.5480995 -54.3965149 68.4404984
vn 43.1944771 -42.6041603 79.4929123
vn -6.00560999 76.1331253 64.5575714
vn -14.7923374 75.3615341 64.0454941
vn -9.85131836 85.5582581 50.8206291
vn 25.8819046 96.5925827 0
vn -22.643631 0 97.4025955
vn -23.2228966 0 97.2661133
vn -30.9016991 0 95.1056519
vn -24.6722469 0 96.9086151
vn -29.0952644 0 95.6737442
vn -41.0285301 0 91.1957245
vn -58.7785263 0 80.9017029
vn -54.6456337 0 83.748764
vn -68.0727844 0 73.2536469
vn -80.9017029 0 58.7785263
vn -80.258316 0 59.654026
vn -90.6368637 0 42.2487793
vn -95.1056519 0 30.9016991
vn -97.5808182 0 21.8628521
vn -97.5808182 -0 -21.8628521
vn -95.1056519 -0 -30.9016991
vn -90.6368637 -0 -42.2487793
vn -80.9017029 -0 -58.7785263
vn -80.258316 -0 -59.654026
vn -68.0727844 -0 -73.2536469
vn -58.7785263 -0 -80.9017029
vn -54.6456337 -0 -83.748764
vn -41.0285301 -0 -91.1957245
vn -30.9016991 -0 -95.1056519
vn -29.0952644 -0 -95.6737442
vn -24.6722469 -0 -96.9086151
vn -23.2228966 -0 -97.2661133
vn -22.643631 -0 -97.4025955
vn 0 5.29224491 -99.8598633
vn 0 10.0589857 -99.4927979
vn 0 18.7596607 -98.224617
vn 0 35.1269951 -93.6274261
vn 0 51.0608406 -85.9813385
vn 0 65.9085999 -75.2067566
vn 0 79.0510635 -61.2448273
vn 0 90.1031265 -43.3754158
vn 0 97.4483643 -22.4458637
vn 0 97.4483643 22.4458637
vn 0 90.1031265 43.3754158
vn 0 79.0510635 61.2448273
vn 0 65.9085999 75.2067566
vn 0 51.0608406 85.9813385
vn 0 35.1269951 93.6274261
vn 0 18.7596607 98.224617
vn 0 10.0589857 99.4927979
vn 0 5.29224491 99.8598633
vn 5.36602402 98.4807739 -16.5149231
vn 10.2067842 98.4807739 -14.0484324
vn 14.0484324 98.4807739 -10.2067842
vn 16.5149231 98.4807739 -5.36602402
vn 17.3648186 98.4807739 0
vn 16.5149231 98.4807739 5.36602402
vn 14.0484324 98.4807739 10.2067842
vn 10.2067842 98.4807739 14.0484324
vn 5.36602402 98.4807739 16.5149231
vn 15.4508495 86.6025391 47.5528259
vn 29.3892632 86.6025391 40.4508514
vn 40.4508514 86.6025391 29.3892632
vn 47.5528259 86.6025391 15.4508495
vn 50 86.6025391 0
vn 47.5528259 86.6025391 -15.4508495
vn 40.4508514 86.6025391 -29.3892632
vn 29.3892632 86.6025391 -40.4508514
vn 15.4508495 86.6025391 -47.5528259
vn 23.6720753 64.2787628 -72.8551559
vn 29.0380993 34.2020149 -89.370079
vn 23.6720753 64.2787628 72.8551559
vn 45.0269623 64.2787628 61.9742966
vn 61.9742966 64.2787628 45.0269623
vn 72.8551559 64.2787628 23.6720753
vn 76.6044464 64.2787628 0
vn 72.8551559 64.2787628 -23.6720753
vn 61.9742966 64.2787628 -45.0269623
vn 45.0269623 64.2787628 -61.9742966
vn 29.0380993 34.2020149 89.370079
vn 55.2337456 34.2020149 76.022728
vn 76.022728 34.2020149 55.2337456
vn 89.370079 34.2020149 29.0380993
vn 93.9692612 34.2020149 0
vn 89.370079 34.2020149 -29.0380993
vn 76.022728 34.2020149 -55.2337456
vn 55.2337456 34.2020149 -76.022728
vn 0 -19.5090313 -98.0785294
vn 0 -38.2683449 -92.3879547
vn 0 -55.5570221 -83.146965
vn 0 -70.7106781 -70.7106781
vn 0 -83.146965 -55.5570221
vn 0 -92.3879547 -38.2683449
vn 0 -98.0785294 -19.5090313
vn 0 -98.0785294 19.5090313
vn 0 -92.3879547 38.2683449
vn 0 -83.146965 55.5570221
vn 0 -70.7106781 70.7106781
vn 0 -55.5570221 83.146965
vn 0 -38.2683449 92.3879547
vn 0 -19.5090313 98.0785294
vn 0 19.5090313 98.0785294
vn 0 38.2683449 92.3879547
vn 0 55.5570221 83.146965
vn 0 70.7106781 70.7106781
vn 0 83.146965 55.5570221
vn 0 92.3879547 38.2683449
vn 0 98.0785294 19.5090313
vn 0 98.0785294 -19.5090313
vn 0 92.3879547 -38.2683449
vn 0 83.146965 -55.5570221
vn 0 70.7106781 -70.7106781
vn 0 55.5570221 -83.146965
vn 0 38.2683449 -92.3879547
vn 0 19.5090313 -98.0785294
vn -29.0380993 34.2020149 89.370079
vn -55.2337456 34.2020149 76.022728
vn -76.022728 34.2020149 55.2337456
vn -89.370079 34.2020149 29.0380993
vn -93.9692612 34.2020149 -0
vn -89.370079 34.2020149 -29.0380993
vn -76.022728 34.2020149 -55.2337456
vn -55.2337456 34.2020149 -76.022728
vn -29.0380993 34.2020149 -89.370079
vn -23.6720753 64.2787628 -72.8551559
vn -15.4508495 86.6025391 -47.5528259
vn -5.36602402 98.4807739 -16.5149231
vn -10.2067842 98.4807739 -14.0484324
vn -14.0484324 98.4807739 -10.2067842
vn -16.5149231 98.4807739 -5.36602402
vn -17.3648186 98.4807739 -0
vn -16.5149231 98.4807739 5.36602402
vn -14.0484324 98.4807739 10.2067842
vn -10.2067842 98.4807739 14.0484324
vn -5.36602402 98.4807739 16.5149231
vn -15.4508495 86.6025391 47.5528259
vn -23.6720753 64.2787628 72.8551559
vn -29.3892632 86.6025391 40.4508514
vn -40.4508514 86.6025391 29.3892632
vn -47.5528259 86.6025391 15.4508495
vn -50 86.6025391 -0
vn -47.5528259 86.6025391 -15.4508495
vn -40.4508514 86.6025391 -29.3892632
vn -29.3892632 86.6025391 -40.4508514
vn -45.0269623 64.2787628 61.9742966
vn -61.9742966 64.2787628 45.0269623
vn -72.8551559 64.2787628 23.6720753
vn -76.6044464 64.2787628 -0
vn -72.8551559 64.2787628 -23.6720753
vn -61.9742966 64.2787628 -45.0269623
vn -45.0269623 64.2787628 -61.9742966

# Mesh 'FBXASC195FBXASC149FBXASC195FBXASC179FBXASC195FBXASC129FBXASC195FBXASC144FBXASC040FBXASC195FBXASC143FBXASC195FBXASC159FBXASC195FBXASC144FBXASC195FBXASC148FBXASC0411-lib' with 1472 faces
g FBXASC195FBXASC149FBXASC195FBXASC179FBXASC195FBXASC129FBXASC195FBXASC144FBXASC040FBXASC195FBXASC143FBXASC195FBXASC159FBXASC195FBXASC144FBXASC195FBXASC148FBXASC0411-lib
usemtl MaterialFBXASC032FBXASC03527
f  1/1/1 2/2/2 3/3/3
f  4/3/3 5/2/2 6/4/4
f  7/3/3 8/4/4 9/5/5
f  10/6/6 11/7/7 12/1/1
f  13/1/1 14/7/7 15/8/8
f  16/1/1 17/8/8 18/2/2
f  19/7/7 20/6/6 21/9/9
f  22/9/9 23/6/6 24/10/10
f  25/9/9 26/10/10 27/11/11
f  28/11/11 29/10/10 30/12/12
f  31/12/12 32/10/10 33/13/13
f  34/12/12 35/13/13 36/14/14
f  37/14/14 38/13/13 39/15/15
f  40/14/14 41/15/15 42/16/15
f  43/16/15 44/15/15 45/17/16
f  46/17/16 47/15/15 48/18/17
f  49/17/16 50/18/17 51/19/18
f  52/19/18 53/18/17 54/20/19
f  55/19/18 56/20/19 57/21/20
f  58/21/20 59/20/19 60/22/21
f  61/22/21 62/20/19 63/23/22
f  64/22/21 65/23/22 66/24/23
f  67/24/23 68/23/22 69/25/24
f  70/24/23 71/25/24 72/26/25
f  73/26/25 74/25/24 75/27/26
f  76/27/26 77/25/24 78/28/27
f  79/27/26 80/28/27 81/29/28
f  82/29/28 83/28/27 84/30/29
f  85/30/29 86/28/27 87/31/27
f  88/5/5 89/32/3 90/3/3
f  91/33/27 92/34/30 93/35/27
f  94/35/27 95/34/30 96/36/30
f  97/36/30 98/34/30 99/37/31
f  100/36/30 101/37/31 102/38/31
f  103/38/31 104/37/31 105/39/32
f  106/38/31 107/39/32 108/40/32
f  109/40/32 110/39/32 111/41/33
f  112/40/32 113/41/33 114/42/33
f  115/42/33 116/41/33 117/43/34
f  118/42/33 119/43/34 120/44/34
f  121/44/34 122/43/34 123/45/35
f  124/45/35 125/43/34 126/46/35
f  127/45/35 128/46/35 129/47/36
f  130/47/36 131/46/35 132/48/36
f  133/47/36 134/48/36 135/49/37
f  136/49/37 137/48/36 138/50/37
f  139/49/37 140/50/37 141/51/38
f  142/51/38 143/50/37 144/52/38
f  145/51/38 146/52/38 147/53/3
f  148/53/3 149/52/38 150/54/3
f  151/55/39 152/56/40 153/57/41
f  154/57/41 155/56/40 156/58/42
f  157/57/41 158/58/42 159/59/43
f  160/59/43 161/58/42 162/60/44
f  163/59/43 164/60/44 165/61/45
f  166/61/45 167/60/44 168/62/46
f  169/61/45 170/62/46 171/63/47
f  172/63/47 173/62/46 174/64/48
f  175/63/47 176/64/48 177/65/49
f  178/65/49 179/64/48 180/66/50
f  181/65/49 182/66/50 183/67/51
f  184/67/51 185/66/50 186/68/52
f  187/67/51 188/68/52 189/69/53
f  190/69/53 191/68/52 192/70/54
f  193/69/53 194/70/54 195/71/55
f  196/71/55 197/70/54 198/72/56
f  199/71/55 200/72/56 201/73/57
f  202/73/57 203/72/56 204/74/58
f  205/73/57 206/74/58 207/75/59
f  208/75/59 209/74/58 210/76/60
f  211/75/59 212/76/60 213/77/61
f  214/77/61 215/76/60 216/78/62
f  217/77/61 218/78/62 219/79/63
f  220/79/63 221/78/62 222/80/64
f  223/79/63 224/80/64 225/81/65
f  226/81/65 227/80/64 228/82/66
f  229/82/66 230/80/64 231/83/67
f  232/82/66 233/83/67 234/84/68
f  235/84/68 236/83/67 237/85/69
f  238/84/68 239/85/69 240/86/70
f  241/86/70 242/85/69 243/87/71
f  244/86/70 245/87/71 246/88/72
f  247/88/72 248/87/71 249/89/73
f  250/88/72 251/89/73 252/90/74
f  253/90/74 254/89/73 255/91/75
f  256/90/74 257/91/75 258/92/76
f  259/92/76 260/91/75 261/93/77
f  262/92/76 263/93/77 264/94/78
f  265/94/78 266/93/77 267/95/79
f  268/94/78 269/95/79 270/96/80
f  271/96/80 272/95/79 273/97/81
f  274/96/80 275/97/81 276/98/82
f  277/98/82 278/97/81 279/99/83
f  280/98/82 281/99/83 282/100/84
f  283/100/84 284/99/83 285/101/85
f  286/100/84 287/101/85 288/102/86
f  289/102/86 290/101/85 291/103/87
f  292/102/86 293/103/87 294/104/88
f  295/104/88 296/103/87 297/105/89
f  298/104/88 299/105/89 300/106/90
f  301/106/90 302/105/89 303/107/91
f  304/106/90 305/107/91 306/108/92
f  307/108/92 308/107/91 309/109/93
f  310/108/92 311/109/93 312/110/94
f  313/110/94 314/109/93 315/111/95
f  316/110/94 317/111/95 318/112/96
f  319/112/96 320/111/95 321/113/97
f  322/112/96 323/113/97 324/114/98
f  325/114/98 326/113/97 327/115/99
f  328/114/98 329/115/99 330/116/100
f  331/116/100 332/115/99 333/117/101
f  334/116/100 335/117/101 336/118/102
f  337/118/102 338/117/101 339/119/103
f  340/118/102 341/119/103 342/120/104
f  343/120/104 344/119/103 345/121/105
f  346/120/104 347/121/105 348/122/106
f  349/122/106 350/121/105 351/123/107
f  352/122/106 353/123/107 354/124/108
f  355/124/108 356/123/107 357/125/109
f  358/124/108 359/125/109 360/126/110
f  361/126/110 362/125/109 363/127/111
f  364/126/110 365/127/111 366/128/112
f  367/128/112 368/127/111 369/129/113
f  370/128/112 371/129/113 372/130/114
f  373/130/114 374/129/113 375/131/115
f  376/130/114 377/131/115 378/132/116
f  379/132/116 380/131/115 381/133/117
f  382/132/116 383/133/117 384/134/118
f  385/134/118 386/133/117 387/135/119
f  388/134/118 389/135/119 390/136/120
f  391/136/120 392/135/119 393/137/121
f  394/136/120 395/137/121 396/138/122
f  397/138/122 398/137/121 399/139/123
f  400/138/122 401/139/123 402/140/124
f  403/140/124 404/139/123 405/141/125
f  406/140/124 407/141/125 408/142/126
f  409/142/126 410/141/125 411/68/52
f  412/142/126 413/68/52 414/66/50
f  415/56/40 416/55/39 417/143/127
f  418/143/127 419/55/39 420/144/128
f  421/143/127 422/144/128 423/145/129
f  424/145/129 425/144/128 426/146/130
f  427/145/129 428/146/130 429/147/131
f  430/147/131 431/146/130 432/148/132
f  433/147/131 434/148/132 435/149/133
f  436/149/133 437/148/132 438/150/134
f  439/149/133 440/150/134 441/151/135
f  442/151/135 443/150/134 444/152/136
f  445/151/135 446/152/136 447/153/137
f  448/153/137 449/152/136 450/154/138
f  451/153/137 452/154/138 453/155/139
f  454/155/139 455/154/138 456/156/140
f  457/155/139 458/156/140 459/157/141
f  460/157/141 461/156/140 462/158/142
f  463/157/141 464/158/142 465/159/143
f  466/159/143 467/158/142 468/160/144
f  469/159/143 470/160/144 471/161/145
f  472/161/145 473/160/144 474/162/146
f  475/161/145 476/162/146 477/163/147
f  478/163/147 479/162/146 480/164/148
f  481/163/147 482/164/148 483/165/149
f  484/165/149 485/164/148 486/166/150
f  487/165/149 488/166/150 489/167/151
f  490/167/151 491/166/150 492/168/152
f  493/167/151 494/168/152 495/169/153
f  496/169/153 497/168/152 498/170/154
f  499/169/153 500/170/154 501/171/155
f  502/171/155 503/170/154 504/172/156
f  505/171/155 506/172/156 507/120/104
f  508/120/104 509/172/156 510/118/102
f  511/162/146 512/173/157 513/164/148
f  514/164/148 515/173/157 516/174/158
f  517/164/148 518/174/158 519/166/150
f  520/166/150 521/174/158 522/175/159
f  523/166/150 524/175/159 525/168/152
f  526/168/152 527/175/159 528/176/160
f  529/168/152 530/176/160 531/170/154
f  532/170/154 533/176/160 534/177/161
f  535/170/154 536/177/161 537/172/156
f  538/172/156 539/177/161 540/178/162
f  541/172/156 542/178/162 543/118/102
f  544/118/102 545/178/162 546/116/100
f  547/173/157 548/179/163 549/174/158
f  550/174/158 551/179/163 552/180/164
f  553/174/158 554/180/164 555/175/159
f  556/175/159 557/180/164 558/181/165
f  559/175/159 560/181/165 561/176/160
f  562/176/160 563/181/165 564/182/166
f  565/176/160 566/182/166 567/177/161
f  568/177/161 569/182/166 570/183/167
f  571/177/161 572/183/167 573/178/162
f  574/178/162 575/183/167 576/184/168
f  577/178/162 578/184/168 579/116/100
f  580/116/100 581/184/168 582/114/98
f  583/179/163 584/185/169 585/180/164
f  586/180/164 587/185/169 588/186/170
f  589/180/164 590/186/170 591/181/165
f  592/181/165 593/186/170 594/187/171
f  595/181/165 596/187/171 597/182/166
f  598/182/166 599/187/171 600/188/172
f  601/182/166 602/188/172 603/183/167
f  604/183/167 605/188/172 606/189/173
f  607/183/167 608/189/173 609/184/168
f  610/184/168 611/189/173 612/114/98
f  613/185/169 614/190/174 615/186/170
f  616/186/170 617/190/174 618/191/175
f  619/186/170 620/191/175 621/187/171
f  622/187/171 623/191/175 624/192/176
f  625/187/171 626/192/176 627/188/172
f  628/188/172 629/192/176 630/189/173
f  631/190/174 632/193/177 633/191/175
f  634/191/175 635/193/177 636/189/173
f  637/191/175 638/189/173 639/192/176
f  640/189/173 641/112/96 642/114/98
f  643/112/96 644/194/178 645/110/94
f  646/110/94 647/194/178 648/195/179
f  649/110/94 650/195/179 651/108/92
f  652/108/92 653/195/179 654/196/180
f  655/108/92 656/196/180 657/106/90
f  658/106/90 659/196/180 660/197/181
f  661/106/90 662/197/181 663/104/88
f  664/104/88 665/197/181 666/198/182
f  667/104/88 668/198/182 669/102/86
f  670/102/86 671/198/182 672/199/183
f  673/102/86 674/199/183 675/100/84
f  676/200/184 677/201/185 678/194/178
f  679/194/178 680/201/185 681/202/186
f  682/194/178 683/202/186 684/195/179
f  685/195/179 686/202/186 687/196/180
f  688/201/185 689/200/184 690/203/187
f  691/203/187 692/200/184 693/204/188
f  694/203/187 695/204/188 696/205/189
f  697/205/189 698/204/188 699/206/190
f  700/205/189 701/206/190 702/207/191
f  703/207/191 704/206/190 705/208/192
f  706/207/191 707/208/192 708/198/182
f  709/198/182 710/208/192 711/199/183
f  712/81/65 713/209/193 714/79/63
f  715/79/63 716/209/193 717/210/194
f  718/79/63 719/210/194 720/77/61
f  721/77/61 722/210/194 723/211/195
f  724/77/61 725/211/195 726/75/59
f  727/75/59 728/211/195 729/212/196
f  730/75/59 731/212/196 732/73/57
f  733/73/57 734/212/196 735/71/55
f  736/212/196 737/213/197 738/71/55
f  739/71/55 740/213/197 741/69/53
f  742/69/53 743/213/197 744/67/51
f  745/67/51 746/213/197 747/214/198
f  748/67/51 749/214/198 750/65/49
f  751/65/49 752/214/198 753/215/199
f  754/65/49 755/215/199 756/63/47
f  757/63/47 758/215/199 759/61/45
f  760/215/199 761/59/43 762/61/45
f  763/161/145 764/163/147 765/216/200
f  766/216/200 767/163/147 768/165/149
f  769/216/200 770/165/149 771/217/201
f  772/217/201 773/165/149 774/167/151
f  775/217/201 776/167/151 777/218/202
f  778/218/202 779/167/151 780/169/153
f  781/218/202 782/169/153 783/219/203
f  784/219/203 785/169/153 786/171/155
f  787/219/203 788/171/155 789/122/106
f  790/122/106 791/171/155 792/120/104
f  793/159/143 794/161/145 795/220/204
f  796/220/204 797/161/145 798/216/200
f  799/220/204 800/216/200 801/221/205
f  802/221/205 803/216/200 804/217/201
f  805/221/205 806/217/201 807/222/206
f  808/222/206 809/217/201 810/218/202
f  811/222/206 812/218/202 813/223/207
f  814/223/207 815/218/202 816/219/203
f  817/223/207 818/219/203 819/124/108
f  820/124/108 821/219/203 822/122/106
f  823/157/141 824/159/143 825/224/208
f  826/224/208 827/159/143 828/220/204
f  829/224/208 830/220/204 831/225/209
f  832/225/209 833/220/204 834/221/205
f  835/225/209 836/221/205 837/226/210
f  838/226/210 839/221/205 840/222/206
f  841/226/210 842/222/206 843/227/211
f  844/227/211 845/222/206 846/223/207
f  847/227/211 848/223/207 849/126/110
f  850/126/110 851/223/207 852/124/108
f  853/155/139 854/157/141 855/228/212
f  856/228/212 857/157/141 858/224/208
f  859/228/212 860/224/208 861/229/213
f  862/229/213 863/224/208 864/225/209
f  865/229/213 866/225/209 867/230/214
f  868/230/214 869/225/209 870/226/210
f  871/230/214 872/226/210 873/231/215
f  874/231/215 875/226/210 876/227/211
f  877/231/215 878/227/211 879/128/112
f  880/128/112 881/227/211 882/126/110
f  883/153/137 884/155/139 885/232/216
f  886/232/216 887/155/139 888/228/212
f  889/232/216 890/228/212 891/233/217
f  892/233/217 893/228/212 894/229/213
f  895/233/217 896/229/213 897/234/218
f  898/234/218 899/229/213 900/230/214
f  901/234/218 902/230/214 903/235/219
f  904/235/219 905/230/214 906/231/215
f  907/235/219 908/231/215 909/130/114
f  910/130/114 911/231/215 912/128/112
f  913/151/135 914/153/137 915/236/220
f  916/236/220 917/153/137 918/232/216
f  919/236/220 920/232/216 921/237/221
f  922/237/221 923/232/216 924/233/217
f  925/237/221 926/233/217 927/238/222
f  928/238/222 929/233/217 930/234/218
f  931/238/222 932/234/218 933/239/223
f  934/239/223 935/234/218 936/235/219
f  937/239/223 938/235/219 939/132/116
f  940/132/116 941/235/219 942/130/114
f  943/149/133 944/151/135 945/240/224
f  946/240/224 947/151/135 948/236/220
f  949/240/224 950/236/220 951/241/225
f  952/241/225 953/236/220 954/237/221
f  955/241/225 956/237/221 957/242/226
f  958/242/226 959/237/221 960/238/222
f  961/242/226 962/238/222 963/243/227
f  964/243/227 965/238/222 966/239/223
f  967/243/227 968/239/223 969/134/118
f  970/134/118 971/239/223 972/132/116
f  973/147/131 974/149/133 975/244/228
f  976/244/228 977/149/133 978/240/224
f  979/244/228 980/240/224 981/245/229
f  982/245/229 983/240/224 984/241/225
f  985/245/229 986/241/225 987/246/230
f  988/246/230 989/241/225 990/242/226
f  991/246/230 992/242/226 993/247/231
f  994/247/231 995/242/226 996/243/227
f  997/247/231 998/243/227 999/136/120
f  1000/136/120 1001/243/227 1002/134/118
f  1003/145/129 1004/147/131 1005/248/232
f  1006/248/232 1007/147/131 1008/244/228
f  1009/248/232 1010/244/228 1011/249/233
f  1012/249/233 1013/244/228 1014/245/229
f  1015/249/233 1016/245/229 1017/250/234
f  1018/250/234 1019/245/229 1020/246/230
f  1021/250/234 1022/246/230 1023/251/235
f  1024/251/235 1025/246/230 1026/247/231
f  1027/251/235 1028/247/231 1029/138/122
f  1030/138/122 1031/247/231 1032/136/120
f  1033/58/42 1034/56/40 1035/143/127
f  1036/143/127 1037/145/129 1038/252/236
f  1039/252/236 1040/145/129 1041/248/232
f  1042/252/236 1043/248/232 1044/253/237
f  1045/253/237 1046/248/232 1047/249/233
f  1048/253/237 1049/249/233 1050/254/238
f  1051/254/238 1052/249/233 1053/250/234
f  1054/254/238 1055/250/234 1056/255/239
f  1057/255/239 1058/250/234 1059/251/235
f  1060/255/239 1061/251/235 1062/140/124
f  1063/140/124 1064/251/235 1065/138/122
f  1066/140/124 1067/142/126 1068/255/239
f  1069/255/239 1070/142/126 1071/256/240
f  1072/255/239 1073/256/240 1074/254/238
f  1075/254/238 1076/256/240 1077/257/241
f  1078/254/238 1079/257/241 1080/253/237
f  1081/253/237 1082/257/241 1083/258/242
f  1084/253/237 1085/258/242 1086/252/236
f  1087/252/236 1088/258/242 1089/58/42
f  1090/252/236 1091/58/42 1092/143/127
f  1093/142/126 1094/66/50 1095/256/240
f  1096/256/240 1097/66/50 1098/64/48
f  1099/256/240 1100/64/48 1101/257/241
f  1102/257/241 1103/64/48 1104/62/46
f  1105/257/241 1106/62/46 1107/258/242
f  1108/258/242 1109/62/46 1110/60/44
f  1111/258/242 1112/60/44 1113/58/42
f  1114/109/93 1115/259/243 1116/260/244
f  1117/260/244 1118/259/243 1119/261/245
f  1120/260/244 1121/261/245 1122/115/99
f  1123/115/99 1124/261/245 1125/117/101
f  1126/259/243 1127/262/246 1128/261/245
f  1129/261/245 1130/262/246 1131/263/247
f  1132/261/245 1133/263/247 1134/117/101
f  1135/117/101 1136/263/247 1137/119/103
f  1138/109/93 1139/107/91 1140/259/243
f  1141/259/243 1142/107/91 1143/264/248
f  1144/259/243 1145/264/248 1146/262/246
f  1147/262/246 1148/264/248 1149/265/249
f  1150/262/246 1151/265/249 1152/266/250
f  1153/266/250 1154/265/249 1155/267/251
f  1156/266/250 1157/267/251 1158/268/252
f  1159/268/252 1160/267/251 1161/269/253
f  1162/268/252 1163/269/253 1164/270/254
f  1165/270/254 1166/269/253 1167/271/255
f  1168/270/254 1169/271/255 1170/272/256
f  1171/272/256 1172/271/255 1173/273/257
f  1174/272/256 1175/273/257 1176/274/258
f  1177/274/258 1178/273/257 1179/275/259
f  1180/274/258 1181/275/259 1182/276/260
f  1183/276/260 1184/275/259 1185/277/261
f  1186/276/260 1187/277/261 1188/278/262
f  1189/278/262 1190/277/261 1191/279/263
f  1192/278/262 1193/279/263 1194/280/264
f  1195/280/264 1196/279/263 1197/281/265
f  1198/280/264 1199/281/265 1200/282/266
f  1201/282/266 1202/281/265 1203/283/267
f  1204/282/266 1205/283/267 1206/284/268
f  1207/284/268 1208/283/267 1209/285/269
f  1210/284/268 1211/285/269 1212/286/270
f  1213/286/270 1214/285/269 1215/74/58
f  1216/286/270 1217/74/58 1218/72/56
f  1219/262/246 1220/266/250 1221/263/247
f  1222/263/247 1223/266/250 1224/287/271
f  1225/263/247 1226/287/271 1227/119/103
f  1228/119/103 1229/287/271 1230/121/105
f  1231/266/250 1232/268/252 1233/287/271
f  1234/287/271 1235/268/252 1236/288/272
f  1237/287/271 1238/288/272 1239/121/105
f  1240/121/105 1241/288/272 1242/123/107
f  1243/268/252 1244/270/254 1245/288/272
f  1246/288/272 1247/270/254 1248/289/273
f  1249/288/272 1250/289/273 1251/123/107
f  1252/123/107 1253/289/273 1254/125/109
f  1255/270/254 1256/272/256 1257/289/273
f  1258/289/273 1259/272/256 1260/290/274
f  1261/289/273 1262/290/274 1263/125/109
f  1264/125/109 1265/290/274 1266/127/111
f  1267/272/256 1268/274/258 1269/290/274
f  1270/290/274 1271/274/258 1272/291/275
f  1273/290/274 1274/291/275 1275/127/111
f  1276/127/111 1277/291/275 1278/129/113
f  1279/274/258 1280/276/260 1281/291/275
f  1282/291/275 1283/276/260 1284/292/276
f  1285/291/275 1286/292/276 1287/129/113
f  1288/129/113 1289/292/276 1290/131/115
f  1291/276/260 1292/278/262 1293/292/276
f  1294/292/276 1295/278/262 1296/293/277
f  1297/292/276 1298/293/277 1299/131/115
f  1300/131/115 1301/293/277 1302/133/117
f  1303/278/262 1304/280/264 1305/293/277
f  1306/293/277 1307/280/264 1308/294/278
f  1309/293/277 1310/294/278 1311/133/117
f  1312/133/117 1313/294/278 1314/135/119
f  1315/280/264 1316/282/266 1317/294/278
f  1318/294/278 1319/282/266 1320/295/279
f  1321/294/278 1322/295/279 1323/135/119
f  1324/135/119 1325/295/279 1326/137/121
f  1327/282/266 1328/284/268 1329/295/279
f  1330/295/279 1331/284/268 1332/296/280
f  1333/295/279 1334/296/280 1335/137/121
f  1336/137/121 1337/296/280 1338/139/123
f  1339/284/268 1340/286/270 1341/296/280
f  1342/296/280 1343/286/270 1344/297/281
f  1345/296/280 1346/297/281 1347/139/123
f  1348/139/123 1349/297/281 1350/141/125
f  1351/286/270 1352/72/56 1353/297/281
f  1354/297/281 1355/72/56 1356/70/54
f  1357/297/281 1358/70/54 1359/141/125
f  1360/141/125 1361/70/54 1362/68/52
f  1363/113/97 1364/111/95 1365/260/244
f  1366/260/244 1367/111/95 1368/109/93
f  1369/113/97 1370/260/244 1371/115/99
f  1372/196/180 1373/202/186 1374/298/282
f  1375/298/282 1376/202/186 1377/201/185
f  1378/298/282 1379/201/185 1380/205/189
f  1381/205/189 1382/201/185 1383/203/187
f  1384/196/180 1385/298/282 1386/197/181
f  1387/197/181 1388/298/282 1389/207/191
f  1390/197/181 1391/207/191 1392/198/182
f  1393/207/191 1394/298/282 1395/205/189
f  1396/103/87 1397/299/283 1398/300/284
f  1399/300/284 1400/299/283 1401/301/285
f  1402/300/284 1403/301/285 1404/265/249
f  1405/265/249 1406/301/285 1407/267/251
f  1408/299/283 1409/302/286 1410/301/285
f  1411/301/285 1412/302/286 1413/303/287
f  1414/301/285 1415/303/287 1416/267/251
f  1417/267/251 1418/303/287 1419/269/253
f  1420/103/87 1421/101/85 1422/299/283
f  1423/299/283 1424/101/85 1425/99/83
f  1426/299/283 1427/99/83 1428/302/286
f  1429/302/286 1430/99/83 1431/97/81
f  1432/302/286 1433/97/81 1434/304/288
f  1435/304/288 1436/97/81 1437/95/79
f  1438/304/288 1439/95/79 1440/305/289
f  1441/305/289 1442/95/79 1443/93/77
f  1444/305/289 1445/93/77 1446/306/290
f  1447/306/290 1448/93/77 1449/91/75
f  1450/306/290 1451/91/75 1452/307/291
f  1453/307/291 1454/91/75 1455/89/73
f  1456/307/291 1457/89/73 1458/308/292
f  1459/308/292 1460/89/73 1461/87/71
f  1462/308/292 1463/87/71 1464/309/293
f  1465/309/293 1466/87/71 1467/85/69
f  1468/309/293 1469/85/69 1470/310/294
f  1471/310/294 1472/85/69 1473/83/67
f  1474/310/294 1475/83/67 1476/311/295
f  1477/311/295 1478/83/67 1479/80/64
f  1480/311/295 1481/80/64 1482/78/62
f  1483/302/286 1484/304/288 1485/303/287
f  1486/303/287 1487/304/288 1488/312/296
f  1489/303/287 1490/312/296 1491/269/253
f  1492/269/253 1493/312/296 1494/271/255
f  1495/304/288 1496/305/289 1497/312/296
f  1498/312/296 1499/305/289 1500/313/297
f  1501/312/296 1502/313/297 1503/271/255
f  1504/271/255 1505/313/297 1506/273/257
f  1507/305/289 1508/306/290 1509/313/297
f  1510/313/297 1511/306/290 1512/314/298
f  1513/313/297 1514/314/298 1515/273/257
f  1516/273/257 1517/314/298 1518/275/259
f  1519/306/290 1520/307/291 1521/314/298
f  1522/314/298 1523/307/291 1524/315/299
f  1525/314/298 1526/315/299 1527/275/259
f  1528/275/259 1529/315/299 1530/277/261
f  1531/307/291 1532/308/292 1533/315/299
f  1534/315/299 1535/308/292 1536/316/300
f  1537/315/299 1538/316/300 1539/277/261
f  1540/277/261 1541/316/300 1542/279/263
f  1543/308/292 1544/309/293 1545/316/300
f  1546/316/300 1547/309/293 1548/317/301
f  1549/316/300 1550/317/301 1551/279/263
f  1552/279/263 1553/317/301 1554/281/265
f  1555/309/293 1556/310/294 1557/317/301
f  1558/317/301 1559/310/294 1560/318/302
f  1561/317/301 1562/318/302 1563/281/265
f  1564/281/265 1565/318/302 1566/283/267
f  1567/310/294 1568/311/295 1569/318/302
f  1570/318/302 1571/311/295 1572/319/303
f  1573/318/302 1574/319/303 1575/283/267
f  1576/283/267 1577/319/303 1578/285/269
f  1579/311/295 1580/78/62 1581/319/303
f  1582/319/303 1583/78/62 1584/76/60
f  1585/319/303 1586/76/60 1587/285/269
f  1588/285/269 1589/76/60 1590/74/58
f  1591/103/87 1592/300/284 1593/105/89
f  1594/105/89 1595/300/284 1596/264/248
f  1597/105/89 1598/264/248 1599/107/91
f  1600/264/248 1601/300/284 1602/265/249
f  1603/320/3 1604/321/3 1605/322/304
f  1606/322/304 1607/321/3 1608/323/304
f  1609/322/304 1610/323/304 1611/324/305
f  1612/324/305 1613/323/304 1614/325/305
f  1615/324/305 1616/325/305 1617/326/306
f  1618/326/306 1619/325/305 1620/327/306
f  1621/326/306 1622/327/306 1623/328/307
f  1624/328/307 1625/327/306 1626/329/307
f  1627/328/307 1628/329/307 1629/330/308
f  1630/330/308 1631/329/307 1632/331/308
f  1633/330/308 1634/331/308 1635/332/34
f  1636/332/34 1637/331/308 1638/333/34
f  1639/332/34 1640/333/34 1641/334/309
f  1642/334/309 1643/333/34 1644/335/309
f  1645/334/309 1646/335/309 1647/336/310
f  1648/336/310 1649/335/309 1650/337/310
f  1651/336/310 1652/337/310 1653/338/311
f  1654/338/311 1655/337/310 1656/339/311
f  1657/338/311 1658/339/311 1659/340/312
f  1660/340/312 1661/339/311 1662/341/312
f  1663/340/312 1664/341/312 1665/342/313
f  1666/342/313 1667/341/312 1668/343/313
f  1669/342/313 1670/343/313 1671/344/27
f  1672/344/27 1673/343/313 1674/345/27
f  1675/346/3 1676/347/3 1677/348/1
f  1678/348/1 1679/347/3 1680/349/1
f  1681/348/1 1682/349/1 1683/350/6
f  1684/350/6 1685/349/1 1686/351/6
f  1687/350/6 1688/351/6 1689/352/10
f  1690/352/10 1691/351/6 1692/353/10
f  1693/352/10 1694/353/10 1695/354/13
f  1696/354/13 1697/353/10 1698/355/13
f  1699/354/13 1700/355/13 1701/356/15
f  1702/356/15 1703/355/13 1704/357/15
f  1705/356/15 1706/357/15 1707/358/17
f  1708/358/17 1709/357/15 1710/359/17
f  1711/358/17 1712/359/17 1713/360/19
f  1714/360/19 1715/359/17 1716/361/19
f  1717/360/19 1718/361/19 1719/362/22
f  1720/362/22 1721/361/19 1722/363/22
f  1723/362/22 1724/363/22 1725/364/24
f  1726/364/24 1727/363/22 1728/365/24
f  1729/364/24 1730/365/24 1731/366/27
f  1732/366/27 1733/365/24 1734/367/27
f  1735/368/27 1736/369/27 1737/370/314
f  1738/370/314 1739/369/27 1740/371/314
f  1741/370/314 1742/371/314 1743/372/315
f  1744/372/315 1745/371/314 1746/373/315
f  1747/372/315 1748/373/315 1749/374/316
f  1750/374/316 1751/373/315 1752/375/316
f  1753/374/316 1754/375/316 1755/376/317
f  1756/376/317 1757/375/316 1758/377/317
f  1759/376/317 1760/377/317 1761/378/318
f  1762/378/318 1763/377/317 1764/379/318
f  1765/378/318 1766/379/318 1767/380/319
f  1768/380/319 1769/379/318 1770/381/319
f  1771/380/319 1772/381/319 1773/382/320
f  1774/382/320 1775/381/319 1776/383/320
f  1777/382/320 1778/383/320 1779/384/321
f  1780/384/321 1781/383/320 1782/385/321
f  1783/384/321 1784/385/321 1785/386/322
f  1786/386/322 1787/385/321 1788/387/322
f  1789/386/322 1790/387/322 1791/346/3
f  1792/346/3 1793/387/322 1794/347/3
f  1795/388/323 1796/389/323 1797/390/323
f  1798/390/323 1799/389/323 1800/391/323
f  1801/390/323 1802/391/323 1803/392/323
f  1804/389/323 1805/388/323 1806/393/323
f  1807/393/323 1808/388/323 1809/394/323
f  1810/393/323 1811/394/323 1812/395/323
f  1813/395/323 1814/394/323 1815/396/323
f  1816/395/323 1817/396/323 1818/397/323
f  1819/397/323 1820/396/323 1821/398/323
f  1822/397/323 1823/398/323 1824/399/323
f  1825/399/323 1826/398/323 1827/400/323
f  1828/399/323 1829/400/323 1830/401/323
f  1831/399/323 1832/401/323 1833/402/323
f  1834/402/323 1835/401/323 1836/403/323
f  1837/402/323 1838/403/323 1839/404/323
f  1840/404/323 1841/403/323 1842/405/323
f  1843/404/323 1844/405/323 1845/406/323
f  1846/406/323 1847/405/323 1848/407/323
f  1849/406/323 1850/407/323 1851/408/323
f  1852/408/323 1853/407/323 1854/409/323
f  1855/409/323 1856/407/323 1857/410/323
f  1858/409/323 1859/410/323 1860/411/323
f  1861/411/323 1862/410/323 1863/412/323
f  1864/411/323 1865/412/323 1866/413/323
f  1867/413/323 1868/412/323 1869/414/323
f  1870/413/323 1871/414/323 1872/415/323
f  1873/415/323 1874/414/323 1875/416/323
f  1876/415/323 1877/416/323 1878/417/323
f  1879/417/323 1880/416/323 1881/418/323
f  1882/417/323 1883/418/323 1884/419/323
f  1885/419/323 1886/418/323 1887/420/323
f  1888/419/323 1889/420/323 1890/421/323
f  1891/419/323 1892/421/323 1893/422/323
f  1894/422/323 1895/421/323 1896/423/323
f  1897/422/323 1898/423/323 1899/424/323
f  1900/424/323 1901/423/323 1902/425/323
f  1903/424/323 1904/425/323 1905/426/323
f  1906/426/323 1907/425/323 1908/427/323
f  1909/426/323 1910/427/323 1911/392/323
f  1912/392/323 1913/427/323 1914/390/323
f  1915/428/34 1916/400/34 1917/399/34
f  1918/399/34 1919/400/34 1920/429/34
f  1921/399/34 1922/429/34 1923/430/34
f  1924/430/34 1925/429/34 1926/431/34
f  1927/431/34 1928/429/34 1929/432/34
f  1930/431/34 1931/432/34 1932/433/34
f  1933/433/34 1934/432/34 1935/434/34
f  1936/433/34 1937/434/34 1938/435/34
f  1939/433/34 1940/435/34 1941/436/34
f  1942/436/34 1943/435/34 1944/437/34
f  1945/436/34 1946/437/34 1947/438/34
f  1948/438/34 1949/437/34 1950/439/34
f  1951/438/34 1952/439/34 1953/440/34
f  1954/440/34 1955/439/34 1956/441/34
f  1957/440/34 1958/441/34 1959/442/34
f  1960/442/34 1961/441/34 1962/443/34
f  1963/442/34 1964/443/34 1965/409/34
f  1966/409/34 1967/443/34 1968/444/34
f  1969/444/34 1970/443/34 1971/445/34
f  1972/444/34 1973/445/34 1974/446/34
f  1975/446/34 1976/445/34 1977/447/34
f  1978/446/34 1979/447/34 1980/448/34
f  1981/448/34 1982/447/34 1983/449/34
f  1984/448/34 1985/449/34 1986/450/34
f  1987/450/34 1988/449/34 1989/451/34
f  1990/450/34 1991/451/34 1992/452/34
f  1993/452/34 1994/451/34 1995/453/34
f  1996/452/34 1997/453/34 1998/454/34
f  1999/452/34 2000/454/34 2001/455/34
f  2002/455/34 2003/454/34 2004/456/34
f  2005/455/34 2006/456/34 2007/457/34
f  2008/457/34 2009/456/34 2010/419/34
f  2011/419/34 2012/456/34 2013/420/34
f  2014/419/34 2015/420/34 2016/458/34
f  2017/459/34 2018/460/34 2019/458/34
f  2020/458/34 2021/460/34 2022/461/34
f  2023/458/34 2024/461/34 2025/419/34
f  2026/460/34 2027/459/34 2028/462/34
f  2029/462/34 2030/459/34 2031/463/34
f  2032/462/34 2033/463/34 2034/464/34
f  2035/462/34 2036/464/34 2037/465/34
f  2038/465/34 2039/464/34 2040/466/34
f  2041/465/34 2042/466/34 2043/467/34
f  2044/467/34 2045/466/34 2046/468/34
f  2047/467/34 2048/468/34 2049/469/34
f  2050/469/34 2051/468/34 2052/470/34
f  2053/469/34 2054/470/34 2055/471/34
f  2056/471/34 2057/470/34 2058/472/34
f  2059/471/34 2060/472/34 2061/391/34
f  2062/391/34 2063/472/34 2064/473/34
f  2065/473/34 2066/472/34 2067/474/34
f  2068/473/34 2069/474/34 2070/475/34
f  2071/475/34 2072/474/34 2073/476/34
f  2074/475/34 2075/476/34 2076/477/34
f  2077/477/34 2078/476/34 2079/478/34
f  2080/477/34 2081/478/34 2082/479/34
f  2083/479/34 2084/478/34 2085/480/34
f  2086/479/34 2087/480/34 2088/481/34
f  2089/481/34 2090/480/34 2091/482/34
f  2092/481/34 2093/482/34 2094/483/34
f  2095/481/34 2096/483/34 2097/484/34
f  2098/484/34 2099/483/34 2100/428/34
f  2101/484/34 2102/428/34 2103/485/34
f  2104/485/34 2105/428/34 2106/399/34
f  2107/486/15 2108/487/15 2109/488/15
f  2110/488/15 2111/487/15 2112/489/15
f  2113/488/15 2114/489/15 2115/490/15
f  2116/490/15 2117/489/15 2118/491/15
f  2119/490/15 2120/491/15 2121/492/15
f  2122/492/15 2123/491/15 2124/493/15
f  2125/492/15 2126/493/15 2127/494/15
f  2128/494/15 2129/493/15 2130/495/15
f  2131/494/15 2132/495/15 2133/496/15
f  2134/496/15 2135/495/15 2136/497/15
f  2137/496/15 2138/497/15 2139/498/15
f  2140/498/15 2141/497/15 2142/499/15
f  2143/498/15 2144/499/15 2145/500/15
f  2146/487/15 2147/486/15 2148/501/15
f  2149/501/15 2150/486/15 2151/502/15
f  2152/501/15 2153/502/15 2154/503/15
f  2155/503/15 2156/502/15 2157/504/15
f  2158/503/15 2159/504/15 2160/505/15
f  2161/505/15 2162/504/15 2163/506/15
f  2164/505/15 2165/506/15 2166/507/15
f  2167/507/15 2168/506/15 2169/508/15
f  2170/507/15 2171/508/15 2172/509/15
f  2173/510/27 2174/511/27 2175/512/324
f  2176/512/324 2177/511/27 2178/513/324
f  2179/512/324 2180/513/324 2181/514/325
f  2182/514/325 2183/513/324 2184/515/325
f  2185/514/325 2186/515/325 2187/516/326
f  2188/516/326 2189/515/325 2190/517/326
f  2191/516/326 2192/517/326 2193/518/327
f  2194/518/327 2195/517/326 2196/519/327
f  2197/518/327 2198/519/327 2199/520/328
f  2200/520/328 2201/519/327 2202/521/328
f  2203/520/328 2204/521/328 2205/522/323
f  2206/522/323 2207/521/328 2208/523/323
f  2209/522/323 2210/523/323 2211/524/329
f  2212/524/329 2213/523/323 2214/525/329
f  2215/524/329 2216/525/329 2217/526/330
f  2218/526/330 2219/525/329 2220/527/330
f  2221/526/330 2222/527/330 2223/528/331
f  2224/528/331 2225/527/330 2226/529/331
f  2227/528/331 2228/529/331 2229/530/332
f  2230/530/332 2231/529/331 2232/531/332
f  2233/530/332 2234/531/332 2235/532/333
f  2236/532/333 2237/531/332 2238/533/333
f  2239/532/333 2240/533/333 2241/320/3
f  2242/320/3 2243/533/333 2244/321/3
f  2245/534/15 2246/535/15 2247/509/15
f  2248/509/15 2249/535/15 2250/536/15
f  2251/509/15 2252/536/15 2253/507/15
f  2254/507/15 2255/536/15 2256/537/15
f  2257/507/15 2258/537/15 2259/505/15
f  2260/505/15 2261/537/15 2262/538/15
f  2263/505/15 2264/538/15 2265/503/15
f  2266/503/15 2267/538/15 2268/539/15
f  2269/503/15 2270/539/15 2271/540/15
f  2272/503/15 2273/540/15 2274/501/15
f  2275/501/15 2276/540/15 2277/541/15
f  2278/501/15 2279/541/15 2280/487/15
f  2281/487/15 2282/541/15 2283/542/15
f  2284/487/15 2285/542/15 2286/489/15
f  2287/489/15 2288/542/15 2289/543/15
f  2290/489/15 2291/543/15 2292/544/15
f  2293/489/15 2294/544/15 2295/491/15
f  2296/491/15 2297/544/15 2298/545/15
f  2299/491/15 2300/545/15 2301/493/15
f  2302/493/15 2303/545/15 2304/546/15
f  2305/493/15 2306/546/15 2307/495/15
f  2308/495/15 2309/546/15 2310/547/15
f  2311/495/15 2312/547/15 2313/548/15
f  2314/495/15 2315/548/15 2316/497/15
f  2317/497/15 2318/548/15 2319/549/15
f  2320/497/15 2321/549/15 2322/499/15
f  2323/499/15 2324/549/15 2325/550/15
f  2326/499/15 2327/550/15 2328/500/15
f  2329/500/15 2330/550/15 2331/551/15
f  2332/500/15 2333/551/15 2334/552/15
f  2335/500/15 2336/552/15 2337/498/15
f  2338/498/15 2339/552/15 2340/553/15
f  2341/498/15 2342/553/15 2343/496/15
f  2344/496/15 2345/553/15 2346/554/15
f  2347/496/15 2348/554/15 2349/494/15
f  2350/494/15 2351/554/15 2352/555/15
f  2353/494/15 2354/555/15 2355/556/15
f  2356/494/15 2357/556/15 2358/492/15
f  2359/492/15 2360/556/15 2361/557/15
f  2362/492/15 2363/557/15 2364/490/15
f  2365/490/15 2366/557/15 2367/558/15
f  2368/490/15 2369/558/15 2370/488/15
f  2371/488/15 2372/558/15 2373/559/15
f  2374/488/15 2375/559/15 2376/560/15
f  2377/488/15 2378/560/15 2379/486/15
f  2380/486/15 2381/560/15 2382/561/15
f  2383/486/15 2384/561/15 2385/502/15
f  2386/502/15 2387/561/15 2388/562/15
f  2389/502/15 2390/562/15 2391/504/15
f  2392/504/15 2393/562/15 2394/563/15
f  2395/504/15 2396/563/15 2397/564/15
f  2398/504/15 2399/564/15 2400/506/15
f  2401/506/15 2402/564/15 2403/565/15
f  2404/506/15 2405/565/15 2406/508/15
f  2407/508/15 2408/565/15 2409/534/15
f  2410/508/15 2411/534/15 2412/509/15
f  2413/566/334 2414/200/184 2415/567/335
f  2416/567/335 2417/200/184 2418/194/178
f  2419/567/335 2420/194/178 2421/568/336
f  2422/568/336 2423/194/178 2424/569/337
f  2425/568/336 2426/569/337 2427/570/338
f  2428/570/338 2429/569/337 2430/571/339
f  2431/570/338 2432/571/339 2433/572/340
f  2434/572/340 2435/571/339 2436/573/341
f  2437/572/340 2438/573/341 2439/574/342
f  2440/574/342 2441/573/341 2442/575/343
f  2443/574/342 2444/575/343 2445/576/344
f  2446/576/344 2447/575/343 2448/577/345
f  2449/576/344 2450/577/345 2451/578/346
f  2452/578/346 2453/577/345 2454/579/347
f  2455/578/346 2456/579/347 2457/580/348
f  2458/580/348 2459/579/347 2460/581/349
f  2461/580/348 2462/581/349 2463/582/350
f  2464/582/350 2465/581/349 2466/583/351
f  2467/582/350 2468/583/351 2469/584/352
f  2470/584/352 2471/583/351 2472/585/353
f  2473/584/352 2474/585/353 2475/586/354
f  2476/586/354 2477/585/353 2478/587/355
f  2479/586/354 2480/587/355 2481/588/356
f  2482/194/178 2483/112/96 2484/569/337
f  2485/569/337 2486/112/96 2487/589/357
f  2488/569/337 2489/589/357 2490/571/339
f  2491/571/339 2492/589/357 2493/590/358
f  2494/571/339 2495/590/358 2496/573/341
f  2497/573/341 2498/590/358 2499/591/359
f  2500/573/341 2501/591/359 2502/575/343
f  2503/575/343 2504/591/359 2505/592/360
f  2506/575/343 2507/592/360 2508/577/345
f  2509/577/345 2510/592/360 2511/593/361
f  2512/577/345 2513/593/361 2514/579/347
f  2515/579/347 2516/593/361 2517/594/362
f  2518/579/347 2519/594/362 2520/581/349
f  2521/581/349 2522/594/362 2523/595/363
f  2524/581/349 2525/595/363 2526/583/351
f  2527/583/351 2528/595/363 2529/596/364
f  2530/583/351 2531/596/364 2532/585/353
f  2533/585/353 2534/596/364 2535/597/365
f  2536/585/353 2537/597/365 2538/587/355
f  2539/189/173 2540/598/366 2541/112/96
f  2542/112/96 2543/598/366 2544/599/367
f  2545/112/96 2546/599/367 2547/600/368
f  2548/600/368 2549/599/367 2550/601/369
f  2551/600/368 2552/601/369 2553/590/358
f  2554/590/358 2555/601/369 2556/591/359
f  2557/193/177 2558/602/370 2559/189/173
f  2560/189/173 2561/602/370 2562/603/371
f  2563/189/173 2564/603/371 2565/604/372
f  2566/604/372 2567/603/371 2568/605/373
f  2569/604/372 2570/605/373 2571/606/374
f  2572/606/374 2573/605/373 2574/607/375
f  2575/606/374 2576/607/375 2577/608/376
f  2578/608/376 2579/607/375 2580/609/377
f  2581/608/376 2582/609/377 2583/610/378
f  2584/610/378 2585/609/377 2586/611/379
f  2587/610/378 2588/611/379 2589/593/361
f  2590/593/361 2591/611/379 2592/594/362
f  2593/602/370 2594/193/177 2595/612/380
f  2596/612/380 2597/193/177 2598/613/381
f  2599/612/380 2600/613/381 2601/614/382
f  2602/614/382 2603/613/381 2604/615/383
f  2605/614/382 2606/615/383 2607/616/384
f  2608/616/384 2609/615/383 2610/617/385
f  2611/616/384 2612/617/385 2613/618/386
f  2614/618/386 2615/617/385 2616/619/387
f  2617/618/386 2618/619/387 2619/620/388
f  2620/620/388 2621/619/387 2622/621/389
f  2623/620/388 2624/621/389 2625/622/390
f  2626/622/390 2627/621/389 2628/623/391
f  2629/622/390 2630/623/391 2631/624/392
f  2632/624/392 2633/623/391 2634/597/365
f  2635/624/392 2636/597/365 2637/596/364
f  2638/586/354 2639/588/356 2640/625/393
f  2641/625/393 2642/588/356 2643/626/394
f  2644/625/393 2645/626/394 2646/627/395
f  2647/627/395 2648/626/394 2649/628/396
f  2650/627/395 2651/628/396 2652/629/397
f  2653/629/397 2654/628/396 2655/630/398
f  2656/629/397 2657/630/398 2658/631/399
f  2659/631/399 2660/630/398 2661/632/400
f  2662/631/399 2663/632/400 2664/633/401
f  2665/633/401 2666/632/400 2667/634/402
f  2668/633/401 2669/634/402 2670/635/403
f  2671/635/403 2672/634/402 2673/636/404
f  2674/635/403 2675/636/404 2676/637/405
f  2677/637/405 2678/636/404 2679/638/41
f  2680/637/405 2681/638/41 2682/639/43
f  2683/637/405 2684/639/43 2685/640/406
f  2686/640/406 2687/639/43 2688/641/199
f  2689/640/406 2690/641/199 2691/642/407
f  2692/642/407 2693/641/199 2694/643/408
f  2695/642/407 2696/643/408 2697/644/409
f  2698/644/409 2699/643/408 2700/645/410
f  2701/644/409 2702/645/410 2703/646/411
f  2704/646/411 2705/645/410 2706/647/412
f  2707/646/411 2708/647/412 2709/648/413
f  2710/648/413 2711/647/412 2712/649/414
f  2713/648/413 2714/649/414 2715/650/415
f  2716/650/415 2717/649/414 2718/651/416
f  2719/650/415 2720/651/416 2721/652/417
f  2722/652/417 2723/651/416 2724/653/418
f  2725/652/417 2726/653/418 2727/654/419
f  2728/654/419 2729/653/418 2730/655/420
f  2731/654/419 2732/655/420 2733/656/421
f  2734/656/421 2735/655/420 2736/657/422
f  2737/656/421 2738/657/422 2739/658/423
f  2740/658/423 2741/657/422 2742/659/424
f  2743/658/423 2744/659/424 2745/660/425
f  2746/641/199 2747/661/198 2748/643/408
f  2749/643/408 2750/661/198 2751/662/426
f  2752/643/408 2753/662/426 2754/645/410
f  2755/645/410 2756/662/426 2757/663/427
f  2758/645/410 2759/663/427 2760/647/412
f  2761/647/412 2762/663/427 2763/664/428
f  2764/647/412 2765/664/428 2766/649/414
f  2767/649/414 2768/664/428 2769/665/429
f  2770/649/414 2771/665/429 2772/651/416
f  2773/651/416 2774/665/429 2775/666/430
f  2776/651/416 2777/666/430 2778/653/418
f  2779/653/418 2780/666/430 2781/667/431
f  2782/653/418 2783/667/431 2784/655/420
f  2785/655/420 2786/667/431 2787/668/432
f  2788/655/420 2789/668/432 2790/657/422
f  2791/657/422 2792/668/432 2793/669/433
f  2794/657/422 2795/669/433 2796/659/424
f  2797/661/198 2798/670/197 2799/662/426
f  2800/662/426 2801/670/197 2802/671/434
f  2803/662/426 2804/671/434 2805/663/427
f  2806/663/427 2807/671/434 2808/672/435
f  2809/663/427 2810/672/435 2811/664/428
f  2812/664/428 2813/672/435 2814/673/436
f  2815/664/428 2816/673/436 2817/665/429
f  2818/665/429 2819/673/436 2820/674/437
f  2821/665/429 2822/674/437 2823/666/430
f  2824/666/430 2825/674/437 2826/675/438
f  2827/666/430 2828/675/438 2829/667/431
f  2830/667/431 2831/675/438 2832/676/439
f  2833/667/431 2834/676/439 2835/668/432
f  2836/668/432 2837/676/439 2838/677/440
f  2839/668/432 2840/677/440 2841/669/433
f  2842/671/434 2843/670/197 2844/678/441
f  2845/678/441 2846/670/197 2847/679/196
f  2848/678/441 2849/679/196 2850/680/442
f  2851/680/442 2852/679/196 2853/681/443
f  2854/680/442 2855/681/443 2856/682/444
f  2857/682/444 2858/681/443 2859/683/445
f  2860/682/444 2861/683/445 2862/684/446
f  2863/684/446 2864/683/445 2865/685/447
f  2866/684/446 2867/685/447 2868/686/448
f  2869/686/448 2870/685/447 2871/687/449
f  2872/686/448 2873/687/449 2874/688/450
f  2875/679/196 2876/689/195 2877/681/443
f  2878/681/443 2879/689/195 2880/690/451
f  2881/681/443 2882/690/451 2883/683/445
f  2884/683/445 2885/690/451 2886/691/452
f  2887/683/445 2888/691/452 2889/685/447
f  2890/685/447 2891/691/452 2892/692/453
f  2893/685/447 2894/692/453 2895/687/449
f  2896/689/195 2897/693/194 2898/690/451
f  2899/690/451 2900/693/194 2901/694/454
f  2902/690/451 2903/694/454 2904/691/452
f  2905/691/452 2906/694/454 2907/692/453
f  2908/693/194 2909/695/193 2910/694/454
f  2911/694/454 2912/695/193 2913/696/455
f  2914/694/454 2915/696/455 2916/692/453
f  2917/686/448 2918/688/450 2919/697/456
f  2920/697/456 2921/688/450 2922/698/457
f  2923/697/456 2924/698/457 2925/676/439
f  2926/676/439 2927/698/457 2928/677/440
f  2929/658/423 2930/660/425 2931/699/458
f  2932/699/458 2933/660/425 2934/700/459
f  2935/699/458 2936/700/459 2937/701/460
f  2938/701/460 2939/700/459 2940/702/461
f  2941/701/460 2942/702/461 2943/703/462
f  2944/703/462 2945/702/461 2946/704/463
f  2947/703/462 2948/704/463 2949/705/464
f  2950/705/464 2951/704/463 2952/706/465
f  2953/705/464 2954/706/465 2955/707/466
f  2956/707/466 2957/706/465 2958/708/467
f  2959/707/466 2960/708/467 2961/709/468
f  2962/709/468 2963/708/467 2964/710/469
f  2965/709/468 2966/710/469 2967/711/470
f  2968/711/470 2969/710/469 2970/712/471
f  2971/711/470 2972/712/471 2973/713/472
f  2974/713/472 2975/712/471 2976/576/344
f  2977/713/472 2978/576/344 2979/578/346
f  2980/702/461 2981/714/473 2982/704/463
f  2983/704/463 2984/714/473 2985/715/474
f  2986/704/463 2987/715/474 2988/706/465
f  2989/706/465 2990/715/474 2991/716/475
f  2992/706/465 2993/716/475 2994/708/467
f  2995/708/467 2996/716/475 2997/717/476
f  2998/708/467 2999/717/476 3000/710/469
f  3001/710/469 3002/717/476 3003/718/477
f  3004/710/469 3005/718/477 3006/712/471
f  3007/712/471 3008/718/477 3009/574/342
f  3010/712/471 3011/574/342 3012/576/344
f  3013/714/473 3014/719/478 3015/715/474
f  3016/715/474 3017/719/478 3018/720/479
f  3019/715/474 3020/720/479 3021/716/475
f  3022/716/475 3023/720/479 3024/721/480
f  3025/716/475 3026/721/480 3027/717/476
f  3028/717/476 3029/721/480 3030/722/481
f  3031/717/476 3032/722/481 3033/718/477
f  3034/718/477 3035/722/481 3036/572/340
f  3037/718/477 3038/572/340 3039/574/342
f  3040/719/478 3041/723/482 3042/720/479
f  3043/720/479 3044/723/482 3045/724/483
f  3046/720/479 3047/724/483 3048/721/480
f  3049/721/480 3050/724/483 3051/725/484
f  3052/721/480 3053/725/484 3054/722/481
f  3055/722/481 3056/725/484 3057/570/338
f  3058/722/481 3059/570/338 3060/572/340
f  3061/723/482 3062/566/334 3063/724/483
f  3064/724/483 3065/566/334 3066/567/335
f  3067/724/483 3068/567/335 3069/725/484
f  3070/725/484 3071/567/335 3072/568/336
f  3073/725/484 3074/568/336 3075/570/338
f  3076/598/366 3077/189/173 3078/604/372
f  3079/589/357 3080/112/96 3081/600/368
f  3082/590/358 3083/589/357 3084/600/368
f  3085/701/460 3086/703/462 3087/726/485
f  3088/726/485 3089/703/462 3090/705/464
f  3091/726/485 3092/705/464 3093/727/486
f  3094/727/486 3095/705/464 3096/707/466
f  3097/727/486 3098/707/466 3099/728/487
f  3100/728/487 3101/707/466 3102/709/468
f  3103/728/487 3104/709/468 3105/729/488
f  3106/729/488 3107/709/468 3108/711/470
f  3109/729/488 3110/711/470 3111/730/489
f  3112/730/489 3113/711/470 3114/713/472
f  3115/730/489 3116/713/472 3117/731/490
f  3118/731/490 3119/713/472 3120/578/346
f  3121/731/490 3122/578/346 3123/580/348
f  3124/699/458 3125/701/460 3126/732/491
f  3127/732/491 3128/701/460 3129/726/485
f  3130/732/491 3131/726/485 3132/733/492
f  3133/733/492 3134/726/485 3135/727/486
f  3136/733/492 3137/727/486 3138/734/493
f  3139/734/493 3140/727/486 3141/728/487
f  3142/734/493 3143/728/487 3144/735/494
f  3145/735/494 3146/728/487 3147/729/488
f  3148/735/494 3149/729/488 3150/736/495
f  3151/736/495 3152/729/488 3153/730/489
f  3154/736/495 3155/730/489 3156/737/496
f  3157/737/496 3158/730/489 3159/731/490
f  3160/737/496 3161/731/490 3162/738/497
f  3163/738/497 3164/731/490 3165/580/348
f  3166/738/497 3167/580/348 3168/582/350
f  3169/658/423 3170/699/458 3171/739/498
f  3172/739/498 3173/699/458 3174/732/491
f  3175/739/498 3176/732/491 3177/740/499
f  3178/740/499 3179/732/491 3180/733/492
f  3181/740/499 3182/733/492 3183/741/500
f  3184/741/500 3185/733/492 3186/734/493
f  3187/741/500 3188/734/493 3189/742/501
f  3190/742/501 3191/734/493 3192/735/494
f  3193/742/501 3194/735/494 3195/743/502
f  3196/743/502 3197/735/494 3198/736/495
f  3199/743/502 3200/736/495 3201/744/503
f  3202/744/503 3203/736/495 3204/737/496
f  3205/744/503 3206/737/496 3207/745/504
f  3208/745/504 3209/737/496 3210/738/497
f  3211/745/504 3212/738/497 3213/746/505
f  3214/746/505 3215/738/497 3216/582/350
f  3217/746/505 3218/582/350 3219/584/352
f  3220/676/439 3221/675/438 3222/697/456
f  3223/697/456 3224/675/438 3225/747/506
f  3226/697/456 3227/747/506 3228/686/448
f  3229/686/448 3230/747/506 3231/684/446
f  3232/740/499 3233/748/507 3234/739/498
f  3235/739/498 3236/748/507 3237/656/421
f  3238/739/498 3239/656/421 3240/658/423
f  3241/656/421 3242/748/507 3243/654/419
f  3244/654/419 3245/748/507 3246/749/508
f  3247/654/419 3248/749/508 3249/652/417
f  3250/652/417 3251/749/508 3252/750/509
f  3253/652/417 3254/750/509 3255/650/415
f  3256/650/415 3257/750/509 3258/751/510
f  3259/650/415 3260/751/510 3261/648/413
f  3262/648/413 3263/751/510 3264/752/511
f  3265/648/413 3266/752/511 3267/646/411
f  3268/646/411 3269/752/511 3270/753/512
f  3271/646/411 3272/753/512 3273/644/409
f  3274/644/409 3275/753/512 3276/754/513
f  3277/644/409 3278/754/513 3279/642/407
f  3280/642/407 3281/754/513 3282/640/406
f  3283/748/507 3284/740/499 3285/755/514
f  3286/755/514 3287/740/499 3288/741/500
f  3289/755/514 3290/741/500 3291/756/515
f  3292/756/515 3293/741/500 3294/742/501
f  3295/756/515 3296/742/501 3297/757/516
f  3298/757/516 3299/742/501 3300/743/502
f  3301/757/516 3302/743/502 3303/758/517
f  3304/758/517 3305/743/502 3306/744/503
f  3307/758/517 3308/744/503 3309/759/518
f  3310/759/518 3311/744/503 3312/745/504
f  3313/759/518 3314/745/504 3315/760/519
f  3316/760/519 3317/745/504 3318/746/505
f  3319/760/519 3320/746/505 3321/761/520
f  3322/761/520 3323/746/505 3324/584/352
f  3325/761/520 3326/584/352 3327/586/354
f  3328/747/506 3329/675/438 3330/674/437
f  3331/684/446 3332/747/506 3333/762/521
f  3334/762/521 3335/747/506 3336/674/437
f  3337/762/521 3338/674/437 3339/673/436
f  3340/684/446 3341/762/521 3342/682/444
f  3343/682/444 3344/762/521 3345/763/522
f  3346/682/444 3347/763/522 3348/680/442
f  3349/680/442 3350/763/522 3351/678/441
f  3352/763/522 3353/762/521 3354/673/436
f  3355/601/369 3356/599/367 3357/764/523
f  3358/764/523 3359/599/367 3360/598/366
f  3361/764/523 3362/598/366 3363/606/374
f  3364/606/374 3365/598/366 3366/604/372
f  3367/591/359 3368/601/369 3369/765/524
f  3370/765/524 3371/601/369 3372/764/523
f  3373/765/524 3374/764/523 3375/608/376
f  3376/608/376 3377/764/523 3378/606/374
f  3379/591/359 3380/765/524 3381/592/360
f  3382/592/360 3383/765/524 3384/610/378
f  3385/592/360 3386/610/378 3387/593/361
f  3388/610/378 3389/765/524 3390/608/376
f  3391/758/517 3392/766/525 3393/757/516
f  3394/757/516 3395/766/525 3396/767/526
f  3397/757/516 3398/767/526 3399/756/515
f  3400/756/515 3401/767/526 3402/768/527
f  3403/756/515 3404/768/527 3405/755/514
f  3406/755/514 3407/768/527 3408/749/508
f  3409/755/514 3410/749/508 3411/748/507
f  3412/766/525 3413/769/528 3414/767/526
f  3415/767/526 3416/769/528 3417/770/529
f  3418/767/526 3419/770/529 3420/768/527
f  3421/768/527 3422/770/529 3423/750/509
f  3424/768/527 3425/750/509 3426/749/508
f  3427/766/525 3428/758/517 3429/771/530
f  3430/771/530 3431/758/517 3432/759/518
f  3433/771/530 3434/759/518 3435/772/531
f  3436/772/531 3437/759/518 3438/760/519
f  3439/772/531 3440/760/519 3441/773/532
f  3442/773/532 3443/760/519 3444/761/520
f  3445/773/532 3446/761/520 3447/625/393
f  3448/625/393 3449/761/520 3450/586/354
f  3451/769/528 3452/774/533 3453/770/529
f  3454/770/529 3455/774/533 3456/751/510
f  3457/770/529 3458/751/510 3459/750/509
f  3460/769/528 3461/766/525 3462/775/534
f  3463/775/534 3464/766/525 3465/771/530
f  3466/775/534 3467/771/530 3468/776/535
f  3469/776/535 3470/771/530 3471/772/531
f  3472/776/535 3473/772/531 3474/777/536
f  3475/777/536 3476/772/531 3477/773/532
f  3478/777/536 3479/773/532 3480/627/395
f  3481/627/395 3482/773/532 3483/625/393
f  3484/751/510 3485/774/533 3486/752/511
f  3487/752/511 3488/774/533 3489/778/537
f  3490/752/511 3491/778/537 3492/753/512
f  3493/753/512 3494/778/537 3495/779/538
f  3496/753/512 3497/779/538 3498/754/513
f  3499/754/513 3500/779/538 3501/780/539
f  3502/754/513 3503/780/539 3504/640/406
f  3505/640/406 3506/780/539 3507/637/405
f  3508/774/533 3509/769/528 3510/781/540
f  3511/781/540 3512/769/528 3513/775/534
f  3514/781/540 3515/775/534 3516/782/541
f  3517/782/541 3518/775/534 3519/776/535
f  3520/782/541 3521/776/535 3522/783/542
f  3523/783/542 3524/776/535 3525/777/536
f  3526/783/542 3527/777/536 3528/629/397
f  3529/629/397 3530/777/536 3531/627/395
f  3532/672/435 3533/671/434 3534/678/441
f  3535/605/373 3536/603/371 3537/784/543
f  3538/784/543 3539/603/371 3540/602/370
f  3541/784/543 3542/602/370 3543/614/382
f  3544/614/382 3545/602/370 3546/612/380
f  3547/607/375 3548/605/373 3549/785/544
f  3550/785/544 3551/605/373 3552/784/543
f  3553/785/544 3554/784/543 3555/616/384
f  3556/616/384 3557/784/543 3558/614/382
f  3559/609/377 3560/607/375 3561/786/545
f  3562/786/545 3563/607/375 3564/785/544
f  3565/786/545 3566/785/544 3567/618/386
f  3568/618/386 3569/785/544 3570/616/384
f  3571/611/379 3572/609/377 3573/787/546
f  3574/787/546 3575/609/377 3576/786/545
f  3577/787/546 3578/786/545 3579/620/388
f  3580/620/388 3581/786/545 3582/618/386
f  3583/594/362 3584/611/379 3585/788/547
f  3586/788/547 3587/611/379 3588/787/546
f  3589/788/547 3590/787/546 3591/622/390
f  3592/622/390 3593/787/546 3594/620/388
f  3595/594/362 3596/788/547 3597/595/363
f  3598/595/363 3599/788/547 3600/624/392
f  3601/595/363 3602/624/392 3603/596/364
f  3604/624/392 3605/788/547 3606/622/390
f  3607/783/542 3608/789/548 3609/782/541
f  3610/782/541 3611/789/548 3612/790/549
f  3613/782/541 3614/790/549 3615/781/540
f  3616/781/540 3617/790/549 3618/778/537
f  3619/781/540 3620/778/537 3621/774/533
f  3622/789/548 3623/791/550 3624/790/549
f  3625/790/549 3626/791/550 3627/779/538
f  3628/790/549 3629/779/538 3630/778/537
f  3631/629/397 3632/631/399 3633/783/542
f  3634/783/542 3635/631/399 3636/789/548
f  3637/779/538 3638/791/550 3639/780/539
f  3640/780/539 3641/791/550 3642/635/403
f  3643/780/539 3644/635/403 3645/637/405
f  3646/631/399 3647/633/401 3648/789/548
f  3649/789/548 3650/633/401 3651/791/550
f  3652/633/401 3653/635/403 3654/791/550
f  3655/673/436 3656/672/435 3657/763/522
f  3658/763/522 3659/672/435 3660/678/441
f  3661/388/323 3662/389/323 3663/390/323
f  3664/390/323 3665/389/323 3666/391/323
f  3667/390/323 3668/391/323 3669/392/323
f  3670/389/323 3671/388/323 3672/393/323
f  3673/393/323 3674/388/323 3675/394/323
f  3676/393/323 3677/394/323 3678/395/323
f  3679/395/323 3680/394/323 3681/396/323
f  3682/395/323 3683/396/323 3684/397/323
f  3685/397/323 3686/396/323 3687/398/323
f  3688/397/323 3689/398/323 3690/399/323
f  3691/399/323 3692/398/323 3693/400/323
f  3694/399/323 3695/400/323 3696/401/323
f  3697/399/323 3698/401/323 3699/402/323
f  3700/402/323 3701/401/323 3702/403/323
f  3703/402/323 3704/403/323 3705/404/323
f  3706/404/323 3707/403/323 3708/405/323
f  3709/404/323 3710/405/323 3711/406/323
f  3712/406/323 3713/405/323 3714/407/323
f  3715/406/323 3716/407/323 3717/408/323
f  3718/408/323 3719/407/323 3720/409/323
f  3721/409/323 3722/407/323 3723/410/323
f  3724/409/323 3725/410/323 3726/411/323
f  3727/411/323 3728/410/323 3729/412/323
f  3730/411/323 3731/412/323 3732/413/323
f  3733/413/323 3734/412/323 3735/414/323
f  3736/413/323 3737/414/323 3738/415/323
f  3739/415/323 3740/414/323 3741/416/323
f  3742/415/323 3743/416/323 3744/417/323
f  3745/417/323 3746/416/323 3747/418/323
f  3748/417/323 3749/418/323 3750/419/323
f  3751/419/323 3752/418/323 3753/420/323
f  3754/419/323 3755/420/323 3756/421/323
f  3757/419/323 3758/421/323 3759/422/323
f  3760/422/323 3761/421/323 3762/423/323
f  3763/422/323 3764/423/323 3765/424/323
f  3766/424/323 3767/423/323 3768/425/323
f  3769/424/323 3770/425/323 3771/426/323
f  3772/426/323 3773/425/323 3774/427/323
f  3775/426/323 3776/427/323 3777/392/323
f  3778/392/323 3779/427/323 3780/390/323
f  3781/388/34 3782/389/34 3783/390/34
f  3784/390/34 3785/389/34 3786/391/34
f  3787/390/34 3788/391/34 3789/392/34
f  3790/389/34 3791/388/34 3792/393/34
f  3793/393/34 3794/388/34 3795/394/34
f  3796/393/34 3797/394/34 3798/395/34
f  3799/395/34 3800/394/34 3801/396/34
f  3802/395/34 3803/396/34 3804/397/34
f  3805/397/34 3806/396/34 3807/398/34
f  3808/397/34 3809/398/34 3810/399/34
f  3811/399/34 3812/398/34 3813/400/34
f  3814/399/34 3815/400/34 3816/401/34
f  3817/399/34 3818/401/34 3819/402/34
f  3820/402/34 3821/401/34 3822/403/34
f  3823/402/34 3824/403/34 3825/404/34
f  3826/404/34 3827/403/34 3828/405/34
f  3829/404/34 3830/405/34 3831/406/34
f  3832/406/34 3833/405/34 3834/407/34
f  3835/406/34 3836/407/34 3837/408/34
f  3838/408/34 3839/407/34 3840/409/34
f  3841/409/34 3842/407/34 3843/410/34
f  3844/409/34 3845/410/34 3846/411/34
f  3847/411/34 3848/410/34 3849/412/34
f  3850/411/34 3851/412/34 3852/413/34
f  3853/413/34 3854/412/34 3855/414/34
f  3856/413/34 3857/414/34 3858/415/34
f  3859/415/34 3860/414/34 3861/416/34
f  3862/415/34 3863/416/34 3864/417/34
f  3865/417/34 3866/416/34 3867/418/34
f  3868/417/34 3869/418/34 3870/419/34
f  3871/419/34 3872/418/34 3873/420/34
f  3874/419/34 3875/420/34 3876/421/34
f  3877/419/34 3878/421/34 3879/422/34
f  3880/422/34 3881/421/34 3882/423/34
f  3883/422/34 3884/423/34 3885/424/34
f  3886/424/34 3887/423/34 3888/425/34
f  3889/424/34 3890/425/34 3891/426/34
f  3892/426/34 3893/425/34 3894/427/34
f  3895/426/34 3896/427/34 3897/392/34
f  3898/392/34 3899/427/34 3900/390/34
f  3901/792/551 3902/793/551 3903/794/551
f  3904/794/551 3905/793/551 3906/795/551
f  3907/794/551 3908/795/551 3909/796/551
f  3910/796/551 3911/795/551 3912/797/551
f  3913/796/551 3914/797/551 3915/798/551
f  3916/798/551 3917/797/551 3918/799/551
f  3919/798/551 3920/799/551 3921/800/551
f  3922/800/551 3923/799/551 3924/801/551
f  3925/800/551 3926/801/551 3927/802/551
f  3928/802/551 3929/801/551 3930/803/551
f  3931/802/551 3932/803/551 3933/804/551
f  3934/804/551 3935/803/551 3936/805/551
f  3937/805/551 3938/803/551 3939/806/551
f  3940/805/551 3941/806/551 3942/807/551
f  3943/807/551 3944/806/551 3945/808/551
f  3946/807/551 3947/808/551 3948/809/551
f  3949/809/551 3950/808/551 3951/810/551
f  3952/809/551 3953/810/551 3954/811/551
f  3955/811/551 3956/810/551 3957/812/551
f  3958/811/551 3959/812/551 3960/813/551
f  3961/813/551 3962/812/551 3963/814/551
f  3964/813/551 3965/814/551 3966/815/551
f  3967/813/551 3968/815/551 3969/816/551
f  3970/816/551 3971/815/551 3972/817/551
f  3973/816/551 3974/817/551 3975/818/551
f  3976/818/551 3977/817/551 3978/819/551
f  3979/818/551 3980/819/551 3981/820/551
f  3982/820/551 3983/819/551 3984/821/551
f  3985/820/551 3986/821/551 3987/822/551
f  3988/822/551 3989/821/551 3990/823/551
f  3991/822/551 3992/823/551 3993/824/551
f  3994/824/551 3995/823/551 3996/825/551
f  3997/825/551 3998/823/551 3999/826/551
f  4000/825/551 4001/826/551 4002/827/551
f  4003/827/551 4004/826/551 4005/828/551
f  4006/827/551 4007/828/551 4008/829/551
f  4009/829/551 4010/828/551 4011/830/551
f  4012/829/551 4013/830/551 4014/831/551
f  4015/831/551 4016/830/551 4017/792/551
f  4018/831/551 4019/792/551 4020/794/551
f  4021/832/15 4022/833/15 4023/834/15
f  4024/834/15 4025/833/15 4026/835/15
f  4027/834/15 4028/835/15 4029/836/15
f  4030/833/15 4031/832/15 4032/837/15
f  4033/837/15 4034/832/15 4035/838/15
f  4036/837/15 4037/838/15 4038/839/15
f  4039/839/15 4040/838/15 4041/840/15
f  4042/839/15 4043/840/15 4044/841/15
f  4045/841/15 4046/840/15 4047/842/15
f  4048/841/15 4049/842/15 4050/843/15
f  4051/843/15 4052/842/15 4053/844/15
f  4054/843/15 4055/844/15 4056/845/15
f  4057/843/15 4058/845/15 4059/846/15
f  4060/846/15 4061/845/15 4062/847/15
f  4063/846/15 4064/847/15 4065/848/15
f  4066/848/15 4067/847/15 4068/849/15
f  4069/848/15 4070/849/15 4071/850/15
f  4072/850/15 4073/849/15 4074/851/15
f  4075/850/15 4076/851/15 4077/852/15
f  4078/852/15 4079/851/15 4080/853/15
f  4081/853/15 4082/851/15 4083/854/15
f  4084/853/15 4085/854/15 4086/855/15
f  4087/855/15 4088/854/15 4089/856/15
f  4090/855/15 4091/856/15 4092/857/15
f  4093/857/15 4094/856/15 4095/858/15
f  4096/857/15 4097/858/15 4098/859/15
f  4099/859/15 4100/858/15 4101/860/15
f  4102/859/15 4103/860/15 4104/861/15
f  4105/861/15 4106/860/15 4107/862/15
f  4108/861/15 4109/862/15 4110/863/15
f  4111/863/15 4112/862/15 4113/864/15
f  4114/863/15 4115/864/15 4116/865/15
f  4117/863/15 4118/865/15 4119/866/15
f  4120/866/15 4121/865/15 4122/867/15
f  4123/866/15 4124/867/15 4125/868/15
f  4126/868/15 4127/867/15 4128/869/15
f  4129/868/15 4130/869/15 4131/870/15
f  4132/870/15 4133/869/15 4134/871/15
f  4135/870/15 4136/871/15 4137/836/15
f  4138/836/15 4139/871/15 4140/834/15
f  4141/872/3 4142/873/552 4143/874/3
f  4144/874/3 4145/873/552 4146/875/553
f  4147/874/3 4148/875/553 4149/876/554
f  4150/876/554 4151/875/553 4152/877/555
f  4153/876/554 4154/877/555 4155/878/556
f  4156/873/552 4157/872/3 4158/879/553
f  4159/879/553 4160/872/3 4161/880/554
f  4162/879/553 4163/880/554 4164/881/555
f  4165/881/555 4166/880/554 4167/882/556
f  4168/882/556 4169/880/554 4170/883/557
f  4171/883/557 4172/880/554 4173/884/558
f  4174/883/557 4175/884/558 4176/885/559
f  4177/885/559 4178/884/558 4179/886/560
f  4180/886/560 4181/884/558 4182/887/561
f  4183/886/560 4184/887/561 4185/888/562
f  4186/888/562 4187/887/561 4188/889/563
f  4189/889/563 4190/887/561 4191/890/564
f  4192/889/563 4193/890/564 4194/891/565
f  4195/891/565 4196/890/564 4197/892/323
f  4198/891/565 4199/892/323 4200/893/323
f  4201/893/323 4202/892/323 4203/894/566
f  4204/894/566 4205/892/323 4206/895/567
f  4207/894/566 4208/895/567 4209/896/568
f  4210/896/568 4211/895/567 4212/897/569
f  4213/896/568 4214/897/569 4215/898/570
f  4216/898/570 4217/897/569 4218/899/571
f  4219/899/571 4220/897/569 4221/900/572
f  4222/899/571 4223/900/572 4224/901/573
f  4225/901/573 4226/900/572 4227/902/574
f  4228/902/574 4229/900/572 4230/903/575
f  4231/902/574 4232/903/575 4233/904/576
f  4234/904/576 4235/903/575 4236/905/577
f  4237/905/577 4238/903/575 4239/906/578
f  4240/906/578 4241/903/575 4242/907/579
f  4243/907/579 4244/903/575 4245/33/27
f  4246/907/579 4247/33/27 4248/35/27
f  4249/35/27 4250/908/575 4251/907/579
f  4252/907/579 4253/908/575 4254/909/578
f  4255/909/578 4256/908/575 4257/910/577
f  4258/910/577 4259/908/575 4260/911/576
f  4261/911/576 4262/908/575 4263/912/574
f  4264/912/574 4265/908/575 4266/913/572
f  4267/912/574 4268/913/572 4269/914/573
f  4270/914/573 4271/913/572 4272/915/571
f  4273/915/571 4274/913/572 4275/916/569
f  4276/915/571 4277/916/569 4278/917/570
f  4279/917/570 4280/916/569 4281/918/568
f  4282/918/568 4283/916/569 4284/919/567
f  4285/918/568 4286/919/567 4287/920/566
f  4288/920/566 4289/919/567 4290/921/323
f  4291/920/566 4292/921/323 4293/922/323
f  4294/922/323 4295/921/323 4296/923/565
f  4297/923/565 4298/921/323 4299/924/564
f  4300/923/565 4301/924/564 4302/925/563
f  4303/925/563 4304/924/564 4305/926/561
f  4306/925/563 4307/926/561 4308/927/562
f  4309/927/562 4310/926/561 4311/928/560
f  4312/928/560 4313/926/561 4314/929/558
f  4315/928/560 4316/929/558 4317/930/559
f  4318/930/559 4319/929/558 4320/876/554
f  4321/930/559 4322/876/554 4323/931/557
f  4324/931/557 4325/876/554 4326/878/556
f  4327/932/27 4328/933/27 4329/934/580
f  4330/934/580 4331/933/27 4332/935/581
f  4333/935/581 4334/933/27 4335/936/582
f  4336/936/582 4337/933/27 4338/937/314
f  4339/936/582 4340/937/314 4341/938/583
f  4342/938/583 4343/937/314 4344/939/584
f  4345/939/584 4346/937/314 4347/940/315
f  4348/939/584 4349/940/315 4350/941/585
f  4351/941/585 4352/940/315 4353/942/316
f  4354/941/585 4355/942/316 4356/943/586
f  4357/943/586 4358/942/316 4359/944/587
f  4360/944/587 4361/942/316 4362/945/317
f  4363/944/587 4364/945/317 4365/946/588
f  4366/946/588 4367/945/317 4368/947/318
f  4369/946/588 4370/947/318 4371/948/318
f  4372/948/318 4373/947/318 4374/949/589
f  4375/949/589 4376/947/318 4377/950/319
f  4378/949/589 4379/950/319 4380/951/590
f  4381/951/590 4382/950/319 4383/952/320
f  4384/951/590 4385/952/320 4386/953/591
f  4387/953/591 4388/952/320 4389/954/592
f  4390/954/592 4391/952/320 4392/955/321
f  4393/954/592 4394/955/321 4395/956/593
f  4396/956/593 4397/955/321 4398/957/322
f  4399/956/593 4400/957/322 4401/958/594
f  4402/958/594 4403/957/322 4404/959/595
f  4405/959/595 4406/957/322 4407/3/3
f  4408/959/595 4409/3/3 4410/960/596
f  4411/960/596 4412/3/3 4413/961/597
f  4414/961/597 4415/3/3 4416/32/3

# Mesh 'FBXASC195FBXASC149FBXASC195FBXASC179FBXASC195FBXASC129FBXASC195FBXASC144FBXASC040FBXASC195FBXASC143FBXASC195FBXASC159FBXASC195FBXASC144FBXASC195FBXASC148FBXASC0411-lib' with 488 faces
g FBXASC195FBXASC149FBXASC195FBXASC179FBXASC195FBXASC129FBXASC195FBXASC144FBXASC040FBXASC195FBXASC143FBXASC195FBXASC159FBXASC195FBXASC144FBXASC195FBXASC148FBXASC0411-lib
usemtl MaterialFBXASC032FBXASC03528
f  4417/962/27 4418/57/27 4419/963/30
f  4420/963/30 4421/57/27 4422/964/30
f  4423/963/30 4424/964/30 4425/965/31
f  4426/965/31 4427/964/30 4428/966/31
f  4429/965/31 4430/966/31 4431/967/32
f  4432/967/32 4433/966/31 4434/968/32
f  4435/967/32 4436/968/32 4437/969/33
f  4438/969/33 4439/968/32 4440/970/33
f  4441/969/33 4442/970/33 4443/971/34
f  4444/971/34 4445/970/33 4446/972/34
f  4447/971/34 4448/972/34 4449/973/35
f  4450/973/35 4451/972/34 4452/974/35
f  4453/973/35 4454/974/35 4455/975/36
f  4456/975/36 4457/974/35 4458/976/36
f  4459/975/36 4460/976/36 4461/977/37
f  4462/977/37 4463/976/36 4464/978/37
f  4465/977/37 4466/978/37 4467/979/38
f  4468/979/38 4469/978/37 4470/980/38
f  4471/979/38 4472/980/38 4473/981/3
f  4474/981/3 4475/980/38 4476/982/3
f  4477/983/3 4478/984/3 4479/985/38
f  4480/985/38 4481/984/3 4482/986/38
f  4483/985/38 4484/986/38 4485/987/37
f  4486/987/37 4487/986/38 4488/988/37
f  4489/987/37 4490/988/37 4491/989/36
f  4492/989/36 4493/988/37 4494/990/36
f  4495/989/36 4496/990/36 4497/991/35
f  4498/991/35 4499/990/36 4500/992/35
f  4501/991/35 4502/992/35 4503/993/34
f  4504/993/34 4505/992/35 4506/994/34
f  4507/993/34 4508/994/34 4509/995/33
f  4510/993/34 4511/995/33 4512/996/33
f  4513/996/33 4514/995/33 4515/997/32
f  4516/996/33 4517/997/32 4518/998/32
f  4519/998/32 4520/997/32 4521/999/31
f  4522/998/32 4523/999/31 4524/1000/31
f  4525/1000/31 4526/999/31 4527/1001/30
f  4528/1000/31 4529/1001/30 4530/1002/30
f  4531/1002/30 4532/1001/30 4533/1003/27
f  4534/1002/30 4535/1003/27 4536/1004/27
f  4537/1005/317 4538/1006/318 4539/1007/598
f  4540/1007/598 4541/1006/318 4542/1008/318
f  4543/1007/598 4544/1008/318 4545/1009/599
f  4546/1009/599 4547/1008/318 4548/1010/318
f  4549/1009/599 4550/1010/318 4551/1011/600
f  4552/1011/600 4553/1010/318 4554/1012/318
f  4555/1011/600 4556/1012/318 4557/1013/601
f  4558/1013/601 4559/1012/318 4560/1014/318
f  4561/1013/601 4562/1014/318 4563/1015/602
f  4564/1015/602 4565/1014/318 4566/1016/318
f  4567/1015/602 4568/1016/318 4569/1017/603
f  4570/1017/603 4571/1016/318 4572/1018/318
f  4573/1017/603 4574/1018/318 4575/1019/604
f  4576/1019/604 4577/1018/318 4578/1020/318
f  4579/1019/604 4580/1020/318 4581/1021/605
f  4582/1021/605 4583/1020/318 4584/1022/318
f  4585/1021/605 4586/1022/318 4587/1023/606
f  4588/1023/606 4589/1022/318 4590/1024/318
f  4591/1023/606 4592/1024/318 4593/1025/318
f  4594/1025/318 4595/1026/319 4596/1023/606
f  4597/1023/606 4598/1026/319 4599/1027/607
f  4600/1023/606 4601/1027/607 4602/1021/605
f  4603/1021/605 4604/1027/607 4605/1028/608
f  4606/1021/605 4607/1028/608 4608/1019/604
f  4609/1019/604 4610/1028/608 4611/1029/609
f  4612/1019/604 4613/1029/609 4614/1017/603
f  4615/1017/603 4616/1029/609 4617/1030/610
f  4618/1017/603 4619/1030/610 4620/1015/602
f  4621/1015/602 4622/1030/610 4623/1031/611
f  4624/1015/602 4625/1031/611 4626/1013/601
f  4627/1013/601 4628/1031/611 4629/1032/612
f  4630/1013/601 4631/1032/612 4632/1011/600
f  4633/1011/600 4634/1032/612 4635/1033/613
f  4636/1011/600 4637/1033/613 4638/1009/599
f  4639/1009/599 4640/1033/613 4641/1034/614
f  4642/1009/599 4643/1034/614 4644/1007/598
f  4645/1007/598 4646/1034/614 4647/1035/615
f  4648/1007/598 4649/1035/615 4650/1005/317
f  4651/1005/317 4652/1035/615 4653/1036/316
f  4654/1036/316 4655/1035/615 4656/1037/616
f  4657/1036/316 4658/1037/616 4659/1038/315
f  4660/1038/315 4661/1037/616 4662/1039/617
f  4663/1038/315 4664/1039/617 4665/1040/314
f  4666/1040/314 4667/1039/617 4668/1041/30
f  4669/1040/314 4670/1041/30 4671/57/27
f  4672/1026/319 4673/1042/320 4674/1027/607
f  4675/1027/607 4676/1042/320 4677/1043/618
f  4678/1027/607 4679/1043/618 4680/1028/608
f  4681/1028/608 4682/1043/618 4683/1044/619
f  4684/1028/608 4685/1044/619 4686/1029/609
f  4687/1029/609 4688/1044/619 4689/1045/620
f  4690/1029/609 4691/1045/620 4692/1030/610
f  4693/1030/610 4694/1045/620 4695/1046/621
f  4696/1030/610 4697/1046/621 4698/1031/611
f  4699/1031/611 4700/1046/621 4701/1047/622
f  4702/1031/611 4703/1047/622 4704/1032/612
f  4705/1032/612 4706/1047/622 4707/1048/623
f  4708/1032/612 4709/1048/623 4710/1033/613
f  4711/1033/613 4712/1048/623 4713/1049/624
f  4714/1033/613 4715/1049/624 4716/1034/614
f  4717/1034/614 4718/1049/624 4719/1050/625
f  4720/1034/614 4721/1050/625 4722/1035/615
f  4723/1035/615 4724/1050/625 4725/1037/616
f  4726/1042/320 4727/1051/321 4728/1043/618
f  4729/1043/618 4730/1051/321 4731/1052/626
f  4732/1043/618 4733/1052/626 4734/1044/619
f  4735/1044/619 4736/1052/626 4737/1053/627
f  4738/1044/619 4739/1053/627 4740/1045/620
f  4741/1045/620 4742/1053/627 4743/1054/628
f  4744/1045/620 4745/1054/628 4746/1046/621
f  4747/1046/621 4748/1054/628 4749/1055/629
f  4750/1046/621 4751/1055/629 4752/1047/622
f  4753/1047/622 4754/1055/629 4755/1056/630
f  4756/1047/622 4757/1056/630 4758/1048/623
f  4759/1048/623 4760/1056/630 4761/1057/631
f  4762/1048/623 4763/1057/631 4764/1049/624
f  4765/1049/624 4766/1057/631 4767/1058/632
f  4768/1049/624 4769/1058/632 4770/1050/625
f  4771/1050/625 4772/1058/632 4773/1059/633
f  4774/1050/625 4775/1059/633 4776/1037/616
f  4777/1037/616 4778/1059/633 4779/1039/617
f  4780/1051/321 4781/1060/322 4782/1052/626
f  4783/1052/626 4784/1060/322 4785/1061/38
f  4786/1052/626 4787/1061/38 4788/1053/627
f  4789/1053/627 4790/1061/38 4791/1062/37
f  4792/1053/627 4793/1062/37 4794/1054/628
f  4795/1054/628 4796/1062/37 4797/1063/36
f  4798/1054/628 4799/1063/36 4800/1055/629
f  4801/1055/629 4802/1063/36 4803/1064/35
f  4804/1055/629 4805/1064/35 4806/1056/630
f  4807/1056/630 4808/1064/35 4809/1065/34
f  4810/1056/630 4811/1065/34 4812/1057/631
f  4813/1057/631 4814/1065/34 4815/1066/33
f  4816/1057/631 4817/1066/33 4818/1058/632
f  4819/1058/632 4820/1066/33 4821/1067/32
f  4822/1058/632 4823/1067/32 4824/1059/633
f  4825/1059/633 4826/1067/32 4827/1068/31
f  4828/1059/633 4829/1068/31 4830/1039/617
f  4831/1039/617 4832/1068/31 4833/1041/30
f  4834/1060/322 4835/1069/3 4836/1061/38
f  4837/57/3 4838/1070/38 4839/1071/3
f  4840/1071/3 4841/1070/38 4842/1072/38
f  4843/1072/38 4844/1070/38 4845/1073/37
f  4846/1072/38 4847/1073/37 4848/1074/37
f  4849/1074/37 4850/1073/37 4851/1075/36
f  4852/1074/37 4853/1075/36 4854/1076/36
f  4855/1076/36 4856/1075/36 4857/1077/35
f  4858/1076/36 4859/1077/35 4860/1078/35
f  4861/1078/35 4862/1077/35 4863/1079/34
f  4864/1078/35 4865/1079/34 4866/1080/34
f  4867/1080/34 4868/1079/34 4869/1081/33
f  4870/1080/34 4871/1081/33 4872/1082/33
f  4873/1082/33 4874/1081/33 4875/1083/32
f  4876/1082/33 4877/1083/32 4878/1084/32
f  4879/1084/32 4880/1083/32 4881/1085/31
f  4882/1084/32 4883/1085/31 4884/1086/31
f  4885/1086/31 4886/1085/31 4887/1087/30
f  4888/1086/31 4889/1087/30 4890/1088/30
f  4891/1088/30 4892/1087/30 4893/1089/27
f  4894/1089/27 4895/1087/30 4896/1090/27
f  4897/962/27 4898/57/27 4899/1091/24
f  4900/1091/24 4901/57/27 4902/1092/24
f  4903/1091/24 4904/1092/24 4905/1093/22
f  4906/1093/22 4907/1092/24 4908/1094/22
f  4909/1093/22 4910/1094/22 4911/1095/19
f  4912/1095/19 4913/1094/22 4914/1096/19
f  4915/1095/19 4916/1096/19 4917/1097/17
f  4918/1097/17 4919/1096/19 4920/1098/17
f  4921/1097/17 4922/1098/17 4923/1099/15
f  4924/1099/15 4925/1098/17 4926/1100/15
f  4927/1099/15 4928/1100/15 4929/1101/13
f  4930/1101/13 4931/1100/15 4932/1102/13
f  4933/1101/13 4934/1102/13 4935/1103/10
f  4936/1103/10 4937/1102/13 4938/1104/10
f  4939/1103/10 4940/1104/10 4941/1105/6
f  4942/1105/6 4943/1104/10 4944/1106/6
f  4945/1105/6 4946/1106/6 4947/1107/1
f  4948/1107/1 4949/1106/6 4950/1108/1
f  4951/1107/1 4952/1108/1 4953/1109/3
f  4954/1109/3 4955/1108/1 4956/1110/3
f  4957/962/27 4958/57/27 4959/1111/634
f  4960/1111/634 4961/57/27 4962/1092/24
f  4963/1111/634 4964/1092/24 4965/1112/635
f  4966/1112/635 4967/1092/24 4968/1094/22
f  4969/1112/635 4970/1094/22 4971/1113/636
f  4972/1113/636 4973/1094/22 4974/1114/637
f  4975/1114/637 4976/1094/22 4977/1096/19
f  4978/1114/637 4979/1096/19 4980/1115/638
f  4981/1115/638 4982/1096/19 4983/1116/639
f  4984/1116/639 4985/1096/19 4986/1098/17
f  4987/1116/639 4988/1098/17 4989/1117/640
f  4990/1117/640 4991/1098/17 4992/1100/15
f  4993/1117/640 4994/1100/15 4995/1099/15
f  4996/1099/15 4997/1100/15 4998/1118/641
f  4999/1118/641 5000/1100/15 5001/1102/13
f  5002/1118/641 5003/1102/13 5004/1119/642
f  5005/1119/642 5006/1102/13 5007/1104/10
f  5008/1119/642 5009/1104/10 5010/1120/643
f  5011/1120/643 5012/1104/10 5013/1121/644
f  5014/1121/644 5015/1104/10 5016/1106/6
f  5017/1121/644 5018/1106/6 5019/1122/645
f  5020/1122/645 5021/1106/6 5022/1123/646
f  5023/1123/646 5024/1106/6 5025/1108/1
f  5026/1123/646 5027/1108/1 5028/1124/647
f  5029/1124/647 5030/1108/1 5031/1110/3
f  5032/1124/647 5033/1110/3 5034/1109/3
f  5035/1125/3 5036/1126/3 5037/1127/648
f  5038/1127/648 5039/1126/3 5040/1128/322
f  5041/1127/648 5042/1128/322 5043/1129/649
f  5044/1129/649 5045/1128/322 5046/1130/321
f  5047/1129/649 5048/1130/321 5049/1131/650
f  5050/1131/650 5051/1130/321 5052/1132/651
f  5053/1132/651 5054/1130/321 5055/1133/320
f  5056/1132/651 5057/1133/320 5058/1134/652
f  5059/1134/652 5060/1133/320 5061/1135/653
f  5062/1135/653 5063/1133/320 5064/1136/319
f  5065/1135/653 5066/1136/319 5067/1137/654
f  5068/1137/654 5069/1136/319 5070/1138/318
f  5071/1137/654 5072/1138/318 5073/1139/318
f  5074/1139/318 5075/1138/318 5076/1140/655
f  5077/1140/655 5078/1138/318 5079/1141/317
f  5080/1140/655 5081/1141/317 5082/1142/656
f  5083/1142/656 5084/1141/317 5085/1143/316
f  5086/1142/656 5087/1143/316 5088/1144/657
f  5089/1144/657 5090/1143/316 5091/1145/658
f  5092/1145/658 5093/1143/316 5094/1146/315
f  5095/1145/658 5096/1146/315 5097/1147/659
f  5098/1147/659 5099/1146/315 5100/1148/660
f  5101/1148/660 5102/1146/315 5103/1149/314
f  5104/1148/660 5105/1149/314 5106/1150/661
f  5107/1150/661 5108/1149/314 5109/57/27
f  5110/1150/661 5111/57/27 5112/962/27
f  5113/1125/3 5114/1126/3 5115/1151/322
f  5116/1151/322 5117/1126/3 5118/1128/322
f  5119/1151/322 5120/1128/322 5121/1152/321
f  5122/1152/321 5123/1128/322 5124/1130/321
f  5125/1152/321 5126/1130/321 5127/1153/320
f  5128/1153/320 5129/1130/321 5130/1133/320
f  5131/1153/320 5132/1133/320 5133/1154/319
f  5134/1154/319 5135/1133/320 5136/1136/319
f  5137/1154/319 5138/1136/319 5139/1139/318
f  5140/1139/318 5141/1136/319 5142/1138/318
f  5143/1139/318 5144/1138/318 5145/1155/317
f  5146/1155/317 5147/1138/318 5148/1141/317
f  5149/1155/317 5150/1141/317 5151/1156/316
f  5152/1156/316 5153/1141/317 5154/1143/316
f  5155/1156/316 5156/1143/316 5157/1157/315
f  5158/1157/315 5159/1143/316 5160/1146/315
f  5161/1157/315 5162/1146/315 5163/1158/314
f  5164/1158/314 5165/1146/315 5166/1149/314
f  5167/1158/314 5168/1149/314 5169/962/27
f  5170/962/27 5171/1149/314 5172/57/27
f  5173/1159/15 5174/1160/15 5175/1161/15
f  5176/1161/15 5177/1160/15 5178/1162/15
f  5179/1161/15 5180/1162/15 5181/1163/15
f  5182/1163/15 5183/1162/15 5184/1164/15
f  5185/1163/15 5186/1164/15 5187/1165/15
f  5188/1165/15 5189/1164/15 5190/1166/15
f  5191/1165/15 5192/1166/15 5193/1167/15
f  5194/1167/15 5195/1166/15 5196/1168/15
f  5197/1167/15 5198/1168/15 5199/1169/15
f  5200/1169/15 5201/1168/15 5202/1170/15
f  5203/1169/15 5204/1170/15 5205/1171/15
f  5206/1160/15 5207/1159/15 5208/1172/15
f  5209/1172/15 5210/1159/15 5211/1173/15
f  5212/1172/15 5213/1173/15 5214/1174/15
f  5215/1174/15 5216/1173/15 5217/1175/15
f  5218/1174/15 5219/1175/15 5220/1176/15
f  5221/1176/15 5222/1175/15 5223/1177/15
f  5224/1176/15 5225/1177/15 5226/1178/15
f  5227/1179/318 5228/1180/318 5229/1181/318
f  5230/1181/318 5231/1180/318 5232/1182/318
f  5233/1181/318 5234/1182/318 5235/1183/318
f  5236/1183/318 5237/1182/318 5238/1184/318
f  5239/1183/318 5240/1184/318 5241/1185/318
f  5242/1185/318 5243/1184/318 5244/1186/318
f  5245/1185/318 5246/1186/318 5247/1187/318
f  5248/1187/318 5249/1186/318 5250/1188/318
f  5251/1187/318 5252/1188/318 5253/1189/318
f  5254/1189/318 5255/1188/318 5256/1190/318
f  5257/1189/318 5258/1190/318 5259/1191/318
f  5260/1180/318 5261/1179/318 5262/1192/318
f  5263/1192/318 5264/1179/318 5265/1193/318
f  5266/1192/318 5267/1193/318 5268/1194/318
f  5269/1194/318 5270/1193/318 5271/1195/318
f  5272/1194/318 5273/1195/318 5274/1196/318
f  5275/1196/318 5276/1195/318 5277/1197/318
f  5278/1196/318 5279/1197/318 5280/1198/318
f  5281/1199/27 5282/1200/27 5283/1201/575
f  5284/1201/575 5285/1200/27 5286/1202/575
f  5287/1201/575 5288/1202/575 5289/1203/572
f  5290/1201/575 5291/1203/572 5292/1204/572
f  5293/1204/572 5294/1203/572 5295/1205/569
f  5296/1204/572 5297/1205/569 5298/1206/569
f  5299/1206/569 5300/1205/569 5301/1207/567
f  5302/1206/569 5303/1207/567 5304/1208/567
f  5305/1208/567 5306/1207/567 5307/1209/323
f  5308/1208/567 5309/1209/323 5310/1210/323
f  5311/1210/323 5312/1209/323 5313/1211/564
f  5314/1210/323 5315/1211/564 5316/1212/564
f  5317/1212/564 5318/1211/564 5319/1213/561
f  5320/1212/564 5321/1213/561 5322/1214/561
f  5323/1214/561 5324/1213/561 5325/1215/558
f  5326/1214/561 5327/1215/558 5328/1216/558
f  5329/1216/558 5330/1215/558 5331/1217/554
f  5332/1216/558 5333/1217/554 5334/1218/554
f  5335/1218/554 5336/1217/554 5337/57/3
f  5338/1218/554 5339/57/3 5340/1071/3
f  5341/1219/3 5342/1220/322 5343/1221/554
f  5344/1221/554 5345/1220/322 5346/1222/662
f  5347/1221/554 5348/1222/662 5349/1223/558
f  5350/1223/558 5351/1222/662 5352/1224/663
f  5353/1223/558 5354/1224/663 5355/1225/561
f  5356/1225/561 5357/1224/663 5358/1226/664
f  5359/1225/561 5360/1226/664 5361/1227/564
f  5362/1227/564 5363/1226/664 5364/1228/665
f  5365/1227/564 5366/1228/665 5367/1229/323
f  5368/1229/323 5369/1228/665 5370/1230/666
f  5371/1229/323 5372/1230/666 5373/1231/567
f  5374/1231/567 5375/1230/666 5376/1232/667
f  5377/1231/567 5378/1232/667 5379/1233/569
f  5380/1233/569 5381/1232/667 5382/1234/668
f  5383/1233/569 5384/1234/668 5385/1235/572
f  5386/1235/572 5387/1234/668 5388/1236/669
f  5389/1235/572 5390/1236/669 5391/1237/575
f  5392/1237/575 5393/1236/669 5394/1238/670
f  5395/1237/575 5396/1238/670 5397/1040/314
f  5398/1040/314 5399/1238/670 5400/1038/315
f  5401/1038/315 5402/1238/670 5403/1239/671
f  5404/1038/315 5405/1239/671 5406/1036/316
f  5407/1036/316 5408/1239/671 5409/1240/672
f  5410/1036/316 5411/1240/672 5412/1005/317
f  5413/1005/317 5414/1240/672 5415/1241/673
f  5416/1005/317 5417/1241/673 5418/1006/318
f  5419/1006/318 5420/1241/673 5421/1242/318
f  5422/1242/318 5423/1241/673 5424/1243/318
f  5425/1243/318 5426/1241/673 5427/1244/674
f  5428/1243/318 5429/1244/674 5430/1245/318
f  5431/1245/318 5432/1244/674 5433/1246/675
f  5434/1245/318 5435/1246/675 5436/1247/318
f  5437/1247/318 5438/1246/675 5439/1248/676
f  5440/1247/318 5441/1248/676 5442/1249/318
f  5443/1249/318 5444/1248/676 5445/1250/677
f  5446/1249/318 5447/1250/677 5448/1251/318
f  5449/1251/318 5450/1250/677 5451/1252/678
f  5452/1251/318 5453/1252/678 5454/1253/318
f  5455/1253/318 5456/1252/678 5457/1254/679
f  5458/1253/318 5459/1254/679 5460/1255/318
f  5461/1255/318 5462/1254/679 5463/1256/680
f  5464/1255/318 5465/1256/680 5466/1257/318
f  5467/1257/318 5468/1256/680 5469/1258/681
f  5470/1257/318 5471/1258/681 5472/1259/318
f  5473/1259/318 5474/1258/681 5475/1260/319
f  5476/1260/319 5477/1258/681 5478/1261/682
f  5479/1260/319 5480/1261/682 5481/1262/320
f  5482/1262/320 5483/1261/682 5484/1263/683
f  5485/1262/320 5486/1263/683 5487/1264/321
f  5488/1264/321 5489/1263/683 5490/1222/662
f  5491/1264/321 5492/1222/662 5493/1220/322
f  5494/1040/314 5495/57/27 5496/1237/575
f  5497/1261/682 5498/1258/681 5499/1265/684
f  5500/1265/684 5501/1258/681 5502/1256/680
f  5503/1265/684 5504/1256/680 5505/1266/685
f  5506/1266/685 5507/1256/680 5508/1254/679
f  5509/1266/685 5510/1254/679 5511/1267/686
f  5512/1267/686 5513/1254/679 5514/1252/678
f  5515/1267/686 5516/1252/678 5517/1268/687
f  5518/1268/687 5519/1252/678 5520/1250/677
f  5521/1268/687 5522/1250/677 5523/1269/688
f  5524/1269/688 5525/1250/677 5526/1248/676
f  5527/1269/688 5528/1248/676 5529/1270/689
f  5530/1270/689 5531/1248/676 5532/1246/675
f  5533/1270/689 5534/1246/675 5535/1271/690
f  5536/1271/690 5537/1246/675 5538/1244/674
f  5539/1271/690 5540/1244/674 5541/1240/672
f  5542/1240/672 5543/1244/674 5544/1241/673
f  5545/1224/663 5546/1222/662 5547/1263/683
f  5548/1263/683 5549/1261/682 5550/1272/691
f  5551/1272/691 5552/1261/682 5553/1265/684
f  5554/1272/691 5555/1265/684 5556/1273/692
f  5557/1273/692 5558/1265/684 5559/1266/685
f  5560/1273/692 5561/1266/685 5562/1274/693
f  5563/1274/693 5564/1266/685 5565/1267/686
f  5566/1274/693 5567/1267/686 5568/1275/694
f  5569/1275/694 5570/1267/686 5571/1268/687
f  5572/1275/694 5573/1268/687 5574/1276/695
f  5575/1276/695 5576/1268/687 5577/1269/688
f  5578/1276/695 5579/1269/688 5580/1277/696
f  5581/1277/696 5582/1269/688 5583/1270/689
f  5584/1277/696 5585/1270/689 5586/1278/697
f  5587/1278/697 5588/1270/689 5589/1271/690
f  5590/1278/697 5591/1271/690 5592/1239/671
f  5593/1239/671 5594/1271/690 5595/1240/672
f  5596/1226/664 5597/1224/663 5598/1272/691
f  5599/1272/691 5600/1224/663 5601/1263/683
f  5602/1226/664 5603/1272/691 5604/1273/692
f  5605/1228/665 5606/1226/664 5607/1273/692
f  5608/1228/665 5609/1273/692 5610/1274/693
f  5611/1230/666 5612/1228/665 5613/1274/693
f  5614/1230/666 5615/1274/693 5616/1275/694
f  5617/1232/667 5618/1230/666 5619/1275/694
f  5620/1232/667 5621/1275/694 5622/1276/695
f  5623/1234/668 5624/1232/667 5625/1276/695
f  5626/1234/668 5627/1276/695 5628/1277/696
f  5629/1236/669 5630/1234/668 5631/1277/696
f  5632/1236/669 5633/1277/696 5634/1278/697
f  5635/1238/670 5636/1236/669 5637/1278/697
f  5638/1238/670 5639/1278/697 5640/1239/671
f  5641/855/15 5642/1164/15 5643/853/15
f  5644/853/15 5645/1164/15 5646/1162/15
f  5647/853/15 5648/1162/15 5649/852/15
f  5650/852/15 5651/1162/15 5652/1160/15
f  5653/852/15 5654/1160/15 5655/1172/15
f  5656/1164/15 5657/855/15 5658/1166/15
f  5659/1166/15 5660/855/15 5661/857/15
f  5662/1166/15 5663/857/15 5664/1168/15
f  5665/1168/15 5666/857/15 5667/859/15
f  5668/1168/15 5669/859/15 5670/1170/15
f  5671/1170/15 5672/859/15 5673/861/15
f  5674/1170/15 5675/861/15 5676/1171/15
f  5677/1171/15 5678/861/15 5679/863/15
f  5680/1171/15 5681/863/15 5682/866/15
f  5683/1171/15 5684/866/15 5685/1169/15
f  5686/1169/15 5687/866/15 5688/868/15
f  5689/1169/15 5690/868/15 5691/1167/15
f  5692/1167/15 5693/868/15 5694/870/15
f  5695/1167/15 5696/870/15 5697/1165/15
f  5698/1165/15 5699/870/15 5700/836/15
f  5701/1165/15 5702/836/15 5703/1163/15
f  5704/1163/15 5705/836/15 5706/835/15
f  5707/1163/15 5708/835/15 5709/1161/15
f  5710/1161/15 5711/835/15 5712/1159/15
f  5713/1159/15 5714/835/15 5715/833/15
f  5716/1159/15 5717/833/15 5718/1173/15
f  5719/1173/15 5720/833/15 5721/837/15
f  5722/1173/15 5723/837/15 5724/1175/15
f  5725/1175/15 5726/837/15 5727/839/15
f  5728/1175/15 5729/839/15 5730/1177/15
f  5731/1177/15 5732/839/15 5733/841/15
f  5734/1177/15 5735/841/15 5736/1178/15
f  5737/1178/15 5738/841/15 5739/843/15
f  5740/1178/15 5741/843/15 5742/846/15
f  5743/1178/15 5744/846/15 5745/1176/15
f  5746/1176/15 5747/846/15 5748/848/15
f  5749/1176/15 5750/848/15 5751/1174/15
f  5752/1174/15 5753/848/15 5754/850/15
f  5755/1174/15 5756/850/15 5757/1172/15
f  5758/1172/15 5759/850/15 5760/852/15
f  5761/1279/27 5762/1280/575 5763/1281/27
f  5764/1281/27 5765/1280/575 5766/1282/575
f  5767/1282/575 5768/1280/575 5769/1283/572
f  5770/1282/575 5771/1283/572 5772/1284/572
f  5773/1284/572 5774/1283/572 5775/1285/569
f  5776/1284/572 5777/1285/569 5778/1286/569
f  5779/1286/569 5780/1285/569 5781/1287/567
f  5782/1286/569 5783/1287/567 5784/1288/567
f  5785/1288/567 5786/1287/567 5787/1289/323
f  5788/1288/567 5789/1289/323 5790/1290/323
f  5791/1290/323 5792/1289/323 5793/1291/564
f  5794/1291/564 5795/1289/323 5796/1292/564
f  5797/1291/564 5798/1292/564 5799/1293/561
f  5800/1293/561 5801/1292/564 5802/1294/561
f  5803/1293/561 5804/1294/561 5805/1295/558
f  5806/1295/558 5807/1294/561 5808/1296/558
f  5809/1295/558 5810/1296/558 5811/1297/554
f  5812/1297/554 5813/1296/558 5814/1298/554
f  5815/1297/554 5816/1298/554 5817/983/3
f  5818/983/3 5819/1298/554 5820/984/3
f  5821/1299/3 5822/1300/3 5823/1301/554
f  5824/1301/554 5825/1300/3 5826/1302/554
f  5827/1301/554 5828/1302/554 5829/1303/558
f  5830/1303/558 5831/1302/554 5832/1304/558
f  5833/1303/558 5834/1304/558 5835/1305/561
f  5836/1305/561 5837/1304/558 5838/1306/561
f  5839/1305/561 5840/1306/561 5841/1307/564
f  5842/1307/564 5843/1306/561 5844/1308/564
f  5845/1307/564 5846/1308/564 5847/1309/323
f  5848/1309/323 5849/1308/564 5850/1310/323
f  5851/1309/323 5852/1310/323 5853/1311/567
f  5854/1311/567 5855/1310/323 5856/1312/567
f  5857/1311/567 5858/1312/567 5859/1313/569
f  5860/1313/569 5861/1312/567 5862/1314/569
f  5863/1313/569 5864/1314/569 5865/1315/572
f  5866/1315/572 5867/1314/569 5868/1316/572
f  5869/1315/572 5870/1316/572 5871/1317/575
f  5872/1317/575 5873/1316/572 5874/1318/575
f  5875/1317/575 5876/1318/575 5877/962/27
f  5878/962/27 5879/1318/575 5880/57/27

